{
  "ticker": "SPY",
  "timestamp": "2026-04-04T14:07:32.971368",
  "current_price": 596.61,
  "forecast_minutes": 60,
  "technical_indicators": {
    "rsi": 85.02,
    "macd": {
      "line": 3.3087,
      "signal": 2.9778,
      "histogram": 0.3309
    },
    "bollinger_bands": {
      "upper": 583.36,
      "middle": 567.43,
      "lower": 551.5
    }
  },
  "bsm_analysis": {
    "greeks": {
      "delta": 0.5423,
      "gamma": 0.012161,
      "theta": -0.2601,
      "vega": 0.6785,
      "rho": 0.2542
    },
    "atm_call_price": 14.31,
    "atm_put_price": 11.74,
    "implied_move": 0.47
  },
  "prediction": {
    "signal": "NEUTRAL",
    "score": -1,
    "confidence": 25.0,
    "reasons": [
      "RSI indicates overbought conditions",
      "MACD histogram positive (bullish momentum)"
    ],
    "target_price": 596.62,
    "support": 594.84,
    "resistance": 598.46
  },
  "simulation": {
    "statistics": {
      "mean": 596.6243680299362,
      "std": 2.80517156818511,
      "p05": 591.9568348752949,
      "p25": 594.8395466159786,
      "p50": 596.6484851790933,
      "p75": 598.4593986126977,
      "p95": 601.1485733303031,
      "min": 587.7478415767309,
      "max": 606.3539027628983
    },
    "simulations": 1000,
    "volatility": 0.1907
  }
}