{
  "ticker": "SPY",
  "timestamp": "2026-03-07T16:26:37.842982",
  "current_price": 595.83,
  "forecast_minutes": 60,
  "technical_indicators": {
    "rsi": 40.24,
    "macd": {
      "line": 2.2612,
      "signal": 2.0351,
      "histogram": 0.2261
    },
    "bollinger_bands": {
      "upper": 630.9,
      "middle": 612.27,
      "lower": 593.64
    }
  },
  "bsm_analysis": {
    "greeks": {
      "delta": 0.5409,
      "gamma": 0.011319,
      "theta": -0.276,
      "vega": 0.6779,
      "rho": 0.2523
    },
    "atm_call_price": 15.27,
    "atm_put_price": 12.71,
    "implied_move": 0.51
  },
  "prediction": {
    "signal": "NEUTRAL",
    "score": 1,
    "confidence": 25.0,
    "reasons": [
      "MACD histogram positive (bullish momentum)"
    ],
    "target_price": 595.83,
    "support": 593.76,
    "resistance": 597.82
  },
  "simulation": {
    "statistics": {
      "mean": 595.8262414440981,
      "std": 3.0206063301816877,
      "p05": 591.0244708945203,
      "p25": 593.7604207195079,
      "p50": 595.8279942188619,
      "p75": 597.82114082362,
      "p95": 600.9655886647464,
      "min": 586.8425366954956,
      "max": 605.0624249793905
    },
    "simulations": 1000,
    "volatility": 0.2052
  }
}