{
  "ticker": "SPY",
  "timestamp": "2026-03-08T19:51:17.507848",
  "current_price": 592.3,
  "forecast_minutes": 60,
  "technical_indicators": {
    "rsi": 53.19,
    "macd": {
      "line": -3.61,
      "signal": -3.249,
      "histogram": -0.361
    },
    "bollinger_bands": {
      "upper": 599.54,
      "middle": 579.45,
      "lower": 559.35
    }
  },
  "bsm_analysis": {
    "greeks": {
      "delta": 0.5408,
      "gamma": 0.011295,
      "theta": -0.2763,
      "vega": 0.6739,
      "rho": 0.2507
    },
    "atm_call_price": 15.3,
    "atm_put_price": 12.75,
    "implied_move": 0.5
  },
  "prediction": {
    "signal": "NEUTRAL",
    "score": -1,
    "confidence": 25.0,
    "reasons": [
      "MACD histogram negative (bearish momentum)"
    ],
    "target_price": 592.4,
    "support": 590.33,
    "resistance": 594.4
  },
  "simulation": {
    "statistics": {
      "mean": 592.4005396409124,
      "std": 2.9867392206513674,
      "p05": 587.5868768165514,
      "p25": 590.3319224996533,
      "p50": 592.4253232723438,
      "p75": 594.3977936733564,
      "p95": 597.3666241143275,
      "min": 583.2255805339179,
      "max": 601.8327108992946
    },
    "simulations": 1000,
    "volatility": 0.2069
  }
}