{
  "ticker": "SPY",
  "timestamp": "2026-02-26T14:11:32.774198",
  "current_price": 597.18,
  "forecast_minutes": 60,
  "technical_indicators": {
    "rsi": 59.65,
    "macd": {
      "line": 6.6174,
      "signal": 5.9557,
      "histogram": 0.6617
    },
    "bollinger_bands": {
      "upper": 620.55,
      "middle": 590.39,
      "lower": 560.23
    }
  },
  "bsm_analysis": {
    "greeks": {
      "delta": 0.5454,
      "gamma": 0.01388,
      "theta": -0.2337,
      "vega": 0.6786,
      "rho": 0.2573
    },
    "atm_call_price": 12.7,
    "atm_put_price": 10.13,
    "implied_move": 0.41
  },
  "prediction": {
    "signal": "NEUTRAL",
    "score": 1,
    "confidence": 25.0,
    "reasons": [
      "MACD histogram positive (bullish momentum)"
    ],
    "target_price": 597.14,
    "support": 595.53,
    "resistance": 598.75
  },
  "simulation": {
    "statistics": {
      "mean": 597.1374609880949,
      "std": 2.418958323638064,
      "p05": 593.2161079565916,
      "p25": 595.532620199872,
      "p50": 597.0522748689854,
      "p75": 598.752907742162,
      "p95": 601.0038453445926,
      "min": 587.6044363328548,
      "max": 605.0474655565114
    },
    "simulations": 1000,
    "volatility": 0.1668
  }
}