{
  "ticker": "SPY",
  "timestamp": "2026-04-05T09:09:19.102746",
  "current_price": 593.29,
  "forecast_minutes": 60,
  "technical_indicators": {
    "rsi": 57.75,
    "macd": {
      "line": 7.8691,
      "signal": 7.0822,
      "histogram": 0.7869
    },
    "bollinger_bands": {
      "upper": 607.82,
      "middle": 584.38,
      "lower": 560.94
    }
  },
  "bsm_analysis": {
    "greeks": {
      "delta": 0.5425,
      "gamma": 0.012323,
      "theta": -0.2571,
      "vega": 0.6747,
      "rho": 0.2529
    },
    "atm_call_price": 14.13,
    "atm_put_price": 11.58,
    "implied_move": 0.49
  },
  "prediction": {
    "signal": "NEUTRAL",
    "score": 1,
    "confidence": 25.0,
    "reasons": [
      "MACD histogram positive (bullish momentum)"
    ],
    "target_price": 593.39,
    "support": 591.39,
    "resistance": 595.32
  },
  "simulation": {
    "statistics": {
      "mean": 593.3945495281429,
      "std": 2.9109749094302533,
      "p05": 588.6037804239186,
      "p25": 591.3859253668167,
      "p50": 593.4276075487071,
      "p75": 595.3171595298792,
      "p95": 598.2273612222319,
      "min": 584.2670111947697,
      "max": 603.1539213315508
    },
    "simulations": 1000,
    "volatility": 0.1892
  }
}