{
  "ticker": "SPY",
  "timestamp": "2026-02-10T16:41:58.913848",
  "current_price": 596.96,
  "forecast_minutes": 60,
  "technical_indicators": {
    "rsi": 43.52,
    "macd": {
      "line": 7.4239,
      "signal": 6.6815,
      "histogram": 0.7424
    },
    "bollinger_bands": {
      "upper": 650.43,
      "middle": 619.34,
      "lower": 588.24
    }
  },
  "bsm_analysis": {
    "greeks": {
      "delta": 0.5375,
      "gamma": 0.008417,
      "theta": -0.3556,
      "vega": 0.6797,
      "rho": 0.2472
    },
    "atm_call_price": 20.09,
    "atm_put_price": 17.52,
    "implied_move": 0.71
  },
  "prediction": {
    "signal": "NEUTRAL",
    "score": 1,
    "confidence": 25.0,
    "reasons": [
      "MACD histogram positive (bullish momentum)"
    ],
    "target_price": 596.81,
    "support": 593.97,
    "resistance": 599.61
  },
  "simulation": {
    "statistics": {
      "mean": 596.8101637648435,
      "std": 4.228157513956217,
      "p05": 589.8200973103227,
      "p25": 593.9703919985249,
      "p50": 596.7233569123513,
      "p75": 599.6108427657718,
      "p95": 603.588819650156,
      "min": 583.9948955594381,
      "max": 609.9870797668569
    },
    "simulations": 1000,
    "volatility": 0.2757
  }
}