{
  "ticker": "SPY",
  "timestamp": "2026-02-14T19:48:20.583520",
  "current_price": 593.98,
  "forecast_minutes": 60,
  "technical_indicators": {
    "rsi": 69.33,
    "macd": {
      "line": -1.4549,
      "signal": -1.3094,
      "histogram": -0.1455
    },
    "bollinger_bands": {
      "upper": 567.04,
      "middle": 528.21,
      "lower": 489.38
    }
  },
  "bsm_analysis": {
    "greeks": {
      "delta": 0.5428,
      "gamma": 0.004128,
      "theta": -0.6759,
      "vega": 0.6754,
      "rho": 0.2325
    },
    "atm_call_price": 39.5,
    "atm_put_price": 36.94,
    "implied_move": 1.42
  },
  "prediction": {
    "signal": "NEUTRAL",
    "score": -1,
    "confidence": 25.0,
    "reasons": [
      "MACD histogram negative (bearish momentum)"
    ],
    "target_price": 594.11,
    "support": 588.15,
    "resistance": 599.52
  },
  "simulation": {
    "statistics": {
      "mean": 594.1064165452765,
      "std": 8.410857884017288,
      "p05": 580.2255396414853,
      "p25": 588.1530281175945,
      "p50": 594.254272097669,
      "p75": 599.5238017496783,
      "p95": 607.9294974860132,
      "min": 564.239716036508,
      "max": 623.1641290935145
    },
    "simulations": 1000,
    "volatility": 0.5643
  }
}