{
  "ticker": "SPY",
  "timestamp": "2026-03-26T09:10:04.845141",
  "current_price": 597.15,
  "forecast_minutes": 60,
  "technical_indicators": {
    "rsi": 56.99,
    "macd": {
      "line": 4.4533,
      "signal": 4.008,
      "histogram": 0.4453
    },
    "bollinger_bands": {
      "upper": 611.48,
      "middle": 592.29,
      "lower": 573.1
    }
  },
  "bsm_analysis": {
    "greeks": {
      "delta": 0.5464,
      "gamma": 0.014391,
      "theta": -0.227,
      "vega": 0.6784,
      "rho": 0.2581
    },
    "atm_call_price": 12.29,
    "atm_put_price": 9.72,
    "implied_move": 0.4
  },
  "prediction": {
    "signal": "NEUTRAL",
    "score": 1,
    "confidence": 25.0,
    "reasons": [
      "MACD histogram positive (bullish momentum)"
    ],
    "target_price": 597.12,
    "support": 595.46,
    "resistance": 598.75
  },
  "simulation": {
    "statistics": {
      "mean": 597.1231376055747,
      "std": 2.4177260088212233,
      "p05": 593.3555815646586,
      "p25": 595.458224188101,
      "p50": 597.005237960047,
      "p75": 598.7476076935902,
      "p95": 601.2095263959147,
      "min": 589.648637698621,
      "max": 604.595025529528
    },
    "simulations": 1000,
    "volatility": 0.1608
  }
}