{
  "ticker": "SPY",
  "timestamp": "2026-02-23T16:37:58.938352",
  "current_price": 597.08,
  "forecast_minutes": 60,
  "technical_indicators": {
    "rsi": 60.96,
    "macd": {
      "line": -4.9859,
      "signal": -4.4873,
      "histogram": -0.4986
    },
    "bollinger_bands": {
      "upper": 595.5,
      "middle": 570.21,
      "lower": 544.93
    }
  },
  "bsm_analysis": {
    "greeks": {
      "delta": 0.5371,
      "gamma": 0.006597,
      "theta": -0.4411,
      "vega": 0.6799,
      "rho": 0.2428
    },
    "atm_call_price": 25.27,
    "atm_put_price": 22.7,
    "implied_move": 0.85
  },
  "prediction": {
    "signal": "NEUTRAL",
    "score": -1,
    "confidence": 25.0,
    "reasons": [
      "MACD histogram negative (bearish momentum)"
    ],
    "target_price": 597.16,
    "support": 593.76,
    "resistance": 600.53
  },
  "simulation": {
    "statistics": {
      "mean": 597.1647207864651,
      "std": 5.0509844236867325,
      "p05": 589.3036270208875,
      "p25": 593.7616942038685,
      "p50": 597.14706448929,
      "p75": 600.526198486304,
      "p95": 605.4169815486467,
      "min": 576.0494514182556,
      "max": 614.2044160870555
    },
    "simulations": 1000,
    "volatility": 0.3518
  }
}