{
  "ticker": "SPY",
  "timestamp": "2026-03-12T19:33:19.377496",
  "current_price": 595.57,
  "forecast_minutes": 60,
  "technical_indicators": {
    "rsi": 63.11,
    "macd": {
      "line": 2.4371,
      "signal": 2.1933,
      "histogram": 0.2437
    },
    "bollinger_bands": {
      "upper": 598.3,
      "middle": 584.22,
      "lower": 570.14
    }
  },
  "bsm_analysis": {
    "greeks": {
      "delta": 0.5438,
      "gamma": 0.013029,
      "theta": -0.2458,
      "vega": 0.6771,
      "rho": 0.2551
    },
    "atm_call_price": 13.44,
    "atm_put_price": 10.88,
    "implied_move": 0.46
  },
  "prediction": {
    "signal": "NEUTRAL",
    "score": 1,
    "confidence": 25.0,
    "reasons": [
      "MACD histogram positive (bullish momentum)"
    ],
    "target_price": 595.55,
    "support": 593.73,
    "resistance": 597.37
  },
  "simulation": {
    "statistics": {
      "mean": 595.5458222674657,
      "std": 2.7150149327234523,
      "p05": 591.0331860463091,
      "p25": 593.7285998523769,
      "p50": 595.4460202619408,
      "p75": 597.3717580698265,
      "p95": 599.9207558727829,
      "min": 587.6143146008524,
      "max": 606.9100610249611
    },
    "simulations": 1000,
    "volatility": 0.1782
  }
}