{
  "ticker": "SPY",
  "timestamp": "2026-03-14T03:21:09.007284",
  "current_price": 595.81,
  "forecast_minutes": 60,
  "technical_indicators": {
    "rsi": 85.1,
    "macd": {
      "line": 2.3394,
      "signal": 2.1054,
      "histogram": 0.2339
    },
    "bollinger_bands": {
      "upper": 596.09,
      "middle": 571.77,
      "lower": 547.46
    }
  },
  "bsm_analysis": {
    "greeks": {
      "delta": 0.544,
      "gamma": 0.013141,
      "theta": -0.2441,
      "vega": 0.6773,
      "rho": 0.2554
    },
    "atm_call_price": 13.34,
    "atm_put_price": 10.77,
    "implied_move": 0.42
  },
  "prediction": {
    "signal": "NEUTRAL",
    "score": -1,
    "confidence": 25.0,
    "reasons": [
      "RSI indicates overbought conditions",
      "MACD histogram positive (bullish momentum)"
    ],
    "target_price": 595.82,
    "support": 594.03,
    "resistance": 597.58
  },
  "simulation": {
    "statistics": {
      "mean": 595.8168240079168,
      "std": 2.519806931947777,
      "p05": 591.6774812509229,
      "p25": 594.0324878066726,
      "p50": 595.8233905542168,
      "p75": 597.5776749663551,
      "p95": 599.8919639927337,
      "min": 587.7229131736561,
      "max": 605.276121714554
    },
    "simulations": 1000,
    "volatility": 0.1766
  }
}