{
  "ticker": "SPY",
  "timestamp": "2026-02-20T20:37:54.893908",
  "current_price": 596.91,
  "forecast_minutes": 60,
  "technical_indicators": {
    "rsi": 54.29,
    "macd": {
      "line": -5.2677,
      "signal": -4.741,
      "histogram": -0.5268
    },
    "bollinger_bands": {
      "upper": 607.18,
      "middle": 581.71,
      "lower": 556.23
    }
  },
  "bsm_analysis": {
    "greeks": {
      "delta": 0.5371,
      "gamma": 0.00764,
      "theta": -0.3871,
      "vega": 0.6798,
      "rho": 0.2454
    },
    "atm_call_price": 22.0,
    "atm_put_price": 19.43,
    "implied_move": 0.79
  },
  "prediction": {
    "signal": "NEUTRAL",
    "score": -1,
    "confidence": 25.0,
    "reasons": [
      "MACD histogram negative (bearish momentum)"
    ],
    "target_price": 597.11,
    "support": 593.92,
    "resistance": 599.98
  },
  "simulation": {
    "statistics": {
      "mean": 597.1126868629985,
      "std": 4.712943913587914,
      "p05": 589.352617122097,
      "p25": 593.9239973430906,
      "p50": 597.0382549593972,
      "p75": 599.9793417184036,
      "p95": 605.1609046273534,
      "min": 583.9614468710254,
      "max": 615.1853970932121
    },
    "simulations": 1000,
    "volatility": 0.3038
  }
}