{
  "ticker": "SPY",
  "timestamp": "2026-03-04T07:46:33.587834",
  "current_price": 597.05,
  "forecast_minutes": 60,
  "technical_indicators": {
    "rsi": 50.81,
    "macd": {
      "line": -1.5444,
      "signal": -1.39,
      "histogram": -0.1544
    },
    "bollinger_bands": {
      "upper": 605.18,
      "middle": 591.9,
      "lower": 578.63
    }
  },
  "bsm_analysis": {
    "greeks": {
      "delta": 0.5412,
      "gamma": 0.011461,
      "theta": -0.2733,
      "vega": 0.6792,
      "rho": 0.2532
    },
    "atm_call_price": 15.1,
    "atm_put_price": 12.53,
    "implied_move": 0.48
  },
  "prediction": {
    "signal": "NEUTRAL",
    "score": -1,
    "confidence": 25.0,
    "reasons": [
      "MACD histogram negative (bearish momentum)"
    ],
    "target_price": 597.01,
    "support": 594.98,
    "resistance": 598.91
  },
  "simulation": {
    "statistics": {
      "mean": 597.0062341509959,
      "std": 2.8691612768857055,
      "p05": 592.3883589592657,
      "p25": 594.9832189828196,
      "p50": 597.0189673931552,
      "p75": 598.9067660381959,
      "p95": 601.8129202336892,
      "min": 588.6074124556148,
      "max": 605.146504184635
    },
    "simulations": 1000,
    "volatility": 0.2023
  }
}