{
  "ticker": "SPY",
  "timestamp": "2026-04-05T18:58:57.368177",
  "current_price": 595.61,
  "forecast_minutes": 60,
  "technical_indicators": {
    "rsi": 59.15,
    "macd": {
      "line": -2.7738,
      "signal": -2.4964,
      "histogram": -0.2774
    },
    "bollinger_bands": {
      "upper": 590.82,
      "middle": 564.85,
      "lower": 538.88
    }
  },
  "bsm_analysis": {
    "greeks": {
      "delta": 0.5374,
      "gamma": 0.006158,
      "theta": -0.4692,
      "vega": 0.6782,
      "rho": 0.2409
    },
    "atm_call_price": 26.97,
    "atm_put_price": 24.4,
    "implied_move": 0.93
  },
  "prediction": {
    "signal": "NEUTRAL",
    "score": -1,
    "confidence": 25.0,
    "reasons": [
      "MACD histogram negative (bearish momentum)"
    ],
    "target_price": 595.77,
    "support": 592.2,
    "resistance": 599.32
  },
  "simulation": {
    "statistics": {
      "mean": 595.7744873764117,
      "std": 5.529753763583372,
      "p05": 586.8976654059138,
      "p25": 592.1976859927731,
      "p50": 595.6063246476497,
      "p75": 599.3187165527985,
      "p95": 605.2081526143344,
      "min": 576.6326292428828,
      "max": 611.9250859850077
    },
    "simulations": 1000,
    "volatility": 0.3778
  }
}