{
  "ticker": "SPY",
  "timestamp": "2026-02-21T07:46:24.023232",
  "current_price": 592.48,
  "forecast_minutes": 60,
  "technical_indicators": {
    "rsi": 46.46,
    "macd": {
      "line": 0.6714,
      "signal": 0.6042,
      "histogram": 0.0671
    },
    "bollinger_bands": {
      "upper": 620.79,
      "middle": 596.52,
      "lower": 572.26
    }
  },
  "bsm_analysis": {
    "greeks": {
      "delta": 0.5428,
      "gamma": 0.012544,
      "theta": -0.2533,
      "vega": 0.6737,
      "rho": 0.2529
    },
    "atm_call_price": 13.9,
    "atm_put_price": 11.35,
    "implied_move": 0.46
  },
  "prediction": {
    "signal": "NEUTRAL",
    "score": 1,
    "confidence": 25.0,
    "reasons": [
      "MACD histogram positive (bullish momentum)"
    ],
    "target_price": 592.61,
    "support": 590.76,
    "resistance": 594.49
  },
  "simulation": {
    "statistics": {
      "mean": 592.6096359006269,
      "std": 2.7356940263384883,
      "p05": 588.1801823664323,
      "p25": 590.7632934872644,
      "p50": 592.5858514857889,
      "p75": 594.486757220416,
      "p95": 597.113088744945,
      "min": 582.4715921214175,
      "max": 601.613504406145
    },
    "simulations": 1000,
    "volatility": 0.1861
  }
}