{
  "ticker": "SPY",
  "timestamp": "2026-03-18T21:46:39.650527",
  "current_price": 593.18,
  "forecast_minutes": 60,
  "technical_indicators": {
    "rsi": 47.21,
    "macd": {
      "line": -6.237,
      "signal": -5.6133,
      "histogram": -0.6237
    },
    "bollinger_bands": {
      "upper": 613.73,
      "middle": 593.23,
      "lower": 572.73
    }
  },
  "bsm_analysis": {
    "greeks": {
      "delta": 0.5401,
      "gamma": 0.01081,
      "theta": -0.2867,
      "vega": 0.675,
      "rho": 0.2502
    },
    "atm_call_price": 15.93,
    "atm_put_price": 13.37,
    "implied_move": 0.53
  },
  "prediction": {
    "signal": "NEUTRAL",
    "score": -1,
    "confidence": 25.0,
    "reasons": [
      "MACD histogram negative (bearish momentum)"
    ],
    "target_price": 593.28,
    "support": 591.35,
    "resistance": 595.43
  },
  "simulation": {
    "statistics": {
      "mean": 593.2771268360746,
      "std": 3.145075142844416,
      "p05": 588.0486672340858,
      "p25": 591.3506223403159,
      "p50": 593.1272855796134,
      "p75": 595.4287670662814,
      "p95": 598.3231590032444,
      "min": 582.8889501151024,
      "max": 602.4474275944077
    },
    "simulations": 1000,
    "volatility": 0.2159
  }
}