{
  "ticker": "SPY",
  "timestamp": "2026-02-21T18:51:36.000535",
  "current_price": 592.08,
  "forecast_minutes": 60,
  "technical_indicators": {
    "rsi": 52.03,
    "macd": {
      "line": 2.7185,
      "signal": 2.4466,
      "histogram": 0.2718
    },
    "bollinger_bands": {
      "upper": 623.94,
      "middle": 600.89,
      "lower": 577.84
    }
  },
  "bsm_analysis": {
    "greeks": {
      "delta": 0.5428,
      "gamma": 0.012562,
      "theta": -0.253,
      "vega": 0.6733,
      "rho": 0.2528
    },
    "atm_call_price": 13.88,
    "atm_put_price": 11.33,
    "implied_move": 0.46
  },
  "prediction": {
    "signal": "NEUTRAL",
    "score": 1,
    "confidence": 25.0,
    "reasons": [
      "MACD histogram positive (bullish momentum)"
    ],
    "target_price": 592.08,
    "support": 590.18,
    "resistance": 593.81
  },
  "simulation": {
    "statistics": {
      "mean": 592.0783919774462,
      "std": 2.731232678246516,
      "p05": 587.5810957481518,
      "p25": 590.1771786039759,
      "p50": 592.1067002731714,
      "p75": 593.8050225881293,
      "p95": 596.6154642798725,
      "min": 581.7665696471428,
      "max": 602.0898600900564
    },
    "simulations": 1000,
    "volatility": 0.186
  }
}