{
  "ticker": "SPY",
  "timestamp": "2026-02-27T21:28:12.403710",
  "current_price": 596.11,
  "forecast_minutes": 60,
  "technical_indicators": {
    "rsi": 47.11,
    "macd": {
      "line": 1.9948,
      "signal": 1.7953,
      "histogram": 0.1995
    },
    "bollinger_bands": {
      "upper": 607.82,
      "middle": 596.5,
      "lower": 585.17
    }
  },
  "bsm_analysis": {
    "greeks": {
      "delta": 0.5489,
      "gamma": 0.015666,
      "theta": -0.2122,
      "vega": 0.6767,
      "rho": 0.2596
    },
    "atm_call_price": 11.4,
    "atm_put_price": 8.83,
    "implied_move": 0.35
  },
  "prediction": {
    "signal": "NEUTRAL",
    "score": 1,
    "confidence": 25.0,
    "reasons": [
      "MACD histogram positive (bullish momentum)"
    ],
    "target_price": 596.2,
    "support": 594.75,
    "resistance": 597.61
  },
  "simulation": {
    "statistics": {
      "mean": 596.1974757808499,
      "std": 2.063102882407613,
      "p05": 592.8386086003202,
      "p25": 594.7458035801449,
      "p50": 596.2003838199026,
      "p75": 597.6068222670126,
      "p95": 599.580995006775,
      "min": 589.8618069146868,
      "max": 602.3723225245942
    },
    "simulations": 1000,
    "volatility": 0.1479
  }
}