{
  "ticker": "SPY",
  "timestamp": "2026-04-03T01:17:02.582555",
  "current_price": 596.31,
  "forecast_minutes": 60,
  "technical_indicators": {
    "rsi": 61.59,
    "macd": {
      "line": 4.9185,
      "signal": 4.4266,
      "histogram": 0.4918
    },
    "bollinger_bands": {
      "upper": 601.14,
      "middle": 582.9,
      "lower": 564.67
    }
  },
  "bsm_analysis": {
    "greeks": {
      "delta": 0.5456,
      "gamma": 0.01397,
      "theta": -0.2324,
      "vega": 0.6776,
      "rho": 0.257
    },
    "atm_call_price": 12.62,
    "atm_put_price": 10.06,
    "implied_move": 0.42
  },
  "prediction": {
    "signal": "NEUTRAL",
    "score": 1,
    "confidence": 25.0,
    "reasons": [
      "MACD histogram positive (bullish momentum)"
    ],
    "target_price": 596.31,
    "support": 594.58,
    "resistance": 598.02
  },
  "simulation": {
    "statistics": {
      "mean": 596.3071996137335,
      "std": 2.4903059520430397,
      "p05": 592.1725814624804,
      "p25": 594.5764344530465,
      "p50": 596.332070199003,
      "p75": 598.0218863247152,
      "p95": 600.4525973394592,
      "min": 588.0566102775559,
      "max": 604.0429632515571
    },
    "simulations": 1000,
    "volatility": 0.166
  }
}