{
  "ticker": "SPY",
  "timestamp": "2026-02-28T18:11:26.062292",
  "current_price": 594.95,
  "forecast_minutes": 60,
  "technical_indicators": {
    "rsi": 66.41,
    "macd": {
      "line": -0.8746,
      "signal": -0.7872,
      "histogram": -0.0875
    },
    "bollinger_bands": {
      "upper": 578.76,
      "middle": 557.04,
      "lower": 535.32
    }
  },
  "bsm_analysis": {
    "greeks": {
      "delta": 0.5383,
      "gamma": 0.005501,
      "theta": -0.5195,
      "vega": 0.6773,
      "rho": 0.2386
    },
    "atm_call_price": 30.02,
    "atm_put_price": 27.46,
    "implied_move": 1.02
  },
  "prediction": {
    "signal": "NEUTRAL",
    "score": -1,
    "confidence": 25.0,
    "reasons": [
      "MACD histogram negative (bearish momentum)"
    ],
    "target_price": 594.92,
    "support": 590.91,
    "resistance": 598.9
  },
  "simulation": {
    "statistics": {
      "mean": 594.9177250483907,
      "std": 6.069121655179094,
      "p05": 584.7910704180304,
      "p25": 590.9125279757228,
      "p50": 594.8313927143616,
      "p75": 598.8970225791013,
      "p95": 605.113951937708,
      "min": 577.3916319118193,
      "max": 612.941143917904
    },
    "simulations": 1000,
    "volatility": 0.4232
  }
}