{
  "ticker": "SPY",
  "timestamp": "2026-03-07T20:53:53.070832",
  "current_price": 592.99,
  "forecast_minutes": 60,
  "technical_indicators": {
    "rsi": 41.41,
    "macd": {
      "line": 4.6268,
      "signal": 4.1641,
      "histogram": 0.4627
    },
    "bollinger_bands": {
      "upper": 664.58,
      "middle": 632.97,
      "lower": 601.36
    }
  },
  "bsm_analysis": {
    "greeks": {
      "delta": 0.5398,
      "gamma": 0.004901,
      "theta": -0.5771,
      "vega": 0.6748,
      "rho": 0.2355
    },
    "atm_call_price": 33.51,
    "atm_put_price": 30.96,
    "implied_move": 1.15
  },
  "prediction": {
    "signal": "NEUTRAL",
    "score": 1,
    "confidence": 25.0,
    "reasons": [
      "MACD histogram positive (bullish momentum)"
    ],
    "target_price": 593.08,
    "support": 588.3,
    "resistance": 597.69
  },
  "simulation": {
    "statistics": {
      "mean": 593.0792974162749,
      "std": 6.837705304286373,
      "p05": 582.3052880391108,
      "p25": 588.3022853227907,
      "p50": 592.9847736048148,
      "p75": 597.693381651369,
      "p95": 604.1013010949848,
      "min": 570.7289898346647,
      "max": 616.2551181670538
    },
    "simulations": 1000,
    "volatility": 0.4765
  }
}