{
  "ticker": "SPY",
  "timestamp": "2026-04-02T18:34:44.168372",
  "current_price": 597.64,
  "forecast_minutes": 60,
  "technical_indicators": {
    "rsi": 51.73,
    "macd": {
      "line": 5.7994,
      "signal": 5.2194,
      "histogram": 0.5799
    },
    "bollinger_bands": {
      "upper": 621.05,
      "middle": 599.26,
      "lower": 577.48
    }
  },
  "bsm_analysis": {
    "greeks": {
      "delta": 0.5439,
      "gamma": 0.013039,
      "theta": -0.2458,
      "vega": 0.6794,
      "rho": 0.2561
    },
    "atm_call_price": 13.43,
    "atm_put_price": 10.86,
    "implied_move": 0.44
  },
  "prediction": {
    "signal": "NEUTRAL",
    "score": 1,
    "confidence": 25.0,
    "reasons": [
      "MACD histogram positive (bullish momentum)"
    ],
    "target_price": 597.61,
    "support": 595.79,
    "resistance": 599.44
  },
  "simulation": {
    "statistics": {
      "mean": 597.6117941261897,
      "std": 2.613674045364768,
      "p05": 593.1567416376349,
      "p25": 595.7888865116106,
      "p50": 597.6646031936197,
      "p75": 599.4407251360475,
      "p95": 601.9606324377113,
      "min": 589.1922527163199,
      "max": 605.4459592298143
    },
    "simulations": 1000,
    "volatility": 0.1775
  }
}