{
  "ticker": "SPY",
  "timestamp": "2026-03-02T19:20:11.095928",
  "current_price": 592.42,
  "forecast_minutes": 60,
  "technical_indicators": {
    "rsi": 63.57,
    "macd": {
      "line": 4.2836,
      "signal": 3.8552,
      "histogram": 0.4284
    },
    "bollinger_bands": {
      "upper": 584.69,
      "middle": 565.09,
      "lower": 545.49
    }
  },
  "bsm_analysis": {
    "greeks": {
      "delta": 0.5416,
      "gamma": 0.0118,
      "theta": -0.2664,
      "vega": 0.6739,
      "rho": 0.2516
    },
    "atm_call_price": 14.7,
    "atm_put_price": 12.15,
    "implied_move": 0.52
  },
  "prediction": {
    "signal": "NEUTRAL",
    "score": 1,
    "confidence": 25.0,
    "reasons": [
      "MACD histogram positive (bullish momentum)"
    ],
    "target_price": 592.37,
    "support": 590.19,
    "resistance": 594.44
  },
  "simulation": {
    "statistics": {
      "mean": 592.3672437290533,
      "std": 3.0668665665224033,
      "p05": 587.4840836488861,
      "p25": 590.1925034549454,
      "p50": 592.2500501373945,
      "p75": 594.435218668958,
      "p95": 597.6862540533682,
      "min": 581.3453225470333,
      "max": 601.4057245915211
    },
    "simulations": 1000,
    "volatility": 0.198
  }
}