{
  "ticker": "SPY",
  "timestamp": "2026-03-07T19:38:46.888372",
  "current_price": 592.47,
  "forecast_minutes": 60,
  "technical_indicators": {
    "rsi": 46.97,
    "macd": {
      "line": 8.4996,
      "signal": 7.6497,
      "histogram": 0.85
    },
    "bollinger_bands": {
      "upper": 638.95,
      "middle": 606.54,
      "lower": 574.12
    }
  },
  "bsm_analysis": {
    "greeks": {
      "delta": 0.5371,
      "gamma": 0.006847,
      "theta": -0.4263,
      "vega": 0.6747,
      "rho": 0.2415
    },
    "atm_call_price": 24.38,
    "atm_put_price": 21.83,
    "implied_move": 0.85
  },
  "prediction": {
    "signal": "NEUTRAL",
    "score": 1,
    "confidence": 25.0,
    "reasons": [
      "MACD histogram positive (bullish momentum)"
    ],
    "target_price": 592.57,
    "support": 589.26,
    "resistance": 596.01
  },
  "simulation": {
    "statistics": {
      "mean": 592.5722574961459,
      "std": 5.051701055285119,
      "p05": 584.2559708034901,
      "p25": 589.2634014391613,
      "p50": 592.4312045857699,
      "p75": 596.0078836349803,
      "p95": 600.5355688974879,
      "min": 576.9641199398695,
      "max": 610.5794368804043
    },
    "simulations": 1000,
    "volatility": 0.3415
  }
}