{
  "ticker": "SPY",
  "timestamp": "2026-03-25T23:33:38.699836",
  "current_price": 597.35,
  "forecast_minutes": 60,
  "technical_indicators": {
    "rsi": 30.53,
    "macd": {
      "line": -0.34,
      "signal": -0.306,
      "histogram": -0.034
    },
    "bollinger_bands": {
      "upper": 634.09,
      "middle": 619.21,
      "lower": 604.32
    }
  },
  "bsm_analysis": {
    "greeks": {
      "delta": 0.5386,
      "gamma": 0.009597,
      "theta": -0.3175,
      "vega": 0.68,
      "rho": 0.2498
    },
    "atm_call_price": 17.78,
    "atm_put_price": 15.21,
    "implied_move": 0.59
  },
  "prediction": {
    "signal": "NEUTRAL",
    "score": -1,
    "confidence": 25.0,
    "reasons": [
      "MACD histogram negative (bearish momentum)"
    ],
    "target_price": 597.32,
    "support": 594.92,
    "resistance": 599.64
  },
  "simulation": {
    "statistics": {
      "mean": 597.3223027315952,
      "std": 3.5494392868454505,
      "p05": 591.5155630626863,
      "p25": 594.9203479552198,
      "p50": 597.2530727141624,
      "p75": 599.6429815952556,
      "p95": 603.3541129237578,
      "min": 587.3420326209508,
      "max": 608.0500172762156
    },
    "simulations": 1000,
    "volatility": 0.2416
  }
}