{
  "ticker": "SPY",
  "timestamp": "2026-04-11T04:35:15.289294",
  "current_price": 595.11,
  "forecast_minutes": 60,
  "technical_indicators": {
    "rsi": 38.79,
    "macd": {
      "line": -1.2387,
      "signal": -1.1148,
      "histogram": -0.1239
    },
    "bollinger_bands": {
      "upper": 614.51,
      "middle": 604.28,
      "lower": 594.06
    }
  },
  "bsm_analysis": {
    "greeks": {
      "delta": 0.5451,
      "gamma": 0.013734,
      "theta": -0.2355,
      "vega": 0.6763,
      "rho": 0.2561
    },
    "atm_call_price": 12.82,
    "atm_put_price": 10.25,
    "implied_move": 0.4
  },
  "prediction": {
    "signal": "NEUTRAL",
    "score": -1,
    "confidence": 25.0,
    "reasons": [
      "MACD histogram negative (bearish momentum)"
    ],
    "target_price": 595.18,
    "support": 593.57,
    "resistance": 596.84
  },
  "simulation": {
    "statistics": {
      "mean": 595.1762150806159,
      "std": 2.4048571307294817,
      "p05": 591.3355173009545,
      "p25": 593.5669479328601,
      "p50": 595.1466170363808,
      "p75": 596.8357841982811,
      "p95": 599.0565104116312,
      "min": 587.237965819866,
      "max": 602.4369881112772
    },
    "simulations": 1000,
    "volatility": 0.1692
  }
}