{
  "ticker": "SPY",
  "timestamp": "2026-03-29T22:12:03.971413",
  "current_price": 595.91,
  "forecast_minutes": 60,
  "technical_indicators": {
    "rsi": 73.14,
    "macd": {
      "line": -0.4865,
      "signal": -0.4379,
      "histogram": -0.0487
    },
    "bollinger_bands": {
      "upper": 577.31,
      "middle": 552.95,
      "lower": 528.59
    }
  },
  "bsm_analysis": {
    "greeks": {
      "delta": 0.5373,
      "gamma": 0.006385,
      "theta": -0.4541,
      "vega": 0.6786,
      "rho": 0.2417
    },
    "atm_call_price": 26.06,
    "atm_put_price": 23.49,
    "implied_move": 0.89
  },
  "prediction": {
    "signal": "BEARISH",
    "score": -3,
    "confidence": 75.0,
    "reasons": [
      "RSI indicates overbought conditions",
      "MACD histogram negative (bearish momentum)"
    ],
    "target_price": 595.85,
    "support": 592.28,
    "resistance": 599.44
  },
  "simulation": {
    "statistics": {
      "mean": 595.8505062428004,
      "std": 5.2929068826536065,
      "p05": 587.38286743728,
      "p25": 592.2848580769868,
      "p50": 595.8008542511868,
      "p75": 599.4402211101296,
      "p95": 604.5002370490699,
      "min": 580.0288592699875,
      "max": 615.6793281742107
    },
    "simulations": 1000,
    "volatility": 0.3641
  }
}