{
  "ticker": "SPY",
  "timestamp": "2026-03-02T05:41:49.686418",
  "current_price": 593.92,
  "forecast_minutes": 60,
  "technical_indicators": {
    "rsi": 57.4,
    "macd": {
      "line": 6.0877,
      "signal": 5.4789,
      "histogram": 0.6088
    },
    "bollinger_bands": {
      "upper": 605.27,
      "middle": 588.34,
      "lower": 571.41
    }
  },
  "bsm_analysis": {
    "greeks": {
      "delta": 0.5496,
      "gamma": 0.016064,
      "theta": -0.2079,
      "vega": 0.674,
      "rho": 0.2592
    },
    "atm_call_price": 11.14,
    "atm_put_price": 8.58,
    "implied_move": 0.35
  },
  "prediction": {
    "signal": "NEUTRAL",
    "score": 1,
    "confidence": 25.0,
    "reasons": [
      "MACD histogram positive (bullish momentum)"
    ],
    "target_price": 594.05,
    "support": 592.69,
    "resistance": 595.45
  },
  "simulation": {
    "statistics": {
      "mean": 594.0515320565831,
      "std": 2.050894451047097,
      "p05": 590.7311172620407,
      "p25": 592.6874164286551,
      "p50": 594.0877288333082,
      "p75": 595.4513562676011,
      "p95": 597.3803772408364,
      "min": 586.3865724099887,
      "max": 601.038043326474
    },
    "simulations": 1000,
    "volatility": 0.1447
  }
}