{
  "ticker": "SPY",
  "timestamp": "2026-04-06T03:42:18.328593",
  "current_price": 592.69,
  "forecast_minutes": 60,
  "technical_indicators": {
    "rsi": 63.34,
    "macd": {
      "line": 2.1409,
      "signal": 1.9268,
      "histogram": 0.2141
    },
    "bollinger_bands": {
      "upper": 588.93,
      "middle": 568.12,
      "lower": 547.31
    }
  },
  "bsm_analysis": {
    "greeks": {
      "delta": 0.5376,
      "gamma": 0.008662,
      "theta": -0.3465,
      "vega": 0.6749,
      "rho": 0.2458
    },
    "atm_call_price": 19.55,
    "atm_put_price": 17.0,
    "implied_move": 0.66
  },
  "prediction": {
    "signal": "NEUTRAL",
    "score": 1,
    "confidence": 25.0,
    "reasons": [
      "MACD histogram positive (bullish momentum)"
    ],
    "target_price": 592.79,
    "support": 590.05,
    "resistance": 595.55
  },
  "simulation": {
    "statistics": {
      "mean": 592.7921441049015,
      "std": 3.9331561614966923,
      "p05": 586.2552804229164,
      "p25": 590.0515437029132,
      "p50": 592.8410935400093,
      "p75": 595.5538486677776,
      "p95": 599.1275815041267,
      "min": 581.1340499522817,
      "max": 605.2319050857004
    },
    "simulations": 1000,
    "volatility": 0.2698
  }
}