{
  "ticker": "SPY",
  "timestamp": "2026-03-09T01:13:18.702311",
  "current_price": 596.2,
  "forecast_minutes": 60,
  "technical_indicators": {
    "rsi": 57.11,
    "macd": {
      "line": -7.9888,
      "signal": -7.1899,
      "histogram": -0.7989
    },
    "bollinger_bands": {
      "upper": 598.7,
      "middle": 565.02,
      "lower": 531.33
    }
  },
  "bsm_analysis": {
    "greeks": {
      "delta": 0.5396,
      "gamma": 0.004923,
      "theta": -0.575,
      "vega": 0.6785,
      "rho": 0.237
    },
    "atm_call_price": 33.38,
    "atm_put_price": 30.81,
    "implied_move": 1.19
  },
  "prediction": {
    "signal": "NEUTRAL",
    "score": -1,
    "confidence": 25.0,
    "reasons": [
      "MACD histogram negative (bearish momentum)"
    ],
    "target_price": 596.51,
    "support": 591.69,
    "resistance": 601.7
  },
  "simulation": {
    "statistics": {
      "mean": 596.511628147583,
      "std": 7.077497253142754,
      "p05": 584.5658733309247,
      "p25": 591.687042547008,
      "p50": 596.3673733282083,
      "p75": 601.7048515814995,
      "p95": 607.7665633215856,
      "min": 576.2131472281224,
      "max": 619.1951471912565
    },
    "simulations": 1000,
    "volatility": 0.4718
  }
}