{
  "ticker": "SPY",
  "timestamp": "2026-02-22T19:29:15.430486",
  "current_price": 593.23,
  "forecast_minutes": 60,
  "technical_indicators": {
    "rsi": 63.61,
    "macd": {
      "line": -2.4373,
      "signal": -2.1935,
      "histogram": -0.2437
    },
    "bollinger_bands": {
      "upper": 595.18,
      "middle": 572.54,
      "lower": 549.9
    }
  },
  "bsm_analysis": {
    "greeks": {
      "delta": 0.54,
      "gamma": 0.010718,
      "theta": -0.2888,
      "vega": 0.6751,
      "rho": 0.2501
    },
    "atm_call_price": 16.05,
    "atm_put_price": 13.5,
    "implied_move": 0.54
  },
  "prediction": {
    "signal": "NEUTRAL",
    "score": -1,
    "confidence": 25.0,
    "reasons": [
      "MACD histogram negative (bearish momentum)"
    ],
    "target_price": 593.13,
    "support": 590.99,
    "resistance": 595.25
  },
  "simulation": {
    "statistics": {
      "mean": 593.1255758203948,
      "std": 3.223563417869896,
      "p05": 587.8786245744794,
      "p25": 590.9922897191618,
      "p50": 593.138674067174,
      "p75": 595.2476136411094,
      "p95": 598.4453637295302,
      "min": 582.8603481900983,
      "max": 602.8361545871438
    },
    "simulations": 1000,
    "volatility": 0.2178
  }
}