{
  "ticker": "SPY",
  "timestamp": "2026-03-24T01:13:17.569235",
  "current_price": 593.58,
  "forecast_minutes": 60,
  "technical_indicators": {
    "rsi": 70.21,
    "macd": {
      "line": 4.183,
      "signal": 3.7647,
      "histogram": 0.4183
    },
    "bollinger_bands": {
      "upper": 594.33,
      "middle": 578.14,
      "lower": 561.96
    }
  },
  "bsm_analysis": {
    "greeks": {
      "delta": 0.5526,
      "gamma": 0.017468,
      "theta": -0.1949,
      "vega": 0.673,
      "rho": 0.2611
    },
    "atm_call_price": 10.35,
    "atm_put_price": 7.79,
    "implied_move": 0.33
  },
  "prediction": {
    "signal": "NEUTRAL",
    "score": -1,
    "confidence": 25.0,
    "reasons": [
      "RSI indicates overbought conditions",
      "MACD histogram positive (bullish momentum)"
    ],
    "target_price": 593.67,
    "support": 592.4,
    "resistance": 594.99
  },
  "simulation": {
    "statistics": {
      "mean": 593.6732677860839,
      "std": 1.942027344331174,
      "p05": 590.5589281295051,
      "p25": 592.4013436845455,
      "p50": 593.600334604952,
      "p75": 594.9929697982884,
      "p95": 596.9144535164115,
      "min": 587.8115222208812,
      "max": 599.5912803847457
    },
    "simulations": 1000,
    "volatility": 0.133
  }
}