{
  "ticker": "SPY",
  "timestamp": "2026-03-08T22:42:14.465284",
  "current_price": 594.19,
  "forecast_minutes": 60,
  "technical_indicators": {
    "rsi": 56.9,
    "macd": {
      "line": -4.547,
      "signal": -4.0923,
      "histogram": -0.4547
    },
    "bollinger_bands": {
      "upper": 592.24,
      "middle": 562.8,
      "lower": 533.37
    }
  },
  "bsm_analysis": {
    "greeks": {
      "delta": 0.5378,
      "gamma": 0.005861,
      "theta": -0.4905,
      "vega": 0.6765,
      "rho": 0.2394
    },
    "atm_call_price": 28.26,
    "atm_put_price": 25.7,
    "implied_move": 1.0
  },
  "prediction": {
    "signal": "NEUTRAL",
    "score": -1,
    "confidence": 25.0,
    "reasons": [
      "MACD histogram negative (bearish momentum)"
    ],
    "target_price": 593.87,
    "support": 590.06,
    "resistance": 597.57
  },
  "simulation": {
    "statistics": {
      "mean": 593.8666894244975,
      "std": 5.917067799779775,
      "p05": 584.435147366916,
      "p25": 590.0647628058734,
      "p50": 593.9364542588419,
      "p75": 597.5736977006461,
      "p95": 603.7086438307902,
      "min": 574.5044963042271,
      "max": 617.2754930819074
    },
    "simulations": 1000,
    "volatility": 0.3978
  }
}