{
  "ticker": "SPY",
  "timestamp": "2026-03-11T06:03:46.735022",
  "current_price": 592.27,
  "forecast_minutes": 60,
  "technical_indicators": {
    "rsi": 48.88,
    "macd": {
      "line": 18.5969,
      "signal": 16.7372,
      "histogram": 1.8597
    },
    "bollinger_bands": {
      "upper": 712.89,
      "middle": 640.91,
      "lower": 568.93
    }
  },
  "bsm_analysis": {
    "greeks": {
      "delta": 0.5464,
      "gamma": 0.003584,
      "theta": -0.7702,
      "vega": 0.6728,
      "rho": 0.2288
    },
    "atm_call_price": 45.23,
    "atm_put_price": 42.68,
    "implied_move": 1.58
  },
  "prediction": {
    "signal": "NEUTRAL",
    "score": 1,
    "confidence": 25.0,
    "reasons": [
      "MACD histogram positive (bullish momentum)"
    ],
    "target_price": 592.64,
    "support": 586.31,
    "resistance": 599.06
  },
  "simulation": {
    "statistics": {
      "mean": 592.6430203844823,
      "std": 9.33470367850993,
      "p05": 576.4688909447658,
      "p25": 586.3072657333566,
      "p50": 592.8845833400551,
      "p75": 599.0572235551906,
      "p95": 607.5589178631961,
      "min": 567.5559026637587,
      "max": 618.4250887243123
    },
    "simulations": 1000,
    "volatility": 0.6511
  }
}