{
  "ticker": "SPY",
  "timestamp": "2026-02-09T22:47:51.178762",
  "current_price": 594.05,
  "forecast_minutes": 60,
  "technical_indicators": {
    "rsi": 35.63,
    "macd": {
      "line": -3.7771,
      "signal": -3.3994,
      "histogram": -0.3777
    },
    "bollinger_bands": {
      "upper": 615.76,
      "middle": 597.61,
      "lower": 579.46
    }
  },
  "bsm_analysis": {
    "greeks": {
      "delta": 0.5486,
      "gamma": 0.015553,
      "theta": -0.2132,
      "vega": 0.6744,
      "rho": 0.2584
    },
    "atm_call_price": 11.46,
    "atm_put_price": 8.91,
    "implied_move": 0.37
  },
  "prediction": {
    "signal": "NEUTRAL",
    "score": -1,
    "confidence": 25.0,
    "reasons": [
      "MACD histogram negative (bearish momentum)"
    ],
    "target_price": 594.22,
    "support": 592.65,
    "resistance": 595.75
  },
  "simulation": {
    "statistics": {
      "mean": 594.22186123944,
      "std": 2.1843623999222266,
      "p05": 590.6705262720154,
      "p25": 592.654078972803,
      "p50": 594.2560757911817,
      "p75": 595.7496805004596,
      "p95": 597.686674218885,
      "min": 587.3543735080883,
      "max": 600.6749981527311
    },
    "simulations": 1000,
    "volatility": 0.1495
  }
}