{
  "ticker": "SPY",
  "timestamp": "2026-03-03T11:58:26.177532",
  "current_price": 593.29,
  "forecast_minutes": 60,
  "technical_indicators": {
    "rsi": 73.34,
    "macd": {
      "line": 6.5002,
      "signal": 5.8502,
      "histogram": 0.65
    },
    "bollinger_bands": {
      "upper": 596.21,
      "middle": 571.66,
      "lower": 547.11
    }
  },
  "bsm_analysis": {
    "greeks": {
      "delta": 0.5435,
      "gamma": 0.012906,
      "theta": -0.2475,
      "vega": 0.6745,
      "rho": 0.2539
    },
    "atm_call_price": 13.55,
    "atm_put_price": 11.0,
    "implied_move": 0.44
  },
  "prediction": {
    "signal": "NEUTRAL",
    "score": -1,
    "confidence": 25.0,
    "reasons": [
      "RSI indicates overbought conditions",
      "MACD histogram positive (bullish momentum)"
    ],
    "target_price": 593.43,
    "support": 591.7,
    "resistance": 595.21
  },
  "simulation": {
    "statistics": {
      "mean": 593.4304177614213,
      "std": 2.6204761814292032,
      "p05": 589.0537435129022,
      "p25": 591.6984848368172,
      "p50": 593.4738631086497,
      "p75": 595.2137929017318,
      "p95": 597.6494246115369,
      "min": 584.6769495302875,
      "max": 601.4275956760646
    },
    "simulations": 1000,
    "volatility": 0.1806
  }
}