{
  "ticker": "SPY",
  "timestamp": "2026-03-08T08:28:13.802690",
  "current_price": 594.06,
  "forecast_minutes": 60,
  "technical_indicators": {
    "rsi": 47.97,
    "macd": {
      "line": -1.6016,
      "signal": -1.4414,
      "histogram": -0.1602
    },
    "bollinger_bands": {
      "upper": 604.39,
      "middle": 591.99,
      "lower": 579.59
    }
  },
  "bsm_analysis": {
    "greeks": {
      "delta": 0.5439,
      "gamma": 0.013142,
      "theta": -0.244,
      "vega": 0.6753,
      "rho": 0.2546
    },
    "atm_call_price": 13.33,
    "atm_put_price": 10.77,
    "implied_move": 0.43
  },
  "prediction": {
    "signal": "NEUTRAL",
    "score": -1,
    "confidence": 25.0,
    "reasons": [
      "MACD histogram negative (bearish momentum)"
    ],
    "target_price": 594.05,
    "support": 592.34,
    "resistance": 595.79
  },
  "simulation": {
    "statistics": {
      "mean": 594.0516122617241,
      "std": 2.56554025169812,
      "p05": 589.6384773237833,
      "p25": 592.3426053384902,
      "p50": 594.0572129297666,
      "p75": 595.789089220083,
      "p95": 598.1788038658628,
      "min": 585.0484321372119,
      "max": 602.0642750463313
    },
    "simulations": 1000,
    "volatility": 0.1772
  }
}