{
  "ticker": "SPY",
  "timestamp": "2026-03-05T11:59:47.695145",
  "current_price": 592.16,
  "forecast_minutes": 60,
  "technical_indicators": {
    "rsi": 63.71,
    "macd": {
      "line": 4.2127,
      "signal": 3.7914,
      "histogram": 0.4213
    },
    "bollinger_bands": {
      "upper": 595.31,
      "middle": 578.49,
      "lower": 561.67
    }
  },
  "bsm_analysis": {
    "greeks": {
      "delta": 0.5441,
      "gamma": 0.01328,
      "theta": -0.2418,
      "vega": 0.6731,
      "rho": 0.254
    },
    "atm_call_price": 13.2,
    "atm_put_price": 10.65,
    "implied_move": 0.45
  },
  "prediction": {
    "signal": "NEUTRAL",
    "score": 1,
    "confidence": 25.0,
    "reasons": [
      "MACD histogram positive (bullish momentum)"
    ],
    "target_price": 592.19,
    "support": 590.46,
    "resistance": 593.97
  },
  "simulation": {
    "statistics": {
      "mean": 592.1936312856789,
      "std": 2.6393803532119087,
      "p05": 587.6063670028025,
      "p25": 590.4588828999117,
      "p50": 592.2289652669403,
      "p75": 593.9722384557493,
      "p95": 596.4980065200863,
      "min": 584.374062198516,
      "max": 601.0758253883433
    },
    "simulations": 1000,
    "volatility": 0.1759
  }
}