{
  "ticker": "SPY",
  "timestamp": "2026-03-15T00:55:53.271675",
  "current_price": 596.09,
  "forecast_minutes": 60,
  "technical_indicators": {
    "rsi": 72.87,
    "macd": {
      "line": 5.604,
      "signal": 5.0436,
      "histogram": 0.5604
    },
    "bollinger_bands": {
      "upper": 582.6,
      "middle": 562.63,
      "lower": 542.67
    }
  },
  "bsm_analysis": {
    "greeks": {
      "delta": 0.5422,
      "gamma": 0.012108,
      "theta": -0.2611,
      "vega": 0.6779,
      "rho": 0.2538
    },
    "atm_call_price": 14.36,
    "atm_put_price": 11.8,
    "implied_move": 0.48
  },
  "prediction": {
    "signal": "NEUTRAL",
    "score": -1,
    "confidence": 25.0,
    "reasons": [
      "RSI indicates overbought conditions",
      "MACD histogram positive (bullish momentum)"
    ],
    "target_price": 596.0,
    "support": 594.1,
    "resistance": 597.9
  },
  "simulation": {
    "statistics": {
      "mean": 596.0036652641915,
      "std": 2.8737115480782878,
      "p05": 591.3925048382847,
      "p25": 594.1011618576829,
      "p50": 595.8532643587251,
      "p75": 597.8989128699866,
      "p95": 600.8146294245512,
      "min": 586.7906067735784,
      "max": 604.8761362930069
    },
    "simulations": 1000,
    "volatility": 0.1917
  }
}