{
  "ticker": "SPY",
  "timestamp": "2026-02-25T11:51:20.551089",
  "current_price": 594.14,
  "forecast_minutes": 60,
  "technical_indicators": {
    "rsi": 47.12,
    "macd": {
      "line": -0.0371,
      "signal": -0.0334,
      "histogram": -0.0037
    },
    "bollinger_bands": {
      "upper": 605.73,
      "middle": 593.14,
      "lower": 580.55
    }
  },
  "bsm_analysis": {
    "greeks": {
      "delta": 0.5499,
      "gamma": 0.016179,
      "theta": -0.2068,
      "vega": 0.6742,
      "rho": 0.2594
    },
    "atm_call_price": 11.07,
    "atm_put_price": 8.51,
    "implied_move": 0.35
  },
  "prediction": {
    "signal": "NEUTRAL",
    "score": -1,
    "confidence": 25.0,
    "reasons": [
      "MACD histogram negative (bearish momentum)"
    ],
    "target_price": 594.1,
    "support": 592.61,
    "resistance": 595.53
  },
  "simulation": {
    "statistics": {
      "mean": 594.102085528742,
      "std": 2.084724940733309,
      "p05": 590.8487645684781,
      "p25": 592.6092911953401,
      "p50": 594.0734900485741,
      "p75": 595.5275761099563,
      "p95": 597.4732388671891,
      "min": 587.2472988017023,
      "max": 600.3235882870406
    },
    "simulations": 1000,
    "volatility": 0.1436
  }
}