{
  "ticker": "SPY",
  "timestamp": "2026-03-16T01:40:58.534854",
  "current_price": 593.0,
  "forecast_minutes": 60,
  "technical_indicators": {
    "rsi": 53.26,
    "macd": {
      "line": 3.0323,
      "signal": 2.7291,
      "histogram": 0.3032
    },
    "bollinger_bands": {
      "upper": 624.97,
      "middle": 604.4,
      "lower": 583.83
    }
  },
  "bsm_analysis": {
    "greeks": {
      "delta": 0.543,
      "gamma": 0.012616,
      "theta": -0.2521,
      "vega": 0.6743,
      "rho": 0.2533
    },
    "atm_call_price": 13.83,
    "atm_put_price": 11.28,
    "implied_move": 0.45
  },
  "prediction": {
    "signal": "NEUTRAL",
    "score": 1,
    "confidence": 25.0,
    "reasons": [
      "MACD histogram positive (bullish momentum)"
    ],
    "target_price": 593.18,
    "support": 591.36,
    "resistance": 595.02
  },
  "simulation": {
    "statistics": {
      "mean": 593.1761447099698,
      "std": 2.679671529951759,
      "p05": 588.7301956034019,
      "p25": 591.3621879326757,
      "p50": 593.1910264792472,
      "p75": 595.0231783585666,
      "p95": 597.5441484184089,
      "min": 585.393932274281,
      "max": 601.3563724845841
    },
    "simulations": 1000,
    "volatility": 0.1849
  }
}