{
  "ticker": "SPY",
  "timestamp": "2026-02-26T18:32:02.332730",
  "current_price": 595.13,
  "forecast_minutes": 60,
  "technical_indicators": {
    "rsi": 61.2,
    "macd": {
      "line": -1.1271,
      "signal": -1.0144,
      "histogram": -0.1127
    },
    "bollinger_bands": {
      "upper": 595.64,
      "middle": 581.93,
      "lower": 568.22
    }
  },
  "bsm_analysis": {
    "greeks": {
      "delta": 0.5434,
      "gamma": 0.012808,
      "theta": -0.2492,
      "vega": 0.6766,
      "rho": 0.2546
    },
    "atm_call_price": 13.65,
    "atm_put_price": 11.09,
    "implied_move": 0.43
  },
  "prediction": {
    "signal": "NEUTRAL",
    "score": -1,
    "confidence": 25.0,
    "reasons": [
      "MACD histogram negative (bearish momentum)"
    ],
    "target_price": 595.21,
    "support": 593.47,
    "resistance": 596.96
  },
  "simulation": {
    "statistics": {
      "mean": 595.2099822368816,
      "std": 2.5794091453524,
      "p05": 590.9183779279932,
      "p25": 593.4701359956373,
      "p50": 595.2196247873653,
      "p75": 596.9589597062752,
      "p95": 599.4150773172856,
      "min": 587.7713070730831,
      "max": 603.2615740021595
    },
    "simulations": 1000,
    "volatility": 0.1815
  }
}