{
  "ticker": "SPY",
  "timestamp": "2026-03-15T13:24:11.942765",
  "current_price": 593.25,
  "forecast_minutes": 60,
  "technical_indicators": {
    "rsi": 52.25,
    "macd": {
      "line": 9.0054,
      "signal": 8.1049,
      "histogram": 0.9005
    },
    "bollinger_bands": {
      "upper": 642.47,
      "middle": 605.18,
      "lower": 567.88
    }
  },
  "bsm_analysis": {
    "greeks": {
      "delta": 0.5393,
      "gamma": 0.010262,
      "theta": -0.2996,
      "vega": 0.6752,
      "rho": 0.2492
    },
    "atm_call_price": 16.71,
    "atm_put_price": 14.15,
    "implied_move": 0.58
  },
  "prediction": {
    "signal": "NEUTRAL",
    "score": 1,
    "confidence": 25.0,
    "reasons": [
      "MACD histogram positive (bullish momentum)"
    ],
    "target_price": 593.14,
    "support": 590.71,
    "resistance": 595.32
  },
  "simulation": {
    "statistics": {
      "mean": 593.1400822309358,
      "std": 3.43463138113455,
      "p05": 587.8217285917266,
      "p25": 590.7137422152248,
      "p50": 593.1441270247417,
      "p75": 595.3189736676518,
      "p95": 599.0733534926535,
      "min": 580.7700401509002,
      "max": 605.3076986466692
    },
    "simulations": 1000,
    "volatility": 0.2275
  }
}