{
  "ticker": "SPY",
  "timestamp": "2026-03-21T16:10:41.244726",
  "current_price": 597.66,
  "forecast_minutes": 60,
  "technical_indicators": {
    "rsi": 53.01,
    "macd": {
      "line": -0.3536,
      "signal": -0.3182,
      "histogram": -0.0354
    },
    "bollinger_bands": {
      "upper": 597.79,
      "middle": 586.92,
      "lower": 576.05
    }
  },
  "bsm_analysis": {
    "greeks": {
      "delta": 0.5541,
      "gamma": 0.01805,
      "theta": -0.1904,
      "vega": 0.6773,
      "rho": 0.2639
    },
    "atm_call_price": 10.06,
    "atm_put_price": 7.49,
    "implied_move": 0.32
  },
  "prediction": {
    "signal": "NEUTRAL",
    "score": -1,
    "confidence": 25.0,
    "reasons": [
      "MACD histogram negative (bearish momentum)"
    ],
    "target_price": 597.64,
    "support": 596.33,
    "resistance": 598.92
  },
  "simulation": {
    "statistics": {
      "mean": 597.6398368931094,
      "std": 1.886684583788233,
      "p05": 594.6932721636898,
      "p25": 596.3251183719601,
      "p50": 597.5649698940692,
      "p75": 598.9213154976976,
      "p95": 600.8307888295407,
      "min": 592.1126233130234,
      "max": 602.472181566306
    },
    "simulations": 1000,
    "volatility": 0.1278
  }
}