{
  "ticker": "SPY",
  "timestamp": "2026-03-24T14:32:59.809244",
  "current_price": 596.96,
  "forecast_minutes": 60,
  "technical_indicators": {
    "rsi": 78.16,
    "macd": {
      "line": 1.9351,
      "signal": 1.7416,
      "histogram": 0.1935
    },
    "bollinger_bands": {
      "upper": 571.27,
      "middle": 538.49,
      "lower": 505.72
    }
  },
  "bsm_analysis": {
    "greeks": {
      "delta": 0.5396,
      "gamma": 0.004914,
      "theta": -0.576,
      "vega": 0.6794,
      "rho": 0.2373
    },
    "atm_call_price": 33.44,
    "atm_put_price": 30.87,
    "implied_move": 1.18
  },
  "prediction": {
    "signal": "NEUTRAL",
    "score": -1,
    "confidence": 25.0,
    "reasons": [
      "RSI indicates overbought conditions",
      "MACD histogram positive (bullish momentum)"
    ],
    "target_price": 596.55,
    "support": 591.89,
    "resistance": 601.22
  },
  "simulation": {
    "statistics": {
      "mean": 596.5527739375168,
      "std": 7.055511769145209,
      "p05": 584.7909560316377,
      "p25": 591.8918955291358,
      "p50": 596.4566219386727,
      "p75": 601.2189003483412,
      "p95": 608.4442351054835,
      "min": 573.0800135384059,
      "max": 619.1423418767802
    },
    "simulations": 1000,
    "volatility": 0.472
  }
}