{
  "ticker": "SPY",
  "timestamp": "2026-03-21T21:10:18.451733",
  "current_price": 592.33,
  "forecast_minutes": 60,
  "technical_indicators": {
    "rsi": 77.68,
    "macd": {
      "line": 0.3872,
      "signal": 0.3484,
      "histogram": 0.0387
    },
    "bollinger_bands": {
      "upper": 570.67,
      "middle": 542.65,
      "lower": 514.63
    }
  },
  "bsm_analysis": {
    "greeks": {
      "delta": 0.5382,
      "gamma": 0.005583,
      "theta": -0.5124,
      "vega": 0.6744,
      "rho": 0.2377
    },
    "atm_call_price": 29.59,
    "atm_put_price": 27.04,
    "implied_move": 1.02
  },
  "prediction": {
    "signal": "NEUTRAL",
    "score": -1,
    "confidence": 25.0,
    "reasons": [
      "RSI indicates overbought conditions",
      "MACD histogram positive (bullish momentum)"
    ],
    "target_price": 592.25,
    "support": 588.13,
    "resistance": 596.32
  },
  "simulation": {
    "statistics": {
      "mean": 592.247607675028,
      "std": 6.051781884211135,
      "p05": 582.545549338626,
      "p25": 588.1346311806503,
      "p50": 592.2659119146069,
      "p75": 596.3246040282532,
      "p95": 602.3600910220066,
      "min": 572.3260503390367,
      "max": 609.736281199603
    },
    "simulations": 1000,
    "volatility": 0.4189
  }
}