{
  "ticker": "SPY",
  "timestamp": "2026-03-13T21:56:16.312399",
  "current_price": 592.79,
  "forecast_minutes": 60,
  "technical_indicators": {
    "rsi": 41.96,
    "macd": {
      "line": -1.1048,
      "signal": -0.9943,
      "histogram": -0.1105
    },
    "bollinger_bands": {
      "upper": 609.91,
      "middle": 601.71,
      "lower": 593.5
    }
  },
  "bsm_analysis": {
    "greeks": {
      "delta": 0.5475,
      "gamma": 0.015054,
      "theta": -0.2187,
      "vega": 0.6732,
      "rho": 0.2571
    },
    "atm_call_price": 11.8,
    "atm_put_price": 9.25,
    "implied_move": 0.39
  },
  "prediction": {
    "signal": "NEUTRAL",
    "score": -1,
    "confidence": 25.0,
    "reasons": [
      "MACD histogram negative (bearish momentum)"
    ],
    "target_price": 592.83,
    "support": 591.26,
    "resistance": 594.28
  },
  "simulation": {
    "statistics": {
      "mean": 592.8326315574704,
      "std": 2.296221423883105,
      "p05": 589.1895859316179,
      "p25": 591.2614410082169,
      "p50": 592.7651063006206,
      "p75": 594.2843890645265,
      "p95": 596.6577746137726,
      "min": 586.4635157316978,
      "max": 601.5226878238611
    },
    "simulations": 1000,
    "volatility": 0.1548
  }
}