{
  "ticker": "SPY",
  "timestamp": "2026-03-24T00:39:16.138111",
  "current_price": 593.4,
  "forecast_minutes": 60,
  "technical_indicators": {
    "rsi": 49.05,
    "macd": {
      "line": 5.2865,
      "signal": 4.7579,
      "histogram": 0.5287
    },
    "bollinger_bands": {
      "upper": 618.23,
      "middle": 601.09,
      "lower": 583.94
    }
  },
  "bsm_analysis": {
    "greeks": {
      "delta": 0.5381,
      "gamma": 0.009232,
      "theta": -0.328,
      "vega": 0.6756,
      "rho": 0.2473
    },
    "atm_call_price": 18.43,
    "atm_put_price": 15.87,
    "implied_move": 0.61
  },
  "prediction": {
    "signal": "NEUTRAL",
    "score": 1,
    "confidence": 25.0,
    "reasons": [
      "MACD histogram positive (bullish momentum)"
    ],
    "target_price": 593.45,
    "support": 590.91,
    "resistance": 596.06
  },
  "simulation": {
    "statistics": {
      "mean": 593.4479255115107,
      "std": 3.642585621622137,
      "p05": 587.37173076794,
      "p25": 590.9072607333211,
      "p50": 593.3007839175561,
      "p75": 596.0635722912147,
      "p95": 599.2666832205318,
      "min": 582.2261622859737,
      "max": 605.6686302070785
    },
    "simulations": 1000,
    "volatility": 0.2528
  }
}