{
  "ticker": "SPY",
  "timestamp": "2026-04-08T20:00:02.492050",
  "current_price": 593.02,
  "forecast_minutes": 60,
  "technical_indicators": {
    "rsi": 79.81,
    "macd": {
      "line": 6.4847,
      "signal": 5.8362,
      "histogram": 0.6485
    },
    "bollinger_bands": {
      "upper": 565.75,
      "middle": 535.12,
      "lower": 504.48
    }
  },
  "bsm_analysis": {
    "greeks": {
      "delta": 0.5373,
      "gamma": 0.006393,
      "theta": -0.4534,
      "vega": 0.6753,
      "rho": 0.2405
    },
    "atm_call_price": 26.02,
    "atm_put_price": 23.47,
    "implied_move": 0.88
  },
  "prediction": {
    "signal": "NEUTRAL",
    "score": -1,
    "confidence": 25.0,
    "reasons": [
      "RSI indicates overbought conditions",
      "MACD histogram positive (bullish momentum)"
    ],
    "target_price": 592.87,
    "support": 589.33,
    "resistance": 596.39
  },
  "simulation": {
    "statistics": {
      "mean": 592.8662000180893,
      "std": 5.235038759307804,
      "p05": 584.000473443405,
      "p25": 589.3286028543589,
      "p50": 592.8367182691134,
      "p75": 596.3917654202179,
      "p95": 601.6489427206851,
      "min": 578.8005059407118,
      "max": 611.6593234964198
    },
    "simulations": 1000,
    "volatility": 0.3654
  }
}