{
  "ticker": "SPY",
  "timestamp": "2026-02-17T18:13:14.820461",
  "current_price": 597.31,
  "forecast_minutes": 60,
  "technical_indicators": {
    "rsi": 60.37,
    "macd": {
      "line": -8.6852,
      "signal": -7.8167,
      "histogram": -0.8685
    },
    "bollinger_bands": {
      "upper": 596.68,
      "middle": 553.23,
      "lower": 509.78
    }
  },
  "bsm_analysis": {
    "greeks": {
      "delta": 0.546,
      "gamma": 0.003595,
      "theta": -0.7685,
      "vega": 0.6786,
      "rho": 0.231
    },
    "atm_call_price": 45.12,
    "atm_put_price": 42.54,
    "implied_move": 1.62
  },
  "prediction": {
    "signal": "NEUTRAL",
    "score": -1,
    "confidence": 25.0,
    "reasons": [
      "MACD histogram negative (bearish momentum)"
    ],
    "target_price": 597.28,
    "support": 590.51,
    "resistance": 603.75
  },
  "simulation": {
    "statistics": {
      "mean": 597.2807945378636,
      "std": 9.64656144194012,
      "p05": 581.7027052104874,
      "p25": 590.5100763547932,
      "p50": 597.2670630203047,
      "p75": 603.753476240626,
      "p95": 613.9964697823597,
      "min": 571.2245103811758,
      "max": 630.8574739907424
    },
    "simulations": 1000,
    "volatility": 0.6437
  }
}