{
  "ticker": "SPY",
  "timestamp": "2026-03-31T04:40:18.244400",
  "current_price": 595.71,
  "forecast_minutes": 60,
  "technical_indicators": {
    "rsi": 70.31,
    "macd": {
      "line": -4.2698,
      "signal": -3.8428,
      "histogram": -0.427
    },
    "bollinger_bands": {
      "upper": 580.86,
      "middle": 546.22,
      "lower": 511.58
    }
  },
  "bsm_analysis": {
    "greeks": {
      "delta": 0.5409,
      "gamma": 0.004543,
      "theta": -0.6189,
      "vega": 0.6777,
      "rho": 0.2352
    },
    "atm_call_price": 36.04,
    "atm_put_price": 33.47,
    "implied_move": 1.23
  },
  "prediction": {
    "signal": "BEARISH",
    "score": -3,
    "confidence": 75.0,
    "reasons": [
      "RSI indicates overbought conditions",
      "MACD histogram negative (bearish momentum)"
    ],
    "target_price": 595.84,
    "support": 590.83,
    "resistance": 600.69
  },
  "simulation": {
    "statistics": {
      "mean": 595.8398646162443,
      "std": 7.3217077870350025,
      "p05": 584.0460932267001,
      "p25": 590.8324832409957,
      "p50": 595.7787004168291,
      "p75": 600.6920960704608,
      "p95": 608.3441655698481,
      "min": 575.8568075343202,
      "max": 617.7846208310955
    },
    "simulations": 1000,
    "volatility": 0.5114
  }
}