{
  "ticker": "SPY",
  "timestamp": "2026-03-22T06:05:45.806327",
  "current_price": 592.72,
  "forecast_minutes": 60,
  "technical_indicators": {
    "rsi": 77.98,
    "macd": {
      "line": -0.8237,
      "signal": -0.7413,
      "histogram": -0.0824
    },
    "bollinger_bands": {
      "upper": 570.18,
      "middle": 537.47,
      "lower": 504.76
    }
  },
  "bsm_analysis": {
    "greeks": {
      "delta": 0.5396,
      "gamma": 0.004955,
      "theta": -0.5713,
      "vega": 0.6746,
      "rho": 0.2356
    },
    "atm_call_price": 33.16,
    "atm_put_price": 30.61,
    "implied_move": 1.13
  },
  "prediction": {
    "signal": "BEARISH",
    "score": -3,
    "confidence": 75.0,
    "reasons": [
      "RSI indicates overbought conditions",
      "MACD histogram negative (bearish momentum)"
    ],
    "target_price": 592.76,
    "support": 588.47,
    "resistance": 596.95
  },
  "simulation": {
    "statistics": {
      "mean": 592.7586302384294,
      "std": 6.719900654249644,
      "p05": 581.3405531217518,
      "p25": 588.4734462727452,
      "p50": 592.781935528433,
      "p75": 596.9517127045692,
      "p95": 603.692929964682,
      "min": 568.8814307782802,
      "max": 614.5149912470869
    },
    "simulations": 1000,
    "volatility": 0.4715
  }
}