{
  "ticker": "SPY",
  "timestamp": "2026-02-27T23:26:36.957003",
  "current_price": 593.46,
  "forecast_minutes": 60,
  "technical_indicators": {
    "rsi": 45.66,
    "macd": {
      "line": -3.244,
      "signal": -2.9196,
      "histogram": -0.3244
    },
    "bollinger_bands": {
      "upper": 617.31,
      "middle": 600.61,
      "lower": 583.91
    }
  },
  "bsm_analysis": {
    "greeks": {
      "delta": 0.5476,
      "gamma": 0.015051,
      "theta": -0.2188,
      "vega": 0.6739,
      "rho": 0.2574
    },
    "atm_call_price": 11.8,
    "atm_put_price": 9.25,
    "implied_move": 0.4
  },
  "prediction": {
    "signal": "NEUTRAL",
    "score": -1,
    "confidence": 25.0,
    "reasons": [
      "MACD histogram negative (bearish momentum)"
    ],
    "target_price": 593.41,
    "support": 591.73,
    "resistance": 595.01
  },
  "simulation": {
    "statistics": {
      "mean": 593.4077877545946,
      "std": 2.368898965423493,
      "p05": 589.5028272716872,
      "p25": 591.7317473377547,
      "p50": 593.3871046693121,
      "p75": 595.0104224948736,
      "p95": 597.3018702060424,
      "min": 585.2384412247932,
      "max": 602.0855254097529
    },
    "simulations": 1000,
    "volatility": 0.1547
  }
}