{
  "ticker": "SPY",
  "timestamp": "2026-03-25T07:10:29.263641",
  "current_price": 592.52,
  "forecast_minutes": 60,
  "technical_indicators": {
    "rsi": 41.41,
    "macd": {
      "line": 5.8818,
      "signal": 5.2937,
      "histogram": 0.5882
    },
    "bollinger_bands": {
      "upper": 651.35,
      "middle": 620.73,
      "lower": 590.1
    }
  },
  "bsm_analysis": {
    "greeks": {
      "delta": 0.537,
      "gamma": 0.007301,
      "theta": -0.4027,
      "vega": 0.6748,
      "rho": 0.2427
    },
    "atm_call_price": 22.95,
    "atm_put_price": 20.4,
    "implied_move": 0.78
  },
  "prediction": {
    "signal": "NEUTRAL",
    "score": 1,
    "confidence": 25.0,
    "reasons": [
      "MACD histogram positive (bullish momentum)"
    ],
    "target_price": 592.54,
    "support": 589.39,
    "resistance": 595.54
  },
  "simulation": {
    "statistics": {
      "mean": 592.5374132863737,
      "std": 4.623305136420522,
      "p05": 585.0600051317141,
      "p25": 589.3931336063944,
      "p50": 592.5590001594304,
      "p75": 595.5449681974533,
      "p95": 600.1730068489177,
      "min": 579.5552047259378,
      "max": 611.9080683542485
    },
    "simulations": 1000,
    "volatility": 0.3203
  }
}