{
  "ticker": "SPY",
  "timestamp": "2026-03-02T08:49:28.698255",
  "current_price": 595.27,
  "forecast_minutes": 60,
  "technical_indicators": {
    "rsi": 64.44,
    "macd": {
      "line": 4.5951,
      "signal": 4.1356,
      "histogram": 0.4595
    },
    "bollinger_bands": {
      "upper": 599.59,
      "middle": 582.49,
      "lower": 565.39
    }
  },
  "bsm_analysis": {
    "greeks": {
      "delta": 0.55,
      "gamma": 0.016198,
      "theta": -0.2067,
      "vega": 0.6755,
      "rho": 0.26
    },
    "atm_call_price": 11.06,
    "atm_put_price": 8.5,
    "implied_move": 0.35
  },
  "prediction": {
    "signal": "NEUTRAL",
    "score": 1,
    "confidence": 25.0,
    "reasons": [
      "MACD histogram positive (bullish momentum)"
    ],
    "target_price": 595.3,
    "support": 593.95,
    "resistance": 596.63
  },
  "simulation": {
    "statistics": {
      "mean": 595.3028573515303,
      "std": 2.087130636174872,
      "p05": 591.8867910163301,
      "p25": 593.952619664088,
      "p50": 595.2748306957944,
      "p75": 596.6312906707229,
      "p95": 598.9881687522224,
      "min": 589.7597560795631,
      "max": 601.1863692446933
    },
    "simulations": 1000,
    "volatility": 0.1432
  }
}