{
  "ticker": "SPY",
  "timestamp": "2026-04-06T22:20:52.552183",
  "current_price": 597.56,
  "forecast_minutes": 60,
  "technical_indicators": {
    "rsi": 59.19,
    "macd": {
      "line": 6.2982,
      "signal": 5.6684,
      "histogram": 0.6298
    },
    "bollinger_bands": {
      "upper": 614.31,
      "middle": 593.16,
      "lower": 572.02
    }
  },
  "bsm_analysis": {
    "greeks": {
      "delta": 0.5403,
      "gamma": 0.01088,
      "theta": -0.2855,
      "vega": 0.68,
      "rho": 0.2523
    },
    "atm_call_price": 15.84,
    "atm_put_price": 13.27,
    "implied_move": 0.51
  },
  "prediction": {
    "signal": "NEUTRAL",
    "score": 1,
    "confidence": 25.0,
    "reasons": [
      "MACD histogram positive (bullish momentum)"
    ],
    "target_price": 597.62,
    "support": 595.62,
    "resistance": 599.67
  },
  "simulation": {
    "statistics": {
      "mean": 597.6237610767763,
      "std": 3.03819604587861,
      "p05": 592.6543749284525,
      "p25": 595.6231511958373,
      "p50": 597.5380412794101,
      "p75": 599.6654936546028,
      "p95": 602.8549091718806,
      "min": 588.7858892300143,
      "max": 608.5618082400106
    },
    "simulations": 1000,
    "volatility": 0.2129
  }
}