{
  "ticker": "SPY",
  "timestamp": "2026-03-11T16:03:58.791875",
  "current_price": 597.9,
  "forecast_minutes": 60,
  "technical_indicators": {
    "rsi": 47.87,
    "macd": {
      "line": -0.5338,
      "signal": -0.4805,
      "histogram": -0.0534
    },
    "bollinger_bands": {
      "upper": 607.05,
      "middle": 596.22,
      "lower": 585.38
    }
  },
  "bsm_analysis": {
    "greeks": {
      "delta": 0.5461,
      "gamma": 0.01422,
      "theta": -0.2292,
      "vega": 0.6793,
      "rho": 0.2582
    },
    "atm_call_price": 12.43,
    "atm_put_price": 9.85,
    "implied_move": 0.41
  },
  "prediction": {
    "signal": "NEUTRAL",
    "score": -1,
    "confidence": 25.0,
    "reasons": [
      "MACD histogram negative (bearish momentum)"
    ],
    "target_price": 597.83,
    "support": 596.24,
    "resistance": 599.57
  },
  "simulation": {
    "statistics": {
      "mean": 597.8315494757206,
      "std": 2.479173218856783,
      "p05": 593.7057936750937,
      "p25": 596.2434936272297,
      "p50": 597.7854209138567,
      "p75": 599.5720634202444,
      "p95": 601.866631921857,
      "min": 589.4466608234816,
      "max": 606.8046294307786
    },
    "simulations": 1000,
    "volatility": 0.1626
  }
}