{
  "ticker": "SPY",
  "timestamp": "2026-02-16T21:14:47.059420",
  "current_price": 597.09,
  "forecast_minutes": 60,
  "technical_indicators": {
    "rsi": 68.16,
    "macd": {
      "line": 2.9548,
      "signal": 2.6593,
      "histogram": 0.2955
    },
    "bollinger_bands": {
      "upper": 587.08,
      "middle": 571.88,
      "lower": 556.67
    }
  },
  "bsm_analysis": {
    "greeks": {
      "delta": 0.5427,
      "gamma": 0.012381,
      "theta": -0.2564,
      "vega": 0.679,
      "rho": 0.2548
    },
    "atm_call_price": 14.08,
    "atm_put_price": 11.51,
    "implied_move": 0.47
  },
  "prediction": {
    "signal": "NEUTRAL",
    "score": 1,
    "confidence": 25.0,
    "reasons": [
      "MACD histogram positive (bullish momentum)"
    ],
    "target_price": 596.97,
    "support": 595.12,
    "resistance": 598.77
  },
  "simulation": {
    "statistics": {
      "mean": 596.9702376546752,
      "std": 2.8127999866955413,
      "p05": 592.1767149525397,
      "p25": 595.1164509324836,
      "p50": 596.949562826165,
      "p75": 598.7660792786069,
      "p95": 601.4782067593071,
      "min": 588.5161225318923,
      "max": 606.0686180640099
    },
    "simulations": 1000,
    "volatility": 0.1872
  }
}