{
  "ticker": "SPY",
  "timestamp": "2026-03-29T15:55:38.875417",
  "current_price": 596.33,
  "forecast_minutes": 60,
  "technical_indicators": {
    "rsi": 65.59,
    "macd": {
      "line": 2.0379,
      "signal": 1.8341,
      "histogram": 0.2038
    },
    "bollinger_bands": {
      "upper": 591.52,
      "middle": 578.0,
      "lower": 564.49
    }
  },
  "bsm_analysis": {
    "greeks": {
      "delta": 0.543,
      "gamma": 0.012589,
      "theta": -0.2528,
      "vega": 0.6781,
      "rho": 0.2548
    },
    "atm_call_price": 13.87,
    "atm_put_price": 11.3,
    "implied_move": 0.45
  },
  "prediction": {
    "signal": "NEUTRAL",
    "score": 1,
    "confidence": 25.0,
    "reasons": [
      "MACD histogram positive (bullish momentum)"
    ],
    "target_price": 596.29,
    "support": 594.37,
    "resistance": 598.13
  },
  "simulation": {
    "statistics": {
      "mean": 596.2895655471959,
      "std": 2.7102129904301497,
      "p05": 591.9210293382803,
      "p25": 594.3666641618582,
      "p50": 596.2744737335736,
      "p75": 598.1255674548804,
      "p95": 600.6934296091667,
      "min": 588.7306711800346,
      "max": 604.863552822721
    },
    "simulations": 1000,
    "volatility": 0.1843
  }
}