{
  "ticker": "SPY",
  "timestamp": "2026-03-19T16:06:28.126387",
  "current_price": 596.36,
  "forecast_minutes": 60,
  "technical_indicators": {
    "rsi": 73.18,
    "macd": {
      "line": 3.0672,
      "signal": 2.7605,
      "histogram": 0.3067
    },
    "bollinger_bands": {
      "upper": 587.71,
      "middle": 572.32,
      "lower": 556.93
    }
  },
  "bsm_analysis": {
    "greeks": {
      "delta": 0.5397,
      "gamma": 0.010486,
      "theta": -0.2944,
      "vega": 0.6787,
      "rho": 0.2511
    },
    "atm_call_price": 16.39,
    "atm_put_price": 13.82,
    "implied_move": 0.54
  },
  "prediction": {
    "signal": "NEUTRAL",
    "score": -1,
    "confidence": 25.0,
    "reasons": [
      "RSI indicates overbought conditions",
      "MACD histogram positive (bullish momentum)"
    ],
    "target_price": 596.52,
    "support": 594.45,
    "resistance": 598.55
  },
  "simulation": {
    "statistics": {
      "mean": 596.5194829664212,
      "std": 3.2191711158246927,
      "p05": 591.3200733306192,
      "p25": 594.4469503299484,
      "p50": 596.4808268038086,
      "p75": 598.5547434460061,
      "p95": 601.798204864697,
      "min": 586.1150314705095,
      "max": 606.5582614927113
    },
    "simulations": 1000,
    "volatility": 0.2214
  }
}