{
  "ticker": "SPY",
  "timestamp": "2026-03-09T02:00:46.525296",
  "current_price": 597.44,
  "forecast_minutes": 60,
  "technical_indicators": {
    "rsi": 67.96,
    "macd": {
      "line": 0.1638,
      "signal": 0.1474,
      "histogram": 0.0164
    },
    "bollinger_bands": {
      "upper": 586.96,
      "middle": 571.58,
      "lower": 556.21
    }
  },
  "bsm_analysis": {
    "greeks": {
      "delta": 0.5384,
      "gamma": 0.009426,
      "theta": -0.3225,
      "vega": 0.6801,
      "rho": 0.2495
    },
    "atm_call_price": 18.08,
    "atm_put_price": 15.51,
    "implied_move": 0.63
  },
  "prediction": {
    "signal": "NEUTRAL",
    "score": 1,
    "confidence": 25.0,
    "reasons": [
      "MACD histogram positive (bullish momentum)"
    ],
    "target_price": 597.48,
    "support": 595.01,
    "resistance": 600.07
  },
  "simulation": {
    "statistics": {
      "mean": 597.4790775348184,
      "std": 3.762770556186977,
      "p05": 591.05152314031,
      "p25": 595.0106233580502,
      "p50": 597.5028719762437,
      "p75": 600.0672672715942,
      "p95": 603.480812750226,
      "min": 585.334661263909,
      "max": 608.2184887766308
    },
    "simulations": 1000,
    "volatility": 0.2459
  }
}