{
  "ticker": "SPY",
  "timestamp": "2026-02-18T15:29:37.879107",
  "current_price": 592.33,
  "forecast_minutes": 60,
  "technical_indicators": {
    "rsi": 28.99,
    "macd": {
      "line": 1.1415,
      "signal": 1.0273,
      "histogram": 0.1141
    },
    "bollinger_bands": {
      "upper": 623.2,
      "middle": 612.03,
      "lower": 600.87
    }
  },
  "bsm_analysis": {
    "greeks": {
      "delta": 0.5424,
      "gamma": 0.012303,
      "theta": -0.2574,
      "vega": 0.6736,
      "rho": 0.2524
    },
    "atm_call_price": 14.15,
    "atm_put_price": 11.6,
    "implied_move": 0.47
  },
  "prediction": {
    "signal": "BULLISH",
    "score": 3,
    "confidence": 75.0,
    "reasons": [
      "RSI indicates oversold conditions",
      "MACD histogram positive (bullish momentum)"
    ],
    "target_price": 592.36,
    "support": 590.5,
    "resistance": 594.24
  },
  "simulation": {
    "statistics": {
      "mean": 592.3632238994238,
      "std": 2.8052914585347244,
      "p05": 587.8016317802945,
      "p25": 590.5040127988136,
      "p50": 592.4721827825651,
      "p75": 594.2420566220699,
      "p95": 596.8631792331948,
      "min": 584.6587480228854,
      "max": 601.2548705758043
    },
    "simulations": 1000,
    "volatility": 0.1899
  }
}