{
  "ticker": "SPY",
  "timestamp": "2026-02-26T09:49:33.227471",
  "current_price": 594.0,
  "forecast_minutes": 60,
  "technical_indicators": {
    "rsi": 58.4,
    "macd": {
      "line": -3.3373,
      "signal": -3.0036,
      "histogram": -0.3337
    },
    "bollinger_bands": {
      "upper": 591.91,
      "middle": 566.5,
      "lower": 541.09
    }
  },
  "bsm_analysis": {
    "greeks": {
      "delta": 0.537,
      "gamma": 0.007452,
      "theta": -0.3955,
      "vega": 0.6765,
      "rho": 0.2437
    },
    "atm_call_price": 22.52,
    "atm_put_price": 19.96,
    "implied_move": 0.76
  },
  "prediction": {
    "signal": "NEUTRAL",
    "score": -1,
    "confidence": 25.0,
    "reasons": [
      "MACD histogram negative (bearish momentum)"
    ],
    "target_price": 593.9,
    "support": 590.86,
    "resistance": 597.09
  },
  "simulation": {
    "statistics": {
      "mean": 593.9025051336216,
      "std": 4.534295545177017,
      "p05": 586.3889262708661,
      "p25": 590.8600076848862,
      "p50": 593.8368238472729,
      "p75": 597.0870415512944,
      "p95": 601.3015655753331,
      "min": 578.9773702308397,
      "max": 610.8104188085742
    },
    "simulations": 1000,
    "volatility": 0.313
  }
}