{
  "ticker": "SPY",
  "timestamp": "2026-03-13T12:23:02.638455",
  "current_price": 593.74,
  "forecast_minutes": 60,
  "technical_indicators": {
    "rsi": 60.13,
    "macd": {
      "line": 9.7034,
      "signal": 8.7331,
      "histogram": 0.9703
    },
    "bollinger_bands": {
      "upper": 614.27,
      "middle": 581.91,
      "lower": 549.55
    }
  },
  "bsm_analysis": {
    "greeks": {
      "delta": 0.5429,
      "gamma": 0.012585,
      "theta": -0.2527,
      "vega": 0.6751,
      "rho": 0.2536
    },
    "atm_call_price": 13.86,
    "atm_put_price": 11.31,
    "implied_move": 0.45
  },
  "prediction": {
    "signal": "NEUTRAL",
    "score": 1,
    "confidence": 25.0,
    "reasons": [
      "MACD histogram positive (bullish momentum)"
    ],
    "target_price": 593.72,
    "support": 591.91,
    "resistance": 595.47
  },
  "simulation": {
    "statistics": {
      "mean": 593.7203259897195,
      "std": 2.6650911147071894,
      "p05": 589.4096456584291,
      "p25": 591.9092483931927,
      "p50": 593.6065670301659,
      "p75": 595.468081164842,
      "p95": 598.3064633446363,
      "min": 586.57369298086,
      "max": 602.3043462482568
    },
    "simulations": 1000,
    "volatility": 0.1851
  }
}