{
  "ticker": "SPY",
  "timestamp": "2026-03-17T19:37:57.583964",
  "current_price": 596.26,
  "forecast_minutes": 60,
  "technical_indicators": {
    "rsi": 83.53,
    "macd": {
      "line": 3.1167,
      "signal": 2.805,
      "histogram": 0.3117
    },
    "bollinger_bands": {
      "upper": 582.88,
      "middle": 566.07,
      "lower": 549.26
    }
  },
  "bsm_analysis": {
    "greeks": {
      "delta": 0.5461,
      "gamma": 0.014223,
      "theta": -0.2291,
      "vega": 0.6774,
      "rho": 0.2574
    },
    "atm_call_price": 12.42,
    "atm_put_price": 9.85,
    "implied_move": 0.41
  },
  "prediction": {
    "signal": "NEUTRAL",
    "score": -1,
    "confidence": 25.0,
    "reasons": [
      "RSI indicates overbought conditions",
      "MACD histogram positive (bullish momentum)"
    ],
    "target_price": 596.21,
    "support": 594.47,
    "resistance": 597.95
  },
  "simulation": {
    "statistics": {
      "mean": 596.2054564214742,
      "std": 2.4458072975436256,
      "p05": 592.3032345009951,
      "p25": 594.4737772872609,
      "p50": 596.1638771206566,
      "p75": 597.9548616492035,
      "p95": 600.1899986127503,
      "min": 588.7121233214167,
      "max": 603.0618610232474
    },
    "simulations": 1000,
    "volatility": 0.163
  }
}