{
  "ticker": "SPY",
  "timestamp": "2026-02-26T19:58:44.351878",
  "current_price": 594.21,
  "forecast_minutes": 60,
  "technical_indicators": {
    "rsi": 48.72,
    "macd": {
      "line": 6.6178,
      "signal": 5.956,
      "histogram": 0.6618
    },
    "bollinger_bands": {
      "upper": 623.1,
      "middle": 597.93,
      "lower": 572.76
    }
  },
  "bsm_analysis": {
    "greeks": {
      "delta": 0.5422,
      "gamma": 0.012121,
      "theta": -0.2607,
      "vega": 0.6758,
      "rho": 0.253
    },
    "atm_call_price": 14.35,
    "atm_put_price": 11.79,
    "implied_move": 0.47
  },
  "prediction": {
    "signal": "NEUTRAL",
    "score": 1,
    "confidence": 25.0,
    "reasons": [
      "MACD histogram positive (bullish momentum)"
    ],
    "target_price": 594.34,
    "support": 592.46,
    "resistance": 596.29
  },
  "simulation": {
    "statistics": {
      "mean": 594.3353353175468,
      "std": 2.817012747660603,
      "p05": 589.6933811985982,
      "p25": 592.455242846461,
      "p50": 594.3585998529447,
      "p75": 596.2880006403191,
      "p95": 599.1858043970299,
      "min": 586.3745222588365,
      "max": 602.0646719357918
    },
    "simulations": 1000,
    "volatility": 0.1921
  }
}