{
  "ticker": "SPY",
  "timestamp": "2026-03-23T03:22:03.342912",
  "current_price": 593.53,
  "forecast_minutes": 60,
  "technical_indicators": {
    "rsi": 63.84,
    "macd": {
      "line": 4.7808,
      "signal": 4.3027,
      "histogram": 0.4781
    },
    "bollinger_bands": {
      "upper": 592.41,
      "middle": 577.24,
      "lower": 562.07
    }
  },
  "bsm_analysis": {
    "greeks": {
      "delta": 0.5465,
      "gamma": 0.014523,
      "theta": -0.2251,
      "vega": 0.6742,
      "rho": 0.2566
    },
    "atm_call_price": 12.19,
    "atm_put_price": 9.63,
    "implied_move": 0.41
  },
  "prediction": {
    "signal": "NEUTRAL",
    "score": 1,
    "confidence": 25.0,
    "reasons": [
      "MACD histogram positive (bullish momentum)"
    ],
    "target_price": 593.61,
    "support": 591.9,
    "resistance": 595.31
  },
  "simulation": {
    "statistics": {
      "mean": 593.6134454800886,
      "std": 2.4195974620219487,
      "p05": 589.701303440761,
      "p25": 591.9036034275226,
      "p50": 593.7097755497298,
      "p75": 595.3112271053963,
      "p95": 597.3586186680844,
      "min": 586.0889942967443,
      "max": 600.4600262561753
    },
    "simulations": 1000,
    "volatility": 0.1603
  }
}