{
  "ticker": "SPY",
  "timestamp": "2026-03-01T11:38:37.812056",
  "current_price": 595.3,
  "forecast_minutes": 60,
  "technical_indicators": {
    "rsi": 44.11,
    "macd": {
      "line": -7.547,
      "signal": -6.7923,
      "histogram": -0.7547
    },
    "bollinger_bands": {
      "upper": 624.52,
      "middle": 598.09,
      "lower": 571.66
    }
  },
  "bsm_analysis": {
    "greeks": {
      "delta": 0.5377,
      "gamma": 0.008744,
      "theta": -0.3439,
      "vega": 0.6778,
      "rho": 0.2472
    },
    "atm_call_price": 19.39,
    "atm_put_price": 16.82,
    "implied_move": 0.65
  },
  "prediction": {
    "signal": "NEUTRAL",
    "score": -1,
    "confidence": 25.0,
    "reasons": [
      "MACD histogram negative (bearish momentum)"
    ],
    "target_price": 595.39,
    "support": 592.82,
    "resistance": 597.9
  },
  "simulation": {
    "statistics": {
      "mean": 595.3939271724054,
      "std": 3.8560355320956488,
      "p05": 589.0849653024823,
      "p25": 592.823788081888,
      "p50": 595.5100987970122,
      "p75": 597.9043051887436,
      "p95": 601.7942076478411,
      "min": 582.6627183525708,
      "max": 607.7071547206577
    },
    "simulations": 1000,
    "volatility": 0.2661
  }
}