{
  "ticker": "SPY",
  "timestamp": "2026-04-02T11:07:18.866051",
  "current_price": 596.49,
  "forecast_minutes": 60,
  "technical_indicators": {
    "rsi": 67.08,
    "macd": {
      "line": 5.6506,
      "signal": 5.0855,
      "histogram": 0.5651
    },
    "bollinger_bands": {
      "upper": 601.69,
      "middle": 581.82,
      "lower": 561.95
    }
  },
  "bsm_analysis": {
    "greeks": {
      "delta": 0.546,
      "gamma": 0.014193,
      "theta": -0.2295,
      "vega": 0.6777,
      "rho": 0.2575
    },
    "atm_call_price": 12.45,
    "atm_put_price": 9.88,
    "implied_move": 0.42
  },
  "prediction": {
    "signal": "NEUTRAL",
    "score": 1,
    "confidence": 25.0,
    "reasons": [
      "MACD histogram positive (bullish momentum)"
    ],
    "target_price": 596.53,
    "support": 594.96,
    "resistance": 598.18
  },
  "simulation": {
    "statistics": {
      "mean": 596.529358643473,
      "std": 2.482844074480533,
      "p05": 592.3814606984627,
      "p25": 594.9612936255887,
      "p50": 596.5438176561427,
      "p75": 598.1777415919088,
      "p95": 600.5273911170547,
      "min": 588.3344902935572,
      "max": 604.206493449113
    },
    "simulations": 1000,
    "volatility": 0.1633
  }
}