{
  "ticker": "SPY",
  "timestamp": "2026-03-24T22:13:09.082256",
  "current_price": 594.12,
  "forecast_minutes": 60,
  "technical_indicators": {
    "rsi": 56.72,
    "macd": {
      "line": -3.2609,
      "signal": -2.9348,
      "histogram": -0.3261
    },
    "bollinger_bands": {
      "upper": 594.72,
      "middle": 573.3,
      "lower": 551.88
    }
  },
  "bsm_analysis": {
    "greeks": {
      "delta": 0.5372,
      "gamma": 0.007886,
      "theta": -0.3763,
      "vega": 0.6766,
      "rho": 0.2448
    },
    "atm_call_price": 21.35,
    "atm_put_price": 18.79,
    "implied_move": 0.74
  },
  "prediction": {
    "signal": "NEUTRAL",
    "score": -1,
    "confidence": 25.0,
    "reasons": [
      "MACD histogram negative (bearish momentum)"
    ],
    "target_price": 594.27,
    "support": 591.23,
    "resistance": 597.39
  },
  "simulation": {
    "statistics": {
      "mean": 594.2708492749695,
      "std": 4.407119370233906,
      "p05": 586.8459043571887,
      "p25": 591.2283686931439,
      "p50": 594.3030756528963,
      "p75": 597.387784586625,
      "p95": 601.443363530765,
      "min": 580.5173157843668,
      "max": 611.3611232711115
    },
    "simulations": 1000,
    "volatility": 0.2957
  }
}