{
  "ticker": "SPY",
  "timestamp": "2026-03-25T14:13:05.505107",
  "current_price": 593.81,
  "forecast_minutes": 60,
  "technical_indicators": {
    "rsi": 66.47,
    "macd": {
      "line": 2.2441,
      "signal": 2.0197,
      "histogram": 0.2244
    },
    "bollinger_bands": {
      "upper": 589.1,
      "middle": 572.31,
      "lower": 555.51
    }
  },
  "bsm_analysis": {
    "greeks": {
      "delta": 0.5491,
      "gamma": 0.015817,
      "theta": -0.2104,
      "vega": 0.674,
      "rho": 0.2587
    },
    "atm_call_price": 11.29,
    "atm_put_price": 8.74,
    "implied_move": 0.36
  },
  "prediction": {
    "signal": "NEUTRAL",
    "score": 1,
    "confidence": 25.0,
    "reasons": [
      "MACD histogram positive (bullish momentum)"
    ],
    "target_price": 593.84,
    "support": 592.31,
    "resistance": 595.24
  },
  "simulation": {
    "statistics": {
      "mean": 593.8439598385925,
      "std": 2.122729284874856,
      "p05": 590.3262977962031,
      "p25": 592.3110479954627,
      "p50": 593.8859657494193,
      "p75": 595.2418161587165,
      "p95": 597.2146112189039,
      "min": 587.2532386055243,
      "max": 600.4471838946503
    },
    "simulations": 1000,
    "volatility": 0.147
  }
}