{
  "ticker": "SPY",
  "timestamp": "2026-03-22T21:12:46.565246",
  "current_price": 592.85,
  "forecast_minutes": 60,
  "technical_indicators": {
    "rsi": 51.32,
    "macd": {
      "line": -0.7869,
      "signal": -0.7082,
      "histogram": -0.0787
    },
    "bollinger_bands": {
      "upper": 612.71,
      "middle": 596.55,
      "lower": 580.39
    }
  },
  "bsm_analysis": {
    "greeks": {
      "delta": 0.5388,
      "gamma": 0.009865,
      "theta": -0.3098,
      "vega": 0.6748,
      "rho": 0.2483
    },
    "atm_call_price": 17.33,
    "atm_put_price": 14.78,
    "implied_move": 0.58
  },
  "prediction": {
    "signal": "NEUTRAL",
    "score": -1,
    "confidence": 25.0,
    "reasons": [
      "MACD histogram negative (bearish momentum)"
    ],
    "target_price": 592.94,
    "support": 590.56,
    "resistance": 595.18
  },
  "simulation": {
    "statistics": {
      "mean": 592.9429523692957,
      "std": 3.428819039667467,
      "p05": 587.1884392213946,
      "p25": 590.5614708202957,
      "p50": 592.9485241231457,
      "p75": 595.1759886312922,
      "p95": 598.3732824212252,
      "min": 583.7660028983058,
      "max": 604.5880942615833
    },
    "simulations": 1000,
    "volatility": 0.2368
  }
}