{
  "ticker": "SPY",
  "timestamp": "2026-03-21T21:53:09.415296",
  "current_price": 594.03,
  "forecast_minutes": 60,
  "technical_indicators": {
    "rsi": 56.14,
    "macd": {
      "line": 0.2906,
      "signal": 0.2616,
      "histogram": 0.0291
    },
    "bollinger_bands": {
      "upper": 598.19,
      "middle": 590.06,
      "lower": 581.93
    }
  },
  "bsm_analysis": {
    "greeks": {
      "delta": 0.5484,
      "gamma": 0.015482,
      "theta": -0.214,
      "vega": 0.6744,
      "rho": 0.2583
    },
    "atm_call_price": 11.51,
    "atm_put_price": 8.95,
    "implied_move": 0.36
  },
  "prediction": {
    "signal": "NEUTRAL",
    "score": 1,
    "confidence": 25.0,
    "reasons": [
      "MACD histogram positive (bullish momentum)"
    ],
    "target_price": 593.85,
    "support": 592.35,
    "resistance": 595.39
  },
  "simulation": {
    "statistics": {
      "mean": 593.8502739005736,
      "std": 2.1499741188692547,
      "p05": 590.4719282180017,
      "p25": 592.3490808124046,
      "p50": 593.7871212996587,
      "p75": 595.3913281369774,
      "p95": 597.3828668510645,
      "min": 586.0040617364575,
      "max": 600.221844230996
    },
    "simulations": 1000,
    "volatility": 0.1502
  }
}