{
  "ticker": "SPY",
  "timestamp": "2026-03-24T18:06:36.247046",
  "current_price": 595.4,
  "forecast_minutes": 60,
  "technical_indicators": {
    "rsi": 34.68,
    "macd": {
      "line": 1.5515,
      "signal": 1.3964,
      "histogram": 0.1552
    },
    "bollinger_bands": {
      "upper": 654.25,
      "middle": 628.92,
      "lower": 603.59
    }
  },
  "bsm_analysis": {
    "greeks": {
      "delta": 0.5384,
      "gamma": 0.009435,
      "theta": -0.3221,
      "vega": 0.6778,
      "rho": 0.2486
    },
    "atm_call_price": 18.06,
    "atm_put_price": 15.5,
    "implied_move": 0.6
  },
  "prediction": {
    "signal": "NEUTRAL",
    "score": 1,
    "confidence": 25.0,
    "reasons": [
      "MACD histogram positive (bullish momentum)"
    ],
    "target_price": 595.23,
    "support": 592.69,
    "resistance": 597.85
  },
  "simulation": {
    "statistics": {
      "mean": 595.2340682862764,
      "std": 3.5796556969800624,
      "p05": 589.622503191694,
      "p25": 592.6946386152463,
      "p50": 595.2864327535125,
      "p75": 597.8486890820542,
      "p95": 601.1849946010086,
      "min": 582.2651105672353,
      "max": 605.0815776822853
    },
    "simulations": 1000,
    "volatility": 0.2466
  }
}