{
  "ticker": "SPY",
  "timestamp": "2026-02-15T13:54:38.730223",
  "current_price": 593.38,
  "forecast_minutes": 60,
  "technical_indicators": {
    "rsi": 53.49,
    "macd": {
      "line": -0.0983,
      "signal": -0.0885,
      "histogram": -0.0098
    },
    "bollinger_bands": {
      "upper": 598.38,
      "middle": 581.97,
      "lower": 565.56
    }
  },
  "bsm_analysis": {
    "greeks": {
      "delta": 0.5437,
      "gamma": 0.013042,
      "theta": -0.2454,
      "vega": 0.6746,
      "rho": 0.2541
    },
    "atm_call_price": 13.42,
    "atm_put_price": 10.87,
    "implied_move": 0.45
  },
  "prediction": {
    "signal": "NEUTRAL",
    "score": -1,
    "confidence": 25.0,
    "reasons": [
      "MACD histogram negative (bearish momentum)"
    ],
    "target_price": 593.3,
    "support": 591.42,
    "resistance": 595.11
  },
  "simulation": {
    "statistics": {
      "mean": 593.3033338412494,
      "std": 2.650378166972304,
      "p05": 589.2328506183657,
      "p25": 591.4211116259537,
      "p50": 593.2504088353264,
      "p75": 595.1129018429936,
      "p95": 597.7525427587435,
      "min": 584.4299773479457,
      "max": 601.9593615294814
    },
    "simulations": 1000,
    "volatility": 0.1787
  }
}