{
  "ticker": "SPY",
  "timestamp": "2026-03-30T17:24:04.586616",
  "current_price": 594.73,
  "forecast_minutes": 60,
  "technical_indicators": {
    "rsi": 71.15,
    "macd": {
      "line": -1.6194,
      "signal": -1.4574,
      "histogram": -0.1619
    },
    "bollinger_bands": {
      "upper": 578.02,
      "middle": 549.25,
      "lower": 520.48
    }
  },
  "bsm_analysis": {
    "greeks": {
      "delta": 0.5398,
      "gamma": 0.00488,
      "theta": -0.5795,
      "vega": 0.6768,
      "rho": 0.2362
    },
    "atm_call_price": 33.65,
    "atm_put_price": 31.09,
    "implied_move": 1.16
  },
  "prediction": {
    "signal": "BEARISH",
    "score": -3,
    "confidence": 75.0,
    "reasons": [
      "RSI indicates overbought conditions",
      "MACD histogram negative (bearish momentum)"
    ],
    "target_price": 594.83,
    "support": 590.07,
    "resistance": 599.59
  },
  "simulation": {
    "statistics": {
      "mean": 594.8313380182511,
      "std": 6.898533712764468,
      "p05": 583.4797557540847,
      "p25": 590.0715402160768,
      "p50": 594.9774691661075,
      "p75": 599.5911158262038,
      "p95": 606.4982785119199,
      "min": 570.2425798039973,
      "max": 614.9433031870817
    },
    "simulations": 1000,
    "volatility": 0.4771
  }
}