{
  "ticker": "SPY",
  "timestamp": "2026-03-15T17:12:37.932640",
  "current_price": 593.48,
  "forecast_minutes": 60,
  "technical_indicators": {
    "rsi": 59.14,
    "macd": {
      "line": -2.4942,
      "signal": -2.2448,
      "histogram": -0.2494
    },
    "bollinger_bands": {
      "upper": 583.87,
      "middle": 566.17,
      "lower": 548.46
    }
  },
  "bsm_analysis": {
    "greeks": {
      "delta": 0.5373,
      "gamma": 0.008091,
      "theta": -0.3679,
      "vega": 0.6758,
      "rho": 0.2449
    },
    "atm_call_price": 20.84,
    "atm_put_price": 18.29,
    "implied_move": 0.73
  },
  "prediction": {
    "signal": "NEUTRAL",
    "score": -1,
    "confidence": 25.0,
    "reasons": [
      "MACD histogram negative (bearish momentum)"
    ],
    "target_price": 593.68,
    "support": 590.82,
    "resistance": 596.61
  },
  "simulation": {
    "statistics": {
      "mean": 593.6826813690799,
      "std": 4.315122167195311,
      "p05": 586.6004098420578,
      "p25": 590.8190481326094,
      "p50": 593.7215205360003,
      "p75": 596.6115333288541,
      "p95": 600.4988817540645,
      "min": 580.3022884640527,
      "max": 610.4570601607965
    },
    "simulations": 1000,
    "volatility": 0.2885
  }
}