{
  "ticker": "SPY",
  "timestamp": "2026-03-30T20:19:07.796432",
  "current_price": 597.03,
  "forecast_minutes": 60,
  "technical_indicators": {
    "rsi": 66.78,
    "macd": {
      "line": -3.215,
      "signal": -2.8935,
      "histogram": -0.3215
    },
    "bollinger_bands": {
      "upper": 610.55,
      "middle": 586.47,
      "lower": 562.39
    }
  },
  "bsm_analysis": {
    "greeks": {
      "delta": 0.5441,
      "gamma": 0.013148,
      "theta": -0.2441,
      "vega": 0.6787,
      "rho": 0.256
    },
    "atm_call_price": 13.33,
    "atm_put_price": 10.76,
    "implied_move": 0.44
  },
  "prediction": {
    "signal": "NEUTRAL",
    "score": -1,
    "confidence": 25.0,
    "reasons": [
      "MACD histogram negative (bearish momentum)"
    ],
    "target_price": 597.22,
    "support": 595.54,
    "resistance": 598.9
  },
  "simulation": {
    "statistics": {
      "mean": 597.2202696951458,
      "std": 2.638613284412489,
      "p05": 592.9729300864996,
      "p25": 595.5438457535631,
      "p50": 597.1295474523416,
      "p75": 598.8983930482833,
      "p95": 601.625469703102,
      "min": 589.4018799645295,
      "max": 607.1784048908034
    },
    "simulations": 1000,
    "volatility": 0.1762
  }
}