{
  "ticker": "SPY",
  "timestamp": "2026-02-10T16:12:56.871966",
  "current_price": 592.79,
  "forecast_minutes": 60,
  "technical_indicators": {
    "rsi": 40.36,
    "macd": {
      "line": 8.3518,
      "signal": 7.5166,
      "histogram": 0.8352
    },
    "bollinger_bands": {
      "upper": 661.06,
      "middle": 627.52,
      "lower": 593.99
    }
  },
  "bsm_analysis": {
    "greeks": {
      "delta": 0.5377,
      "gamma": 0.005958,
      "theta": -0.4831,
      "vega": 0.675,
      "rho": 0.2391
    },
    "atm_call_price": 27.82,
    "atm_put_price": 25.26,
    "implied_move": 0.98
  },
  "prediction": {
    "signal": "NEUTRAL",
    "score": 1,
    "confidence": 25.0,
    "reasons": [
      "MACD histogram positive (bullish momentum)"
    ],
    "target_price": 593.27,
    "support": 589.46,
    "resistance": 597.15
  },
  "simulation": {
    "statistics": {
      "mean": 593.2670089488093,
      "std": 5.787316736195478,
      "p05": 583.7845103383216,
      "p25": 589.4563580502474,
      "p50": 593.0524601731679,
      "p75": 597.1510521884186,
      "p95": 602.8937526338696,
      "min": 573.9541862798391,
      "max": 615.2633522632037
    },
    "simulations": 1000,
    "volatility": 0.3922
  }
}