{
  "ticker": "SPY",
  "timestamp": "2026-03-23T22:29:36.894115",
  "current_price": 593.26,
  "forecast_minutes": 60,
  "technical_indicators": {
    "rsi": 62.37,
    "macd": {
      "line": -4.5616,
      "signal": -4.1055,
      "histogram": -0.4562
    },
    "bollinger_bands": {
      "upper": 591.61,
      "middle": 567.67,
      "lower": 543.74
    }
  },
  "bsm_analysis": {
    "greeks": {
      "delta": 0.5375,
      "gamma": 0.006124,
      "theta": -0.4713,
      "vega": 0.6755,
      "rho": 0.2398
    },
    "atm_call_price": 27.1,
    "atm_put_price": 24.55,
    "implied_move": 0.95
  },
  "prediction": {
    "signal": "NEUTRAL",
    "score": -1,
    "confidence": 25.0,
    "reasons": [
      "MACD histogram negative (bearish momentum)"
    ],
    "target_price": 592.69,
    "support": 589.05,
    "resistance": 596.37
  },
  "simulation": {
    "statistics": {
      "mean": 592.6904674794549,
      "std": 5.610575667093834,
      "p05": 583.306733421623,
      "p25": 589.0485492944098,
      "p50": 592.7620490117783,
      "p75": 596.3733616416717,
      "p95": 602.0167120013307,
      "min": 575.369604702655,
      "max": 611.228968697369
    },
    "simulations": 1000,
    "volatility": 0.3813
  }
}