{
  "ticker": "SPY",
  "timestamp": "2026-02-27T18:48:56.230184",
  "current_price": 596.56,
  "forecast_minutes": 60,
  "technical_indicators": {
    "rsi": 50.79,
    "macd": {
      "line": -0.1023,
      "signal": -0.0921,
      "histogram": -0.0102
    },
    "bollinger_bands": {
      "upper": 610.09,
      "middle": 600.65,
      "lower": 591.21
    }
  },
  "bsm_analysis": {
    "greeks": {
      "delta": 0.5528,
      "gamma": 0.017462,
      "theta": -0.1952,
      "vega": 0.6763,
      "rho": 0.2625
    },
    "atm_call_price": 10.36,
    "atm_put_price": 7.79,
    "implied_move": 0.32
  },
  "prediction": {
    "signal": "NEUTRAL",
    "score": -1,
    "confidence": 25.0,
    "reasons": [
      "MACD histogram negative (bearish momentum)"
    ],
    "target_price": 596.67,
    "support": 595.38,
    "resistance": 597.92
  },
  "simulation": {
    "statistics": {
      "mean": 596.665209330608,
      "std": 1.9167731558787595,
      "p05": 593.5249834307315,
      "p25": 595.3780132287163,
      "p50": 596.6832859682279,
      "p75": 597.9201753577258,
      "p95": 599.8930152659188,
      "min": 589.7562873783575,
      "max": 602.4940934961879
    },
    "simulations": 1000,
    "volatility": 0.1324
  }
}