{
  "ticker": "SPY",
  "timestamp": "2026-02-16T22:33:54.259252",
  "current_price": 595.52,
  "forecast_minutes": 60,
  "technical_indicators": {
    "rsi": 67.63,
    "macd": {
      "line": 3.3057,
      "signal": 2.9752,
      "histogram": 0.3306
    },
    "bollinger_bands": {
      "upper": 592.23,
      "middle": 579.78,
      "lower": 567.33
    }
  },
  "bsm_analysis": {
    "greeks": {
      "delta": 0.5476,
      "gamma": 0.015047,
      "theta": -0.219,
      "vega": 0.6763,
      "rho": 0.2584
    },
    "atm_call_price": 11.81,
    "atm_put_price": 9.25,
    "implied_move": 0.38
  },
  "prediction": {
    "signal": "NEUTRAL",
    "score": 1,
    "confidence": 25.0,
    "reasons": [
      "MACD histogram positive (bullish momentum)"
    ],
    "target_price": 595.6,
    "support": 594.08,
    "resistance": 597.17
  },
  "simulation": {
    "statistics": {
      "mean": 595.5996354300527,
      "std": 2.259109521814057,
      "p05": 591.7829363794021,
      "p25": 594.0791574578086,
      "p50": 595.6526617831797,
      "p75": 597.166577243754,
      "p95": 599.3063171636799,
      "min": 587.2347127726491,
      "max": 602.3181416996104
    },
    "simulations": 1000,
    "volatility": 0.1542
  }
}