{
  "ticker": "SPY",
  "timestamp": "2026-03-01T16:44:55.632190",
  "current_price": 592.43,
  "forecast_minutes": 60,
  "technical_indicators": {
    "rsi": 55.61,
    "macd": {
      "line": 1.3056,
      "signal": 1.1751,
      "histogram": 0.1306
    },
    "bollinger_bands": {
      "upper": 603.39,
      "middle": 591.77,
      "lower": 580.15
    }
  },
  "bsm_analysis": {
    "greeks": {
      "delta": 0.5514,
      "gamma": 0.016951,
      "theta": -0.1994,
      "vega": 0.6719,
      "rho": 0.2598
    },
    "atm_call_price": 10.62,
    "atm_put_price": 8.07,
    "implied_move": 0.34
  },
  "prediction": {
    "signal": "NEUTRAL",
    "score": 1,
    "confidence": 25.0,
    "reasons": [
      "MACD histogram positive (bullish momentum)"
    ],
    "target_price": 592.41,
    "support": 590.98,
    "resistance": 593.84
  },
  "simulation": {
    "statistics": {
      "mean": 592.410069540856,
      "std": 2.036007992772456,
      "p05": 589.0796845324744,
      "p25": 590.9770003369247,
      "p50": 592.4383669422123,
      "p75": 593.8415478871782,
      "p95": 595.7403416584597,
      "min": 583.9115528426316,
      "max": 598.9970123409977
    },
    "simulations": 1000,
    "volatility": 0.1374
  }
}