{
  "ticker": "SPY",
  "timestamp": "2026-03-13T17:16:52.887874",
  "current_price": 596.02,
  "forecast_minutes": 60,
  "technical_indicators": {
    "rsi": 49.65,
    "macd": {
      "line": 7.4267,
      "signal": 6.684,
      "histogram": 0.7427
    },
    "bollinger_bands": {
      "upper": 638.12,
      "middle": 609.03,
      "lower": 579.94
    }
  },
  "bsm_analysis": {
    "greeks": {
      "delta": 0.5371,
      "gamma": 0.007741,
      "theta": -0.3826,
      "vega": 0.6787,
      "rho": 0.2453
    },
    "atm_call_price": 21.73,
    "atm_put_price": 19.16,
    "implied_move": 0.76
  },
  "prediction": {
    "signal": "NEUTRAL",
    "score": 1,
    "confidence": 25.0,
    "reasons": [
      "MACD histogram positive (bullish momentum)"
    ],
    "target_price": 596.05,
    "support": 592.91,
    "resistance": 599.13
  },
  "simulation": {
    "statistics": {
      "mean": 596.0481992847416,
      "std": 4.510261797022543,
      "p05": 588.563656090174,
      "p25": 592.912954362851,
      "p50": 596.1208725230783,
      "p75": 599.1281391333085,
      "p95": 603.7295792442385,
      "min": 579.6239566696732,
      "max": 611.1760464485582
    },
    "simulations": 1000,
    "volatility": 0.3003
  }
}