{
  "ticker": "SPY",
  "timestamp": "2026-03-25T08:02:37.663299",
  "current_price": 592.56,
  "forecast_minutes": 60,
  "technical_indicators": {
    "rsi": 55.02,
    "macd": {
      "line": 7.8317,
      "signal": 7.0485,
      "histogram": 0.7832
    },
    "bollinger_bands": {
      "upper": 623.99,
      "middle": 595.99,
      "lower": 567.98
    }
  },
  "bsm_analysis": {
    "greeks": {
      "delta": 0.5416,
      "gamma": 0.011793,
      "theta": -0.2665,
      "vega": 0.6741,
      "rho": 0.2517
    },
    "atm_call_price": 14.71,
    "atm_put_price": 12.15,
    "implied_move": 0.51
  },
  "prediction": {
    "signal": "NEUTRAL",
    "score": 1,
    "confidence": 25.0,
    "reasons": [
      "MACD histogram positive (bullish momentum)"
    ],
    "target_price": 592.54,
    "support": 590.32,
    "resistance": 594.62
  },
  "simulation": {
    "statistics": {
      "mean": 592.542049685654,
      "std": 2.99900630658405,
      "p05": 587.7985578903719,
      "p25": 590.3239416482301,
      "p50": 592.3818367542204,
      "p75": 594.6156681847034,
      "p95": 597.3953323659636,
      "min": 583.1410595124124,
      "max": 603.9694688959238
    },
    "simulations": 1000,
    "volatility": 0.198
  }
}