{
  "ticker": "SPY",
  "timestamp": "2026-03-03T17:20:21.321651",
  "current_price": 596.49,
  "forecast_minutes": 60,
  "technical_indicators": {
    "rsi": 57.05,
    "macd": {
      "line": -0.7727,
      "signal": -0.6954,
      "histogram": -0.0773
    },
    "bollinger_bands": {
      "upper": 595.18,
      "middle": 581.35,
      "lower": 567.51
    }
  },
  "bsm_analysis": {
    "greeks": {
      "delta": 0.543,
      "gamma": 0.012561,
      "theta": -0.2533,
      "vega": 0.6783,
      "rho": 0.2548
    },
    "atm_call_price": 13.89,
    "atm_put_price": 11.33,
    "implied_move": 0.45
  },
  "prediction": {
    "signal": "NEUTRAL",
    "score": -1,
    "confidence": 25.0,
    "reasons": [
      "MACD histogram negative (bearish momentum)"
    ],
    "target_price": 596.47,
    "support": 594.67,
    "resistance": 598.22
  },
  "simulation": {
    "statistics": {
      "mean": 596.4708798299009,
      "std": 2.70901309284469,
      "p05": 592.0416231221802,
      "p25": 594.6697323417359,
      "p50": 596.4851261109453,
      "p75": 598.215788206526,
      "p95": 600.9703373404626,
      "min": 587.7386524449838,
      "max": 605.7338792070373
    },
    "simulations": 1000,
    "volatility": 0.1846
  }
}