{
  "ticker": "SPY",
  "timestamp": "2026-03-10T22:12:29.406413",
  "current_price": 597.42,
  "forecast_minutes": 60,
  "technical_indicators": {
    "rsi": 60.72,
    "macd": {
      "line": 1.5745,
      "signal": 1.4171,
      "histogram": 0.1575
    },
    "bollinger_bands": {
      "upper": 586.87,
      "middle": 569.31,
      "lower": 551.75
    }
  },
  "bsm_analysis": {
    "greeks": {
      "delta": 0.5374,
      "gamma": 0.008316,
      "theta": -0.3594,
      "vega": 0.6803,
      "rho": 0.2472
    },
    "atm_call_price": 20.32,
    "atm_put_price": 17.75,
    "implied_move": 0.68
  },
  "prediction": {
    "signal": "NEUTRAL",
    "score": 1,
    "confidence": 25.0,
    "reasons": [
      "MACD histogram positive (bullish momentum)"
    ],
    "target_price": 597.45,
    "support": 594.5,
    "resistance": 600.18
  },
  "simulation": {
    "statistics": {
      "mean": 597.4529574665104,
      "std": 4.046298392908841,
      "p05": 591.2894853890726,
      "p25": 594.4982838161047,
      "p50": 597.460088428912,
      "p75": 600.1770312082898,
      "p95": 604.0184669464571,
      "min": 585.5545103727787,
      "max": 610.1812211092351
    },
    "simulations": 1000,
    "volatility": 0.2788
  }
}