{
  "ticker": "SPY",
  "timestamp": "2026-02-16T09:33:04.508318",
  "current_price": 597.28,
  "forecast_minutes": 60,
  "technical_indicators": {
    "rsi": 67.2,
    "macd": {
      "line": -2.4197,
      "signal": -2.1777,
      "histogram": -0.242
    },
    "bollinger_bands": {
      "upper": 583.02,
      "middle": 557.38,
      "lower": 531.74
    }
  },
  "bsm_analysis": {
    "greeks": {
      "delta": 0.5392,
      "gamma": 0.005083,
      "theta": -0.5585,
      "vega": 0.6798,
      "rho": 0.2381
    },
    "atm_call_price": 32.37,
    "atm_put_price": 29.8,
    "implied_move": 1.14
  },
  "prediction": {
    "signal": "NEUTRAL",
    "score": -1,
    "confidence": 25.0,
    "reasons": [
      "MACD histogram negative (bearish momentum)"
    ],
    "target_price": 597.56,
    "support": 592.77,
    "resistance": 602.16
  },
  "simulation": {
    "statistics": {
      "mean": 597.5602361395564,
      "std": 6.823231692155549,
      "p05": 586.691811389509,
      "p25": 592.7683789361904,
      "p50": 597.5403035870111,
      "p75": 602.1598988887565,
      "p95": 608.6017497509768,
      "min": 578.793119094377,
      "max": 621.3920100683225
    },
    "simulations": 1000,
    "volatility": 0.4561
  }
}