{
  "ticker": "SPY",
  "timestamp": "2026-03-18T13:52:25.449251",
  "current_price": 592.16,
  "forecast_minutes": 60,
  "technical_indicators": {
    "rsi": 33.2,
    "macd": {
      "line": 2.8182,
      "signal": 2.5364,
      "histogram": 0.2818
    },
    "bollinger_bands": {
      "upper": 650.07,
      "middle": 623.82,
      "lower": 597.57
    }
  },
  "bsm_analysis": {
    "greeks": {
      "delta": 0.5374,
      "gamma": 0.008324,
      "theta": -0.3587,
      "vega": 0.6743,
      "rho": 0.2449
    },
    "atm_call_price": 20.29,
    "atm_put_price": 17.74,
    "implied_move": 0.7
  },
  "prediction": {
    "signal": "NEUTRAL",
    "score": 1,
    "confidence": 25.0,
    "reasons": [
      "MACD histogram positive (bullish momentum)"
    ],
    "target_price": 592.42,
    "support": 589.85,
    "resistance": 595.15
  },
  "simulation": {
    "statistics": {
      "mean": 592.4156783273027,
      "std": 4.130835313956363,
      "p05": 585.3409197428175,
      "p25": 589.8466430497938,
      "p50": 592.4832572498422,
      "p75": 595.1519067384763,
      "p95": 598.9572219736493,
      "min": 579.2653492734253,
      "max": 607.6305715061667
    },
    "simulations": 1000,
    "volatility": 0.2811
  }
}