{
  "ticker": "SPY",
  "timestamp": "2026-02-18T03:18:57.748957",
  "current_price": 593.97,
  "forecast_minutes": 60,
  "technical_indicators": {
    "rsi": 66.89,
    "macd": {
      "line": -0.808,
      "signal": -0.7272,
      "histogram": -0.0808
    },
    "bollinger_bands": {
      "upper": 574.6,
      "middle": 543.94,
      "lower": 513.28
    }
  },
  "bsm_analysis": {
    "greeks": {
      "delta": 0.5388,
      "gamma": 0.005282,
      "theta": -0.539,
      "vega": 0.6761,
      "rho": 0.2374
    },
    "atm_call_price": 31.2,
    "atm_put_price": 28.65,
    "implied_move": 1.11
  },
  "prediction": {
    "signal": "NEUTRAL",
    "score": -1,
    "confidence": 25.0,
    "reasons": [
      "MACD histogram negative (bearish momentum)"
    ],
    "target_price": 593.96,
    "support": 589.53,
    "resistance": 598.47
  },
  "simulation": {
    "statistics": {
      "mean": 593.9649860544388,
      "std": 6.5795492204172925,
      "p05": 583.1381934001187,
      "p25": 589.5327031448857,
      "p50": 593.9083674350504,
      "p75": 598.4681008463933,
      "p95": 604.3740333563946,
      "min": 575.100388462437,
      "max": 614.6715044395047
    },
    "simulations": 1000,
    "volatility": 0.4415
  }
}