{
  "ticker": "SPY",
  "timestamp": "2026-03-14T23:13:37.223586",
  "current_price": 593.95,
  "forecast_minutes": 60,
  "technical_indicators": {
    "rsi": 64.86,
    "macd": {
      "line": 4.8577,
      "signal": 4.3719,
      "histogram": 0.4858
    },
    "bollinger_bands": {
      "upper": 587.15,
      "middle": 566.28,
      "lower": 545.42
    }
  },
  "bsm_analysis": {
    "greeks": {
      "delta": 0.5371,
      "gamma": 0.007589,
      "theta": -0.3892,
      "vega": 0.6764,
      "rho": 0.244
    },
    "atm_call_price": 22.13,
    "atm_put_price": 19.58,
    "implied_move": 0.78
  },
  "prediction": {
    "signal": "NEUTRAL",
    "score": 1,
    "confidence": 25.0,
    "reasons": [
      "MACD histogram positive (bullish momentum)"
    ],
    "target_price": 593.96,
    "support": 590.72,
    "resistance": 597.12
  },
  "simulation": {
    "statistics": {
      "mean": 593.9562542736461,
      "std": 4.626734012425387,
      "p05": 586.6978945667879,
      "p25": 590.721621417084,
      "p50": 593.9002263524246,
      "p75": 597.1211103085815,
      "p95": 601.4937113693733,
      "min": 578.8507525080631,
      "max": 610.4082893255631
    },
    "simulations": 1000,
    "volatility": 0.3074
  }
}