{
  "ticker": "SPY",
  "timestamp": "2026-03-17T13:39:02.078459",
  "current_price": 592.13,
  "forecast_minutes": 60,
  "technical_indicators": {
    "rsi": 55.19,
    "macd": {
      "line": 0.6095,
      "signal": 0.5485,
      "histogram": 0.0609
    },
    "bollinger_bands": {
      "upper": 593.29,
      "middle": 580.32,
      "lower": 567.36
    }
  },
  "bsm_analysis": {
    "greeks": {
      "delta": 0.5412,
      "gamma": 0.011548,
      "theta": -0.2712,
      "vega": 0.6736,
      "rho": 0.2511
    },
    "atm_call_price": 14.99,
    "atm_put_price": 12.44,
    "implied_move": 0.5
  },
  "prediction": {
    "signal": "NEUTRAL",
    "score": 1,
    "confidence": 25.0,
    "reasons": [
      "MACD histogram positive (bullish momentum)"
    ],
    "target_price": 592.13,
    "support": 590.08,
    "resistance": 594.15
  },
  "simulation": {
    "statistics": {
      "mean": 592.1313280208965,
      "std": 2.978407651963155,
      "p05": 587.4867876433453,
      "p25": 590.07957650473,
      "p50": 592.139813522876,
      "p75": 594.14615965046,
      "p95": 597.0291502229688,
      "min": 581.2965948925374,
      "max": 601.2946587108269
    },
    "simulations": 1000,
    "volatility": 0.2024
  }
}