{
  "ticker": "SPY",
  "timestamp": "2026-04-07T12:45:23.706826",
  "current_price": 592.69,
  "forecast_minutes": 60,
  "technical_indicators": {
    "rsi": 63.92,
    "macd": {
      "line": 0.0962,
      "signal": 0.0866,
      "histogram": 0.0096
    },
    "bollinger_bands": {
      "upper": 577.56,
      "middle": 555.7,
      "lower": 533.83
    }
  },
  "bsm_analysis": {
    "greeks": {
      "delta": 0.537,
      "gamma": 0.007275,
      "theta": -0.4039,
      "vega": 0.675,
      "rho": 0.2427
    },
    "atm_call_price": 23.03,
    "atm_put_price": 20.48,
    "implied_move": 0.8
  },
  "prediction": {
    "signal": "NEUTRAL",
    "score": 1,
    "confidence": 25.0,
    "reasons": [
      "MACD histogram positive (bullish momentum)"
    ],
    "target_price": 592.61,
    "support": 589.53,
    "resistance": 595.87
  },
  "simulation": {
    "statistics": {
      "mean": 592.6084797368271,
      "std": 4.76075151108917,
      "p05": 584.503061999585,
      "p25": 589.5310885603388,
      "p50": 592.8197040091491,
      "p75": 595.8684360384752,
      "p95": 600.1000219314485,
      "min": 577.9235694963095,
      "max": 608.7435641555911
    },
    "simulations": 1000,
    "volatility": 0.3213
  }
}