{
  "ticker": "SPY",
  "timestamp": "2026-03-26T08:33:39.211643",
  "current_price": 592.47,
  "forecast_minutes": 60,
  "technical_indicators": {
    "rsi": 61.59,
    "macd": {
      "line": 8.0822,
      "signal": 7.274,
      "histogram": 0.8082
    },
    "bollinger_bands": {
      "upper": 601.56,
      "middle": 579.27,
      "lower": 556.99
    }
  },
  "bsm_analysis": {
    "greeks": {
      "delta": 0.5452,
      "gamma": 0.013848,
      "theta": -0.2337,
      "vega": 0.6733,
      "rho": 0.255
    },
    "atm_call_price": 12.71,
    "atm_put_price": 10.16,
    "implied_move": 0.4
  },
  "prediction": {
    "signal": "NEUTRAL",
    "score": 1,
    "confidence": 25.0,
    "reasons": [
      "MACD histogram positive (bullish momentum)"
    ],
    "target_price": 592.49,
    "support": 590.91,
    "resistance": 594.05
  },
  "simulation": {
    "statistics": {
      "mean": 592.4896961667781,
      "std": 2.394007106389348,
      "p05": 588.7083456314107,
      "p25": 590.9087183496606,
      "p50": 592.4480325376014,
      "p75": 594.0486478448124,
      "p95": 596.5667629142514,
      "min": 583.6156531111271,
      "max": 600.0862710238397
    },
    "simulations": 1000,
    "volatility": 0.1685
  }
}