{
  "ticker": "SPY",
  "timestamp": "2026-03-31T14:39:31.121275",
  "current_price": 594.55,
  "forecast_minutes": 60,
  "technical_indicators": {
    "rsi": 58.34,
    "macd": {
      "line": -0.6352,
      "signal": -0.5717,
      "histogram": -0.0635
    },
    "bollinger_bands": {
      "upper": 603.22,
      "middle": 586.48,
      "lower": 569.74
    }
  },
  "bsm_analysis": {
    "greeks": {
      "delta": 0.5517,
      "gamma": 0.017034,
      "theta": -0.1988,
      "vega": 0.6743,
      "rho": 0.2609
    },
    "atm_call_price": 10.58,
    "atm_put_price": 8.02,
    "implied_move": 0.34
  },
  "prediction": {
    "signal": "NEUTRAL",
    "score": -1,
    "confidence": 25.0,
    "reasons": [
      "MACD histogram negative (bearish momentum)"
    ],
    "target_price": 594.56,
    "support": 593.22,
    "resistance": 595.9
  },
  "simulation": {
    "statistics": {
      "mean": 594.5554530499477,
      "std": 2.029632748607082,
      "p05": 591.3416394081083,
      "p25": 593.2218503652107,
      "p50": 594.4842625047311,
      "p75": 595.8973260848867,
      "p95": 597.8638640080077,
      "min": 586.86070312255,
      "max": 601.7394466483369
    },
    "simulations": 1000,
    "volatility": 0.1362
  }
}