{
  "ticker": "SPY",
  "timestamp": "2026-03-12T23:45:29.207866",
  "current_price": 595.06,
  "forecast_minutes": 60,
  "technical_indicators": {
    "rsi": 58.13,
    "macd": {
      "line": 7.8001,
      "signal": 7.0201,
      "histogram": 0.78
    },
    "bollinger_bands": {
      "upper": 616.72,
      "middle": 585.36,
      "lower": 553.99
    }
  },
  "bsm_analysis": {
    "greeks": {
      "delta": 0.5456,
      "gamma": 0.014003,
      "theta": -0.2318,
      "vega": 0.6761,
      "rho": 0.2565
    },
    "atm_call_price": 12.59,
    "atm_put_price": 10.03,
    "implied_move": 0.42
  },
  "prediction": {
    "signal": "NEUTRAL",
    "score": 1,
    "confidence": 25.0,
    "reasons": [
      "MACD histogram positive (bullish momentum)"
    ],
    "target_price": 595.12,
    "support": 593.52,
    "resistance": 596.83
  },
  "simulation": {
    "statistics": {
      "mean": 595.1185856727117,
      "std": 2.4851410554124818,
      "p05": 591.0624130208017,
      "p25": 593.5209705746647,
      "p50": 595.1296977417862,
      "p75": 596.8277019249323,
      "p95": 599.2129326698091,
      "min": 587.2040912450525,
      "max": 603.0518160989408
    },
    "simulations": 1000,
    "volatility": 0.1659
  }
}