{
  "ticker": "SPY",
  "timestamp": "2026-04-12T16:44:45.339184",
  "current_price": 593.69,
  "forecast_minutes": 60,
  "technical_indicators": {
    "rsi": 32.36,
    "macd": {
      "line": 7.7546,
      "signal": 6.9792,
      "histogram": 0.7755
    },
    "bollinger_bands": {
      "upper": 683.69,
      "middle": 639.33,
      "lower": 594.97
    }
  },
  "bsm_analysis": {
    "greeks": {
      "delta": 0.5383,
      "gamma": 0.005542,
      "theta": -0.5159,
      "vega": 0.6759,
      "rho": 0.2382
    },
    "atm_call_price": 29.8,
    "atm_put_price": 27.25,
    "implied_move": 1.01
  },
  "prediction": {
    "signal": "NEUTRAL",
    "score": 1,
    "confidence": 25.0,
    "reasons": [
      "MACD histogram positive (bullish momentum)"
    ],
    "target_price": 593.89,
    "support": 589.79,
    "resistance": 597.93
  },
  "simulation": {
    "statistics": {
      "mean": 593.8858731576919,
      "std": 5.966725948819068,
      "p05": 584.0411455364106,
      "p25": 589.7864047269388,
      "p50": 594.0153708733899,
      "p75": 597.926343181535,
      "p95": 603.5734869973787,
      "min": 574.8129525770399,
      "max": 614.6708537104034
    },
    "simulations": 1000,
    "volatility": 0.421
  }
}