{
  "ticker": "SPY",
  "timestamp": "2026-03-12T23:30:12.603716",
  "current_price": 596.18,
  "forecast_minutes": 60,
  "technical_indicators": {
    "rsi": 71.58,
    "macd": {
      "line": 4.6626,
      "signal": 4.1964,
      "histogram": 0.4663
    },
    "bollinger_bands": {
      "upper": 597.72,
      "middle": 581.82,
      "lower": 565.92
    }
  },
  "bsm_analysis": {
    "greeks": {
      "delta": 0.5506,
      "gamma": 0.016444,
      "theta": -0.2044,
      "vega": 0.6764,
      "rho": 0.2608
    },
    "atm_call_price": 10.92,
    "atm_put_price": 8.35,
    "implied_move": 0.34
  },
  "prediction": {
    "signal": "NEUTRAL",
    "score": -1,
    "confidence": 25.0,
    "reasons": [
      "RSI indicates overbought conditions",
      "MACD histogram positive (bullish momentum)"
    ],
    "target_price": 596.29,
    "support": 595.04,
    "resistance": 597.58
  },
  "simulation": {
    "statistics": {
      "mean": 596.2931232175673,
      "std": 2.0063755070312888,
      "p05": 592.9783614914428,
      "p25": 595.0398410909643,
      "p50": 596.2707929114507,
      "p75": 597.5841014132459,
      "p95": 599.6068282682288,
      "min": 590.0231212491881,
      "max": 603.5970691102509
    },
    "simulations": 1000,
    "volatility": 0.1408
  }
}