{
  "ticker": "SPY",
  "timestamp": "2026-04-15T00:01:40.612910",
  "current_price": 596.68,
  "forecast_minutes": 60,
  "technical_indicators": {
    "rsi": 60.74,
    "macd": {
      "line": 1.6936,
      "signal": 1.5242,
      "histogram": 0.1694
    },
    "bollinger_bands": {
      "upper": 604.49,
      "middle": 589.42,
      "lower": 574.35
    }
  },
  "bsm_analysis": {
    "greeks": {
      "delta": 0.5476,
      "gamma": 0.014991,
      "theta": -0.2197,
      "vega": 0.6776,
      "rho": 0.2588
    },
    "atm_call_price": 11.85,
    "atm_put_price": 9.28,
    "implied_move": 0.39
  },
  "prediction": {
    "signal": "NEUTRAL",
    "score": 1,
    "confidence": 25.0,
    "reasons": [
      "MACD histogram positive (bullish momentum)"
    ],
    "target_price": 596.58,
    "support": 595.02,
    "resistance": 598.19
  },
  "simulation": {
    "statistics": {
      "mean": 596.5798601905165,
      "std": 2.3308019843106105,
      "p05": 592.7418346033552,
      "p25": 595.01768473315,
      "p50": 596.6145296482645,
      "p75": 598.1872047204467,
      "p95": 600.4599619363878,
      "min": 588.3113200158282,
      "max": 603.9035355464758
    },
    "simulations": 1000,
    "volatility": 0.1545
  }
}