{
  "ticker": "SPY",
  "timestamp": "2026-02-19T20:50:59.660274",
  "current_price": 592.62,
  "forecast_minutes": 60,
  "technical_indicators": {
    "rsi": 55.11,
    "macd": {
      "line": -2.2895,
      "signal": -2.0606,
      "histogram": -0.229
    },
    "bollinger_bands": {
      "upper": 594.05,
      "middle": 577.85,
      "lower": 561.66
    }
  },
  "bsm_analysis": {
    "greeks": {
      "delta": 0.5399,
      "gamma": 0.010664,
      "theta": -0.29,
      "vega": 0.6744,
      "rho": 0.2497
    },
    "atm_call_price": 16.13,
    "atm_put_price": 13.57,
    "implied_move": 0.53
  },
  "prediction": {
    "signal": "NEUTRAL",
    "score": -1,
    "confidence": 25.0,
    "reasons": [
      "MACD histogram negative (bearish momentum)"
    ],
    "target_price": 592.54,
    "support": 590.34,
    "resistance": 594.68
  },
  "simulation": {
    "statistics": {
      "mean": 592.5364164878057,
      "std": 3.1576357495721163,
      "p05": 587.3015870986454,
      "p25": 590.3426467576052,
      "p50": 592.5389173880169,
      "p75": 594.6802710827072,
      "p95": 597.9329426483822,
      "min": 582.9228158755066,
      "max": 601.8731725667792
    },
    "simulations": 1000,
    "volatility": 0.2191
  }
}