{
  "ticker": "SPY",
  "timestamp": "2026-03-10T02:00:08.842486",
  "current_price": 594.78,
  "forecast_minutes": 60,
  "technical_indicators": {
    "rsi": 73.98,
    "macd": {
      "line": -1.1793,
      "signal": -1.0613,
      "histogram": -0.1179
    },
    "bollinger_bands": {
      "upper": 567.06,
      "middle": 528.81,
      "lower": 490.56
    }
  },
  "bsm_analysis": {
    "greeks": {
      "delta": 0.5458,
      "gamma": 0.003646,
      "theta": -0.7583,
      "vega": 0.6758,
      "rho": 0.2302
    },
    "atm_call_price": 44.5,
    "atm_put_price": 41.94,
    "implied_move": 1.61
  },
  "prediction": {
    "signal": "BEARISH",
    "score": -3,
    "confidence": 75.0,
    "reasons": [
      "RSI indicates overbought conditions",
      "MACD histogram negative (bearish momentum)"
    ],
    "target_price": 594.79,
    "support": 588.07,
    "resistance": 600.57
  },
  "simulation": {
    "statistics": {
      "mean": 594.7929246312697,
      "std": 9.591696812796833,
      "p05": 580.0632445018397,
      "p25": 588.0658374074518,
      "p50": 594.5087470127095,
      "p75": 600.5723640047167,
      "p95": 611.386260732656,
      "min": 561.8874749378662,
      "max": 630.6644243219038
    },
    "simulations": 1000,
    "volatility": 0.6375
  }
}