{
  "ticker": "SPY",
  "timestamp": "2026-03-20T03:37:32.093958",
  "current_price": 593.36,
  "forecast_minutes": 60,
  "technical_indicators": {
    "rsi": 72.17,
    "macd": {
      "line": 2.1354,
      "signal": 1.9219,
      "histogram": 0.2135
    },
    "bollinger_bands": {
      "upper": 559.11,
      "middle": 522.04,
      "lower": 484.96
    }
  },
  "bsm_analysis": {
    "greeks": {
      "delta": 0.5474,
      "gamma": 0.003443,
      "theta": -0.7996,
      "vega": 0.6738,
      "rho": 0.2283
    },
    "atm_call_price": 47.02,
    "atm_put_price": 44.46,
    "implied_move": 1.67
  },
  "prediction": {
    "signal": "NEUTRAL",
    "score": -1,
    "confidence": 25.0,
    "reasons": [
      "RSI indicates overbought conditions",
      "MACD histogram positive (bullish momentum)"
    ],
    "target_price": 593.76,
    "support": 587.01,
    "resistance": 600.07
  },
  "simulation": {
    "statistics": {
      "mean": 593.7640375036552,
      "std": 9.91844937596831,
      "p05": 577.716172349254,
      "p25": 587.0113391375543,
      "p50": 593.2818890759647,
      "p75": 600.0688704072061,
      "p95": 610.8590643609895,
      "min": 562.3773108701344,
      "max": 628.1646177762951
    },
    "simulations": 1000,
    "volatility": 0.6764
  }
}