{
  "ticker": "SPY",
  "timestamp": "2026-03-02T07:36:40.892966",
  "current_price": 592.9,
  "forecast_minutes": 60,
  "technical_indicators": {
    "rsi": 58.91,
    "macd": {
      "line": 1.8464,
      "signal": 1.6618,
      "histogram": 0.1846
    },
    "bollinger_bands": {
      "upper": 586.79,
      "middle": 572.9,
      "lower": 559.01
    }
  },
  "bsm_analysis": {
    "greeks": {
      "delta": 0.5387,
      "gamma": 0.00973,
      "theta": -0.3135,
      "vega": 0.6749,
      "rho": 0.2481
    },
    "atm_call_price": 17.55,
    "atm_put_price": 15.0,
    "implied_move": 0.6
  },
  "prediction": {
    "signal": "NEUTRAL",
    "score": 1,
    "confidence": 25.0,
    "reasons": [
      "MACD histogram positive (bullish momentum)"
    ],
    "target_price": 592.85,
    "support": 590.51,
    "resistance": 595.17
  },
  "simulation": {
    "statistics": {
      "mean": 592.8491800744542,
      "std": 3.542824964524053,
      "p05": 586.8626052714263,
      "p25": 590.5132836563039,
      "p50": 592.9011292420696,
      "p75": 595.1682550830491,
      "p95": 598.7033556334862,
      "min": 582.4250993462846,
      "max": 603.916528970886
    },
    "simulations": 1000,
    "volatility": 0.2401
  }
}