{
  "ticker": "SPY",
  "timestamp": "2026-04-08T22:43:34.750455",
  "current_price": 597.67,
  "forecast_minutes": 60,
  "technical_indicators": {
    "rsi": 52.92,
    "macd": {
      "line": -1.7973,
      "signal": -1.6176,
      "histogram": -0.1797
    },
    "bollinger_bands": {
      "upper": 607.84,
      "middle": 593.3,
      "lower": 578.76
    }
  },
  "bsm_analysis": {
    "greeks": {
      "delta": 0.544,
      "gamma": 0.013119,
      "theta": -0.2446,
      "vega": 0.6794,
      "rho": 0.2563
    },
    "atm_call_price": 13.36,
    "atm_put_price": 10.79,
    "implied_move": 0.43
  },
  "prediction": {
    "signal": "NEUTRAL",
    "score": -1,
    "confidence": 25.0,
    "reasons": [
      "MACD histogram negative (bearish momentum)"
    ],
    "target_price": 597.66,
    "support": 595.87,
    "resistance": 599.5
  },
  "simulation": {
    "statistics": {
      "mean": 597.6642290907237,
      "std": 2.5993062896073242,
      "p05": 593.2952005434544,
      "p25": 595.869645301295,
      "p50": 597.6011972544521,
      "p75": 599.4966753127304,
      "p95": 601.9175994796982,
      "min": 589.3524547649781,
      "max": 606.083929336059
    },
    "simulations": 1000,
    "volatility": 0.1764
  }
}