{
  "ticker": "SPY",
  "timestamp": "2026-04-05T23:38:18.635764",
  "current_price": 593.18,
  "forecast_minutes": 60,
  "technical_indicators": {
    "rsi": 43.47,
    "macd": {
      "line": -6.2265,
      "signal": -5.6038,
      "histogram": -0.6226
    },
    "bollinger_bands": {
      "upper": 617.0,
      "middle": 596.7,
      "lower": 576.39
    }
  },
  "bsm_analysis": {
    "greeks": {
      "delta": 0.5471,
      "gamma": 0.014835,
      "theta": -0.2213,
      "vega": 0.6737,
      "rho": 0.2569
    },
    "atm_call_price": 11.96,
    "atm_put_price": 9.4,
    "implied_move": 0.4
  },
  "prediction": {
    "signal": "NEUTRAL",
    "score": -1,
    "confidence": 25.0,
    "reasons": [
      "MACD histogram negative (bearish momentum)"
    ],
    "target_price": 593.16,
    "support": 591.55,
    "resistance": 594.71
  },
  "simulation": {
    "statistics": {
      "mean": 593.1568459892096,
      "std": 2.354904489025363,
      "p05": 589.2789739620208,
      "p25": 591.5515500451144,
      "p50": 593.144137145702,
      "p75": 594.7146572195608,
      "p95": 597.1286023887551,
      "min": 585.0197461513093,
      "max": 601.834912193401
    },
    "simulations": 1000,
    "volatility": 0.157
  }
}