{
  "ticker": "SPY",
  "timestamp": "2026-04-15T07:54:49.435603",
  "current_price": 592.87,
  "forecast_minutes": 60,
  "technical_indicators": {
    "rsi": 40.51,
    "macd": {
      "line": -1.4254,
      "signal": -1.2829,
      "histogram": -0.1425
    },
    "bollinger_bands": {
      "upper": 610.23,
      "middle": 595.93,
      "lower": 581.64
    }
  },
  "bsm_analysis": {
    "greeks": {
      "delta": 0.5526,
      "gamma": 0.017509,
      "theta": -0.1945,
      "vega": 0.6722,
      "rho": 0.2608
    },
    "atm_call_price": 10.32,
    "atm_put_price": 7.77,
    "implied_move": 0.32
  },
  "prediction": {
    "signal": "NEUTRAL",
    "score": -1,
    "confidence": 25.0,
    "reasons": [
      "MACD histogram negative (bearish momentum)"
    ],
    "target_price": 592.9,
    "support": 591.68,
    "resistance": 594.2
  },
  "simulation": {
    "statistics": {
      "mean": 592.9006846343624,
      "std": 1.8877075264239784,
      "p05": 589.8042825408431,
      "p25": 591.683296927024,
      "p50": 592.8919462677534,
      "p75": 594.2042521472209,
      "p95": 596.0241273463342,
      "min": 587.0681782218949,
      "max": 599.3188218726661
    },
    "simulations": 1000,
    "volatility": 0.1329
  }
}