{
  "ticker": "SPY",
  "timestamp": "2026-02-25T13:35:30.274540",
  "current_price": 592.18,
  "forecast_minutes": 60,
  "technical_indicators": {
    "rsi": 53.02,
    "macd": {
      "line": 1.2032,
      "signal": 1.0828,
      "histogram": 0.1203
    },
    "bollinger_bands": {
      "upper": 601.94,
      "middle": 592.22,
      "lower": 582.5
    }
  },
  "bsm_analysis": {
    "greeks": {
      "delta": 0.5551,
      "gamma": 0.018677,
      "theta": -0.1852,
      "vega": 0.6708,
      "rho": 0.2622
    },
    "atm_call_price": 9.76,
    "atm_put_price": 7.21,
    "implied_move": 0.31
  },
  "prediction": {
    "signal": "NEUTRAL",
    "score": 1,
    "confidence": 25.0,
    "reasons": [
      "MACD histogram positive (bullish momentum)"
    ],
    "target_price": 592.27,
    "support": 591.08,
    "resistance": 593.5
  },
  "simulation": {
    "statistics": {
      "mean": 592.2697320631602,
      "std": 1.8370405465528705,
      "p05": 589.2518272724221,
      "p25": 591.083640417077,
      "p50": 592.3072830799592,
      "p75": 593.5042374420702,
      "p95": 595.3363164962503,
      "min": 586.1907850464568,
      "max": 598.7707906159974
    },
    "simulations": 1000,
    "volatility": 0.1246
  }
}