{
  "ticker": "SPY",
  "timestamp": "2026-04-06T20:07:33.096061",
  "current_price": 595.02,
  "forecast_minutes": 60,
  "technical_indicators": {
    "rsi": 58.5,
    "macd": {
      "line": 2.8502,
      "signal": 2.5652,
      "histogram": 0.285
    },
    "bollinger_bands": {
      "upper": 606.04,
      "middle": 590.29,
      "lower": 574.55
    }
  },
  "bsm_analysis": {
    "greeks": {
      "delta": 0.543,
      "gamma": 0.012569,
      "theta": -0.2531,
      "vega": 0.6766,
      "rho": 0.2541
    },
    "atm_call_price": 13.88,
    "atm_put_price": 11.32,
    "implied_move": 0.46
  },
  "prediction": {
    "signal": "NEUTRAL",
    "score": 1,
    "confidence": 25.0,
    "reasons": [
      "MACD histogram positive (bullish momentum)"
    ],
    "target_price": 594.89,
    "support": 593.07,
    "resistance": 596.76
  },
  "simulation": {
    "statistics": {
      "mean": 594.88705679093,
      "std": 2.721134547586717,
      "p05": 590.4180596495767,
      "p25": 593.072711301771,
      "p50": 594.8584650642739,
      "p75": 596.7583957768677,
      "p95": 599.2842592058753,
      "min": 587.2998667652107,
      "max": 603.6092151904699
    },
    "simulations": 1000,
    "volatility": 0.185
  }
}