{
  "ticker": "SPY",
  "timestamp": "2026-02-10T12:35:43.754915",
  "current_price": 594.17,
  "forecast_minutes": 60,
  "technical_indicators": {
    "rsi": 63.46,
    "macd": {
      "line": -1.0359,
      "signal": -0.9323,
      "histogram": -0.1036
    },
    "bollinger_bands": {
      "upper": 586.52,
      "middle": 570.15,
      "lower": 553.77
    }
  },
  "bsm_analysis": {
    "greeks": {
      "delta": 0.5382,
      "gamma": 0.009273,
      "theta": -0.3268,
      "vega": 0.6764,
      "rho": 0.2477
    },
    "atm_call_price": 18.35,
    "atm_put_price": 15.8,
    "implied_move": 0.62
  },
  "prediction": {
    "signal": "NEUTRAL",
    "score": -1,
    "confidence": 25.0,
    "reasons": [
      "MACD histogram negative (bearish momentum)"
    ],
    "target_price": 594.1,
    "support": 591.47,
    "resistance": 596.63
  },
  "simulation": {
    "statistics": {
      "mean": 594.0987733248812,
      "std": 3.6883344166666188,
      "p05": 588.2910121204718,
      "p25": 591.47082346951,
      "p50": 594.0010461131955,
      "p75": 596.6284126314264,
      "p95": 600.329484019924,
      "min": 583.7970579046042,
      "max": 606.4538155577025
    },
    "simulations": 1000,
    "volatility": 0.2514
  }
}