{
  "ticker": "SPY",
  "timestamp": "2026-03-29T16:12:44.842494",
  "current_price": 596.99,
  "forecast_minutes": 60,
  "technical_indicators": {
    "rsi": 52.57,
    "macd": {
      "line": -3.2147,
      "signal": -2.8933,
      "histogram": -0.3215
    },
    "bollinger_bands": {
      "upper": 607.64,
      "middle": 589.19,
      "lower": 570.73
    }
  },
  "bsm_analysis": {
    "greeks": {
      "delta": 0.5411,
      "gamma": 0.011425,
      "theta": -0.274,
      "vega": 0.6792,
      "rho": 0.2531
    },
    "atm_call_price": 15.15,
    "atm_put_price": 12.58,
    "implied_move": 0.5
  },
  "prediction": {
    "signal": "NEUTRAL",
    "score": -1,
    "confidence": 25.0,
    "reasons": [
      "MACD histogram negative (bearish momentum)"
    ],
    "target_price": 597.09,
    "support": 595.03,
    "resistance": 599.19
  },
  "simulation": {
    "statistics": {
      "mean": 597.0932393804612,
      "std": 2.993700319127249,
      "p05": 592.2448629213178,
      "p25": 595.0302099797591,
      "p50": 597.0628525561376,
      "p75": 599.1911650059545,
      "p95": 602.2267381359021,
      "min": 587.5327152922586,
      "max": 607.2609061543473
    },
    "simulations": 1000,
    "volatility": 0.2029
  }
}