{
  "ticker": "SPY",
  "timestamp": "2026-03-10T08:17:27.667934",
  "current_price": 595.23,
  "forecast_minutes": 60,
  "technical_indicators": {
    "rsi": 63.81,
    "macd": {
      "line": 2.5521,
      "signal": 2.2969,
      "histogram": 0.2552
    },
    "bollinger_bands": {
      "upper": 583.13,
      "middle": 565.08,
      "lower": 547.03
    }
  },
  "bsm_analysis": {
    "greeks": {
      "delta": 0.5372,
      "gamma": 0.007995,
      "theta": -0.3718,
      "vega": 0.6778,
      "rho": 0.2455
    },
    "atm_call_price": 21.08,
    "atm_put_price": 18.52,
    "implied_move": 0.68
  },
  "prediction": {
    "signal": "NEUTRAL",
    "score": 1,
    "confidence": 25.0,
    "reasons": [
      "MACD histogram positive (bullish momentum)"
    ],
    "target_price": 595.34,
    "support": 592.62,
    "resistance": 598.24
  },
  "simulation": {
    "statistics": {
      "mean": 595.3373389212207,
      "std": 4.070473408140057,
      "p05": 588.6512299335725,
      "p25": 592.6212659411077,
      "p50": 595.3119426103797,
      "p75": 598.2381218398912,
      "p95": 601.7989340220183,
      "min": 582.2632976053575,
      "max": 607.7953791879493
    },
    "simulations": 1000,
    "volatility": 0.2911
  }
}