{
  "ticker": "SPY",
  "timestamp": "2026-03-10T11:16:41.293669",
  "current_price": 595.53,
  "forecast_minutes": 60,
  "technical_indicators": {
    "rsi": 72.21,
    "macd": {
      "line": 7.8784,
      "signal": 7.0906,
      "histogram": 0.7878
    },
    "bollinger_bands": {
      "upper": 588.67,
      "middle": 562.67,
      "lower": 536.68
    }
  },
  "bsm_analysis": {
    "greeks": {
      "delta": 0.5381,
      "gamma": 0.009174,
      "theta": -0.3299,
      "vega": 0.678,
      "rho": 0.2482
    },
    "atm_call_price": 18.54,
    "atm_put_price": 15.98,
    "implied_move": 0.62
  },
  "prediction": {
    "signal": "NEUTRAL",
    "score": -1,
    "confidence": 25.0,
    "reasons": [
      "RSI indicates overbought conditions",
      "MACD histogram positive (bullish momentum)"
    ],
    "target_price": 595.6,
    "support": 593.27,
    "resistance": 597.95
  },
  "simulation": {
    "statistics": {
      "mean": 595.6008339468591,
      "std": 3.6821908620579977,
      "p05": 589.2808919554245,
      "p25": 593.267734845587,
      "p50": 595.6596808007633,
      "p75": 597.9467357766453,
      "p95": 601.613121672535,
      "min": 583.5355552953692,
      "max": 606.2609336036919
    },
    "simulations": 1000,
    "volatility": 0.2535
  }
}