{
  "ticker": "SPY",
  "timestamp": "2026-04-01T01:39:42.662208",
  "current_price": 596.62,
  "forecast_minutes": 60,
  "technical_indicators": {
    "rsi": 66.43,
    "macd": {
      "line": 5.3919,
      "signal": 4.8527,
      "histogram": 0.5392
    },
    "bollinger_bands": {
      "upper": 594.39,
      "middle": 578.36,
      "lower": 562.32
    }
  },
  "bsm_analysis": {
    "greeks": {
      "delta": 0.5483,
      "gamma": 0.015352,
      "theta": -0.2156,
      "vega": 0.6774,
      "rho": 0.2593
    },
    "atm_call_price": 11.6,
    "atm_put_price": 9.03,
    "implied_move": 0.37
  },
  "prediction": {
    "signal": "NEUTRAL",
    "score": 1,
    "confidence": 25.0,
    "reasons": [
      "MACD histogram positive (bullish momentum)"
    ],
    "target_price": 596.76,
    "support": 595.22,
    "resistance": 598.27
  },
  "simulation": {
    "statistics": {
      "mean": 596.7623994327357,
      "std": 2.2337543783758522,
      "p05": 593.0969666883773,
      "p25": 595.2189194435844,
      "p50": 596.8381185843625,
      "p75": 598.2736977620092,
      "p95": 600.3306873914538,
      "min": 589.5482758819139,
      "max": 603.3198435898821
    },
    "simulations": 1000,
    "volatility": 0.1508
  }
}