{
  "ticker": "SPY",
  "timestamp": "2026-02-22T05:41:23.943143",
  "current_price": 594.63,
  "forecast_minutes": 60,
  "technical_indicators": {
    "rsi": 51.98,
    "macd": {
      "line": 1.287,
      "signal": 1.1583,
      "histogram": 0.1287
    },
    "bollinger_bands": {
      "upper": 596.68,
      "middle": 587.44,
      "lower": 578.21
    }
  },
  "bsm_analysis": {
    "greeks": {
      "delta": 0.5561,
      "gamma": 0.019028,
      "theta": -0.1828,
      "vega": 0.6734,
      "rho": 0.2639
    },
    "atm_call_price": 9.61,
    "atm_put_price": 7.05,
    "implied_move": 0.29
  },
  "prediction": {
    "signal": "NEUTRAL",
    "score": 1,
    "confidence": 25.0,
    "reasons": [
      "MACD histogram positive (bullish momentum)"
    ],
    "target_price": 594.68,
    "support": 593.52,
    "resistance": 595.89
  },
  "simulation": {
    "statistics": {
      "mean": 594.6831655131012,
      "std": 1.7372579799499432,
      "p05": 591.8635054173155,
      "p25": 593.5237199012153,
      "p50": 594.6361323494964,
      "p75": 595.886494045649,
      "p95": 597.6079828982681,
      "min": 589.1813413475862,
      "max": 599.2106190865204
    },
    "simulations": 1000,
    "volatility": 0.1218
  }
}