{
  "ticker": "SPY",
  "timestamp": "2026-03-05T20:01:58.182123",
  "current_price": 593.99,
  "forecast_minutes": 60,
  "technical_indicators": {
    "rsi": 46.48,
    "macd": {
      "line": 8.1895,
      "signal": 7.3705,
      "histogram": 0.8189
    },
    "bollinger_bands": {
      "upper": 642.71,
      "middle": 611.53,
      "lower": 580.35
    }
  },
  "bsm_analysis": {
    "greeks": {
      "delta": 0.537,
      "gamma": 0.007354,
      "theta": -0.4002,
      "vega": 0.6764,
      "rho": 0.2434
    },
    "atm_call_price": 22.8,
    "atm_put_price": 20.24,
    "implied_move": 0.77
  },
  "prediction": {
    "signal": "NEUTRAL",
    "score": 1,
    "confidence": 25.0,
    "reasons": [
      "MACD histogram positive (bullish momentum)"
    ],
    "target_price": 594.0,
    "support": 590.89,
    "resistance": 597.16
  },
  "simulation": {
    "statistics": {
      "mean": 593.9963902464891,
      "std": 4.578523090860091,
      "p05": 586.4113808180616,
      "p25": 590.8852682813811,
      "p50": 593.9512245665132,
      "p75": 597.1598452781604,
      "p95": 601.2863682951647,
      "min": 577.1784450404369,
      "max": 608.3229355258252
    },
    "simulations": 1000,
    "volatility": 0.3172
  }
}