{
  "ticker": "SPY",
  "timestamp": "2026-04-08T17:16:45.501556",
  "current_price": 596.89,
  "forecast_minutes": 60,
  "technical_indicators": {
    "rsi": 44.99,
    "macd": {
      "line": -0.7524,
      "signal": -0.6772,
      "histogram": -0.0752
    },
    "bollinger_bands": {
      "upper": 606.98,
      "middle": 593.99,
      "lower": 581.0
    }
  },
  "bsm_analysis": {
    "greeks": {
      "delta": 0.5448,
      "gamma": 0.01357,
      "theta": -0.2379,
      "vega": 0.6784,
      "rho": 0.2566
    },
    "atm_call_price": 12.96,
    "atm_put_price": 10.39,
    "implied_move": 0.41
  },
  "prediction": {
    "signal": "NEUTRAL",
    "score": -1,
    "confidence": 25.0,
    "reasons": [
      "MACD histogram negative (bearish momentum)"
    ],
    "target_price": 596.9,
    "support": 595.23,
    "resistance": 598.56
  },
  "simulation": {
    "statistics": {
      "mean": 596.902794681683,
      "std": 2.4496988321563182,
      "p05": 593.011489191057,
      "p25": 595.2335567853252,
      "p50": 596.911459614927,
      "p75": 598.5618074173044,
      "p95": 601.0587669579422,
      "min": 588.2559086432626,
      "max": 604.9227148209611
    },
    "simulations": 1000,
    "volatility": 0.1707
  }
}