{
  "ticker": "SPY",
  "timestamp": "2026-03-05T18:20:33.107664",
  "current_price": 596.04,
  "forecast_minutes": 60,
  "technical_indicators": {
    "rsi": 30.98,
    "macd": {
      "line": 1.1401,
      "signal": 1.0261,
      "histogram": 0.114
    },
    "bollinger_bands": {
      "upper": 649.43,
      "middle": 628.05,
      "lower": 606.68
    }
  },
  "bsm_analysis": {
    "greeks": {
      "delta": 0.5372,
      "gamma": 0.007843,
      "theta": -0.3782,
      "vega": 0.6788,
      "rho": 0.2455
    },
    "atm_call_price": 21.46,
    "atm_put_price": 18.9,
    "implied_move": 0.72
  },
  "prediction": {
    "signal": "NEUTRAL",
    "score": 1,
    "confidence": 25.0,
    "reasons": [
      "MACD histogram positive (bullish momentum)"
    ],
    "target_price": 595.87,
    "support": 592.91,
    "resistance": 598.87
  },
  "simulation": {
    "statistics": {
      "mean": 595.865109020368,
      "std": 4.262971658853886,
      "p05": 588.9887893167394,
      "p25": 592.905431006842,
      "p50": 595.8503607400196,
      "p75": 598.8703029087746,
      "p95": 602.6817964219784,
      "min": 582.3772765186519,
      "max": 607.8442813343448
    },
    "simulations": 1000,
    "volatility": 0.2964
  }
}