{
  "ticker": "SPY",
  "timestamp": "2026-04-09T23:40:35.214506",
  "current_price": 595.67,
  "forecast_minutes": 60,
  "technical_indicators": {
    "rsi": 65.48,
    "macd": {
      "line": 1.9776,
      "signal": 1.7798,
      "histogram": 0.1978
    },
    "bollinger_bands": {
      "upper": 588.7,
      "middle": 571.57,
      "lower": 554.44
    }
  },
  "bsm_analysis": {
    "greeks": {
      "delta": 0.5389,
      "gamma": 0.009855,
      "theta": -0.3103,
      "vega": 0.678,
      "rho": 0.2496
    },
    "atm_call_price": 17.35,
    "atm_put_price": 14.79,
    "implied_move": 0.59
  },
  "prediction": {
    "signal": "NEUTRAL",
    "score": 1,
    "confidence": 25.0,
    "reasons": [
      "MACD histogram positive (bullish momentum)"
    ],
    "target_price": 595.47,
    "support": 593.11,
    "resistance": 597.78
  },
  "simulation": {
    "statistics": {
      "mean": 595.4714479013812,
      "std": 3.4864964781659364,
      "p05": 589.8314572714467,
      "p25": 593.1053900924769,
      "p50": 595.4125070675873,
      "p75": 597.7844587363661,
      "p95": 601.4490547449445,
      "min": 585.2077839389341,
      "max": 607.8622145083997
    },
    "simulations": 1000,
    "volatility": 0.2359
  }
}