{
  "ticker": "SPY",
  "timestamp": "2026-03-08T16:57:44.653104",
  "current_price": 594.52,
  "forecast_minutes": 60,
  "technical_indicators": {
    "rsi": 63.78,
    "macd": {
      "line": 4.5391,
      "signal": 4.0852,
      "histogram": 0.4539
    },
    "bollinger_bands": {
      "upper": 618.31,
      "middle": 593.6,
      "lower": 568.88
    }
  },
  "bsm_analysis": {
    "greeks": {
      "delta": 0.5482,
      "gamma": 0.015351,
      "theta": -0.2155,
      "vega": 0.675,
      "rho": 0.2583
    },
    "atm_call_price": 11.6,
    "atm_put_price": 9.04,
    "implied_move": 0.38
  },
  "prediction": {
    "signal": "NEUTRAL",
    "score": 1,
    "confidence": 25.0,
    "reasons": [
      "MACD histogram positive (bullish momentum)"
    ],
    "target_price": 594.52,
    "support": 592.97,
    "resistance": 595.98
  },
  "simulation": {
    "statistics": {
      "mean": 594.5159740139044,
      "std": 2.2751053386856173,
      "p05": 590.6851959535367,
      "p25": 592.9670690629265,
      "p50": 594.4969804865543,
      "p75": 595.9801179127196,
      "p95": 598.3342098249849,
      "min": 587.9716157720163,
      "max": 601.636479317207
    },
    "simulations": 1000,
    "volatility": 0.1514
  }
}