{
  "ticker": "SPY",
  "timestamp": "2026-02-21T06:25:01.402767",
  "current_price": 594.56,
  "forecast_minutes": 60,
  "technical_indicators": {
    "rsi": 63.13,
    "macd": {
      "line": 2.1974,
      "signal": 1.9777,
      "histogram": 0.2197
    },
    "bollinger_bands": {
      "upper": 580.87,
      "middle": 563.29,
      "lower": 545.7
    }
  },
  "bsm_analysis": {
    "greeks": {
      "delta": 0.5385,
      "gamma": 0.009533,
      "theta": -0.3192,
      "vega": 0.6769,
      "rho": 0.2484
    },
    "atm_call_price": 17.89,
    "atm_put_price": 15.33,
    "implied_move": 0.61
  },
  "prediction": {
    "signal": "NEUTRAL",
    "score": 1,
    "confidence": 25.0,
    "reasons": [
      "MACD histogram positive (bullish momentum)"
    ],
    "target_price": 594.56,
    "support": 592.26,
    "resistance": 597.12
  },
  "simulation": {
    "statistics": {
      "mean": 594.5558842168525,
      "std": 3.603022530636374,
      "p05": 588.7459661592973,
      "p25": 592.2589530080974,
      "p50": 594.2986612925962,
      "p75": 597.1185856924953,
      "p95": 600.5566834045753,
      "min": 581.9986653082515,
      "max": 605.58242614777
    },
    "simulations": 1000,
    "volatility": 0.2444
  }
}