{
  "ticker": "SPY",
  "timestamp": "2026-03-22T10:26:44.211831",
  "current_price": 593.54,
  "forecast_minutes": 60,
  "technical_indicators": {
    "rsi": 33.65,
    "macd": {
      "line": 1.2543,
      "signal": 1.1289,
      "histogram": 0.1254
    },
    "bollinger_bands": {
      "upper": 631.02,
      "middle": 610.97,
      "lower": 590.92
    }
  },
  "bsm_analysis": {
    "greeks": {
      "delta": 0.538,
      "gamma": 0.009069,
      "theta": -0.3331,
      "vega": 0.6758,
      "rho": 0.2471
    },
    "atm_call_price": 18.74,
    "atm_put_price": 16.18,
    "implied_move": 0.67
  },
  "prediction": {
    "signal": "NEUTRAL",
    "score": 1,
    "confidence": 25.0,
    "reasons": [
      "MACD histogram positive (bullish momentum)"
    ],
    "target_price": 593.61,
    "support": 590.98,
    "resistance": 596.22
  },
  "simulation": {
    "statistics": {
      "mean": 593.6097195708662,
      "std": 3.994272251420804,
      "p05": 587.2479671074334,
      "p25": 590.9782829008398,
      "p50": 593.3755871811182,
      "p75": 596.2218367921682,
      "p95": 600.4099309702005,
      "min": 582.3531828421153,
      "max": 606.0799344608528
    },
    "simulations": 1000,
    "volatility": 0.2573
  }
}