{
  "ticker": "SPY",
  "timestamp": "2026-03-21T10:44:50.954804",
  "current_price": 597.12,
  "forecast_minutes": 60,
  "technical_indicators": {
    "rsi": 70.87,
    "macd": {
      "line": 12.4523,
      "signal": 11.2071,
      "histogram": 1.2452
    },
    "bollinger_bands": {
      "upper": 614.43,
      "middle": 576.24,
      "lower": 538.05
    }
  },
  "bsm_analysis": {
    "greeks": {
      "delta": 0.5394,
      "gamma": 0.01023,
      "theta": -0.3007,
      "vega": 0.6796,
      "rho": 0.2509
    },
    "atm_call_price": 16.76,
    "atm_put_price": 14.19,
    "implied_move": 0.55
  },
  "prediction": {
    "signal": "NEUTRAL",
    "score": -1,
    "confidence": 25.0,
    "reasons": [
      "RSI indicates overbought conditions",
      "MACD histogram positive (bullish momentum)"
    ],
    "target_price": 597.01,
    "support": 594.7,
    "resistance": 599.35
  },
  "simulation": {
    "statistics": {
      "mean": 597.0095140533582,
      "std": 3.2904565464158226,
      "p05": 591.7758134750073,
      "p25": 594.6967623793596,
      "p50": 596.882738239897,
      "p75": 599.353557119132,
      "p95": 602.2781828622105,
      "min": 587.1232250508814,
      "max": 607.8206263835731
    },
    "simulations": 1000,
    "volatility": 0.2267
  }
}