{
  "ticker": "SPY",
  "timestamp": "2026-03-18T23:13:01.298558",
  "current_price": 596.99,
  "forecast_minutes": 60,
  "technical_indicators": {
    "rsi": 72.47,
    "macd": {
      "line": 2.816,
      "signal": 2.5344,
      "histogram": 0.2816
    },
    "bollinger_bands": {
      "upper": 581.16,
      "middle": 561.39,
      "lower": 541.62
    }
  },
  "bsm_analysis": {
    "greeks": {
      "delta": 0.5372,
      "gamma": 0.008002,
      "theta": -0.3717,
      "vega": 0.6798,
      "rho": 0.2463
    },
    "atm_call_price": 21.07,
    "atm_put_price": 18.5,
    "implied_move": 0.73
  },
  "prediction": {
    "signal": "NEUTRAL",
    "score": -1,
    "confidence": 25.0,
    "reasons": [
      "RSI indicates overbought conditions",
      "MACD histogram positive (bullish momentum)"
    ],
    "target_price": 596.79,
    "support": 593.95,
    "resistance": 599.41
  },
  "simulation": {
    "statistics": {
      "mean": 596.7891301043643,
      "std": 4.331819321440685,
      "p05": 589.9161976237431,
      "p25": 593.9504151057818,
      "p50": 596.715477456925,
      "p75": 599.4106907971952,
      "p95": 604.1118359691725,
      "min": 583.7425527327632,
      "max": 614.9765216217984
    },
    "simulations": 1000,
    "volatility": 0.29
  }
}