{
  "ticker": "SPY",
  "timestamp": "2026-02-28T17:07:58.265091",
  "current_price": 593.54,
  "forecast_minutes": 60,
  "technical_indicators": {
    "rsi": 61.75,
    "macd": {
      "line": -2.7342,
      "signal": -2.4608,
      "histogram": -0.2734
    },
    "bollinger_bands": {
      "upper": 589.59,
      "middle": 570.22,
      "lower": 550.86
    }
  },
  "bsm_analysis": {
    "greeks": {
      "delta": 0.5372,
      "gamma": 0.008055,
      "theta": -0.3693,
      "vega": 0.6759,
      "rho": 0.2449
    },
    "atm_call_price": 20.93,
    "atm_put_price": 18.37,
    "implied_move": 0.72
  },
  "prediction": {
    "signal": "NEUTRAL",
    "score": -1,
    "confidence": 25.0,
    "reasons": [
      "MACD histogram negative (bearish momentum)"
    ],
    "target_price": 593.58,
    "support": 590.62,
    "resistance": 596.44
  },
  "simulation": {
    "statistics": {
      "mean": 593.5834090423125,
      "std": 4.297913915942267,
      "p05": 586.7473324621749,
      "p25": 590.6179856426544,
      "p50": 593.5003976998992,
      "p75": 596.4440924700982,
      "p95": 600.5935093350682,
      "min": 577.7560302326798,
      "max": 609.0973820597494
    },
    "simulations": 1000,
    "volatility": 0.2898
  }
}