{
  "ticker": "SPY",
  "timestamp": "2026-04-02T05:13:12.373584",
  "current_price": 597.4,
  "forecast_minutes": 60,
  "technical_indicators": {
    "rsi": 68.56,
    "macd": {
      "line": 6.8409,
      "signal": 6.1568,
      "histogram": 0.6841
    },
    "bollinger_bands": {
      "upper": 596.14,
      "middle": 575.21,
      "lower": 554.27
    }
  },
  "bsm_analysis": {
    "greeks": {
      "delta": 0.545,
      "gamma": 0.013627,
      "theta": -0.2372,
      "vega": 0.6789,
      "rho": 0.257
    },
    "atm_call_price": 12.91,
    "atm_put_price": 10.34,
    "implied_move": 0.42
  },
  "prediction": {
    "signal": "NEUTRAL",
    "score": 1,
    "confidence": 25.0,
    "reasons": [
      "MACD histogram positive (bullish momentum)"
    ],
    "target_price": 597.4,
    "support": 595.71,
    "resistance": 599.16
  },
  "simulation": {
    "statistics": {
      "mean": 597.4027443125132,
      "std": 2.5182572182510223,
      "p05": 593.2781999496824,
      "p25": 595.7067533316915,
      "p50": 597.4032810001559,
      "p75": 599.1638855207018,
      "p95": 601.4395815707035,
      "min": 589.8515929714861,
      "max": 606.8820872449164
    },
    "simulations": 1000,
    "volatility": 0.1698
  }
}