{
  "ticker": "SPY",
  "timestamp": "2026-03-04T01:13:14.169679",
  "current_price": 592.68,
  "forecast_minutes": 60,
  "technical_indicators": {
    "rsi": 61.37,
    "macd": {
      "line": 0.4077,
      "signal": 0.3669,
      "histogram": 0.0408
    },
    "bollinger_bands": {
      "upper": 588.84,
      "middle": 577.06,
      "lower": 565.28
    }
  },
  "bsm_analysis": {
    "greeks": {
      "delta": 0.5425,
      "gamma": 0.01237,
      "theta": -0.2562,
      "vega": 0.674,
      "rho": 0.2527
    },
    "atm_call_price": 14.08,
    "atm_put_price": 11.53,
    "implied_move": 0.47
  },
  "prediction": {
    "signal": "NEUTRAL",
    "score": 1,
    "confidence": 25.0,
    "reasons": [
      "MACD histogram positive (bullish momentum)"
    ],
    "target_price": 592.54,
    "support": 590.64,
    "resistance": 594.44
  },
  "simulation": {
    "statistics": {
      "mean": 592.541670407224,
      "std": 2.7678205470068837,
      "p05": 587.9532868177317,
      "p25": 590.6409925691964,
      "p50": 592.5253616764101,
      "p75": 594.4416751549106,
      "p95": 597.0141789176024,
      "min": 584.1087601930548,
      "max": 600.9054220466921
    },
    "simulations": 1000,
    "volatility": 0.1887
  }
}