{
  "ticker": "SPY",
  "timestamp": "2026-02-27T23:41:04.925692",
  "current_price": 595.86,
  "forecast_minutes": 60,
  "technical_indicators": {
    "rsi": 60.78,
    "macd": {
      "line": -1.3292,
      "signal": -1.1963,
      "histogram": -0.1329
    },
    "bollinger_bands": {
      "upper": 599.61,
      "middle": 588.39,
      "lower": 577.18
    }
  },
  "bsm_analysis": {
    "greeks": {
      "delta": 0.5459,
      "gamma": 0.014154,
      "theta": -0.2299,
      "vega": 0.677,
      "rho": 0.2571
    },
    "atm_call_price": 12.47,
    "atm_put_price": 9.91,
    "implied_move": 0.41
  },
  "prediction": {
    "signal": "NEUTRAL",
    "score": -1,
    "confidence": 25.0,
    "reasons": [
      "MACD histogram negative (bearish momentum)"
    ],
    "target_price": 596.0,
    "support": 594.4,
    "resistance": 597.53
  },
  "simulation": {
    "statistics": {
      "mean": 596.0004750834394,
      "std": 2.4485061492196287,
      "p05": 591.9986553185129,
      "p25": 594.4026052767665,
      "p50": 595.9666476449643,
      "p75": 597.5325316088546,
      "p95": 600.3055445540342,
      "min": 588.5592741440984,
      "max": 604.0752457824952
    },
    "simulations": 1000,
    "volatility": 0.1639
  }
}