{
  "ticker": "SPY",
  "timestamp": "2026-03-10T20:30:24.739593",
  "current_price": 595.56,
  "forecast_minutes": 60,
  "technical_indicators": {
    "rsi": 47.56,
    "macd": {
      "line": 4.4872,
      "signal": 4.0385,
      "histogram": 0.4487
    },
    "bollinger_bands": {
      "upper": 628.9,
      "middle": 606.86,
      "lower": 584.82
    }
  },
  "bsm_analysis": {
    "greeks": {
      "delta": 0.5383,
      "gamma": 0.009381,
      "theta": -0.3237,
      "vega": 0.678,
      "rho": 0.2486
    },
    "atm_call_price": 18.16,
    "atm_put_price": 15.6,
    "implied_move": 0.58
  },
  "prediction": {
    "signal": "NEUTRAL",
    "score": 1,
    "confidence": 25.0,
    "reasons": [
      "MACD histogram positive (bullish momentum)"
    ],
    "target_price": 595.41,
    "support": 592.98,
    "resistance": 597.68
  },
  "simulation": {
    "statistics": {
      "mean": 595.4062943196615,
      "std": 3.4785180236465996,
      "p05": 589.9363434833268,
      "p25": 592.9813510975617,
      "p50": 595.2856908150195,
      "p75": 597.6765016686962,
      "p95": 601.2378199535525,
      "min": 585.1955754595308,
      "max": 611.6005094824179
    },
    "simulations": 1000,
    "volatility": 0.2479
  }
}