{
  "ticker": "SPY",
  "timestamp": "2026-03-08T05:11:00.670615",
  "current_price": 597.34,
  "forecast_minutes": 60,
  "technical_indicators": {
    "rsi": 44.6,
    "macd": {
      "line": 2.4805,
      "signal": 2.2325,
      "histogram": 0.2481
    },
    "bollinger_bands": {
      "upper": 619.12,
      "middle": 606.13,
      "lower": 593.14
    }
  },
  "bsm_analysis": {
    "greeks": {
      "delta": 0.5515,
      "gamma": 0.016843,
      "theta": -0.2007,
      "vega": 0.6775,
      "rho": 0.262
    },
    "atm_call_price": 10.69,
    "atm_put_price": 8.12,
    "implied_move": 0.34
  },
  "prediction": {
    "signal": "NEUTRAL",
    "score": 1,
    "confidence": 25.0,
    "reasons": [
      "MACD histogram positive (bullish momentum)"
    ],
    "target_price": 597.46,
    "support": 596.13,
    "resistance": 598.82
  },
  "simulation": {
    "statistics": {
      "mean": 597.4647538581136,
      "std": 2.0047992427298187,
      "p05": 594.151152864484,
      "p25": 596.1331387828764,
      "p50": 597.4241498575714,
      "p75": 598.8185860492009,
      "p95": 600.7731588693927,
      "min": 591.0313023838327,
      "max": 603.8512779408679
    },
    "simulations": 1000,
    "volatility": 0.1372
  }
}