{
  "ticker": "SPY",
  "timestamp": "2026-04-12T19:09:45.301117",
  "current_price": 592.38,
  "forecast_minutes": 60,
  "technical_indicators": {
    "rsi": 60.62,
    "macd": {
      "line": -1.0637,
      "signal": -0.9573,
      "histogram": -0.1064
    },
    "bollinger_bands": {
      "upper": 590.7,
      "middle": 574.94,
      "lower": 559.18
    }
  },
  "bsm_analysis": {
    "greeks": {
      "delta": 0.5396,
      "gamma": 0.010453,
      "theta": -0.2949,
      "vega": 0.6742,
      "rho": 0.2492
    },
    "atm_call_price": 16.43,
    "atm_put_price": 13.87,
    "implied_move": 0.54
  },
  "prediction": {
    "signal": "NEUTRAL",
    "score": -1,
    "confidence": 25.0,
    "reasons": [
      "MACD histogram negative (bearish momentum)"
    ],
    "target_price": 592.37,
    "support": 590.18,
    "resistance": 594.51
  },
  "simulation": {
    "statistics": {
      "mean": 592.3657698491407,
      "std": 3.2226327447309373,
      "p05": 586.9517727427288,
      "p25": 590.1777249461669,
      "p50": 592.304858643306,
      "p75": 594.507519145473,
      "p95": 597.6383057322392,
      "min": 582.3675887481337,
      "max": 602.1701297354298
    },
    "simulations": 1000,
    "volatility": 0.2236
  }
}