{
  "ticker": "SPY",
  "timestamp": "2026-02-28T10:08:47.302354",
  "current_price": 597.82,
  "forecast_minutes": 60,
  "technical_indicators": {
    "rsi": 56.42,
    "macd": {
      "line": 4.2701,
      "signal": 3.8431,
      "histogram": 0.427
    },
    "bollinger_bands": {
      "upper": 615.44,
      "middle": 597.26,
      "lower": 579.09
    }
  },
  "bsm_analysis": {
    "greeks": {
      "delta": 0.5577,
      "gamma": 0.019627,
      "theta": -0.1789,
      "vega": 0.6766,
      "rho": 0.2663
    },
    "atm_call_price": 9.36,
    "atm_put_price": 6.79,
    "implied_move": 0.28
  },
  "prediction": {
    "signal": "NEUTRAL",
    "score": 1,
    "confidence": 25.0,
    "reasons": [
      "MACD histogram positive (bullish momentum)"
    ],
    "target_price": 597.81,
    "support": 596.64,
    "resistance": 599.02
  },
  "simulation": {
    "statistics": {
      "mean": 597.8063301843674,
      "std": 1.694033912684105,
      "p05": 595.1019574884662,
      "p25": 596.6373746715694,
      "p50": 597.8492389346834,
      "p75": 599.0180623031372,
      "p95": 600.5537335542546,
      "min": 592.9334589907924,
      "max": 603.7281240269352
    },
    "simulations": 1000,
    "volatility": 0.1174
  }
}