{
  "ticker": "SPY",
  "timestamp": "2026-03-08T10:55:57.914900",
  "current_price": 594.2,
  "forecast_minutes": 60,
  "technical_indicators": {
    "rsi": 57.77,
    "macd": {
      "line": -1.2937,
      "signal": -1.1643,
      "histogram": -0.1294
    },
    "bollinger_bands": {
      "upper": 592.76,
      "middle": 575.49,
      "lower": 558.22
    }
  },
  "bsm_analysis": {
    "greeks": {
      "delta": 0.537,
      "gamma": 0.007131,
      "theta": -0.4113,
      "vega": 0.6767,
      "rho": 0.243
    },
    "atm_call_price": 23.47,
    "atm_put_price": 20.91,
    "implied_move": 0.8
  },
  "prediction": {
    "signal": "NEUTRAL",
    "score": -1,
    "confidence": 25.0,
    "reasons": [
      "MACD histogram negative (bearish momentum)"
    ],
    "target_price": 594.15,
    "support": 591.15,
    "resistance": 597.29
  },
  "simulation": {
    "statistics": {
      "mean": 594.152847011415,
      "std": 4.7740216946947145,
      "p05": 586.201274756857,
      "p25": 591.1508142804402,
      "p50": 594.1080737943712,
      "p75": 597.28701722056,
      "p95": 602.0933006890546,
      "min": 579.4839962654364,
      "max": 610.3451852263485
    },
    "simulations": 1000,
    "volatility": 0.327
  }
}