{
  "ticker": "SPY",
  "timestamp": "2026-02-25T23:13:58.134946",
  "current_price": 597.83,
  "forecast_minutes": 60,
  "technical_indicators": {
    "rsi": 56.04,
    "macd": {
      "line": 1.8706,
      "signal": 1.6836,
      "histogram": 0.1871
    },
    "bollinger_bands": {
      "upper": 593.61,
      "middle": 579.59,
      "lower": 565.58
    }
  },
  "bsm_analysis": {
    "greeks": {
      "delta": 0.5446,
      "gamma": 0.013395,
      "theta": -0.2405,
      "vega": 0.6795,
      "rho": 0.2568
    },
    "atm_call_price": 13.11,
    "atm_put_price": 10.54,
    "implied_move": 0.44
  },
  "prediction": {
    "signal": "NEUTRAL",
    "score": 1,
    "confidence": 25.0,
    "reasons": [
      "MACD histogram positive (bullish momentum)"
    ],
    "target_price": 597.86,
    "support": 596.03,
    "resistance": 599.61
  },
  "simulation": {
    "statistics": {
      "mean": 597.8617467749733,
      "std": 2.6296108598599046,
      "p05": 593.5501960202571,
      "p25": 596.0306312982798,
      "p50": 597.8361715703475,
      "p75": 599.6055733506017,
      "p95": 602.3311865984097,
      "min": 590.2223474207892,
      "max": 605.9898770780997
    },
    "simulations": 1000,
    "volatility": 0.1727
  }
}