{
  "ticker": "SPY",
  "timestamp": "2026-03-20T15:03:26.534206",
  "current_price": 595.28,
  "forecast_minutes": 60,
  "technical_indicators": {
    "rsi": 50.24,
    "macd": {
      "line": -0.5814,
      "signal": -0.5233,
      "histogram": -0.0581
    },
    "bollinger_bands": {
      "upper": 605.24,
      "middle": 591.16,
      "lower": 577.08
    }
  },
  "bsm_analysis": {
    "greeks": {
      "delta": 0.5475,
      "gamma": 0.014983,
      "theta": -0.2197,
      "vega": 0.676,
      "rho": 0.2581
    },
    "atm_call_price": 11.85,
    "atm_put_price": 9.29,
    "implied_move": 0.38
  },
  "prediction": {
    "signal": "NEUTRAL",
    "score": -1,
    "confidence": 25.0,
    "reasons": [
      "MACD histogram negative (bearish momentum)"
    ],
    "target_price": 595.34,
    "support": 593.81,
    "resistance": 596.8
  },
  "simulation": {
    "statistics": {
      "mean": 595.3353333604371,
      "std": 2.26610264046969,
      "p05": 591.4587904373,
      "p25": 593.8090824683527,
      "p50": 595.4065560290844,
      "p75": 596.7996974718577,
      "p95": 599.0907329885883,
      "min": 587.8077045371696,
      "max": 601.4935082032712
    },
    "simulations": 1000,
    "volatility": 0.1549
  }
}