{
  "ticker": "SPY",
  "timestamp": "2026-02-25T19:37:15.999523",
  "current_price": 594.83,
  "forecast_minutes": 60,
  "technical_indicators": {
    "rsi": 54.46,
    "macd": {
      "line": -2.2694,
      "signal": -2.0424,
      "histogram": -0.2269
    },
    "bollinger_bands": {
      "upper": 594.86,
      "middle": 572.31,
      "lower": 549.76
    }
  },
  "bsm_analysis": {
    "greeks": {
      "delta": 0.538,
      "gamma": 0.009013,
      "theta": -0.335,
      "vega": 0.6772,
      "rho": 0.2475
    },
    "atm_call_price": 18.85,
    "atm_put_price": 16.29,
    "implied_move": 0.65
  },
  "prediction": {
    "signal": "NEUTRAL",
    "score": -1,
    "confidence": 25.0,
    "reasons": [
      "MACD histogram negative (bearish momentum)"
    ],
    "target_price": 594.88,
    "support": 592.18,
    "resistance": 597.44
  },
  "simulation": {
    "statistics": {
      "mean": 594.8815264901916,
      "std": 3.875277525344586,
      "p05": 588.7720393187321,
      "p25": 592.1805537611106,
      "p50": 594.6819140675818,
      "p75": 597.4391972642944,
      "p95": 601.5582766143682,
      "min": 582.3486931292292,
      "max": 606.9012595227687
    },
    "simulations": 1000,
    "volatility": 0.2584
  }
}