{
  "ticker": "SPY",
  "timestamp": "2026-02-23T14:35:59.425738",
  "current_price": 595.35,
  "forecast_minutes": 60,
  "technical_indicators": {
    "rsi": 47.77,
    "macd": {
      "line": 4.0208,
      "signal": 3.6187,
      "histogram": 0.4021
    },
    "bollinger_bands": {
      "upper": 616.82,
      "middle": 597.78,
      "lower": 578.75
    }
  },
  "bsm_analysis": {
    "greeks": {
      "delta": 0.5403,
      "gamma": 0.010922,
      "theta": -0.2844,
      "vega": 0.6774,
      "rho": 0.2514
    },
    "atm_call_price": 15.78,
    "atm_put_price": 13.22,
    "implied_move": 0.52
  },
  "prediction": {
    "signal": "NEUTRAL",
    "score": 1,
    "confidence": 25.0,
    "reasons": [
      "MACD histogram positive (bullish momentum)"
    ],
    "target_price": 595.46,
    "support": 593.2,
    "resistance": 597.58
  },
  "simulation": {
    "statistics": {
      "mean": 595.4580611258478,
      "std": 3.086872752966133,
      "p05": 590.4807381898013,
      "p25": 593.2040528379995,
      "p50": 595.5390568749661,
      "p75": 597.5776360028365,
      "p95": 600.4084068911438,
      "min": 586.4806789974634,
      "max": 604.5223891673451
    },
    "simulations": 1000,
    "volatility": 0.2129
  }
}