{
  "ticker": "SPY",
  "timestamp": "2026-02-27T08:23:33.419890",
  "current_price": 596.91,
  "forecast_minutes": 60,
  "technical_indicators": {
    "rsi": 73.38,
    "macd": {
      "line": 4.6356,
      "signal": 4.1721,
      "histogram": 0.4636
    },
    "bollinger_bands": {
      "upper": 585.96,
      "middle": 562.65,
      "lower": 539.34
    }
  },
  "bsm_analysis": {
    "greeks": {
      "delta": 0.537,
      "gamma": 0.007429,
      "theta": -0.3968,
      "vega": 0.6798,
      "rho": 0.2449
    },
    "atm_call_price": 22.59,
    "atm_put_price": 20.02,
    "implied_move": 0.77
  },
  "prediction": {
    "signal": "NEUTRAL",
    "score": -1,
    "confidence": 25.0,
    "reasons": [
      "RSI indicates overbought conditions",
      "MACD histogram positive (bullish momentum)"
    ],
    "target_price": 597.21,
    "support": 594.01,
    "resistance": 600.53
  },
  "simulation": {
    "statistics": {
      "mean": 597.209261398729,
      "std": 4.594317525446475,
      "p05": 589.3812027056828,
      "p25": 594.0090562361609,
      "p50": 597.1625773751383,
      "p75": 600.5338608175164,
      "p95": 604.753999057577,
      "min": 583.8598713830698,
      "max": 610.0161321128505
    },
    "simulations": 1000,
    "volatility": 0.3124
  }
}