{
  "ticker": "SPY",
  "timestamp": "2026-02-09T21:48:35.286292",
  "current_price": 596.36,
  "forecast_minutes": 60,
  "technical_indicators": {
    "rsi": 57.2,
    "macd": {
      "line": 6.6409,
      "signal": 5.9768,
      "histogram": 0.6641
    },
    "bollinger_bands": {
      "upper": 616.55,
      "middle": 591.38,
      "lower": 566.2
    }
  },
  "bsm_analysis": {
    "greeks": {
      "delta": 0.5426,
      "gamma": 0.012336,
      "theta": -0.2571,
      "vega": 0.6782,
      "rho": 0.2544
    },
    "atm_call_price": 14.12,
    "atm_put_price": 11.56,
    "implied_move": 0.45
  },
  "prediction": {
    "signal": "NEUTRAL",
    "score": 1,
    "confidence": 25.0,
    "reasons": [
      "MACD histogram positive (bullish momentum)"
    ],
    "target_price": 596.34,
    "support": 594.64,
    "resistance": 598.1
  },
  "simulation": {
    "statistics": {
      "mean": 596.3405156970862,
      "std": 2.6658639404697553,
      "p05": 592.1160452544106,
      "p25": 594.6412595638296,
      "p50": 596.1751334510886,
      "p75": 598.1032039077085,
      "p95": 601.0674681497661,
      "min": 588.8858766390792,
      "max": 605.331504555817
    },
    "simulations": 1000,
    "volatility": 0.1881
  }
}