{
  "ticker": "SPY",
  "timestamp": "2026-03-05T05:12:35.315802",
  "current_price": 594.7,
  "forecast_minutes": 60,
  "technical_indicators": {
    "rsi": 52.47,
    "macd": {
      "line": 1.8289,
      "signal": 1.646,
      "histogram": 0.1829
    },
    "bollinger_bands": {
      "upper": 598.94,
      "middle": 590.98,
      "lower": 583.02
    }
  },
  "bsm_analysis": {
    "greeks": {
      "delta": 0.5452,
      "gamma": 0.013787,
      "theta": -0.2347,
      "vega": 0.6758,
      "rho": 0.256
    },
    "atm_call_price": 12.77,
    "atm_put_price": 10.21,
    "implied_move": 0.42
  },
  "prediction": {
    "signal": "NEUTRAL",
    "score": 1,
    "confidence": 25.0,
    "reasons": [
      "MACD histogram positive (bullish momentum)"
    ],
    "target_price": 594.85,
    "support": 593.08,
    "resistance": 596.5
  },
  "simulation": {
    "statistics": {
      "mean": 594.8471422258677,
      "std": 2.499365061951402,
      "p05": 590.8716144913614,
      "p25": 593.0778547763895,
      "p50": 594.7654438327936,
      "p75": 596.5014581336779,
      "p95": 598.8550582723739,
      "min": 587.7269886360052,
      "max": 603.7389256557914
    },
    "simulations": 1000,
    "volatility": 0.1686
  }
}