{
  "ticker": "SPY",
  "timestamp": "2026-03-20T15:31:05.170028",
  "current_price": 595.29,
  "forecast_minutes": 60,
  "technical_indicators": {
    "rsi": 76.64,
    "macd": {
      "line": 1.2816,
      "signal": 1.1534,
      "histogram": 0.1282
    },
    "bollinger_bands": {
      "upper": 582.84,
      "middle": 561.52,
      "lower": 540.2
    }
  },
  "bsm_analysis": {
    "greeks": {
      "delta": 0.5382,
      "gamma": 0.009223,
      "theta": -0.3284,
      "vega": 0.6777,
      "rho": 0.2482
    },
    "atm_call_price": 18.45,
    "atm_put_price": 15.88,
    "implied_move": 0.63
  },
  "prediction": {
    "signal": "NEUTRAL",
    "score": -1,
    "confidence": 25.0,
    "reasons": [
      "RSI indicates overbought conditions",
      "MACD histogram positive (bullish momentum)"
    ],
    "target_price": 595.37,
    "support": 592.8,
    "resistance": 597.83
  },
  "simulation": {
    "statistics": {
      "mean": 595.3659786388981,
      "std": 3.7493459248556587,
      "p05": 589.0800275325765,
      "p25": 592.8029135894949,
      "p50": 595.3899928764918,
      "p75": 597.8263587607256,
      "p95": 601.3753351244148,
      "min": 584.1974788156899,
      "max": 608.8696203717
    },
    "simulations": 1000,
    "volatility": 0.2523
  }
}