{
  "ticker": "SPY",
  "timestamp": "2026-02-26T17:10:07.670773",
  "current_price": 596.38,
  "forecast_minutes": 60,
  "technical_indicators": {
    "rsi": 40.36,
    "macd": {
      "line": -3.0267,
      "signal": -2.7241,
      "histogram": -0.3027
    },
    "bollinger_bands": {
      "upper": 616.58,
      "middle": 595.25,
      "lower": 573.93
    }
  },
  "bsm_analysis": {
    "greeks": {
      "delta": 0.5399,
      "gamma": 0.010621,
      "theta": -0.2912,
      "vega": 0.6787,
      "rho": 0.2513
    },
    "atm_call_price": 16.19,
    "atm_put_price": 13.63,
    "implied_move": 0.52
  },
  "prediction": {
    "signal": "NEUTRAL",
    "score": -1,
    "confidence": 25.0,
    "reasons": [
      "MACD histogram negative (bearish momentum)"
    ],
    "target_price": 596.43,
    "support": 594.47,
    "resistance": 598.5
  },
  "simulation": {
    "statistics": {
      "mean": 596.4320358362003,
      "std": 3.081749764701557,
      "p05": 591.3871765200145,
      "p25": 594.4733453877078,
      "p50": 596.4346861866459,
      "p75": 598.5015701672619,
      "p95": 601.4050979528748,
      "min": 588.0110360141059,
      "max": 607.5757658238266
    },
    "simulations": 1000,
    "volatility": 0.2186
  }
}