{
  "ticker": "SPY",
  "timestamp": "2026-03-08T11:38:40.638363",
  "current_price": 597.06,
  "forecast_minutes": 60,
  "technical_indicators": {
    "rsi": 25.11,
    "macd": {
      "line": 0.6014,
      "signal": 0.5413,
      "histogram": 0.0601
    },
    "bollinger_bands": {
      "upper": 687.64,
      "middle": 652.59,
      "lower": 617.54
    }
  },
  "bsm_analysis": {
    "greeks": {
      "delta": 0.5396,
      "gamma": 0.004927,
      "theta": -0.5747,
      "vega": 0.6795,
      "rho": 0.2374
    },
    "atm_call_price": 33.35,
    "atm_put_price": 30.78,
    "implied_move": 1.16
  },
  "prediction": {
    "signal": "BULLISH",
    "score": 3,
    "confidence": 75.0,
    "reasons": [
      "RSI indicates oversold conditions",
      "MACD histogram positive (bullish momentum)"
    ],
    "target_price": 596.57,
    "support": 591.85,
    "resistance": 600.91
  },
  "simulation": {
    "statistics": {
      "mean": 596.574037825018,
      "std": 6.943747313699256,
      "p05": 584.8547757960091,
      "p25": 591.8489365160209,
      "p50": 596.6456892801821,
      "p75": 600.9113174736848,
      "p95": 607.4781438001924,
      "min": 574.8730198542069,
      "max": 618.6606482109456
    },
    "simulations": 1000,
    "volatility": 0.4707
  }
}