{
  "ticker": "SPY",
  "timestamp": "2026-02-08T14:55:26.942257",
  "current_price": 593.64,
  "forecast_minutes": 60,
  "technical_indicators": {
    "rsi": 43.87,
    "macd": {
      "line": 4.4477,
      "signal": 4.0029,
      "histogram": 0.4448
    },
    "bollinger_bands": {
      "upper": 634.89,
      "middle": 612.54,
      "lower": 590.19
    }
  },
  "bsm_analysis": {
    "greeks": {
      "delta": 0.5404,
      "gamma": 0.011039,
      "theta": -0.2817,
      "vega": 0.6755,
      "rho": 0.2508
    },
    "atm_call_price": 15.62,
    "atm_put_price": 13.07,
    "implied_move": 0.52
  },
  "prediction": {
    "signal": "NEUTRAL",
    "score": 1,
    "confidence": 25.0,
    "reasons": [
      "MACD histogram positive (bullish momentum)"
    ],
    "target_price": 593.56,
    "support": 591.43,
    "resistance": 595.63
  },
  "simulation": {
    "statistics": {
      "mean": 593.563496098388,
      "std": 3.0666732927839906,
      "p05": 588.4919466981381,
      "p25": 591.4318017513139,
      "p50": 593.5942598106062,
      "p75": 595.6307928309939,
      "p95": 598.7093652603874,
      "min": 584.9816871666808,
      "max": 604.0985244341025
    },
    "simulations": 1000,
    "volatility": 0.2113
  }
}