{
  "ticker": "SPY",
  "timestamp": "2026-02-24T13:23:56.720118",
  "current_price": 596.41,
  "forecast_minutes": 60,
  "technical_indicators": {
    "rsi": 71.83,
    "macd": {
      "line": -1.5865,
      "signal": -1.4278,
      "histogram": -0.1586
    },
    "bollinger_bands": {
      "upper": 569.66,
      "middle": 535.06,
      "lower": 500.47
    }
  },
  "bsm_analysis": {
    "greeks": {
      "delta": 0.5451,
      "gamma": 0.003731,
      "theta": -0.7423,
      "vega": 0.6778,
      "rho": 0.2314
    },
    "atm_call_price": 43.53,
    "atm_put_price": 40.96,
    "implied_move": 1.52
  },
  "prediction": {
    "signal": "BEARISH",
    "score": -2,
    "confidence": 50.0,
    "reasons": [
      "RSI indicates overbought conditions",
      "MACD histogram negative (bearish momentum)",
      "MC simulation suggests +0.11% expected move"
    ],
    "target_price": 597.04,
    "support": 590.49,
    "resistance": 603.02
  },
  "simulation": {
    "statistics": {
      "mean": 597.0428749434196,
      "std": 9.090280265421699,
      "p05": 582.485646878784,
      "p25": 590.4882524873904,
      "p50": 596.9838448254203,
      "p75": 603.016272344471,
      "p95": 611.8901010188757,
      "min": 569.3336757929758,
      "max": 633.2309587214933
    },
    "simulations": 1000,
    "volatility": 0.6213
  }
}