{
  "ticker": "SPY",
  "timestamp": "2026-03-08T03:10:37.597363",
  "current_price": 597.17,
  "forecast_minutes": 60,
  "technical_indicators": {
    "rsi": 43.31,
    "macd": {
      "line": -0.2194,
      "signal": -0.1974,
      "histogram": -0.0219
    },
    "bollinger_bands": {
      "upper": 620.68,
      "middle": 609.34,
      "lower": 597.99
    }
  },
  "bsm_analysis": {
    "greeks": {
      "delta": 0.5522,
      "gamma": 0.017183,
      "theta": -0.1977,
      "vega": 0.6771,
      "rho": 0.2624
    },
    "atm_call_price": 10.51,
    "atm_put_price": 7.93,
    "implied_move": 0.33
  },
  "prediction": {
    "signal": "NEUTRAL",
    "score": -1,
    "confidence": 25.0,
    "reasons": [
      "MACD histogram negative (bearish momentum)"
    ],
    "target_price": 597.26,
    "support": 595.84,
    "resistance": 598.55
  },
  "simulation": {
    "statistics": {
      "mean": 597.2603697804087,
      "std": 1.9571266088459498,
      "p05": 594.1878082245249,
      "p25": 595.8447443172618,
      "p50": 597.250954409272,
      "p75": 598.5477825230427,
      "p95": 600.4768108699834,
      "min": 590.4565278587784,
      "max": 603.0929215101386
    },
    "simulations": 1000,
    "volatility": 0.1345
  }
}