{
  "ticker": "SPY",
  "timestamp": "2026-03-09T23:11:24.504440",
  "current_price": 595.66,
  "forecast_minutes": 60,
  "technical_indicators": {
    "rsi": 63.25,
    "macd": {
      "line": -3.0196,
      "signal": -2.7176,
      "histogram": -0.302
    },
    "bollinger_bands": {
      "upper": 590.97,
      "middle": 570.46,
      "lower": 549.95
    }
  },
  "bsm_analysis": {
    "greeks": {
      "delta": 0.537,
      "gamma": 0.0075,
      "theta": -0.3934,
      "vega": 0.6783,
      "rho": 0.2445
    },
    "atm_call_price": 22.38,
    "atm_put_price": 19.82,
    "implied_move": 0.79
  },
  "prediction": {
    "signal": "NEUTRAL",
    "score": -1,
    "confidence": 25.0,
    "reasons": [
      "MACD histogram negative (bearish momentum)"
    ],
    "target_price": 595.62,
    "support": 592.42,
    "resistance": 598.67
  },
  "simulation": {
    "statistics": {
      "mean": 595.624892751213,
      "std": 4.730139115930567,
      "p05": 588.1218958852726,
      "p25": 592.420123948411,
      "p50": 595.5503576234019,
      "p75": 598.6682454374093,
      "p95": 603.4070118939812,
      "min": 578.5617802448688,
      "max": 611.4999966469035
    },
    "simulations": 1000,
    "volatility": 0.3102
  }
}