{
  "ticker": "SPY",
  "timestamp": "2026-03-06T14:17:50.767569",
  "current_price": 596.45,
  "forecast_minutes": 60,
  "technical_indicators": {
    "rsi": 61.11,
    "macd": {
      "line": 7.1036,
      "signal": 6.3932,
      "histogram": 0.7104
    },
    "bollinger_bands": {
      "upper": 603.94,
      "middle": 582.13,
      "lower": 560.31
    }
  },
  "bsm_analysis": {
    "greeks": {
      "delta": 0.544,
      "gamma": 0.013128,
      "theta": -0.2444,
      "vega": 0.678,
      "rho": 0.2557
    },
    "atm_call_price": 13.35,
    "atm_put_price": 10.78,
    "implied_move": 0.43
  },
  "prediction": {
    "signal": "NEUTRAL",
    "score": 1,
    "confidence": 25.0,
    "reasons": [
      "MACD histogram positive (bullish momentum)"
    ],
    "target_price": 596.63,
    "support": 594.92,
    "resistance": 598.32
  },
  "simulation": {
    "statistics": {
      "mean": 596.6264364547187,
      "std": 2.5893153316975854,
      "p05": 592.4121974386012,
      "p25": 594.9217441227307,
      "p50": 596.6019973777143,
      "p75": 598.3211264444923,
      "p95": 600.9109482310486,
      "min": 588.226267597078,
      "max": 605.4642275010427
    },
    "simulations": 1000,
    "volatility": 0.1766
  }
}