{
  "ticker": "SPY",
  "timestamp": "2026-03-16T09:09:45.227742",
  "current_price": 597.42,
  "forecast_minutes": 60,
  "technical_indicators": {
    "rsi": 42.95,
    "macd": {
      "line": -1.6584,
      "signal": -1.4926,
      "histogram": -0.1658
    },
    "bollinger_bands": {
      "upper": 617.79,
      "middle": 603.4,
      "lower": 589.02
    }
  },
  "bsm_analysis": {
    "greeks": {
      "delta": 0.5464,
      "gamma": 0.014366,
      "theta": -0.2273,
      "vega": 0.6787,
      "rho": 0.2582
    },
    "atm_call_price": 12.31,
    "atm_put_price": 9.74,
    "implied_move": 0.42
  },
  "prediction": {
    "signal": "NEUTRAL",
    "score": -1,
    "confidence": 25.0,
    "reasons": [
      "MACD histogram negative (bearish momentum)"
    ],
    "target_price": 597.51,
    "support": 595.88,
    "resistance": 599.12
  },
  "simulation": {
    "statistics": {
      "mean": 597.5126905403093,
      "std": 2.5195024117018314,
      "p05": 593.3648429234999,
      "p25": 595.8812850926713,
      "p50": 597.4207570546012,
      "p75": 599.1212324440982,
      "p95": 601.7571615885184,
      "min": 589.8425529780757,
      "max": 605.1470854958628
    },
    "simulations": 1000,
    "volatility": 0.161
  }
}