{
  "ticker": "SPY",
  "timestamp": "2026-04-07T18:09:52.361040",
  "current_price": 594.23,
  "forecast_minutes": 60,
  "technical_indicators": {
    "rsi": 81.39,
    "macd": {
      "line": 5.7484,
      "signal": 5.1735,
      "histogram": 0.5748
    },
    "bollinger_bands": {
      "upper": 591.56,
      "middle": 574.29,
      "lower": 557.01
    }
  },
  "bsm_analysis": {
    "greeks": {
      "delta": 0.5496,
      "gamma": 0.016014,
      "theta": -0.2085,
      "vega": 0.6744,
      "rho": 0.2592
    },
    "atm_call_price": 11.17,
    "atm_put_price": 8.61,
    "implied_move": 0.36
  },
  "prediction": {
    "signal": "NEUTRAL",
    "score": -1,
    "confidence": 25.0,
    "reasons": [
      "RSI indicates overbought conditions",
      "MACD histogram positive (bullish momentum)"
    ],
    "target_price": 594.25,
    "support": 592.8,
    "resistance": 595.71
  },
  "simulation": {
    "statistics": {
      "mean": 594.2536439922707,
      "std": 2.165858830093421,
      "p05": 590.7694938946385,
      "p25": 592.7994666525224,
      "p50": 594.2429666862595,
      "p75": 595.7059458714193,
      "p95": 597.7488101473795,
      "min": 586.77744182728,
      "max": 601.1628666517264
    },
    "simulations": 1000,
    "volatility": 0.1451
  }
}