{
  "ticker": "SPY",
  "timestamp": "2026-02-23T08:30:02.184269",
  "current_price": 594.66,
  "forecast_minutes": 60,
  "technical_indicators": {
    "rsi": 66.45,
    "macd": {
      "line": 4.7709,
      "signal": 4.2938,
      "histogram": 0.4771
    },
    "bollinger_bands": {
      "upper": 597.89,
      "middle": 578.04,
      "lower": 558.18
    }
  },
  "bsm_analysis": {
    "greeks": {
      "delta": 0.5536,
      "gamma": 0.017893,
      "theta": -0.1915,
      "vega": 0.674,
      "rho": 0.2622
    },
    "atm_call_price": 10.13,
    "atm_put_price": 7.57,
    "implied_move": 0.33
  },
  "prediction": {
    "signal": "NEUTRAL",
    "score": 1,
    "confidence": 25.0,
    "reasons": [
      "MACD histogram positive (bullish momentum)"
    ],
    "target_price": 594.78,
    "support": 593.47,
    "resistance": 596.04
  },
  "simulation": {
    "statistics": {
      "mean": 594.7803588825769,
      "std": 1.9528048044817417,
      "p05": 591.5553382939871,
      "p25": 593.4742151937867,
      "p50": 594.7627298356549,
      "p75": 596.0427080115,
      "p95": 598.0693721347233,
      "min": 588.8925165578025,
      "max": 601.1408100332853
    },
    "simulations": 1000,
    "volatility": 0.1296
  }
}