{
  "ticker": "SPY",
  "timestamp": "2026-03-01T09:12:23.488343",
  "current_price": 592.28,
  "forecast_minutes": 60,
  "technical_indicators": {
    "rsi": 58.01,
    "macd": {
      "line": 2.1445,
      "signal": 1.93,
      "histogram": 0.2144
    },
    "bollinger_bands": {
      "upper": 610.08,
      "middle": 588.7,
      "lower": 567.33
    }
  },
  "bsm_analysis": {
    "greeks": {
      "delta": 0.5456,
      "gamma": 0.014061,
      "theta": -0.2309,
      "vega": 0.673,
      "rho": 0.2553
    },
    "atm_call_price": 12.54,
    "atm_put_price": 9.99,
    "implied_move": 0.41
  },
  "prediction": {
    "signal": "NEUTRAL",
    "score": 1,
    "confidence": 25.0,
    "reasons": [
      "MACD histogram positive (bullish momentum)"
    ],
    "target_price": 592.23,
    "support": 590.55,
    "resistance": 593.91
  },
  "simulation": {
    "statistics": {
      "mean": 592.2307450695131,
      "std": 2.424268562764491,
      "p05": 588.3061470561292,
      "p25": 590.54573807936,
      "p50": 592.2580385018929,
      "p75": 593.9108183411148,
      "p95": 596.2956617941294,
      "min": 585.4799877963187,
      "max": 599.8840941118355
    },
    "simulations": 1000,
    "volatility": 0.166
  }
}