{
  "ticker": "SPY",
  "timestamp": "2026-03-31T06:45:38.848235",
  "current_price": 592.64,
  "forecast_minutes": 60,
  "technical_indicators": {
    "rsi": 74.05,
    "macd": {
      "line": 2.6372,
      "signal": 2.3734,
      "histogram": 0.2637
    },
    "bollinger_bands": {
      "upper": 568.42,
      "middle": 543.5,
      "lower": 518.58
    }
  },
  "bsm_analysis": {
    "greeks": {
      "delta": 0.5374,
      "gamma": 0.006231,
      "theta": -0.4639,
      "vega": 0.6748,
      "rho": 0.2399
    },
    "atm_call_price": 26.66,
    "atm_put_price": 24.11,
    "implied_move": 0.95
  },
  "prediction": {
    "signal": "NEUTRAL",
    "score": -1,
    "confidence": 25.0,
    "reasons": [
      "RSI indicates overbought conditions",
      "MACD histogram positive (bullish momentum)"
    ],
    "target_price": 592.36,
    "support": 588.6,
    "resistance": 596.19
  },
  "simulation": {
    "statistics": {
      "mean": 592.3589939776047,
      "std": 5.607529146341638,
      "p05": 583.053951663556,
      "p25": 588.5973568822066,
      "p50": 592.2536495984373,
      "p75": 596.1921618880425,
      "p95": 601.6385660979593,
      "min": 578.0740964585865,
      "max": 614.018672789638
    },
    "simulations": 1000,
    "volatility": 0.3752
  }
}