{
  "ticker": "SPY",
  "timestamp": "2026-03-29T09:17:21.279712",
  "current_price": 593.2,
  "forecast_minutes": 60,
  "technical_indicators": {
    "rsi": 40.66,
    "macd": {
      "line": -2.277,
      "signal": -2.0493,
      "histogram": -0.2277
    },
    "bollinger_bands": {
      "upper": 614.93,
      "middle": 596.55,
      "lower": 578.16
    }
  },
  "bsm_analysis": {
    "greeks": {
      "delta": 0.5473,
      "gamma": 0.014935,
      "theta": -0.2201,
      "vega": 0.6737,
      "rho": 0.2571
    },
    "atm_call_price": 11.88,
    "atm_put_price": 9.33,
    "implied_move": 0.4
  },
  "prediction": {
    "signal": "NEUTRAL",
    "score": -1,
    "confidence": 25.0,
    "reasons": [
      "MACD histogram negative (bearish momentum)"
    ],
    "target_price": 593.14,
    "support": 591.53,
    "resistance": 594.77
  },
  "simulation": {
    "statistics": {
      "mean": 593.1401633342311,
      "std": 2.373666022922246,
      "p05": 589.4822961671351,
      "p25": 591.5282886857436,
      "p50": 593.1235103239958,
      "p75": 594.767407444624,
      "p95": 597.0830099260768,
      "min": 585.1261904608457,
      "max": 604.1047436655756
    },
    "simulations": 1000,
    "volatility": 0.156
  }
}