{
  "ticker": "SPY",
  "timestamp": "2026-03-04T10:47:42.285289",
  "current_price": 597.84,
  "forecast_minutes": 60,
  "technical_indicators": {
    "rsi": 42.05,
    "macd": {
      "line": 0.0662,
      "signal": 0.0596,
      "histogram": 0.0066
    },
    "bollinger_bands": {
      "upper": 626.52,
      "middle": 611.7,
      "lower": 596.88
    }
  },
  "bsm_analysis": {
    "greeks": {
      "delta": 0.5398,
      "gamma": 0.010517,
      "theta": -0.2938,
      "vega": 0.6804,
      "rho": 0.2518
    },
    "atm_call_price": 16.34,
    "atm_put_price": 13.77,
    "implied_move": 0.55
  },
  "prediction": {
    "signal": "NEUTRAL",
    "score": 1,
    "confidence": 25.0,
    "reasons": [
      "MACD histogram positive (bullish momentum)"
    ],
    "target_price": 597.85,
    "support": 595.76,
    "resistance": 600.1
  },
  "simulation": {
    "statistics": {
      "mean": 597.8463488718758,
      "std": 3.2781722369294353,
      "p05": 592.5941144154277,
      "p25": 595.7570395386182,
      "p50": 597.8523503745375,
      "p75": 600.100208759581,
      "p95": 602.9014819968614,
      "min": 585.9920299097283,
      "max": 608.2485988067547
    },
    "simulations": 1000,
    "volatility": 0.2202
  }
}