{
  "ticker": "SPY",
  "timestamp": "2026-03-30T09:49:29.401273",
  "current_price": 597.74,
  "forecast_minutes": 60,
  "technical_indicators": {
    "rsi": 54.57,
    "macd": {
      "line": -9.48,
      "signal": -8.532,
      "histogram": -0.948
    },
    "bollinger_bands": {
      "upper": 608.83,
      "middle": 570.63,
      "lower": 532.42
    }
  },
  "bsm_analysis": {
    "greeks": {
      "delta": 0.5389,
      "gamma": 0.005191,
      "theta": -0.5479,
      "vega": 0.6804,
      "rho": 0.2387
    },
    "atm_call_price": 31.73,
    "atm_put_price": 29.16,
    "implied_move": 1.06
  },
  "prediction": {
    "signal": "NEUTRAL",
    "score": -1,
    "confidence": 25.0,
    "reasons": [
      "MACD histogram negative (bearish momentum)"
    ],
    "target_price": 597.98,
    "support": 593.7,
    "resistance": 602.1
  },
  "simulation": {
    "statistics": {
      "mean": 597.9752087777803,
      "std": 6.338523120877799,
      "p05": 587.5761515721769,
      "p25": 593.6986694567659,
      "p50": 598.2016720873689,
      "p75": 602.0991288960004,
      "p95": 608.3512163573221,
      "min": 576.7362298417696,
      "max": 617.3661777733699
    },
    "simulations": 1000,
    "volatility": 0.4463
  }
}