{
  "ticker": "SPY",
  "timestamp": "2026-02-25T06:12:07.546496",
  "current_price": 595.73,
  "forecast_minutes": 60,
  "technical_indicators": {
    "rsi": 62.14,
    "macd": {
      "line": 1.072,
      "signal": 0.9648,
      "histogram": 0.1072
    },
    "bollinger_bands": {
      "upper": 585.05,
      "middle": 566.3,
      "lower": 547.55
    }
  },
  "bsm_analysis": {
    "greeks": {
      "delta": 0.537,
      "gamma": 0.00715,
      "theta": -0.4105,
      "vega": 0.6784,
      "rho": 0.2437
    },
    "atm_call_price": 23.41,
    "atm_put_price": 20.85,
    "implied_move": 0.81
  },
  "prediction": {
    "signal": "NEUTRAL",
    "score": 1,
    "confidence": 25.0,
    "reasons": [
      "MACD histogram positive (bullish momentum)"
    ],
    "target_price": 595.85,
    "support": 592.64,
    "resistance": 599.17
  },
  "simulation": {
    "statistics": {
      "mean": 595.8456904849419,
      "std": 4.819441743276928,
      "p05": 587.774641211776,
      "p25": 592.6385111452078,
      "p50": 595.9355684400609,
      "p75": 599.1734685168309,
      "p95": 603.4878890602452,
      "min": 583.1958326685561,
      "max": 615.8278482216991
    },
    "simulations": 1000,
    "volatility": 0.3253
  }
}