{
  "ticker": "SPY",
  "timestamp": "2026-04-01T18:03:38.646779",
  "current_price": 595.04,
  "forecast_minutes": 60,
  "technical_indicators": {
    "rsi": 71.04,
    "macd": {
      "line": 3.9873,
      "signal": 3.5886,
      "histogram": 0.3987
    },
    "bollinger_bands": {
      "upper": 603.19,
      "middle": 583.95,
      "lower": 564.72
    }
  },
  "bsm_analysis": {
    "greeks": {
      "delta": 0.5514,
      "gamma": 0.016871,
      "theta": -0.2003,
      "vega": 0.6749,
      "rho": 0.2609
    },
    "atm_call_price": 10.67,
    "atm_put_price": 8.11,
    "implied_move": 0.34
  },
  "prediction": {
    "signal": "NEUTRAL",
    "score": -1,
    "confidence": 25.0,
    "reasons": [
      "RSI indicates overbought conditions",
      "MACD histogram positive (bullish momentum)"
    ],
    "target_price": 595.18,
    "support": 593.85,
    "resistance": 596.48
  },
  "simulation": {
    "statistics": {
      "mean": 595.1770045892047,
      "std": 2.050430889702864,
      "p05": 591.7181477077484,
      "p25": 593.8473067607378,
      "p50": 595.2525247527301,
      "p75": 596.4793194595618,
      "p95": 598.4780375058035,
      "min": 588.8136013341051,
      "max": 601.1498766200924
    },
    "simulations": 1000,
    "volatility": 0.1375
  }
}