{
  "ticker": "SPY",
  "timestamp": "2026-03-22T20:44:22.763473",
  "current_price": 592.47,
  "forecast_minutes": 60,
  "technical_indicators": {
    "rsi": 66.48,
    "macd": {
      "line": -5.4461,
      "signal": -4.9015,
      "histogram": -0.5446
    },
    "bollinger_bands": {
      "upper": 576.36,
      "middle": 538.23,
      "lower": 500.1
    }
  },
  "bsm_analysis": {
    "greeks": {
      "delta": 0.5433,
      "gamma": 0.00405,
      "theta": -0.6878,
      "vega": 0.6736,
      "rho": 0.2315
    },
    "atm_call_price": 40.23,
    "atm_put_price": 37.67,
    "implied_move": 1.4
  },
  "prediction": {
    "signal": "NEUTRAL",
    "score": -1,
    "confidence": 25.0,
    "reasons": [
      "MACD histogram negative (bearish momentum)"
    ],
    "target_price": 592.49,
    "support": 586.62,
    "resistance": 597.93
  },
  "simulation": {
    "statistics": {
      "mean": 592.494921075445,
      "std": 8.279288538781879,
      "p05": 579.2442068484319,
      "p25": 586.6188502244308,
      "p50": 592.3206912870746,
      "p75": 597.9327201821635,
      "p95": 606.5054092821352,
      "min": 563.1154826977819,
      "max": 618.3206582784081
    },
    "simulations": 1000,
    "volatility": 0.5765
  }
}