{
  "ticker": "SPY",
  "timestamp": "2026-03-19T07:09:46.390188",
  "current_price": 593.91,
  "forecast_minutes": 60,
  "technical_indicators": {
    "rsi": 62.4,
    "macd": {
      "line": -2.6111,
      "signal": -2.35,
      "histogram": -0.2611
    },
    "bollinger_bands": {
      "upper": 592.91,
      "middle": 562.72,
      "lower": 532.54
    }
  },
  "bsm_analysis": {
    "greeks": {
      "delta": 0.5371,
      "gamma": 0.007606,
      "theta": -0.3884,
      "vega": 0.6763,
      "rho": 0.244
    },
    "atm_call_price": 22.09,
    "atm_put_price": 19.53,
    "implied_move": 0.77
  },
  "prediction": {
    "signal": "NEUTRAL",
    "score": -1,
    "confidence": 25.0,
    "reasons": [
      "MACD histogram negative (bearish momentum)"
    ],
    "target_price": 594.11,
    "support": 590.99,
    "resistance": 597.03
  },
  "simulation": {
    "statistics": {
      "mean": 594.1096262780876,
      "std": 4.561871313648423,
      "p05": 586.7378256818296,
      "p25": 590.9891458851251,
      "p50": 594.1121981167187,
      "p75": 597.031941865734,
      "p95": 601.9098203304737,
      "min": 581.453931819028,
      "max": 610.1129370033834
    },
    "simulations": 1000,
    "volatility": 0.3067
  }
}