{
  "ticker": "SPY",
  "timestamp": "2026-03-14T13:10:01.948944",
  "current_price": 596.82,
  "forecast_minutes": 60,
  "technical_indicators": {
    "rsi": 60.99,
    "macd": {
      "line": 1.6375,
      "signal": 1.4738,
      "histogram": 0.1638
    },
    "bollinger_bands": {
      "upper": 583.29,
      "middle": 557.2,
      "lower": 531.1
    }
  },
  "bsm_analysis": {
    "greeks": {
      "delta": 0.5371,
      "gamma": 0.006825,
      "theta": -0.4279,
      "vega": 0.6797,
      "rho": 0.2433
    },
    "atm_call_price": 24.47,
    "atm_put_price": 21.9,
    "implied_move": 0.85
  },
  "prediction": {
    "signal": "NEUTRAL",
    "score": 1,
    "confidence": 25.0,
    "reasons": [
      "MACD histogram positive (bullish momentum)"
    ],
    "target_price": 597.09,
    "support": 593.53,
    "resistance": 600.23
  },
  "simulation": {
    "statistics": {
      "mean": 597.0873783245967,
      "std": 5.06382147650225,
      "p05": 588.7392002426054,
      "p25": 593.5346307352107,
      "p50": 597.1235229604547,
      "p75": 600.2330945556323,
      "p95": 605.2932927515992,
      "min": 580.6565654182602,
      "max": 611.6084223288926
    },
    "simulations": 1000,
    "volatility": 0.3402
  }
}