{
  "ticker": "SPY",
  "timestamp": "2026-02-10T01:20:00.264260",
  "current_price": 595.84,
  "forecast_minutes": 60,
  "technical_indicators": {
    "rsi": 47.43,
    "macd": {
      "line": 0.986,
      "signal": 0.8874,
      "histogram": 0.0986
    },
    "bollinger_bands": {
      "upper": 617.31,
      "middle": 602.98,
      "lower": 588.66
    }
  },
  "bsm_analysis": {
    "greeks": {
      "delta": 0.539,
      "gamma": 0.009967,
      "theta": -0.3073,
      "vega": 0.6782,
      "rho": 0.2499
    },
    "atm_call_price": 17.17,
    "atm_put_price": 14.6,
    "implied_move": 0.59
  },
  "prediction": {
    "signal": "NEUTRAL",
    "score": 1,
    "confidence": 25.0,
    "reasons": [
      "MACD histogram positive (bullish momentum)"
    ],
    "target_price": 595.65,
    "support": 593.2,
    "resistance": 598.04
  },
  "simulation": {
    "statistics": {
      "mean": 595.6525301082253,
      "std": 3.5301054137120933,
      "p05": 590.094597363178,
      "p25": 593.2009739613305,
      "p50": 595.6665154866582,
      "p75": 598.0391291636888,
      "p95": 601.4595696822012,
      "min": 582.1841339867227,
      "max": 606.8467022511584
    },
    "simulations": 1000,
    "volatility": 0.2332
  }
}