{
  "ticker": "SPY",
  "timestamp": "2026-03-19T03:41:08.327690",
  "current_price": 597.07,
  "forecast_minutes": 60,
  "technical_indicators": {
    "rsi": 71.12,
    "macd": {
      "line": 9.3037,
      "signal": 8.3733,
      "histogram": 0.9304
    },
    "bollinger_bands": {
      "upper": 613.64,
      "middle": 586.17,
      "lower": 558.71
    }
  },
  "bsm_analysis": {
    "greeks": {
      "delta": 0.5405,
      "gamma": 0.010992,
      "theta": -0.283,
      "vega": 0.6794,
      "rho": 0.2523
    },
    "atm_call_price": 15.69,
    "atm_put_price": 13.12,
    "implied_move": 0.52
  },
  "prediction": {
    "signal": "NEUTRAL",
    "score": -1,
    "confidence": 25.0,
    "reasons": [
      "RSI indicates overbought conditions",
      "MACD histogram positive (bullish momentum)"
    ],
    "target_price": 597.25,
    "support": 595.21,
    "resistance": 599.28
  },
  "simulation": {
    "statistics": {
      "mean": 597.2536860866696,
      "std": 3.090912713895114,
      "p05": 592.2663114070257,
      "p25": 595.2088368789364,
      "p50": 597.2877011931,
      "p75": 599.277508218749,
      "p95": 602.5215113374263,
      "min": 587.1189476685092,
      "max": 606.6125427326745
    },
    "simulations": 1000,
    "volatility": 0.2109
  }
}