{
  "ticker": "SPY",
  "timestamp": "2026-03-20T08:48:20.464298",
  "current_price": 597.26,
  "forecast_minutes": 60,
  "technical_indicators": {
    "rsi": 46.45,
    "macd": {
      "line": -2.4401,
      "signal": -2.1961,
      "histogram": -0.244
    },
    "bollinger_bands": {
      "upper": 613.62,
      "middle": 599.59,
      "lower": 585.56
    }
  },
  "bsm_analysis": {
    "greeks": {
      "delta": 0.5469,
      "gamma": 0.014635,
      "theta": -0.224,
      "vega": 0.6784,
      "rho": 0.2585
    },
    "atm_call_price": 12.11,
    "atm_put_price": 9.54,
    "implied_move": 0.4
  },
  "prediction": {
    "signal": "NEUTRAL",
    "score": -1,
    "confidence": 25.0,
    "reasons": [
      "MACD histogram negative (bearish momentum)"
    ],
    "target_price": 597.25,
    "support": 595.73,
    "resistance": 598.9
  },
  "simulation": {
    "statistics": {
      "mean": 597.2498999237262,
      "std": 2.3749149551383124,
      "p05": 593.2945879424414,
      "p25": 595.733698729861,
      "p50": 597.2025669988682,
      "p75": 598.8956406326599,
      "p95": 601.2292498908326,
      "min": 590.4001015331442,
      "max": 605.4955475331012
    },
    "simulations": 1000,
    "volatility": 0.1581
  }
}