{
  "ticker": "SPY",
  "timestamp": "2026-03-26T17:38:22.594166",
  "current_price": 595.4,
  "forecast_minutes": 60,
  "technical_indicators": {
    "rsi": 75.27,
    "macd": {
      "line": 4.1913,
      "signal": 3.7722,
      "histogram": 0.4191
    },
    "bollinger_bands": {
      "upper": 582.72,
      "middle": 560.09,
      "lower": 537.46
    }
  },
  "bsm_analysis": {
    "greeks": {
      "delta": 0.5378,
      "gamma": 0.008819,
      "theta": -0.3414,
      "vega": 0.6779,
      "rho": 0.2474
    },
    "atm_call_price": 19.23,
    "atm_put_price": 16.67,
    "implied_move": 0.65
  },
  "prediction": {
    "signal": "NEUTRAL",
    "score": -1,
    "confidence": 25.0,
    "reasons": [
      "RSI indicates overbought conditions",
      "MACD histogram positive (bullish momentum)"
    ],
    "target_price": 595.64,
    "support": 592.95,
    "resistance": 598.17
  },
  "simulation": {
    "statistics": {
      "mean": 595.6355477711977,
      "std": 3.8432457348071787,
      "p05": 589.6482164443082,
      "p25": 592.9507663820639,
      "p50": 595.5552438685045,
      "p75": 598.1684397299553,
      "p95": 602.240148410637,
      "min": 582.2378465489387,
      "max": 608.1017368218215
    },
    "simulations": 1000,
    "volatility": 0.2638
  }
}