{
  "ticker": "SPY",
  "timestamp": "2026-03-09T18:32:57.410084",
  "current_price": 592.07,
  "forecast_minutes": 60,
  "technical_indicators": {
    "rsi": 54.94,
    "macd": {
      "line": 0.6312,
      "signal": 0.5681,
      "histogram": 0.0631
    },
    "bollinger_bands": {
      "upper": 603.05,
      "middle": 591.08,
      "lower": 579.1
    }
  },
  "bsm_analysis": {
    "greeks": {
      "delta": 0.5487,
      "gamma": 0.015674,
      "theta": -0.2118,
      "vega": 0.6721,
      "rho": 0.2577
    },
    "atm_call_price": 11.38,
    "atm_put_price": 8.83,
    "implied_move": 0.37
  },
  "prediction": {
    "signal": "NEUTRAL",
    "score": 1,
    "confidence": 25.0,
    "reasons": [
      "MACD histogram positive (bullish momentum)"
    ],
    "target_price": 591.97,
    "support": 590.48,
    "resistance": 593.52
  },
  "simulation": {
    "statistics": {
      "mean": 591.9727606555713,
      "std": 2.168782607673102,
      "p05": 588.5037760747132,
      "p25": 590.4758875887302,
      "p50": 591.9414548550026,
      "p75": 593.5176432535798,
      "p95": 595.5515174919221,
      "min": 585.4261562499362,
      "max": 598.3966349491467
    },
    "simulations": 1000,
    "volatility": 0.1488
  }
}