{
  "ticker": "SPY",
  "timestamp": "2026-02-26T18:04:52.759448",
  "current_price": 596.95,
  "forecast_minutes": 60,
  "technical_indicators": {
    "rsi": 71.62,
    "macd": {
      "line": 6.6756,
      "signal": 6.008,
      "histogram": 0.6676
    },
    "bollinger_bands": {
      "upper": 590.0,
      "middle": 565.78,
      "lower": 541.56
    }
  },
  "bsm_analysis": {
    "greeks": {
      "delta": 0.5416,
      "gamma": 0.011754,
      "theta": -0.2676,
      "vega": 0.679,
      "rho": 0.2536
    },
    "atm_call_price": 14.76,
    "atm_put_price": 12.19,
    "implied_move": 0.48
  },
  "prediction": {
    "signal": "NEUTRAL",
    "score": -1,
    "confidence": 25.0,
    "reasons": [
      "RSI indicates overbought conditions",
      "MACD histogram positive (bullish momentum)"
    ],
    "target_price": 597.02,
    "support": 595.21,
    "resistance": 598.88
  },
  "simulation": {
    "statistics": {
      "mean": 597.0205920093546,
      "std": 2.8421894677384354,
      "p05": 592.115206210671,
      "p25": 595.2105597219374,
      "p50": 597.0135430279291,
      "p75": 598.8839769364886,
      "p95": 601.6994203685076,
      "min": 588.040675181649,
      "max": 606.2788183340537
    },
    "simulations": 1000,
    "volatility": 0.1972
  }
}