{
  "ticker": "SPY",
  "timestamp": "2026-03-01T22:54:50.897030",
  "current_price": 595.22,
  "forecast_minutes": 60,
  "technical_indicators": {
    "rsi": 41.23,
    "macd": {
      "line": 0.2897,
      "signal": 0.2607,
      "histogram": 0.029
    },
    "bollinger_bands": {
      "upper": 612.78,
      "middle": 598.98,
      "lower": 585.19
    }
  },
  "bsm_analysis": {
    "greeks": {
      "delta": 0.5483,
      "gamma": 0.015393,
      "theta": -0.2151,
      "vega": 0.6758,
      "rho": 0.2587
    },
    "atm_call_price": 11.57,
    "atm_put_price": 9.01,
    "implied_move": 0.37
  },
  "prediction": {
    "signal": "NEUTRAL",
    "score": 1,
    "confidence": 25.0,
    "reasons": [
      "MACD histogram positive (bullish momentum)"
    ],
    "target_price": 595.29,
    "support": 593.73,
    "resistance": 596.76
  },
  "simulation": {
    "statistics": {
      "mean": 595.2925734751769,
      "std": 2.1845663540141063,
      "p05": 591.7319154421705,
      "p25": 593.7261034663576,
      "p50": 595.3104300224458,
      "p75": 596.7585933510076,
      "p95": 598.9580068601731,
      "min": 588.6517402172299,
      "max": 602.6770262488183
    },
    "simulations": 1000,
    "volatility": 0.1508
  }
}