{
  "ticker": "SPY",
  "timestamp": "2026-03-13T01:39:01.526623",
  "current_price": 597.7,
  "forecast_minutes": 60,
  "technical_indicators": {
    "rsi": 33.74,
    "macd": {
      "line": -1.4668,
      "signal": -1.3201,
      "histogram": -0.1467
    },
    "bollinger_bands": {
      "upper": 650.96,
      "middle": 631.69,
      "lower": 612.41
    }
  },
  "bsm_analysis": {
    "greeks": {
      "delta": 0.5372,
      "gamma": 0.007866,
      "theta": -0.3774,
      "vega": 0.6806,
      "rho": 0.2463
    },
    "atm_call_price": 21.41,
    "atm_put_price": 18.83,
    "implied_move": 0.72
  },
  "prediction": {
    "signal": "NEUTRAL",
    "score": -1,
    "confidence": 25.0,
    "reasons": [
      "MACD histogram negative (bearish momentum)"
    ],
    "target_price": 597.79,
    "support": 594.99,
    "resistance": 600.77
  },
  "simulation": {
    "statistics": {
      "mean": 597.7876341282762,
      "std": 4.3293687372657415,
      "p05": 590.718278028068,
      "p25": 594.9922947709128,
      "p50": 597.8729315950086,
      "p75": 600.7668486487124,
      "p95": 604.499075296583,
      "min": 585.11175170293,
      "max": 613.7324504637814
    },
    "simulations": 1000,
    "volatility": 0.2947
  }
}