{
  "ticker": "SPY",
  "timestamp": "2026-04-06T23:52:32.561914",
  "current_price": 594.91,
  "forecast_minutes": 60,
  "technical_indicators": {
    "rsi": 44.51,
    "macd": {
      "line": -7.1427,
      "signal": -6.4284,
      "histogram": -0.7143
    },
    "bollinger_bands": {
      "upper": 625.19,
      "middle": 600.67,
      "lower": 576.15
    }
  },
  "bsm_analysis": {
    "greeks": {
      "delta": 0.5418,
      "gamma": 0.011867,
      "theta": -0.2653,
      "vega": 0.6767,
      "rho": 0.2529
    },
    "atm_call_price": 14.63,
    "atm_put_price": 12.07,
    "implied_move": 0.47
  },
  "prediction": {
    "signal": "NEUTRAL",
    "score": -1,
    "confidence": 25.0,
    "reasons": [
      "MACD histogram negative (bearish momentum)"
    ],
    "target_price": 595.03,
    "support": 593.12,
    "resistance": 596.9
  },
  "simulation": {
    "statistics": {
      "mean": 595.0348518937993,
      "std": 2.8066977703195173,
      "p05": 590.461097490627,
      "p25": 593.1220446609162,
      "p50": 595.106828226307,
      "p75": 596.8988972903433,
      "p95": 599.6934016093776,
      "min": 586.0320613822277,
      "max": 603.8929433099906
    },
    "simulations": 1000,
    "volatility": 0.196
  }
}