{
  "ticker": "SPY",
  "timestamp": "2026-03-26T21:31:19.701345",
  "current_price": 597.71,
  "forecast_minutes": 60,
  "technical_indicators": {
    "rsi": 33.12,
    "macd": {
      "line": -2.9661,
      "signal": -2.6695,
      "histogram": -0.2966
    },
    "bollinger_bands": {
      "upper": 648.46,
      "middle": 626.8,
      "lower": 605.14
    }
  },
  "bsm_analysis": {
    "greeks": {
      "delta": 0.54,
      "gamma": 0.010663,
      "theta": -0.2904,
      "vega": 0.6802,
      "rho": 0.252
    },
    "atm_call_price": 16.14,
    "atm_put_price": 13.56,
    "implied_move": 0.53
  },
  "prediction": {
    "signal": "NEUTRAL",
    "score": -1,
    "confidence": 25.0,
    "reasons": [
      "MACD histogram negative (bearish momentum)"
    ],
    "target_price": 597.86,
    "support": 595.65,
    "resistance": 600.01
  },
  "simulation": {
    "statistics": {
      "mean": 597.8588543792388,
      "std": 3.159971621496599,
      "p05": 592.9692624099127,
      "p25": 595.6480259455445,
      "p50": 597.8197222626679,
      "p75": 600.0124280089456,
      "p95": 602.8630297705873,
      "min": 587.4950402743328,
      "max": 608.6465592611761
    },
    "simulations": 1000,
    "volatility": 0.2172
  }
}