{
  "ticker": "SPY",
  "timestamp": "2026-03-26T03:43:23.675895",
  "current_price": 597.51,
  "forecast_minutes": 60,
  "technical_indicators": {
    "rsi": 53.55,
    "macd": {
      "line": -4.7486,
      "signal": -4.2737,
      "histogram": -0.4749
    },
    "bollinger_bands": {
      "upper": 608.12,
      "middle": 583.81,
      "lower": 559.5
    }
  },
  "bsm_analysis": {
    "greeks": {
      "delta": 0.539,
      "gamma": 0.009916,
      "theta": -0.3088,
      "vega": 0.6801,
      "rho": 0.2505
    },
    "atm_call_price": 17.26,
    "atm_put_price": 14.68,
    "implied_move": 0.59
  },
  "prediction": {
    "signal": "NEUTRAL",
    "score": -1,
    "confidence": 25.0,
    "reasons": [
      "MACD histogram negative (bearish momentum)"
    ],
    "target_price": 597.36,
    "support": 594.98,
    "resistance": 599.76
  },
  "simulation": {
    "statistics": {
      "mean": 597.362528181575,
      "std": 3.5453810612357133,
      "p05": 591.5976177134592,
      "p25": 594.980160866481,
      "p50": 597.3391949154094,
      "p75": 599.7568169799483,
      "p95": 603.516712460136,
      "min": 585.3760298755525,
      "max": 608.7228442961014
    },
    "simulations": 1000,
    "volatility": 0.2337
  }
}