{
  "ticker": "SPY",
  "timestamp": "2026-02-18T16:45:04.045825",
  "current_price": 596.6,
  "forecast_minutes": 60,
  "technical_indicators": {
    "rsi": 54.95,
    "macd": {
      "line": 6.4068,
      "signal": 5.7662,
      "histogram": 0.6407
    },
    "bollinger_bands": {
      "upper": 619.36,
      "middle": 596.25,
      "lower": 573.13
    }
  },
  "bsm_analysis": {
    "greeks": {
      "delta": 0.5393,
      "gamma": 0.010174,
      "theta": -0.3021,
      "vega": 0.679,
      "rho": 0.2506
    },
    "atm_call_price": 16.85,
    "atm_put_price": 14.28,
    "implied_move": 0.57
  },
  "prediction": {
    "signal": "NEUTRAL",
    "score": 1,
    "confidence": 25.0,
    "reasons": [
      "MACD histogram positive (bullish momentum)"
    ],
    "target_price": 596.5,
    "support": 594.25,
    "resistance": 598.75
  },
  "simulation": {
    "statistics": {
      "mean": 596.4990845632923,
      "std": 3.4167422851280658,
      "p05": 590.9045355069592,
      "p25": 594.2485263375901,
      "p50": 596.3606933147836,
      "p75": 598.7511139111961,
      "p95": 602.0497635774524,
      "min": 584.0412159875905,
      "max": 610.1709475645013
    },
    "simulations": 1000,
    "volatility": 0.2282
  }
}