{
  "ticker": "SPY",
  "timestamp": "2026-02-12T19:53:44.503407",
  "current_price": 594.7,
  "forecast_minutes": 60,
  "technical_indicators": {
    "rsi": 55.51,
    "macd": {
      "line": -9.3627,
      "signal": -8.4265,
      "histogram": -0.9363
    },
    "bollinger_bands": {
      "upper": 602.54,
      "middle": 564.44,
      "lower": 526.34
    }
  },
  "bsm_analysis": {
    "greeks": {
      "delta": 0.5416,
      "gamma": 0.004378,
      "theta": -0.6403,
      "vega": 0.6765,
      "rho": 0.2341
    },
    "atm_call_price": 37.34,
    "atm_put_price": 34.78,
    "implied_move": 1.32
  },
  "prediction": {
    "signal": "NEUTRAL",
    "score": -1,
    "confidence": 25.0,
    "reasons": [
      "MACD histogram negative (bearish momentum)"
    ],
    "target_price": 594.62,
    "support": 589.11,
    "resistance": 599.64
  },
  "simulation": {
    "statistics": {
      "mean": 594.6185538786722,
      "std": 7.879334003188735,
      "p05": 582.145514359622,
      "p25": 589.1080463804086,
      "p50": 594.8674220793974,
      "p75": 599.6384880529951,
      "p95": 607.4332428886829,
      "min": 570.3398232686725,
      "max": 621.1325594101949
    },
    "simulations": 1000,
    "volatility": 0.5316
  }
}