{
  "ticker": "SPY",
  "timestamp": "2026-03-29T07:36:55.654867",
  "current_price": 593.63,
  "forecast_minutes": 60,
  "technical_indicators": {
    "rsi": 53.75,
    "macd": {
      "line": -1.8959,
      "signal": -1.7063,
      "histogram": -0.1896
    },
    "bollinger_bands": {
      "upper": 602.63,
      "middle": 590.05,
      "lower": 577.46
    }
  },
  "bsm_analysis": {
    "greeks": {
      "delta": 0.5528,
      "gamma": 0.017583,
      "theta": -0.1939,
      "vega": 0.673,
      "rho": 0.2613
    },
    "atm_call_price": 10.29,
    "atm_put_price": 7.73,
    "implied_move": 0.33
  },
  "prediction": {
    "signal": "NEUTRAL",
    "score": -1,
    "confidence": 25.0,
    "reasons": [
      "MACD histogram negative (bearish momentum)"
    ],
    "target_price": 593.65,
    "support": 592.31,
    "resistance": 595.05
  },
  "simulation": {
    "statistics": {
      "mean": 593.6535923055268,
      "std": 1.9375007664251565,
      "p05": 590.4901697687189,
      "p25": 592.3104629804335,
      "p50": 593.6399027462203,
      "p75": 595.0462449728166,
      "p95": 596.7656218147392,
      "min": 586.9510747244099,
      "max": 600.1033197657239
    },
    "simulations": 1000,
    "volatility": 0.1321
  }
}