{
  "ticker": "SPY",
  "timestamp": "2026-03-11T15:33:03.970735",
  "current_price": 597.27,
  "forecast_minutes": 60,
  "technical_indicators": {
    "rsi": 72.96,
    "macd": {
      "line": 4.3281,
      "signal": 3.8953,
      "histogram": 0.4328
    },
    "bollinger_bands": {
      "upper": 575.74,
      "middle": 552.33,
      "lower": 528.91
    }
  },
  "bsm_analysis": {
    "greeks": {
      "delta": 0.537,
      "gamma": 0.007155,
      "theta": -0.4103,
      "vega": 0.6802,
      "rho": 0.2444
    },
    "atm_call_price": 23.4,
    "atm_put_price": 20.83,
    "implied_move": 0.78
  },
  "prediction": {
    "signal": "NEUTRAL",
    "score": -1,
    "confidence": 25.0,
    "reasons": [
      "RSI indicates overbought conditions",
      "MACD histogram positive (bullish momentum)"
    ],
    "target_price": 597.39,
    "support": 594.26,
    "resistance": 600.43
  },
  "simulation": {
    "statistics": {
      "mean": 597.3883399679859,
      "std": 4.653403835147704,
      "p05": 589.8947040168703,
      "p25": 594.2559815696426,
      "p50": 597.2737729846375,
      "p75": 600.4311413273589,
      "p95": 605.1293444097507,
      "min": 583.1077364754092,
      "max": 611.8943346292018
    },
    "simulations": 1000,
    "volatility": 0.3242
  }
}