{
  "ticker": "SPY",
  "timestamp": "2026-04-09T22:46:19.890746",
  "current_price": 593.03,
  "forecast_minutes": 60,
  "technical_indicators": {
    "rsi": 54.86,
    "macd": {
      "line": 6.4979,
      "signal": 5.8481,
      "histogram": 0.6498
    },
    "bollinger_bands": {
      "upper": 631.01,
      "middle": 604.47,
      "lower": 577.92
    }
  },
  "bsm_analysis": {
    "greeks": {
      "delta": 0.5397,
      "gamma": 0.010498,
      "theta": -0.2939,
      "vega": 0.6749,
      "rho": 0.2496
    },
    "atm_call_price": 16.36,
    "atm_put_price": 13.81,
    "implied_move": 0.54
  },
  "prediction": {
    "signal": "NEUTRAL",
    "score": 1,
    "confidence": 25.0,
    "reasons": [
      "MACD histogram positive (bullish momentum)"
    ],
    "target_price": 593.08,
    "support": 590.92,
    "resistance": 595.13
  },
  "simulation": {
    "statistics": {
      "mean": 593.0817893066455,
      "std": 3.2281991297706276,
      "p05": 587.9468618658698,
      "p25": 590.915050007923,
      "p50": 593.175737972912,
      "p75": 595.132063567115,
      "p95": 598.3951477239428,
      "min": 578.3465855647871,
      "max": 603.3765207779321
    },
    "simulations": 1000,
    "volatility": 0.2224
  }
}