{
  "ticker": "SPY",
  "timestamp": "2026-03-06T03:36:11.961923",
  "current_price": 592.07,
  "forecast_minutes": 60,
  "technical_indicators": {
    "rsi": 53.07,
    "macd": {
      "line": 2.9683,
      "signal": 2.6715,
      "histogram": 0.2968
    },
    "bollinger_bands": {
      "upper": 610.95,
      "middle": 594.78,
      "lower": 578.6
    }
  },
  "bsm_analysis": {
    "greeks": {
      "delta": 0.5474,
      "gamma": 0.015023,
      "theta": -0.219,
      "vega": 0.6724,
      "rho": 0.2567
    },
    "atm_call_price": 11.82,
    "atm_put_price": 9.27,
    "implied_move": 0.39
  },
  "prediction": {
    "signal": "NEUTRAL",
    "score": 1,
    "confidence": 25.0,
    "reasons": [
      "MACD histogram positive (bullish momentum)"
    ],
    "target_price": 592.18,
    "support": 590.72,
    "resistance": 593.74
  },
  "simulation": {
    "statistics": {
      "mean": 592.1807653185413,
      "std": 2.2872237968113547,
      "p05": 588.2749838552406,
      "p25": 590.7173454461988,
      "p50": 592.1731219002208,
      "p75": 593.7358140624345,
      "p95": 595.8145103193401,
      "min": 584.251136538714,
      "max": 600.5847899451379
    },
    "simulations": 1000,
    "volatility": 0.1553
  }
}