{
  "ticker": "SPY",
  "timestamp": "2026-03-07T01:13:02.861499",
  "current_price": 593.58,
  "forecast_minutes": 60,
  "technical_indicators": {
    "rsi": 77.77,
    "macd": {
      "line": 4.5781,
      "signal": 4.1203,
      "histogram": 0.4578
    },
    "bollinger_bands": {
      "upper": 586.21,
      "middle": 566.99,
      "lower": 547.76
    }
  },
  "bsm_analysis": {
    "greeks": {
      "delta": 0.5393,
      "gamma": 0.010207,
      "theta": -0.301,
      "vega": 0.6756,
      "rho": 0.2493
    },
    "atm_call_price": 16.79,
    "atm_put_price": 14.24,
    "implied_move": 0.55
  },
  "prediction": {
    "signal": "NEUTRAL",
    "score": -1,
    "confidence": 25.0,
    "reasons": [
      "RSI indicates overbought conditions",
      "MACD histogram positive (bullish momentum)"
    ],
    "target_price": 593.58,
    "support": 591.36,
    "resistance": 595.65
  },
  "simulation": {
    "statistics": {
      "mean": 593.5832143097442,
      "std": 3.2628847023269953,
      "p05": 588.1910440196718,
      "p25": 591.3560939989225,
      "p50": 593.4677420356054,
      "p75": 595.6516497975772,
      "p95": 598.9976254749549,
      "min": 584.8714423259096,
      "max": 604.9627997012826
    },
    "simulations": 1000,
    "volatility": 0.2286
  }
}