{
  "ticker": "SPY",
  "timestamp": "2026-03-09T15:08:03.733540",
  "current_price": 597.13,
  "forecast_minutes": 60,
  "technical_indicators": {
    "rsi": 54.2,
    "macd": {
      "line": 6.7195,
      "signal": 6.0476,
      "histogram": 0.672
    },
    "bollinger_bands": {
      "upper": 613.05,
      "middle": 591.75,
      "lower": 570.45
    }
  },
  "bsm_analysis": {
    "greeks": {
      "delta": 0.5414,
      "gamma": 0.011578,
      "theta": -0.271,
      "vega": 0.6793,
      "rho": 0.2534
    },
    "atm_call_price": 14.97,
    "atm_put_price": 12.39,
    "implied_move": 0.5
  },
  "prediction": {
    "signal": "NEUTRAL",
    "score": 1,
    "confidence": 25.0,
    "reasons": [
      "MACD histogram positive (bullish momentum)"
    ],
    "target_price": 596.88,
    "support": 594.74,
    "resistance": 598.82
  },
  "simulation": {
    "statistics": {
      "mean": 596.8784530008465,
      "std": 3.0152142013059327,
      "p05": 591.7449492067615,
      "p25": 594.7383854125358,
      "p50": 596.8965576633501,
      "p75": 598.8162262858713,
      "p95": 601.6882929412313,
      "min": 586.5769317166557,
      "max": 605.6388894702338
    },
    "simulations": 1000,
    "volatility": 0.2002
  }
}