{
  "ticker": "SPY",
  "timestamp": "2026-03-01T19:10:00.589560",
  "current_price": 597.28,
  "forecast_minutes": 60,
  "technical_indicators": {
    "rsi": 50.57,
    "macd": {
      "line": 1.8029,
      "signal": 1.6226,
      "histogram": 0.1803
    },
    "bollinger_bands": {
      "upper": 619.8,
      "middle": 607.41,
      "lower": 595.03
    }
  },
  "bsm_analysis": {
    "greeks": {
      "delta": 0.5451,
      "gamma": 0.013707,
      "theta": -0.236,
      "vega": 0.6788,
      "rho": 0.257
    },
    "atm_call_price": 12.84,
    "atm_put_price": 10.27,
    "implied_move": 0.4
  },
  "prediction": {
    "signal": "NEUTRAL",
    "score": 1,
    "confidence": 25.0,
    "reasons": [
      "MACD histogram positive (bullish momentum)"
    ],
    "target_price": 597.32,
    "support": 595.72,
    "resistance": 598.86
  },
  "simulation": {
    "statistics": {
      "mean": 597.320047330848,
      "std": 2.4151843176232672,
      "p05": 593.3776045845283,
      "p25": 595.7195967370661,
      "p50": 597.3409038793443,
      "p75": 598.861517280571,
      "p95": 601.1980156587841,
      "min": 589.1960182736882,
      "max": 604.7018818119813
    },
    "simulations": 1000,
    "volatility": 0.1689
  }
}