{
  "ticker": "SPY",
  "timestamp": "2026-03-05T10:48:12.952902",
  "current_price": 594.34,
  "forecast_minutes": 60,
  "technical_indicators": {
    "rsi": 71.73,
    "macd": {
      "line": 6.9576,
      "signal": 6.2618,
      "histogram": 0.6958
    },
    "bollinger_bands": {
      "upper": 606.35,
      "middle": 584.83,
      "lower": 563.32
    }
  },
  "bsm_analysis": {
    "greeks": {
      "delta": 0.5476,
      "gamma": 0.01505,
      "theta": -0.2189,
      "vega": 0.6749,
      "rho": 0.2578
    },
    "atm_call_price": 11.81,
    "atm_put_price": 9.25,
    "implied_move": 0.37
  },
  "prediction": {
    "signal": "NEUTRAL",
    "score": -1,
    "confidence": 25.0,
    "reasons": [
      "RSI indicates overbought conditions",
      "MACD histogram positive (bullish momentum)"
    ],
    "target_price": 594.42,
    "support": 592.98,
    "resistance": 595.86
  },
  "simulation": {
    "statistics": {
      "mean": 594.4238397855712,
      "std": 2.2000771188976165,
      "p05": 590.9955865811098,
      "p25": 592.9780525331645,
      "p50": 594.4003040641404,
      "p75": 595.858917822515,
      "p95": 598.119852537301,
      "min": 586.8157291064686,
      "max": 601.2105434781108
    },
    "simulations": 1000,
    "volatility": 0.1545
  }
}