{
  "ticker": "SPY",
  "timestamp": "2026-02-15T15:42:30.049324",
  "current_price": 597.14,
  "forecast_minutes": 60,
  "technical_indicators": {
    "rsi": 38.1,
    "macd": {
      "line": -4.0726,
      "signal": -3.6653,
      "histogram": -0.4073
    },
    "bollinger_bands": {
      "upper": 619.49,
      "middle": 596.36,
      "lower": 573.23
    }
  },
  "bsm_analysis": {
    "greeks": {
      "delta": 0.541,
      "gamma": 0.011316,
      "theta": -0.2762,
      "vega": 0.6794,
      "rho": 0.2529
    },
    "atm_call_price": 15.28,
    "atm_put_price": 12.71,
    "implied_move": 0.52
  },
  "prediction": {
    "signal": "NEUTRAL",
    "score": -1,
    "confidence": 25.0,
    "reasons": [
      "MACD histogram negative (bearish momentum)"
    ],
    "target_price": 597.14,
    "support": 595.15,
    "resistance": 599.2
  },
  "simulation": {
    "statistics": {
      "mean": 597.1416578683564,
      "std": 3.1130047077486287,
      "p05": 592.1028446624147,
      "p25": 595.1509325461545,
      "p50": 597.045146032927,
      "p75": 599.1956451695764,
      "p95": 602.3084656410412,
      "min": 586.7557657919273,
      "max": 607.6250221625425
    },
    "simulations": 1000,
    "volatility": 0.2048
  }
}