{
  "ticker": "SPY",
  "timestamp": "2026-03-08T14:10:43.656746",
  "current_price": 592.29,
  "forecast_minutes": 60,
  "technical_indicators": {
    "rsi": 65.9,
    "macd": {
      "line": 7.5925,
      "signal": 6.8333,
      "histogram": 0.7593
    },
    "bollinger_bands": {
      "upper": 608.74,
      "middle": 584.1,
      "lower": 559.46
    }
  },
  "bsm_analysis": {
    "greeks": {
      "delta": 0.5448,
      "gamma": 0.013642,
      "theta": -0.2366,
      "vega": 0.6731,
      "rho": 0.2546
    },
    "atm_call_price": 12.89,
    "atm_put_price": 10.34,
    "implied_move": 0.43
  },
  "prediction": {
    "signal": "NEUTRAL",
    "score": 1,
    "confidence": 25.0,
    "reasons": [
      "MACD histogram positive (bullish momentum)"
    ],
    "target_price": 592.32,
    "support": 590.62,
    "resistance": 594.04
  },
  "simulation": {
    "statistics": {
      "mean": 592.3170831651352,
      "std": 2.5494511156036737,
      "p05": 588.2918665438913,
      "p25": 590.6227852494255,
      "p50": 592.301597609819,
      "p75": 594.0371447955081,
      "p95": 596.6315975345248,
      "min": 584.0938173533815,
      "max": 601.6501627137857
    },
    "simulations": 1000,
    "volatility": 0.1711
  }
}