{
  "ticker": "SPY",
  "timestamp": "2026-04-02T22:57:45.779764",
  "current_price": 593.1,
  "forecast_minutes": 60,
  "technical_indicators": {
    "rsi": 67.3,
    "macd": {
      "line": 4.252,
      "signal": 3.8268,
      "histogram": 0.4252
    },
    "bollinger_bands": {
      "upper": 599.71,
      "middle": 581.26,
      "lower": 562.82
    }
  },
  "bsm_analysis": {
    "greeks": {
      "delta": 0.5458,
      "gamma": 0.014164,
      "theta": -0.2296,
      "vega": 0.6739,
      "rho": 0.2558
    },
    "atm_call_price": 12.46,
    "atm_put_price": 9.91,
    "implied_move": 0.41
  },
  "prediction": {
    "signal": "NEUTRAL",
    "score": 1,
    "confidence": 25.0,
    "reasons": [
      "MACD histogram positive (bullish momentum)"
    ],
    "target_price": 593.09,
    "support": 591.49,
    "resistance": 594.73
  },
  "simulation": {
    "statistics": {
      "mean": 593.0948094424133,
      "std": 2.409708678779496,
      "p05": 589.292488606571,
      "p25": 591.4929439908987,
      "p50": 592.9848720492419,
      "p75": 594.7329448170011,
      "p95": 597.1337244541946,
      "min": 585.1081870379822,
      "max": 602.9865342681817
    },
    "simulations": 1000,
    "volatility": 0.1645
  }
}