{
  "ticker": "SPY",
  "timestamp": "2026-02-25T06:41:42.363576",
  "current_price": 595.89,
  "forecast_minutes": 60,
  "technical_indicators": {
    "rsi": 58.02,
    "macd": {
      "line": 4.9905,
      "signal": 4.4915,
      "histogram": 0.4991
    },
    "bollinger_bands": {
      "upper": 605.04,
      "middle": 591.22,
      "lower": 577.4
    }
  },
  "bsm_analysis": {
    "greeks": {
      "delta": 0.5596,
      "gamma": 0.020512,
      "theta": -0.1731,
      "vega": 0.6739,
      "rho": 0.2667
    },
    "atm_call_price": 9.01,
    "atm_put_price": 6.44,
    "implied_move": 0.27
  },
  "prediction": {
    "signal": "NEUTRAL",
    "score": 1,
    "confidence": 25.0,
    "reasons": [
      "MACD histogram positive (bullish momentum)"
    ],
    "target_price": 595.87,
    "support": 594.78,
    "resistance": 597.01
  },
  "simulation": {
    "statistics": {
      "mean": 595.870630015326,
      "std": 1.6380234326852001,
      "p05": 593.1703031458096,
      "p25": 594.7800784665462,
      "p50": 595.8693108254666,
      "p75": 597.0079581935115,
      "p95": 598.3999169460061,
      "min": 589.6919542800798,
      "max": 600.6947059259328
    },
    "simulations": 1000,
    "volatility": 0.1126
  }
}