{
  "ticker": "SPY",
  "timestamp": "2026-02-15T19:56:49.247103",
  "current_price": 592.72,
  "forecast_minutes": 60,
  "technical_indicators": {
    "rsi": 67.69,
    "macd": {
      "line": 6.6626,
      "signal": 5.9963,
      "histogram": 0.6663
    },
    "bollinger_bands": {
      "upper": 587.33,
      "middle": 567.25,
      "lower": 547.18
    }
  },
  "bsm_analysis": {
    "greeks": {
      "delta": 0.5455,
      "gamma": 0.014009,
      "theta": -0.2316,
      "vega": 0.6735,
      "rho": 0.2554
    },
    "atm_call_price": 12.58,
    "atm_put_price": 10.03,
    "implied_move": 0.42
  },
  "prediction": {
    "signal": "NEUTRAL",
    "score": 1,
    "confidence": 25.0,
    "reasons": [
      "MACD histogram positive (bullish momentum)"
    ],
    "target_price": 592.77,
    "support": 591.07,
    "resistance": 594.42
  },
  "simulation": {
    "statistics": {
      "mean": 592.7701552510094,
      "std": 2.492316477667496,
      "p05": 588.6680390328876,
      "p25": 591.0662941712782,
      "p50": 592.7124241350265,
      "p75": 594.4244139550631,
      "p95": 596.8699230845883,
      "min": 586.2482643479699,
      "max": 601.5994006269042
    },
    "simulations": 1000,
    "volatility": 0.1665
  }
}