{
  "ticker": "SPY",
  "timestamp": "2026-02-10T09:08:31.008248",
  "current_price": 594.39,
  "forecast_minutes": 60,
  "technical_indicators": {
    "rsi": 50.99,
    "macd": {
      "line": -2.4699,
      "signal": -2.2229,
      "histogram": -0.247
    },
    "bollinger_bands": {
      "upper": 596.42,
      "middle": 583.48,
      "lower": 570.53
    }
  },
  "bsm_analysis": {
    "greeks": {
      "delta": 0.5463,
      "gamma": 0.014416,
      "theta": -0.2265,
      "vega": 0.6752,
      "rho": 0.2568
    },
    "atm_call_price": 12.27,
    "atm_put_price": 9.71,
    "implied_move": 0.4
  },
  "prediction": {
    "signal": "NEUTRAL",
    "score": -1,
    "confidence": 25.0,
    "reasons": [
      "MACD histogram negative (bearish momentum)"
    ],
    "target_price": 594.43,
    "support": 592.82,
    "resistance": 595.99
  },
  "simulation": {
    "statistics": {
      "mean": 594.4326219395311,
      "std": 2.4006111957574117,
      "p05": 590.5116484447799,
      "p25": 592.8173009790527,
      "p50": 594.4418273389942,
      "p75": 595.9930480122132,
      "p95": 598.3211487600651,
      "min": 587.0136322097935,
      "max": 602.807814930183
    },
    "simulations": 1000,
    "volatility": 0.1613
  }
}