{
  "ticker": "SPY",
  "timestamp": "2026-03-19T09:48:31.706921",
  "current_price": 593.76,
  "forecast_minutes": 60,
  "technical_indicators": {
    "rsi": 70.32,
    "macd": {
      "line": 7.0866,
      "signal": 6.378,
      "histogram": 0.7087
    },
    "bollinger_bands": {
      "upper": 606.78,
      "middle": 580.92,
      "lower": 555.06
    }
  },
  "bsm_analysis": {
    "greeks": {
      "delta": 0.5499,
      "gamma": 0.016176,
      "theta": -0.2068,
      "vega": 0.6738,
      "rho": 0.2592
    },
    "atm_call_price": 11.07,
    "atm_put_price": 8.52,
    "implied_move": 0.36
  },
  "prediction": {
    "signal": "NEUTRAL",
    "score": -1,
    "confidence": 25.0,
    "reasons": [
      "RSI indicates overbought conditions",
      "MACD histogram positive (bullish momentum)"
    ],
    "target_price": 593.89,
    "support": 592.5,
    "resistance": 595.38
  },
  "simulation": {
    "statistics": {
      "mean": 593.8928392988324,
      "std": 2.1471667403583554,
      "p05": 590.3172147744161,
      "p25": 592.5014819235855,
      "p50": 593.8477094258492,
      "p75": 595.3822587120499,
      "p95": 597.4567346551256,
      "min": 587.1035234242652,
      "max": 600.9895509349635
    },
    "simulations": 1000,
    "volatility": 0.1438
  }
}