{
  "ticker": "SPY",
  "timestamp": "2026-03-10T15:39:10.187055",
  "current_price": 592.41,
  "forecast_minutes": 60,
  "technical_indicators": {
    "rsi": 61.78,
    "macd": {
      "line": 4.0746,
      "signal": 3.6672,
      "histogram": 0.4075
    },
    "bollinger_bands": {
      "upper": 589.6,
      "middle": 572.8,
      "lower": 556.0
    }
  },
  "bsm_analysis": {
    "greeks": {
      "delta": 0.5378,
      "gamma": 0.008819,
      "theta": -0.3412,
      "vega": 0.6745,
      "rho": 0.246
    },
    "atm_call_price": 19.23,
    "atm_put_price": 16.68,
    "implied_move": 0.66
  },
  "prediction": {
    "signal": "NEUTRAL",
    "score": 1,
    "confidence": 25.0,
    "reasons": [
      "MACD histogram positive (bullish momentum)"
    ],
    "target_price": 592.36,
    "support": 589.69,
    "resistance": 594.98
  },
  "simulation": {
    "statistics": {
      "mean": 592.3633762877981,
      "std": 3.90519746882628,
      "p05": 586.1538241720906,
      "p25": 589.6924158579407,
      "p50": 592.2585719918902,
      "p75": 594.9844870200822,
      "p95": 598.726832502194,
      "min": 580.9946574198281,
      "max": 605.6252071040956
    },
    "simulations": 1000,
    "volatility": 0.2652
  }
}