{
  "ticker": "SPY",
  "timestamp": "2026-03-13T09:19:13.760903",
  "current_price": 597.15,
  "forecast_minutes": 60,
  "technical_indicators": {
    "rsi": 64.68,
    "macd": {
      "line": 4.1601,
      "signal": 3.7441,
      "histogram": 0.416
    },
    "bollinger_bands": {
      "upper": 595.02,
      "middle": 578.29,
      "lower": 561.56
    }
  },
  "bsm_analysis": {
    "greeks": {
      "delta": 0.5416,
      "gamma": 0.011709,
      "theta": -0.2685,
      "vega": 0.6793,
      "rho": 0.2536
    },
    "atm_call_price": 14.81,
    "atm_put_price": 12.24,
    "implied_move": 0.51
  },
  "prediction": {
    "signal": "NEUTRAL",
    "score": 1,
    "confidence": 25.0,
    "reasons": [
      "MACD histogram positive (bullish momentum)"
    ],
    "target_price": 597.24,
    "support": 595.21,
    "resistance": 599.31
  },
  "simulation": {
    "statistics": {
      "mean": 597.2369992413315,
      "std": 3.0242066617814944,
      "p05": 592.2528760091234,
      "p25": 595.2126218161027,
      "p50": 597.1925073112964,
      "p75": 599.3053581455079,
      "p95": 602.0669169712851,
      "min": 586.9442921262947,
      "max": 607.689062887939
    },
    "simulations": 1000,
    "volatility": 0.1979
  }
}