{
  "ticker": "SPY",
  "timestamp": "2026-03-28T19:44:37.829843",
  "current_price": 594.45,
  "forecast_minutes": 60,
  "technical_indicators": {
    "rsi": 80.87,
    "macd": {
      "line": 6.2078,
      "signal": 5.587,
      "histogram": 0.6208
    },
    "bollinger_bands": {
      "upper": 589.32,
      "middle": 568.76,
      "lower": 548.21
    }
  },
  "bsm_analysis": {
    "greeks": {
      "delta": 0.5474,
      "gamma": 0.014931,
      "theta": -0.2202,
      "vega": 0.6751,
      "rho": 0.2577
    },
    "atm_call_price": 11.89,
    "atm_put_price": 9.33,
    "implied_move": 0.38
  },
  "prediction": {
    "signal": "NEUTRAL",
    "score": -1,
    "confidence": 25.0,
    "reasons": [
      "RSI indicates overbought conditions",
      "MACD histogram positive (bullish momentum)"
    ],
    "target_price": 594.46,
    "support": 592.88,
    "resistance": 595.95
  },
  "simulation": {
    "statistics": {
      "mean": 594.4582766797473,
      "std": 2.2385888417576147,
      "p05": 590.7298941891207,
      "p25": 592.8791795193303,
      "p50": 594.5177989760965,
      "p75": 595.9464352908742,
      "p95": 598.1671371635503,
      "min": 587.7600798352972,
      "max": 602.0713122033101
    },
    "simulations": 1000,
    "volatility": 0.1557
  }
}