{
  "ticker": "SPY",
  "timestamp": "2026-03-22T10:58:43.938840",
  "current_price": 594.61,
  "forecast_minutes": 60,
  "technical_indicators": {
    "rsi": 35.98,
    "macd": {
      "line": -4.0964,
      "signal": -3.6868,
      "histogram": -0.4096
    },
    "bollinger_bands": {
      "upper": 615.63,
      "middle": 600.8,
      "lower": 585.96
    }
  },
  "bsm_analysis": {
    "greeks": {
      "delta": 0.5557,
      "gamma": 0.018869,
      "theta": -0.184,
      "vega": 0.6734,
      "rho": 0.2636
    },
    "atm_call_price": 9.68,
    "atm_put_price": 7.12,
    "implied_move": 0.31
  },
  "prediction": {
    "signal": "NEUTRAL",
    "score": -1,
    "confidence": 25.0,
    "reasons": [
      "MACD histogram negative (bearish momentum)"
    ],
    "target_price": 594.64,
    "support": 593.42,
    "resistance": 595.79
  },
  "simulation": {
    "statistics": {
      "mean": 594.6356428746851,
      "std": 1.8247605724353069,
      "p05": 591.6700230145162,
      "p25": 593.4166536077394,
      "p50": 594.6001222217992,
      "p75": 595.7934475953872,
      "p95": 597.5601660527964,
      "min": 589.8602512005705,
      "max": 600.8300095863992
    },
    "simulations": 1000,
    "volatility": 0.1228
  }
}