{
  "ticker": "SPY",
  "timestamp": "2026-04-07T21:25:08.156364",
  "current_price": 595.2,
  "forecast_minutes": 60,
  "technical_indicators": {
    "rsi": 46.09,
    "macd": {
      "line": -1.3856,
      "signal": -1.247,
      "histogram": -0.1386
    },
    "bollinger_bands": {
      "upper": 612.13,
      "middle": 601.58,
      "lower": 591.03
    }
  },
  "bsm_analysis": {
    "greeks": {
      "delta": 0.5497,
      "gamma": 0.016038,
      "theta": -0.2083,
      "vega": 0.6755,
      "rho": 0.2597
    },
    "atm_call_price": 11.16,
    "atm_put_price": 8.6,
    "implied_move": 0.35
  },
  "prediction": {
    "signal": "NEUTRAL",
    "score": -1,
    "confidence": 25.0,
    "reasons": [
      "MACD histogram negative (bearish momentum)"
    ],
    "target_price": 595.24,
    "support": 593.78,
    "resistance": 596.75
  },
  "simulation": {
    "statistics": {
      "mean": 595.2398487759568,
      "std": 2.1060846010774856,
      "p05": 591.7837509082542,
      "p25": 593.7832462115202,
      "p50": 595.3066898311963,
      "p75": 596.7547946347233,
      "p95": 598.6190537816667,
      "min": 587.5023765816129,
      "max": 601.9773981856208
    },
    "simulations": 1000,
    "volatility": 0.1446
  }
}