{
  "ticker": "SPY",
  "timestamp": "2026-03-08T11:08:33.859200",
  "current_price": 597.76,
  "forecast_minutes": 60,
  "technical_indicators": {
    "rsi": 25.95,
    "macd": {
      "line": -1.6478,
      "signal": -1.483,
      "histogram": -0.1648
    },
    "bollinger_bands": {
      "upper": 655.67,
      "middle": 632.71,
      "lower": 609.76
    }
  },
  "bsm_analysis": {
    "greeks": {
      "delta": 0.5394,
      "gamma": 0.010207,
      "theta": -0.3013,
      "vega": 0.6804,
      "rho": 0.2512
    },
    "atm_call_price": 16.8,
    "atm_put_price": 14.23,
    "implied_move": 0.56
  },
  "prediction": {
    "signal": "NEUTRAL",
    "score": 1,
    "confidence": 25.0,
    "reasons": [
      "RSI indicates oversold conditions",
      "MACD histogram negative (bearish momentum)"
    ],
    "target_price": 597.86,
    "support": 595.6,
    "resistance": 600.2
  },
  "simulation": {
    "statistics": {
      "mean": 597.8572774245293,
      "std": 3.321243152203712,
      "p05": 592.3486322361545,
      "p25": 595.5982656204909,
      "p50": 597.8144793180372,
      "p75": 600.2011402338865,
      "p95": 603.1224203276532,
      "min": 584.3009234492823,
      "max": 608.3470551035545
    },
    "simulations": 1000,
    "volatility": 0.227
  }
}