{
  "ticker": "SPY",
  "timestamp": "2026-03-23T10:35:27.872141",
  "current_price": 596.76,
  "forecast_minutes": 60,
  "technical_indicators": {
    "rsi": 79.79,
    "macd": {
      "line": 3.86,
      "signal": 3.474,
      "histogram": 0.386
    },
    "bollinger_bands": {
      "upper": 584.29,
      "middle": 563.79,
      "lower": 543.28
    }
  },
  "bsm_analysis": {
    "greeks": {
      "delta": 0.5395,
      "gamma": 0.01033,
      "theta": -0.2982,
      "vega": 0.6792,
      "rho": 0.251
    },
    "atm_call_price": 16.61,
    "atm_put_price": 14.05,
    "implied_move": 0.55
  },
  "prediction": {
    "signal": "NEUTRAL",
    "score": -1,
    "confidence": 25.0,
    "reasons": [
      "RSI indicates overbought conditions",
      "MACD histogram positive (bullish momentum)"
    ],
    "target_price": 596.53,
    "support": 594.4,
    "resistance": 598.69
  },
  "simulation": {
    "statistics": {
      "mean": 596.5319659641103,
      "std": 3.3097455495878885,
      "p05": 591.1110913632025,
      "p25": 594.3961008962747,
      "p50": 596.5817122853148,
      "p75": 598.6904715842322,
      "p95": 601.8943134977517,
      "min": 586.0633279770042,
      "max": 607.5121350115254
    },
    "simulations": 1000,
    "volatility": 0.2246
  }
}