{
  "ticker": "SPY",
  "timestamp": "2026-03-09T04:56:00.925045",
  "current_price": 594.77,
  "forecast_minutes": 60,
  "technical_indicators": {
    "rsi": 54.02,
    "macd": {
      "line": 0.2605,
      "signal": 0.2345,
      "histogram": 0.0261
    },
    "bollinger_bands": {
      "upper": 607.7,
      "middle": 594.12,
      "lower": 580.55
    }
  },
  "bsm_analysis": {
    "greeks": {
      "delta": 0.5492,
      "gamma": 0.015816,
      "theta": -0.2105,
      "vega": 0.6751,
      "rho": 0.2592
    },
    "atm_call_price": 11.3,
    "atm_put_price": 8.74,
    "implied_move": 0.36
  },
  "prediction": {
    "signal": "NEUTRAL",
    "score": 1,
    "confidence": 25.0,
    "reasons": [
      "MACD histogram positive (bullish momentum)"
    ],
    "target_price": 594.67,
    "support": 593.23,
    "resistance": 596.21
  },
  "simulation": {
    "statistics": {
      "mean": 594.6717970236972,
      "std": 2.1587099735657125,
      "p05": 591.1957947201898,
      "p25": 593.2337526857189,
      "p50": 594.5321915595373,
      "p75": 596.2083859152492,
      "p95": 598.072665504829,
      "min": 588.3831080634969,
      "max": 601.3892152993837
    },
    "simulations": 1000,
    "volatility": 0.1468
  }
}