{
  "ticker": "SPY",
  "timestamp": "2026-03-20T07:34:46.973015",
  "current_price": 597.73,
  "forecast_minutes": 60,
  "technical_indicators": {
    "rsi": 63.55,
    "macd": {
      "line": 0.4408,
      "signal": 0.3967,
      "histogram": 0.0441
    },
    "bollinger_bands": {
      "upper": 591.45,
      "middle": 578.48,
      "lower": 565.51
    }
  },
  "bsm_analysis": {
    "greeks": {
      "delta": 0.5401,
      "gamma": 0.01072,
      "theta": -0.2891,
      "vega": 0.6802,
      "rho": 0.2521
    },
    "atm_call_price": 16.06,
    "atm_put_price": 13.49,
    "implied_move": 0.53
  },
  "prediction": {
    "signal": "NEUTRAL",
    "score": 1,
    "confidence": 25.0,
    "reasons": [
      "MACD histogram positive (bullish momentum)"
    ],
    "target_price": 597.77,
    "support": 595.66,
    "resistance": 599.81
  },
  "simulation": {
    "statistics": {
      "mean": 597.7674714413937,
      "std": 3.13829633838209,
      "p05": 592.7558651782309,
      "p25": 595.6613073148587,
      "p50": 597.6402789202591,
      "p75": 599.8063298155781,
      "p95": 603.1204277932706,
      "min": 587.9558679253191,
      "max": 608.0322855537453
    },
    "simulations": 1000,
    "volatility": 0.2161
  }
}