{
  "ticker": "SPY",
  "timestamp": "2026-03-27T17:07:10.874093",
  "current_price": 592.52,
  "forecast_minutes": 60,
  "technical_indicators": {
    "rsi": 73.9,
    "macd": {
      "line": 9.734,
      "signal": 8.7606,
      "histogram": 0.9734
    },
    "bollinger_bands": {
      "upper": 579.58,
      "middle": 547.86,
      "lower": 516.13
    }
  },
  "bsm_analysis": {
    "greeks": {
      "delta": 0.5401,
      "gamma": 0.010821,
      "theta": -0.2864,
      "vega": 0.6743,
      "rho": 0.2499
    },
    "atm_call_price": 15.91,
    "atm_put_price": 13.36,
    "implied_move": 0.54
  },
  "prediction": {
    "signal": "NEUTRAL",
    "score": -1,
    "confidence": 25.0,
    "reasons": [
      "RSI indicates overbought conditions",
      "MACD histogram positive (bullish momentum)"
    ],
    "target_price": 592.37,
    "support": 590.27,
    "resistance": 594.69
  },
  "simulation": {
    "statistics": {
      "mean": 592.3690068009771,
      "std": 3.1930765134739345,
      "p05": 587.2200007754595,
      "p25": 590.2651396895216,
      "p50": 592.3020498686662,
      "p75": 594.6935357408304,
      "p95": 597.5910265973457,
      "min": 580.6875379393372,
      "max": 601.8914597010869
    },
    "simulations": 1000,
    "volatility": 0.2159
  }
}