{
  "ticker": "SPY",
  "timestamp": "2026-03-01T16:09:57.197146",
  "current_price": 597.05,
  "forecast_minutes": 60,
  "technical_indicators": {
    "rsi": 46.32,
    "macd": {
      "line": -0.0659,
      "signal": -0.0593,
      "histogram": -0.0066
    },
    "bollinger_bands": {
      "upper": 609.03,
      "middle": 595.68,
      "lower": 582.33
    }
  },
  "bsm_analysis": {
    "greeks": {
      "delta": 0.5609,
      "gamma": 0.021033,
      "theta": -0.1701,
      "vega": 0.6749,
      "rho": 0.268
    },
    "atm_call_price": 8.82,
    "atm_put_price": 6.25,
    "implied_move": 0.28
  },
  "prediction": {
    "signal": "NEUTRAL",
    "score": -1,
    "confidence": 25.0,
    "reasons": [
      "MACD histogram negative (bearish momentum)"
    ],
    "target_price": 597.06,
    "support": 595.91,
    "resistance": 598.21
  },
  "simulation": {
    "statistics": {
      "mean": 597.0617916670203,
      "std": 1.642231381661117,
      "p05": 594.2929430895583,
      "p25": 595.9141512842557,
      "p50": 597.0388059993624,
      "p75": 598.2098831520013,
      "p95": 599.7753844051255,
      "min": 592.2871688313708,
      "max": 601.7836107126543
    },
    "simulations": 1000,
    "volatility": 0.1095
  }
}