{
  "ticker": "SPY",
  "timestamp": "2026-02-17T23:33:57.400985",
  "current_price": 595.66,
  "forecast_minutes": 60,
  "technical_indicators": {
    "rsi": 79.04,
    "macd": {
      "line": 6.986,
      "signal": 6.2874,
      "histogram": 0.6986
    },
    "bollinger_bands": {
      "upper": 599.22,
      "middle": 573.43,
      "lower": 547.64
    }
  },
  "bsm_analysis": {
    "greeks": {
      "delta": 0.5462,
      "gamma": 0.014308,
      "theta": -0.2279,
      "vega": 0.6767,
      "rho": 0.2573
    },
    "atm_call_price": 12.35,
    "atm_put_price": 9.79,
    "implied_move": 0.4
  },
  "prediction": {
    "signal": "NEUTRAL",
    "score": -1,
    "confidence": 25.0,
    "reasons": [
      "RSI indicates overbought conditions",
      "MACD histogram positive (bullish momentum)"
    ],
    "target_price": 595.65,
    "support": 594.0,
    "resistance": 597.33
  },
  "simulation": {
    "statistics": {
      "mean": 595.6472380148188,
      "std": 2.3852625734511466,
      "p05": 591.6949729296798,
      "p25": 594.0005106748187,
      "p50": 595.6852790589935,
      "p75": 597.3262847962654,
      "p95": 599.2786531419257,
      "min": 588.3687969584012,
      "max": 603.2462902404743
    },
    "simulations": 1000,
    "volatility": 0.1622
  }
}