{
  "ticker": "SPY",
  "timestamp": "2026-04-08T06:51:50.702059",
  "current_price": 593.7,
  "forecast_minutes": 60,
  "technical_indicators": {
    "rsi": 50.87,
    "macd": {
      "line": 6.4035,
      "signal": 5.7632,
      "histogram": 0.6404
    },
    "bollinger_bands": {
      "upper": 629.41,
      "middle": 604.46,
      "lower": 579.52
    }
  },
  "bsm_analysis": {
    "greeks": {
      "delta": 0.5394,
      "gamma": 0.010289,
      "theta": -0.299,
      "vega": 0.6757,
      "rho": 0.2495
    },
    "atm_call_price": 16.67,
    "atm_put_price": 14.11,
    "implied_move": 0.57
  },
  "prediction": {
    "signal": "NEUTRAL",
    "score": 1,
    "confidence": 25.0,
    "reasons": [
      "MACD histogram positive (bullish momentum)"
    ],
    "target_price": 593.56,
    "support": 591.21,
    "resistance": 595.72
  },
  "simulation": {
    "statistics": {
      "mean": 593.5555121845207,
      "std": 3.3681719483763826,
      "p05": 588.195282909283,
      "p25": 591.2119751310189,
      "p50": 593.5322391137247,
      "p75": 595.7241422825687,
      "p95": 599.0820363781071,
      "min": 581.3305573681059,
      "max": 605.7785784177194
    },
    "simulations": 1000,
    "volatility": 0.2267
  }
}