{
  "ticker": "SPY",
  "timestamp": "2026-03-09T17:07:49.506811",
  "current_price": 596.41,
  "forecast_minutes": 60,
  "technical_indicators": {
    "rsi": 49.16,
    "macd": {
      "line": -1.462,
      "signal": -1.3158,
      "histogram": -0.1462
    },
    "bollinger_bands": {
      "upper": 607.56,
      "middle": 596.58,
      "lower": 585.6
    }
  },
  "bsm_analysis": {
    "greeks": {
      "delta": 0.5438,
      "gamma": 0.013011,
      "theta": -0.2461,
      "vega": 0.678,
      "rho": 0.2555
    },
    "atm_call_price": 13.46,
    "atm_put_price": 10.89,
    "implied_move": 0.46
  },
  "prediction": {
    "signal": "NEUTRAL",
    "score": -1,
    "confidence": 25.0,
    "reasons": [
      "MACD histogram negative (bearish momentum)"
    ],
    "target_price": 596.36,
    "support": 594.47,
    "resistance": 598.18
  },
  "simulation": {
    "statistics": {
      "mean": 596.3601063492124,
      "std": 2.749858030099619,
      "p05": 591.773217962661,
      "p25": 594.4708412277789,
      "p50": 596.4027296682243,
      "p75": 598.1765450292729,
      "p95": 600.948042598873,
      "min": 589.0451643084061,
      "max": 604.4817739497969
    },
    "simulations": 1000,
    "volatility": 0.1782
  }
}