{
  "ticker": "SPY",
  "timestamp": "2026-03-20T07:08:54.391365",
  "current_price": 597.47,
  "forecast_minutes": 60,
  "technical_indicators": {
    "rsi": 42.15,
    "macd": {
      "line": -0.5155,
      "signal": -0.4639,
      "histogram": -0.0515
    },
    "bollinger_bands": {
      "upper": 604.3,
      "middle": 596.87,
      "lower": 589.44
    }
  },
  "bsm_analysis": {
    "greeks": {
      "delta": 0.564,
      "gamma": 0.022358,
      "theta": -0.1629,
      "vega": 0.6745,
      "rho": 0.2701
    },
    "atm_call_price": 8.37,
    "atm_put_price": 5.8,
    "implied_move": 0.25
  },
  "prediction": {
    "signal": "NEUTRAL",
    "score": -1,
    "confidence": 25.0,
    "reasons": [
      "MACD histogram negative (bearish momentum)"
    ],
    "target_price": 597.5,
    "support": 596.48,
    "resistance": 598.57
  },
  "simulation": {
    "statistics": {
      "mean": 597.4995386645621,
      "std": 1.5013383001207337,
      "p05": 594.9721444770107,
      "p25": 596.4789559256702,
      "p50": 597.4855282664228,
      "p75": 598.5710208419524,
      "p95": 599.9922538590065,
      "min": 593.5190374135851,
      "max": 602.4305953755082
    },
    "simulations": 1000,
    "volatility": 0.1028
  }
}