{
  "ticker": "SPY",
  "timestamp": "2026-02-09T03:20:18.408220",
  "current_price": 592.9,
  "forecast_minutes": 60,
  "technical_indicators": {
    "rsi": 49.59,
    "macd": {
      "line": 3.2744,
      "signal": 2.947,
      "histogram": 0.3274
    },
    "bollinger_bands": {
      "upper": 622.24,
      "middle": 604.48,
      "lower": 586.71
    }
  },
  "bsm_analysis": {
    "greeks": {
      "delta": 0.5389,
      "gamma": 0.009878,
      "theta": -0.3095,
      "vega": 0.6749,
      "rho": 0.2484
    },
    "atm_call_price": 17.31,
    "atm_put_price": 14.75,
    "implied_move": 0.59
  },
  "prediction": {
    "signal": "NEUTRAL",
    "score": 1,
    "confidence": 25.0,
    "reasons": [
      "MACD histogram positive (bullish momentum)"
    ],
    "target_price": 592.95,
    "support": 590.51,
    "resistance": 595.25
  },
  "simulation": {
    "statistics": {
      "mean": 592.9486393869944,
      "std": 3.488951238813302,
      "p05": 587.2771702501527,
      "p25": 590.5088582146966,
      "p50": 592.8055551969231,
      "p75": 595.2541238915867,
      "p95": 599.0148333384399,
      "min": 583.3044177239245,
      "max": 604.622043122199
    },
    "simulations": 1000,
    "volatility": 0.2365
  }
}