{
  "ticker": "SPY",
  "timestamp": "2026-02-27T00:38:50.316377",
  "current_price": 596.25,
  "forecast_minutes": 60,
  "technical_indicators": {
    "rsi": 35.25,
    "macd": {
      "line": 4.5635,
      "signal": 4.1071,
      "histogram": 0.4563
    },
    "bollinger_bands": {
      "upper": 677.61,
      "middle": 642.72,
      "lower": 607.83
    }
  },
  "bsm_analysis": {
    "greeks": {
      "delta": 0.5398,
      "gamma": 0.004881,
      "theta": -0.5795,
      "vega": 0.6786,
      "rho": 0.2369
    },
    "atm_call_price": 33.65,
    "atm_put_price": 31.08,
    "implied_move": 1.19
  },
  "prediction": {
    "signal": "NEUTRAL",
    "score": 1,
    "confidence": 25.0,
    "reasons": [
      "MACD histogram positive (bullish momentum)"
    ],
    "target_price": 596.43,
    "support": 591.68,
    "resistance": 601.19
  },
  "simulation": {
    "statistics": {
      "mean": 596.4320432779432,
      "std": 7.120931572735464,
      "p05": 584.9163757849838,
      "p25": 591.683181210783,
      "p50": 596.3605570197064,
      "p75": 601.187363109178,
      "p95": 607.8038096184531,
      "min": 572.6697315214915,
      "max": 623.1541046627278
    },
    "simulations": 1000,
    "volatility": 0.4757
  }
}