{
  "ticker": "SPY",
  "timestamp": "2026-02-28T16:09:26.985692",
  "current_price": 594.65,
  "forecast_minutes": 60,
  "technical_indicators": {
    "rsi": 75.14,
    "macd": {
      "line": 5.8035,
      "signal": 5.2232,
      "histogram": 0.5804
    },
    "bollinger_bands": {
      "upper": 592.06,
      "middle": 574.69,
      "lower": 557.33
    }
  },
  "bsm_analysis": {
    "greeks": {
      "delta": 0.5535,
      "gamma": 0.017845,
      "theta": -0.1919,
      "vega": 0.674,
      "rho": 0.2622
    },
    "atm_call_price": 10.16,
    "atm_put_price": 7.6,
    "implied_move": 0.33
  },
  "prediction": {
    "signal": "NEUTRAL",
    "score": -1,
    "confidence": 25.0,
    "reasons": [
      "RSI indicates overbought conditions",
      "MACD histogram positive (bullish momentum)"
    ],
    "target_price": 594.64,
    "support": 593.34,
    "resistance": 595.99
  },
  "simulation": {
    "statistics": {
      "mean": 594.6425322749246,
      "std": 1.941337447120956,
      "p05": 591.2803002672947,
      "p25": 593.336982451538,
      "p50": 594.6461791738024,
      "p75": 595.994878258025,
      "p95": 597.8491806582215,
      "min": 589.3666765229476,
      "max": 601.4820821033452
    },
    "simulations": 1000,
    "volatility": 0.13
  }
}