{
  "ticker": "SPY",
  "timestamp": "2026-03-29T23:30:39.128919",
  "current_price": 597.26,
  "forecast_minutes": 60,
  "technical_indicators": {
    "rsi": 36.62,
    "macd": {
      "line": -0.9039,
      "signal": -0.8135,
      "histogram": -0.0904
    },
    "bollinger_bands": {
      "upper": 655.88,
      "middle": 626.49,
      "lower": 597.1
    }
  },
  "bsm_analysis": {
    "greeks": {
      "delta": 0.5403,
      "gamma": 0.010861,
      "theta": -0.2859,
      "vega": 0.6796,
      "rho": 0.2522
    },
    "atm_call_price": 15.87,
    "atm_put_price": 13.3,
    "implied_move": 0.52
  },
  "prediction": {
    "signal": "NEUTRAL",
    "score": -1,
    "confidence": 25.0,
    "reasons": [
      "MACD histogram negative (bearish momentum)"
    ],
    "target_price": 597.34,
    "support": 595.22,
    "resistance": 599.41
  },
  "simulation": {
    "statistics": {
      "mean": 597.3359657429885,
      "std": 3.125750020232825,
      "p05": 592.0887582636534,
      "p25": 595.2157551853087,
      "p50": 597.4389862739455,
      "p75": 599.4084058157631,
      "p95": 602.4399730028528,
      "min": 583.9551908667625,
      "max": 606.0032555149809
    },
    "simulations": 1000,
    "volatility": 0.2134
  }
}