{
  "ticker": "SPY",
  "timestamp": "2026-03-19T02:40:48.286702",
  "current_price": 597.55,
  "forecast_minutes": 60,
  "technical_indicators": {
    "rsi": 66.47,
    "macd": {
      "line": 4.9191,
      "signal": 4.4272,
      "histogram": 0.4919
    },
    "bollinger_bands": {
      "upper": 585.38,
      "middle": 568.24,
      "lower": 551.1
    }
  },
  "bsm_analysis": {
    "greeks": {
      "delta": 0.5392,
      "gamma": 0.010047,
      "theta": -0.3054,
      "vega": 0.6801,
      "rho": 0.2508
    },
    "atm_call_price": 17.05,
    "atm_put_price": 14.47,
    "implied_move": 0.59
  },
  "prediction": {
    "signal": "NEUTRAL",
    "score": 1,
    "confidence": 25.0,
    "reasons": [
      "MACD histogram positive (bullish momentum)"
    ],
    "target_price": 597.61,
    "support": 595.27,
    "resistance": 599.99
  },
  "simulation": {
    "statistics": {
      "mean": 597.6082662898706,
      "std": 3.5001084655062087,
      "p05": 592.052732829684,
      "p25": 595.2708603858986,
      "p50": 597.5942324073388,
      "p75": 599.9880813618902,
      "p95": 603.2459357653051,
      "min": 586.6304574674464,
      "max": 611.0294541850951
    },
    "simulations": 1000,
    "volatility": 0.2307
  }
}