{
  "ticker": "SPY",
  "timestamp": "2026-03-01T17:52:50.174711",
  "current_price": 597.71,
  "forecast_minutes": 60,
  "technical_indicators": {
    "rsi": 27.5,
    "macd": {
      "line": -3.1029,
      "signal": -2.7926,
      "histogram": -0.3103
    },
    "bollinger_bands": {
      "upper": 652.94,
      "middle": 632.84,
      "lower": 612.75
    }
  },
  "bsm_analysis": {
    "greeks": {
      "delta": 0.5387,
      "gamma": 0.009634,
      "theta": -0.3165,
      "vega": 0.6804,
      "rho": 0.2501
    },
    "atm_call_price": 17.72,
    "atm_put_price": 15.15,
    "implied_move": 0.59
  },
  "prediction": {
    "signal": "NEUTRAL",
    "score": 1,
    "confidence": 25.0,
    "reasons": [
      "RSI indicates oversold conditions",
      "MACD histogram negative (bearish momentum)"
    ],
    "target_price": 597.78,
    "support": 595.38,
    "resistance": 600.2
  },
  "simulation": {
    "statistics": {
      "mean": 597.7803159401997,
      "std": 3.5403055361521054,
      "p05": 591.8678076510739,
      "p25": 595.3787456633046,
      "p50": 597.7890477421638,
      "p75": 600.1971088970298,
      "p95": 603.7953546113904,
      "min": 586.784177649475,
      "max": 610.6547704652635
    },
    "simulations": 1000,
    "volatility": 0.2405
  }
}