{
  "ticker": "SPY",
  "timestamp": "2026-03-26T22:47:13.536653",
  "current_price": 595.95,
  "forecast_minutes": 60,
  "technical_indicators": {
    "rsi": 34.83,
    "macd": {
      "line": 2.6834,
      "signal": 2.4151,
      "histogram": 0.2683
    },
    "bollinger_bands": {
      "upper": 626.94,
      "middle": 608.56,
      "lower": 590.18
    }
  },
  "bsm_analysis": {
    "greeks": {
      "delta": 0.5401,
      "gamma": 0.010785,
      "theta": -0.2875,
      "vega": 0.6782,
      "rho": 0.2514
    },
    "atm_call_price": 15.97,
    "atm_put_price": 13.4,
    "implied_move": 0.54
  },
  "prediction": {
    "signal": "NEUTRAL",
    "score": 1,
    "confidence": 25.0,
    "reasons": [
      "MACD histogram positive (bullish momentum)"
    ],
    "target_price": 596.0,
    "support": 593.82,
    "resistance": 598.26
  },
  "simulation": {
    "statistics": {
      "mean": 596.0019129660534,
      "std": 3.224221316625007,
      "p05": 590.9109541276562,
      "p25": 593.8245406305023,
      "p50": 595.8874308542603,
      "p75": 598.2595512153869,
      "p95": 601.3462411011029,
      "min": 585.4668046682281,
      "max": 607.3000922137418
    },
    "simulations": 1000,
    "volatility": 0.2154
  }
}