{
  "ticker": "SPY",
  "timestamp": "2026-04-05T07:43:10.033802",
  "current_price": 596.08,
  "forecast_minutes": 60,
  "technical_indicators": {
    "rsi": 63.12,
    "macd": {
      "line": -5.83,
      "signal": -5.247,
      "histogram": -0.583
    },
    "bollinger_bands": {
      "upper": 595.9,
      "middle": 567.0,
      "lower": 538.09
    }
  },
  "bsm_analysis": {
    "greeks": {
      "delta": 0.5371,
      "gamma": 0.006717,
      "theta": -0.434,
      "vega": 0.6788,
      "rho": 0.2427
    },
    "atm_call_price": 24.84,
    "atm_put_price": 22.27,
    "implied_move": 0.87
  },
  "prediction": {
    "signal": "NEUTRAL",
    "score": -1,
    "confidence": 25.0,
    "reasons": [
      "MACD histogram negative (bearish momentum)"
    ],
    "target_price": 596.02,
    "support": 592.51,
    "resistance": 599.45
  },
  "simulation": {
    "statistics": {
      "mean": 596.0226997461938,
      "std": 5.160154129367637,
      "p05": 587.6627898707497,
      "p25": 592.508998935654,
      "p50": 596.0180441702311,
      "p75": 599.4472244594392,
      "p95": 604.2947260384459,
      "min": 578.7339752033625,
      "max": 613.4066264630205
    },
    "simulations": 1000,
    "volatility": 0.346
  }
}