{
  "ticker": "SPY",
  "timestamp": "2026-03-26T23:29:10.162081",
  "current_price": 592.66,
  "forecast_minutes": 60,
  "technical_indicators": {
    "rsi": 75.33,
    "macd": {
      "line": 8.009,
      "signal": 7.2081,
      "histogram": 0.8009
    },
    "bollinger_bands": {
      "upper": 592.14,
      "middle": 568.72,
      "lower": 545.3
    }
  },
  "bsm_analysis": {
    "greeks": {
      "delta": 0.5397,
      "gamma": 0.010565,
      "theta": -0.2923,
      "vega": 0.6745,
      "rho": 0.2495
    },
    "atm_call_price": 16.27,
    "atm_put_price": 13.71,
    "implied_move": 0.53
  },
  "prediction": {
    "signal": "NEUTRAL",
    "score": -1,
    "confidence": 25.0,
    "reasons": [
      "RSI indicates overbought conditions",
      "MACD histogram positive (bullish momentum)"
    ],
    "target_price": 592.68,
    "support": 590.45,
    "resistance": 594.9
  },
  "simulation": {
    "statistics": {
      "mean": 592.6765584348491,
      "std": 3.1684548335942764,
      "p05": 587.6286427254447,
      "p25": 590.4471098586785,
      "p50": 592.7558246926246,
      "p75": 594.9000892320782,
      "p95": 597.9601864327412,
      "min": 583.0562118430333,
      "max": 604.1836392299973
    },
    "simulations": 1000,
    "volatility": 0.2211
  }
}