{
  "ticker": "SPY",
  "timestamp": "2026-03-10T16:10:04.454341",
  "current_price": 596.41,
  "forecast_minutes": 60,
  "technical_indicators": {
    "rsi": 39.85,
    "macd": {
      "line": 3.2945,
      "signal": 2.9651,
      "histogram": 0.3295
    },
    "bollinger_bands": {
      "upper": 654.52,
      "middle": 629.73,
      "lower": 604.94
    }
  },
  "bsm_analysis": {
    "greeks": {
      "delta": 0.5382,
      "gamma": 0.005559,
      "theta": -0.5147,
      "vega": 0.679,
      "rho": 0.2394
    },
    "atm_call_price": 29.72,
    "atm_put_price": 27.15,
    "implied_move": 1.04
  },
  "prediction": {
    "signal": "NEUTRAL",
    "score": 1,
    "confidence": 25.0,
    "reasons": [
      "MACD histogram positive (bullish momentum)"
    ],
    "target_price": 596.36,
    "support": 591.96,
    "resistance": 600.34
  },
  "simulation": {
    "statistics": {
      "mean": 596.355443787703,
      "std": 6.190524402371996,
      "p05": 586.3199828790185,
      "p25": 591.9649262880657,
      "p50": 596.4827647413778,
      "p75": 600.3424684478683,
      "p95": 606.1266024745344,
      "min": 576.5566121550704,
      "max": 618.0916722631059
    },
    "simulations": 1000,
    "volatility": 0.4178
  }
}