{
  "ticker": "SPY",
  "timestamp": "2026-03-07T15:40:40.213966",
  "current_price": 592.59,
  "forecast_minutes": 60,
  "technical_indicators": {
    "rsi": 54.25,
    "macd": {
      "line": 1.4808,
      "signal": 1.3328,
      "histogram": 0.1481
    },
    "bollinger_bands": {
      "upper": 614.65,
      "middle": 593.99,
      "lower": 573.34
    }
  },
  "bsm_analysis": {
    "greeks": {
      "delta": 0.5442,
      "gamma": 0.013303,
      "theta": -0.2414,
      "vega": 0.6736,
      "rho": 0.2542
    },
    "atm_call_price": 13.18,
    "atm_put_price": 10.63,
    "implied_move": 0.45
  },
  "prediction": {
    "signal": "NEUTRAL",
    "score": 1,
    "confidence": 25.0,
    "reasons": [
      "MACD histogram positive (bullish momentum)"
    ],
    "target_price": 592.58,
    "support": 590.88,
    "resistance": 594.53
  },
  "simulation": {
    "statistics": {
      "mean": 592.5794350582918,
      "std": 2.6372875083515006,
      "p05": 588.124833416261,
      "p25": 590.8829144850367,
      "p50": 592.5527360412818,
      "p75": 594.526590756504,
      "p95": 596.7821859264195,
      "min": 582.0185814700844,
      "max": 600.9665520631316
    },
    "simulations": 1000,
    "volatility": 0.1754
  }
}