{
  "ticker": "SPY",
  "timestamp": "2026-02-09T01:13:13.644638",
  "current_price": 595.65,
  "forecast_minutes": 60,
  "technical_indicators": {
    "rsi": 63.42,
    "macd": {
      "line": 2.0767,
      "signal": 1.869,
      "histogram": 0.2077
    },
    "bollinger_bands": {
      "upper": 616.09,
      "middle": 594.43,
      "lower": 572.78
    }
  },
  "bsm_analysis": {
    "greeks": {
      "delta": 0.5428,
      "gamma": 0.012445,
      "theta": -0.2552,
      "vega": 0.6773,
      "rho": 0.2542
    },
    "atm_call_price": 14.01,
    "atm_put_price": 11.44,
    "implied_move": 0.47
  },
  "prediction": {
    "signal": "NEUTRAL",
    "score": 1,
    "confidence": 25.0,
    "reasons": [
      "MACD histogram positive (bullish momentum)"
    ],
    "target_price": 595.68,
    "support": 593.73,
    "resistance": 597.47
  },
  "simulation": {
    "statistics": {
      "mean": 595.6775759313801,
      "std": 2.793142381656382,
      "p05": 591.203584194423,
      "p25": 593.7279841703325,
      "p50": 595.6478480650455,
      "p75": 597.4683341240209,
      "p95": 600.3805798079017,
      "min": 585.1409182348398,
      "max": 604.8809776721256
    },
    "simulations": 1000,
    "volatility": 0.1866
  }
}