{
  "ticker": "SPY",
  "timestamp": "2026-03-24T06:08:28.831667",
  "current_price": 592.43,
  "forecast_minutes": 60,
  "technical_indicators": {
    "rsi": 66.27,
    "macd": {
      "line": 7.434,
      "signal": 6.6906,
      "histogram": 0.7434
    },
    "bollinger_bands": {
      "upper": 615.6,
      "middle": 589.23,
      "lower": 562.86
    }
  },
  "bsm_analysis": {
    "greeks": {
      "delta": 0.5424,
      "gamma": 0.012326,
      "theta": -0.257,
      "vega": 0.6737,
      "rho": 0.2525
    },
    "atm_call_price": 14.13,
    "atm_put_price": 11.57,
    "implied_move": 0.45
  },
  "prediction": {
    "signal": "NEUTRAL",
    "score": 1,
    "confidence": 25.0,
    "reasons": [
      "MACD histogram positive (bullish momentum)"
    ],
    "target_price": 592.32,
    "support": 590.4,
    "resistance": 594.22
  },
  "simulation": {
    "statistics": {
      "mean": 592.3159705360166,
      "std": 2.6857760906393273,
      "p05": 587.9348844953402,
      "p25": 590.4046870574062,
      "p50": 592.2871520510125,
      "p75": 594.2234377701318,
      "p95": 596.8060849261863,
      "min": 584.2382713578212,
      "max": 600.0648684727907
    },
    "simulations": 1000,
    "volatility": 0.1895
  }
}