{
  "ticker": "SPY",
  "timestamp": "2026-03-19T11:46:18.215382",
  "current_price": 593.79,
  "forecast_minutes": 60,
  "technical_indicators": {
    "rsi": 69.26,
    "macd": {
      "line": -1.5827,
      "signal": -1.4244,
      "histogram": -0.1583
    },
    "bollinger_bands": {
      "upper": 582.8,
      "middle": 558.21,
      "lower": 533.62
    }
  },
  "bsm_analysis": {
    "greeks": {
      "delta": 0.5371,
      "gamma": 0.006677,
      "theta": -0.4361,
      "vega": 0.6762,
      "rho": 0.2416
    },
    "atm_call_price": 24.97,
    "atm_put_price": 22.41,
    "implied_move": 0.86
  },
  "prediction": {
    "signal": "NEUTRAL",
    "score": -1,
    "confidence": 25.0,
    "reasons": [
      "MACD histogram negative (bearish momentum)"
    ],
    "target_price": 594.03,
    "support": 590.49,
    "resistance": 597.62
  },
  "simulation": {
    "statistics": {
      "mean": 594.0267253132288,
      "std": 5.103291233506408,
      "p05": 585.4832374439128,
      "p25": 590.492632130304,
      "p50": 594.0397926029792,
      "p75": 597.6150324141714,
      "p95": 602.2105997482689,
      "min": 579.320050503307,
      "max": 607.6868447694102
    },
    "simulations": 1000,
    "volatility": 0.3494
  }
}