{
  "ticker": "SPY",
  "timestamp": "2026-04-04T06:00:42.220626",
  "current_price": 596.44,
  "forecast_minutes": 60,
  "technical_indicators": {
    "rsi": 62.96,
    "macd": {
      "line": -2.1763,
      "signal": -1.9586,
      "histogram": -0.2176
    },
    "bollinger_bands": {
      "upper": 587.17,
      "middle": 566.36,
      "lower": 545.55
    }
  },
  "bsm_analysis": {
    "greeks": {
      "delta": 0.5375,
      "gamma": 0.006074,
      "theta": -0.475,
      "vega": 0.6791,
      "rho": 0.241
    },
    "atm_call_price": 27.32,
    "atm_put_price": 24.75,
    "implied_move": 0.92
  },
  "prediction": {
    "signal": "NEUTRAL",
    "score": -1,
    "confidence": 25.0,
    "reasons": [
      "MACD histogram negative (bearish momentum)"
    ],
    "target_price": 596.11,
    "support": 592.42,
    "resistance": 599.75
  },
  "simulation": {
    "statistics": {
      "mean": 596.1096074047424,
      "std": 5.485667237079402,
      "p05": 587.1376345125257,
      "p25": 592.4178368981361,
      "p50": 596.3832570051613,
      "p75": 599.752284831083,
      "p95": 604.6325692745825,
      "min": 577.9406301567669,
      "max": 619.7073724128209
    },
    "simulations": 1000,
    "volatility": 0.3824
  }
}