{
  "ticker": "SPY",
  "timestamp": "2026-02-24T16:47:22.580973",
  "current_price": 593.19,
  "forecast_minutes": 60,
  "technical_indicators": {
    "rsi": 35.63,
    "macd": {
      "line": -0.9699,
      "signal": -0.8729,
      "histogram": -0.097
    },
    "bollinger_bands": {
      "upper": 632.6,
      "middle": 618.1,
      "lower": 603.61
    }
  },
  "bsm_analysis": {
    "greeks": {
      "delta": 0.5393,
      "gamma": 0.010231,
      "theta": -0.3004,
      "vega": 0.6752,
      "rho": 0.2492
    },
    "atm_call_price": 16.75,
    "atm_put_price": 14.2,
    "implied_move": 0.55
  },
  "prediction": {
    "signal": "NEUTRAL",
    "score": -1,
    "confidence": 25.0,
    "reasons": [
      "MACD histogram negative (bearish momentum)"
    ],
    "target_price": 593.22,
    "support": 591.17,
    "resistance": 595.36
  },
  "simulation": {
    "statistics": {
      "mean": 593.2172431362715,
      "std": 3.2903163109799562,
      "p05": 587.6919594779163,
      "p25": 591.1698232995861,
      "p50": 593.1847801838317,
      "p75": 595.3580795165128,
      "p95": 598.6333438282123,
      "min": 583.3868932293707,
      "max": 604.2022083688219
    },
    "simulations": 1000,
    "volatility": 0.2282
  }
}