{
  "ticker": "SPY",
  "timestamp": "2026-04-05T11:34:15.136719",
  "current_price": 594.92,
  "forecast_minutes": 60,
  "technical_indicators": {
    "rsi": 57.13,
    "macd": {
      "line": 2.2666,
      "signal": 2.0399,
      "histogram": 0.2267
    },
    "bollinger_bands": {
      "upper": 601.78,
      "middle": 586.97,
      "lower": 572.16
    }
  },
  "bsm_analysis": {
    "greeks": {
      "delta": 0.5476,
      "gamma": 0.01504,
      "theta": -0.219,
      "vega": 0.6756,
      "rho": 0.2581
    },
    "atm_call_price": 11.81,
    "atm_put_price": 9.25,
    "implied_move": 0.37
  },
  "prediction": {
    "signal": "NEUTRAL",
    "score": 1,
    "confidence": 25.0,
    "reasons": [
      "MACD histogram positive (bullish momentum)"
    ],
    "target_price": 594.98,
    "support": 593.4,
    "resistance": 596.46
  },
  "simulation": {
    "statistics": {
      "mean": 594.9764750221075,
      "std": 2.2178701989164282,
      "p05": 591.5917918158257,
      "p25": 593.3983725514609,
      "p50": 594.951513736475,
      "p75": 596.459384381829,
      "p95": 598.7116201511706,
      "min": 588.1145622341761,
      "max": 601.4948740805613
    },
    "simulations": 1000,
    "volatility": 0.1544
  }
}