{
  "ticker": "SPY",
  "timestamp": "2026-03-05T06:33:08.326811",
  "current_price": 596.8,
  "forecast_minutes": 60,
  "technical_indicators": {
    "rsi": 48.07,
    "macd": {
      "line": 11.3719,
      "signal": 10.2348,
      "histogram": 1.1372
    },
    "bollinger_bands": {
      "upper": 660.71,
      "middle": 617.86,
      "lower": 575.01
    }
  },
  "bsm_analysis": {
    "greeks": {
      "delta": 0.5371,
      "gamma": 0.006786,
      "theta": -0.4301,
      "vega": 0.6796,
      "rho": 0.2432
    },
    "atm_call_price": 24.6,
    "atm_put_price": 22.03,
    "implied_move": 0.87
  },
  "prediction": {
    "signal": "NEUTRAL",
    "score": 1,
    "confidence": 25.0,
    "reasons": [
      "MACD histogram positive (bullish momentum)"
    ],
    "target_price": 596.8,
    "support": 593.24,
    "resistance": 600.15
  },
  "simulation": {
    "statistics": {
      "mean": 596.79992791966,
      "std": 5.195753801729229,
      "p05": 588.8508862657607,
      "p25": 593.2443922428886,
      "p50": 596.4199211377085,
      "p75": 600.1480223418832,
      "p95": 605.6486405056756,
      "min": 580.0879027523574,
      "max": 615.072273480953
    },
    "simulations": 1000,
    "volatility": 0.3421
  }
}