{
  "ticker": "SPY",
  "timestamp": "2026-03-10T23:55:23.632376",
  "current_price": 597.71,
  "forecast_minutes": 60,
  "technical_indicators": {
    "rsi": 52.73,
    "macd": {
      "line": -8.6962,
      "signal": -7.8266,
      "histogram": -0.8696
    },
    "bollinger_bands": {
      "upper": 608.97,
      "middle": 564.55,
      "lower": 520.13
    }
  },
  "bsm_analysis": {
    "greeks": {
      "delta": 0.5394,
      "gamma": 0.004995,
      "theta": -0.5675,
      "vega": 0.6803,
      "rho": 0.2379
    },
    "atm_call_price": 32.92,
    "atm_put_price": 30.34,
    "implied_move": 1.14
  },
  "prediction": {
    "signal": "NEUTRAL",
    "score": -1,
    "confidence": 25.0,
    "reasons": [
      "MACD histogram negative (bearish momentum)"
    ],
    "target_price": 598.08,
    "support": 593.35,
    "resistance": 602.91
  },
  "simulation": {
    "statistics": {
      "mean": 598.0757115955621,
      "std": 6.842496974622661,
      "p05": 586.7684695081991,
      "p25": 593.3511387849973,
      "p50": 597.9823847325781,
      "p75": 602.905618761863,
      "p95": 609.1823494233125,
      "min": 574.9492891146709,
      "max": 616.253212964243
    },
    "simulations": 1000,
    "volatility": 0.4638
  }
}