{
  "ticker": "SPY",
  "timestamp": "2026-03-15T15:12:33.747881",
  "current_price": 595.82,
  "forecast_minutes": 60,
  "technical_indicators": {
    "rsi": 38.84,
    "macd": {
      "line": 1.3698,
      "signal": 1.2328,
      "histogram": 0.137
    },
    "bollinger_bands": {
      "upper": 632.29,
      "middle": 614.15,
      "lower": 596.01
    }
  },
  "bsm_analysis": {
    "greeks": {
      "delta": 0.5383,
      "gamma": 0.009325,
      "theta": -0.3253,
      "vega": 0.6783,
      "rho": 0.2486
    },
    "atm_call_price": 18.26,
    "atm_put_price": 15.7,
    "implied_move": 0.6
  },
  "prediction": {
    "signal": "NEUTRAL",
    "score": 1,
    "confidence": 25.0,
    "reasons": [
      "MACD histogram positive (bullish momentum)"
    ],
    "target_price": 595.87,
    "support": 593.49,
    "resistance": 598.3
  },
  "simulation": {
    "statistics": {
      "mean": 595.8728996007093,
      "std": 3.6018075894915307,
      "p05": 589.8108990935377,
      "p25": 593.4913296393881,
      "p50": 595.8627149147559,
      "p75": 598.2978196643589,
      "p95": 601.6866105544967,
      "min": 583.4488957970001,
      "max": 607.2417087586223
    },
    "simulations": 1000,
    "volatility": 0.2493
  }
}