{
  "ticker": "SPY",
  "timestamp": "2026-03-24T15:42:03.898111",
  "current_price": 592.27,
  "forecast_minutes": 60,
  "technical_indicators": {
    "rsi": 42.58,
    "macd": {
      "line": -3.8754,
      "signal": -3.4878,
      "histogram": -0.3875
    },
    "bollinger_bands": {
      "upper": 620.7,
      "middle": 597.49,
      "lower": 574.29
    }
  },
  "bsm_analysis": {
    "greeks": {
      "delta": 0.5452,
      "gamma": 0.013887,
      "theta": -0.2332,
      "vega": 0.673,
      "rho": 0.255
    },
    "atm_call_price": 12.68,
    "atm_put_price": 10.13,
    "implied_move": 0.4
  },
  "prediction": {
    "signal": "NEUTRAL",
    "score": -1,
    "confidence": 25.0,
    "reasons": [
      "MACD histogram negative (bearish momentum)"
    ],
    "target_price": 592.29,
    "support": 590.78,
    "resistance": 593.8
  },
  "simulation": {
    "statistics": {
      "mean": 592.2929296082114,
      "std": 2.370553019512903,
      "p05": 588.5322506086121,
      "p25": 590.7754326400774,
      "p50": 592.2117398651258,
      "p75": 593.8030570351472,
      "p95": 596.2783078166501,
      "min": 584.6241101388491,
      "max": 601.5086392658418
    },
    "simulations": 1000,
    "volatility": 0.1681
  }
}