{
  "ticker": "SPY",
  "timestamp": "2026-02-25T00:46:52.372831",
  "current_price": 593.84,
  "forecast_minutes": 60,
  "technical_indicators": {
    "rsi": 70.57,
    "macd": {
      "line": 4.5901,
      "signal": 4.1311,
      "histogram": 0.459
    },
    "bollinger_bands": {
      "upper": 591.33,
      "middle": 575.28,
      "lower": 559.23
    }
  },
  "bsm_analysis": {
    "greeks": {
      "delta": 0.5554,
      "gamma": 0.018761,
      "theta": -0.1847,
      "vega": 0.6726,
      "rho": 0.2631
    },
    "atm_call_price": 9.72,
    "atm_put_price": 7.17,
    "implied_move": 0.3
  },
  "prediction": {
    "signal": "NEUTRAL",
    "score": -1,
    "confidence": 25.0,
    "reasons": [
      "RSI indicates overbought conditions",
      "MACD histogram positive (bullish momentum)"
    ],
    "target_price": 593.83,
    "support": 592.63,
    "resistance": 595.04
  },
  "simulation": {
    "statistics": {
      "mean": 593.830009991525,
      "std": 1.7953690467184513,
      "p05": 591.0308394967836,
      "p25": 592.6301798561033,
      "p50": 593.7858017877854,
      "p75": 595.0431038127902,
      "p95": 596.8363472689368,
      "min": 588.1858991816583,
      "max": 600.4739537143098
    },
    "simulations": 1000,
    "volatility": 0.1237
  }
}