{
  "ticker": "SPY",
  "timestamp": "2026-03-03T07:23:06.893861",
  "current_price": 592.74,
  "forecast_minutes": 60,
  "technical_indicators": {
    "rsi": 39.74,
    "macd": {
      "line": 3.3612,
      "signal": 3.0251,
      "histogram": 0.3361
    },
    "bollinger_bands": {
      "upper": 625.23,
      "middle": 605.92,
      "lower": 586.62
    }
  },
  "bsm_analysis": {
    "greeks": {
      "delta": 0.5382,
      "gamma": 0.009283,
      "theta": -0.3264,
      "vega": 0.6748,
      "rho": 0.2471
    },
    "atm_call_price": 18.33,
    "atm_put_price": 15.78,
    "implied_move": 0.64
  },
  "prediction": {
    "signal": "NEUTRAL",
    "score": 1,
    "confidence": 25.0,
    "reasons": [
      "MACD histogram positive (bullish momentum)"
    ],
    "target_price": 592.78,
    "support": 590.46,
    "resistance": 595.21
  },
  "simulation": {
    "statistics": {
      "mean": 592.783584803936,
      "std": 3.7712810698132153,
      "p05": 586.4077672173763,
      "p25": 590.4615353710285,
      "p50": 592.7150385670086,
      "p75": 595.2128205018703,
      "p95": 598.8450111148936,
      "min": 581.6403312224982,
      "max": 605.9515419084324
    },
    "simulations": 1000,
    "volatility": 0.2517
  }
}