{
  "ticker": "SPY",
  "timestamp": "2026-03-14T13:34:28.904956",
  "current_price": 592.63,
  "forecast_minutes": 60,
  "technical_indicators": {
    "rsi": 69.36,
    "macd": {
      "line": 2.8848,
      "signal": 2.5964,
      "histogram": 0.2885
    },
    "bollinger_bands": {
      "upper": 584.08,
      "middle": 569.04,
      "lower": 553.99
    }
  },
  "bsm_analysis": {
    "greeks": {
      "delta": 0.539,
      "gamma": 0.010031,
      "theta": -0.3054,
      "vega": 0.6746,
      "rho": 0.2485
    },
    "atm_call_price": 17.06,
    "atm_put_price": 14.51,
    "implied_move": 0.58
  },
  "prediction": {
    "signal": "NEUTRAL",
    "score": 1,
    "confidence": 25.0,
    "reasons": [
      "MACD histogram positive (bullish momentum)"
    ],
    "target_price": 592.66,
    "support": 590.37,
    "resistance": 595.01
  },
  "simulation": {
    "statistics": {
      "mean": 592.6620440883189,
      "std": 3.448184297677903,
      "p05": 586.9965768293649,
      "p25": 590.3684858329569,
      "p50": 592.6951236742793,
      "p75": 595.0072350528828,
      "p95": 598.3320267676698,
      "min": 580.7367967986875,
      "max": 604.3596276675596
    },
    "simulations": 1000,
    "volatility": 0.233
  }
}