{
  "ticker": "SPY",
  "timestamp": "2026-03-01T07:44:23.719191",
  "current_price": 594.51,
  "forecast_minutes": 60,
  "technical_indicators": {
    "rsi": 54.44,
    "macd": {
      "line": -2.5462,
      "signal": -2.2916,
      "histogram": -0.2546
    },
    "bollinger_bands": {
      "upper": 599.02,
      "middle": 584.35,
      "lower": 569.68
    }
  },
  "bsm_analysis": {
    "greeks": {
      "delta": 0.5383,
      "gamma": 0.009336,
      "theta": -0.3249,
      "vega": 0.6768,
      "rho": 0.248
    },
    "atm_call_price": 18.24,
    "atm_put_price": 15.68,
    "implied_move": 0.62
  },
  "prediction": {
    "signal": "NEUTRAL",
    "score": -1,
    "confidence": 25.0,
    "reasons": [
      "MACD histogram negative (bearish momentum)"
    ],
    "target_price": 594.57,
    "support": 592.14,
    "resistance": 596.99
  },
  "simulation": {
    "statistics": {
      "mean": 594.5737476837711,
      "std": 3.690662495561332,
      "p05": 588.6521514637367,
      "p25": 592.1421144759039,
      "p50": 594.6130535563968,
      "p75": 596.9876910059027,
      "p95": 600.6598102500193,
      "min": 582.9915651209033,
      "max": 606.7293302398123
    },
    "simulations": 1000,
    "volatility": 0.2496
  }
}