{
  "ticker": "SPY",
  "timestamp": "2026-02-27T09:20:03.585106",
  "current_price": 597.67,
  "forecast_minutes": 60,
  "technical_indicators": {
    "rsi": 45.25,
    "macd": {
      "line": 0.7231,
      "signal": 0.6508,
      "histogram": 0.0723
    },
    "bollinger_bands": {
      "upper": 609.7,
      "middle": 603.47,
      "lower": 597.24
    }
  },
  "bsm_analysis": {
    "greeks": {
      "delta": 0.5595,
      "gamma": 0.020415,
      "theta": -0.1738,
      "vega": 0.676,
      "rho": 0.2674
    },
    "atm_call_price": 9.05,
    "atm_put_price": 6.47,
    "implied_move": 0.28
  },
  "prediction": {
    "signal": "NEUTRAL",
    "score": 1,
    "confidence": 25.0,
    "reasons": [
      "MACD histogram positive (bullish momentum)"
    ],
    "target_price": 597.7,
    "support": 596.63,
    "resistance": 598.9
  },
  "simulation": {
    "statistics": {
      "mean": 597.6971689683262,
      "std": 1.6759592021294147,
      "p05": 594.87949730117,
      "p25": 596.6253710518182,
      "p50": 597.7057058376281,
      "p75": 598.8987566788319,
      "p95": 600.4659905595364,
      "min": 592.8044322482766,
      "max": 602.7290051940677
    },
    "simulations": 1000,
    "volatility": 0.1128
  }
}