{
  "ticker": "SPY",
  "timestamp": "2026-02-20T21:43:52.856128",
  "current_price": 593.06,
  "forecast_minutes": 60,
  "technical_indicators": {
    "rsi": 71.4,
    "macd": {
      "line": 1.7722,
      "signal": 1.5949,
      "histogram": 0.1772
    },
    "bollinger_bands": {
      "upper": 569.22,
      "middle": 545.21,
      "lower": 521.21
    }
  },
  "bsm_analysis": {
    "greeks": {
      "delta": 0.5378,
      "gamma": 0.005888,
      "theta": -0.4883,
      "vega": 0.6753,
      "rho": 0.239
    },
    "atm_call_price": 28.13,
    "atm_put_price": 25.58,
    "implied_move": 0.99
  },
  "prediction": {
    "signal": "NEUTRAL",
    "score": -1,
    "confidence": 25.0,
    "reasons": [
      "RSI indicates overbought conditions",
      "MACD histogram positive (bullish momentum)"
    ],
    "target_price": 593.05,
    "support": 589.48,
    "resistance": 596.99
  },
  "simulation": {
    "statistics": {
      "mean": 593.0455100675941,
      "std": 5.845426568825758,
      "p05": 583.0376442238289,
      "p25": 589.4793506563318,
      "p50": 593.1430514247493,
      "p75": 596.9896124180797,
      "p95": 602.2153539800746,
      "min": 576.2381060656327,
      "max": 612.5571020455312
    },
    "simulations": 1000,
    "volatility": 0.3967
  }
}