{
  "ticker": "SPY",
  "timestamp": "2026-04-02T07:45:28.050644",
  "current_price": 595.64,
  "forecast_minutes": 60,
  "technical_indicators": {
    "rsi": 60.12,
    "macd": {
      "line": -3.6601,
      "signal": -3.2941,
      "histogram": -0.366
    },
    "bollinger_bands": {
      "upper": 595.34,
      "middle": 570.77,
      "lower": 546.2
    }
  },
  "bsm_analysis": {
    "greeks": {
      "delta": 0.537,
      "gamma": 0.007492,
      "theta": -0.3938,
      "vega": 0.6783,
      "rho": 0.2445
    },
    "atm_call_price": 22.41,
    "atm_put_price": 19.84,
    "implied_move": 0.78
  },
  "prediction": {
    "signal": "NEUTRAL",
    "score": -1,
    "confidence": 25.0,
    "reasons": [
      "MACD histogram negative (bearish momentum)"
    ],
    "target_price": 595.65,
    "support": 592.49,
    "resistance": 598.84
  },
  "simulation": {
    "statistics": {
      "mean": 595.6469208824027,
      "std": 4.624925765191467,
      "p05": 588.4163590693568,
      "p25": 592.494981182148,
      "p50": 595.3634309027209,
      "p75": 598.8425619779251,
      "p95": 603.1846471173831,
      "min": 577.9850595327307,
      "max": 609.8120994179268
    },
    "simulations": 1000,
    "volatility": 0.3105
  }
}