{
  "ticker": "SPY",
  "timestamp": "2026-03-21T11:26:20.077305",
  "current_price": 593.86,
  "forecast_minutes": 60,
  "technical_indicators": {
    "rsi": 47.86,
    "macd": {
      "line": 1.8003,
      "signal": 1.6202,
      "histogram": 0.18
    },
    "bollinger_bands": {
      "upper": 605.57,
      "middle": 595.09,
      "lower": 584.61
    }
  },
  "bsm_analysis": {
    "greeks": {
      "delta": 0.5575,
      "gamma": 0.019691,
      "theta": -0.1782,
      "vega": 0.6721,
      "rho": 0.2645
    },
    "atm_call_price": 9.32,
    "atm_put_price": 6.77,
    "implied_move": 0.29
  },
  "prediction": {
    "signal": "NEUTRAL",
    "score": 1,
    "confidence": 25.0,
    "reasons": [
      "MACD histogram positive (bullish momentum)"
    ],
    "target_price": 593.91,
    "support": 592.78,
    "resistance": 595.09
  },
  "simulation": {
    "statistics": {
      "mean": 593.9143794112807,
      "std": 1.706272525821838,
      "p05": 591.016781718542,
      "p25": 592.7772729649862,
      "p50": 593.8201161862266,
      "p75": 595.0899578095273,
      "p95": 596.8543544024435,
      "min": 588.6109955951089,
      "max": 599.4184687694958
    },
    "simulations": 1000,
    "volatility": 0.1178
  }
}