{
  "ticker": "SPY",
  "timestamp": "2026-04-14T21:09:34.880764",
  "current_price": 594.94,
  "forecast_minutes": 60,
  "technical_indicators": {
    "rsi": 54.73,
    "macd": {
      "line": 2.3096,
      "signal": 2.0787,
      "histogram": 0.231
    },
    "bollinger_bands": {
      "upper": 599.19,
      "middle": 584.38,
      "lower": 569.56
    }
  },
  "bsm_analysis": {
    "greeks": {
      "delta": 0.5399,
      "gamma": 0.010626,
      "theta": -0.291,
      "vega": 0.6771,
      "rho": 0.2507
    },
    "atm_call_price": 16.18,
    "atm_put_price": 13.62,
    "implied_move": 0.52
  },
  "prediction": {
    "signal": "NEUTRAL",
    "score": 1,
    "confidence": 25.0,
    "reasons": [
      "MACD histogram positive (bullish momentum)"
    ],
    "target_price": 594.99,
    "support": 592.91,
    "resistance": 596.95
  },
  "simulation": {
    "statistics": {
      "mean": 594.9931589687185,
      "std": 3.1051278218254614,
      "p05": 589.8923129314186,
      "p25": 592.9145178703402,
      "p50": 594.9996022767615,
      "p75": 596.9540238757862,
      "p95": 600.2893411943373,
      "min": 585.4481275349398,
      "max": 606.425956312303
    },
    "simulations": 1000,
    "volatility": 0.219
  }
}