{
  "ticker": "SPY",
  "timestamp": "2026-02-08T10:45:36.991600",
  "current_price": 595.01,
  "forecast_minutes": 60,
  "technical_indicators": {
    "rsi": 56.42,
    "macd": {
      "line": -7.4729,
      "signal": -6.7256,
      "histogram": -0.7473
    },
    "bollinger_bands": {
      "upper": 600.24,
      "middle": 563.99,
      "lower": 527.74
    }
  },
  "bsm_analysis": {
    "greeks": {
      "delta": 0.5383,
      "gamma": 0.005526,
      "theta": -0.5173,
      "vega": 0.6774,
      "rho": 0.2387
    },
    "atm_call_price": 29.89,
    "atm_put_price": 27.32,
    "implied_move": 1.03
  },
  "prediction": {
    "signal": "NEUTRAL",
    "score": -1,
    "confidence": 25.0,
    "reasons": [
      "MACD histogram negative (bearish momentum)"
    ],
    "target_price": 594.98,
    "support": 590.94,
    "resistance": 599.14
  },
  "simulation": {
    "statistics": {
      "mean": 594.9831286329164,
      "std": 6.099787090020629,
      "p05": 585.3988808044102,
      "p25": 590.9356073252845,
      "p50": 594.8350956692585,
      "p75": 599.1390649762786,
      "p95": 605.2436829505957,
      "min": 573.054296517893,
      "max": 616.0294003967847
    },
    "simulations": 1000,
    "volatility": 0.4212
  }
}