{
  "ticker": "SPY",
  "timestamp": "2026-03-22T14:31:20.288884",
  "current_price": 597.14,
  "forecast_minutes": 60,
  "technical_indicators": {
    "rsi": 67.39,
    "macd": {
      "line": 7.2883,
      "signal": 6.5595,
      "histogram": 0.7288
    },
    "bollinger_bands": {
      "upper": 604.15,
      "middle": 582.89,
      "lower": 561.64
    }
  },
  "bsm_analysis": {
    "greeks": {
      "delta": 0.55,
      "gamma": 0.016164,
      "theta": -0.2072,
      "vega": 0.6776,
      "rho": 0.2608
    },
    "atm_call_price": 11.09,
    "atm_put_price": 8.52,
    "implied_move": 0.34
  },
  "prediction": {
    "signal": "NEUTRAL",
    "score": 1,
    "confidence": 25.0,
    "reasons": [
      "MACD histogram positive (bullish momentum)"
    ],
    "target_price": 597.25,
    "support": 595.93,
    "resistance": 598.61
  },
  "simulation": {
    "statistics": {
      "mean": 597.2494363970894,
      "std": 2.0050476754970536,
      "p05": 594.0198688709455,
      "p25": 595.9264374780803,
      "p50": 597.1771388958695,
      "p75": 598.6059726604852,
      "p95": 600.6266708122625,
      "min": 590.4647977903646,
      "max": 603.246826456541
    },
    "simulations": 1000,
    "volatility": 0.143
  }
}