{
  "ticker": "SPY",
  "timestamp": "2026-03-28T23:12:28.051951",
  "current_price": 597.3,
  "forecast_minutes": 60,
  "technical_indicators": {
    "rsi": 65.36,
    "macd": {
      "line": 0.2026,
      "signal": 0.1823,
      "histogram": 0.0203
    },
    "bollinger_bands": {
      "upper": 590.8,
      "middle": 565.44,
      "lower": 540.07
    }
  },
  "bsm_analysis": {
    "greeks": {
      "delta": 0.5371,
      "gamma": 0.006732,
      "theta": -0.4332,
      "vega": 0.6802,
      "rho": 0.2433
    },
    "atm_call_price": 24.79,
    "atm_put_price": 22.22,
    "implied_move": 0.82
  },
  "prediction": {
    "signal": "NEUTRAL",
    "score": 1,
    "confidence": 25.0,
    "reasons": [
      "MACD histogram positive (bullish momentum)"
    ],
    "target_price": 597.23,
    "support": 594.0,
    "resistance": 600.52
  },
  "simulation": {
    "statistics": {
      "mean": 597.2301972481127,
      "std": 4.8949755863484,
      "p05": 589.1288472485545,
      "p25": 594.0035854456975,
      "p50": 597.3085156169959,
      "p75": 600.518832839662,
      "p95": 605.3026141911602,
      "min": 581.3726798634215,
      "max": 615.6977170398061
    },
    "simulations": 1000,
    "volatility": 0.3446
  }
}