{
  "ticker": "SPY",
  "timestamp": "2026-04-02T09:39:02.760180",
  "current_price": 597.18,
  "forecast_minutes": 60,
  "technical_indicators": {
    "rsi": 66.26,
    "macd": {
      "line": 1.2438,
      "signal": 1.1194,
      "histogram": 0.1244
    },
    "bollinger_bands": {
      "upper": 585.81,
      "middle": 567.93,
      "lower": 550.04
    }
  },
  "bsm_analysis": {
    "greeks": {
      "delta": 0.5411,
      "gamma": 0.011434,
      "theta": -0.2738,
      "vega": 0.6794,
      "rho": 0.2532
    },
    "atm_call_price": 15.14,
    "atm_put_price": 12.57,
    "implied_move": 0.52
  },
  "prediction": {
    "signal": "NEUTRAL",
    "score": 1,
    "confidence": 25.0,
    "reasons": [
      "MACD histogram positive (bullish momentum)"
    ],
    "target_price": 597.15,
    "support": 595.13,
    "resistance": 599.27
  },
  "simulation": {
    "statistics": {
      "mean": 597.1538606578539,
      "std": 3.106712622516633,
      "p05": 591.8803363320764,
      "p25": 595.1273251134492,
      "p50": 597.1306936683505,
      "p75": 599.2730600143313,
      "p95": 602.2371894843906,
      "min": 587.1118917982268,
      "max": 607.4934975886583
    },
    "simulations": 1000,
    "volatility": 0.2027
  }
}