{
  "ticker": "SPY",
  "timestamp": "2026-03-07T11:07:57.431906",
  "current_price": 592.49,
  "forecast_minutes": 60,
  "technical_indicators": {
    "rsi": 43.84,
    "macd": {
      "line": 4.1229,
      "signal": 3.7107,
      "histogram": 0.4123
    },
    "bollinger_bands": {
      "upper": 632.51,
      "middle": 612.07,
      "lower": 591.63
    }
  },
  "bsm_analysis": {
    "greeks": {
      "delta": 0.5371,
      "gamma": 0.007843,
      "theta": -0.378,
      "vega": 0.6747,
      "rho": 0.2439
    },
    "atm_call_price": 21.46,
    "atm_put_price": 18.91,
    "implied_move": 0.7
  },
  "prediction": {
    "signal": "NEUTRAL",
    "score": 1,
    "confidence": 25.0,
    "reasons": [
      "MACD histogram positive (bullish momentum)"
    ],
    "target_price": 592.43,
    "support": 589.8,
    "resistance": 595.29
  },
  "simulation": {
    "statistics": {
      "mean": 592.4286295960942,
      "std": 4.142617753188002,
      "p05": 585.4462626111011,
      "p25": 589.7969117921238,
      "p50": 592.641813581258,
      "p75": 595.2864914373192,
      "p95": 598.8203842144007,
      "min": 579.5347017374834,
      "max": 603.994679771517
    },
    "simulations": 1000,
    "volatility": 0.2982
  }
}