{
  "ticker": "SPY",
  "timestamp": "2026-04-09T20:56:28.834877",
  "current_price": 594.53,
  "forecast_minutes": 60,
  "technical_indicators": {
    "rsi": 69.8,
    "macd": {
      "line": -0.6949,
      "signal": -0.6254,
      "histogram": -0.0695
    },
    "bollinger_bands": {
      "upper": 581.01,
      "middle": 561.63,
      "lower": 542.26
    }
  },
  "bsm_analysis": {
    "greeks": {
      "delta": 0.537,
      "gamma": 0.007495,
      "theta": -0.3936,
      "vega": 0.677,
      "rho": 0.244
    },
    "atm_call_price": 22.4,
    "atm_put_price": 19.84,
    "implied_move": 0.77
  },
  "prediction": {
    "signal": "NEUTRAL",
    "score": -1,
    "confidence": 25.0,
    "reasons": [
      "MACD histogram negative (bearish momentum)"
    ],
    "target_price": 594.35,
    "support": 591.27,
    "resistance": 597.48
  },
  "simulation": {
    "statistics": {
      "mean": 594.3464894618396,
      "std": 4.595124474547957,
      "p05": 587.1806743143317,
      "p25": 591.2744577788627,
      "p50": 594.3399983727792,
      "p75": 597.4818315488251,
      "p95": 601.8161159940294,
      "min": 579.7469725398788,
      "max": 608.0805693739859
    },
    "simulations": 1000,
    "volatility": 0.311
  }
}