{
  "ticker": "SPY",
  "timestamp": "2026-03-22T22:44:07.851686",
  "current_price": 593.65,
  "forecast_minutes": 60,
  "technical_indicators": {
    "rsi": 81.31,
    "macd": {
      "line": 1.3434,
      "signal": 1.2091,
      "histogram": 0.1343
    },
    "bollinger_bands": {
      "upper": 562.8,
      "middle": 523.04,
      "lower": 483.27
    }
  },
  "bsm_analysis": {
    "greeks": {
      "delta": 0.5427,
      "gamma": 0.00415,
      "theta": -0.6725,
      "vega": 0.6751,
      "rho": 0.2325
    },
    "atm_call_price": 39.3,
    "atm_put_price": 36.74,
    "implied_move": 1.35
  },
  "prediction": {
    "signal": "NEUTRAL",
    "score": -1,
    "confidence": 25.0,
    "reasons": [
      "RSI indicates overbought conditions",
      "MACD histogram positive (bullish momentum)"
    ],
    "target_price": 594.23,
    "support": 588.97,
    "resistance": 599.26
  },
  "simulation": {
    "statistics": {
      "mean": 594.2293100653735,
      "std": 7.996463326517868,
      "p05": 580.8898615178375,
      "p25": 588.9731025217,
      "p50": 594.3826814887448,
      "p75": 599.2581191174545,
      "p95": 607.577648896659,
      "min": 570.2473620975634,
      "max": 623.9463227267952
    },
    "simulations": 1000,
    "volatility": 0.5615
  }
}