{
  "ticker": "SPY",
  "timestamp": "2026-03-19T11:18:21.816227",
  "current_price": 597.58,
  "forecast_minutes": 60,
  "technical_indicators": {
    "rsi": 50.63,
    "macd": {
      "line": -4.0278,
      "signal": -3.625,
      "histogram": -0.4028
    },
    "bollinger_bands": {
      "upper": 612.89,
      "middle": 594.73,
      "lower": 576.58
    }
  },
  "bsm_analysis": {
    "greeks": {
      "delta": 0.5442,
      "gamma": 0.013228,
      "theta": -0.2429,
      "vega": 0.6793,
      "rho": 0.2564
    },
    "atm_call_price": 13.26,
    "atm_put_price": 10.69,
    "implied_move": 0.44
  },
  "prediction": {
    "signal": "NEUTRAL",
    "score": -1,
    "confidence": 25.0,
    "reasons": [
      "MACD histogram negative (bearish momentum)"
    ],
    "target_price": 597.51,
    "support": 595.8,
    "resistance": 599.33
  },
  "simulation": {
    "statistics": {
      "mean": 597.5054802835208,
      "std": 2.6097732841838934,
      "p05": 592.9115319090474,
      "p25": 595.8046442004918,
      "p50": 597.5308990801088,
      "p75": 599.3271710195515,
      "p95": 601.6094591418599,
      "min": 589.6575261867929,
      "max": 607.2214171496414
    },
    "simulations": 1000,
    "volatility": 0.175
  }
}