{
  "ticker": "SPY",
  "timestamp": "2026-03-19T21:15:44.249518",
  "current_price": 595.92,
  "forecast_minutes": 60,
  "technical_indicators": {
    "rsi": 39.41,
    "macd": {
      "line": -0.3636,
      "signal": -0.3272,
      "histogram": -0.0364
    },
    "bollinger_bands": {
      "upper": 626.51,
      "middle": 610.88,
      "lower": 595.25
    }
  },
  "bsm_analysis": {
    "greeks": {
      "delta": 0.5456,
      "gamma": 0.013987,
      "theta": -0.2321,
      "vega": 0.6771,
      "rho": 0.2569
    },
    "atm_call_price": 12.61,
    "atm_put_price": 10.04,
    "implied_move": 0.41
  },
  "prediction": {
    "signal": "NEUTRAL",
    "score": -1,
    "confidence": 25.0,
    "reasons": [
      "MACD histogram negative (bearish momentum)"
    ],
    "target_price": 595.9,
    "support": 594.26,
    "resistance": 597.6
  },
  "simulation": {
    "statistics": {
      "mean": 595.9012338700269,
      "std": 2.4446314328894485,
      "p05": 591.7951885660777,
      "p25": 594.2613393750272,
      "p50": 595.8463157062431,
      "p75": 597.5987489545769,
      "p95": 599.8307114093943,
      "min": 587.4731602317862,
      "max": 605.3245432217752
    },
    "simulations": 1000,
    "volatility": 0.1659
  }
}