{
  "ticker": "SPY",
  "timestamp": "2026-04-03T06:39:25.396553",
  "current_price": 594.43,
  "forecast_minutes": 60,
  "technical_indicators": {
    "rsi": 66.27,
    "macd": {
      "line": 2.0266,
      "signal": 1.8239,
      "histogram": 0.2027
    },
    "bollinger_bands": {
      "upper": 586.55,
      "middle": 569.81,
      "lower": 553.07
    }
  },
  "bsm_analysis": {
    "greeks": {
      "delta": 0.5392,
      "gamma": 0.010152,
      "theta": -0.3024,
      "vega": 0.6766,
      "rho": 0.2496
    },
    "atm_call_price": 16.88,
    "atm_put_price": 14.32,
    "implied_move": 0.57
  },
  "prediction": {
    "signal": "NEUTRAL",
    "score": 1,
    "confidence": 25.0,
    "reasons": [
      "MACD histogram positive (bullish momentum)"
    ],
    "target_price": 594.58,
    "support": 592.51,
    "resistance": 596.88
  },
  "simulation": {
    "statistics": {
      "mean": 594.5814684258402,
      "std": 3.3767812868910347,
      "p05": 588.7948675937996,
      "p25": 592.5097093429121,
      "p50": 594.5204096002415,
      "p75": 596.8814607928023,
      "p95": 599.8446869427905,
      "min": 584.4843897957508,
      "max": 606.3956708767375
    },
    "simulations": 1000,
    "volatility": 0.2295
  }
}