{
  "ticker": "SPY",
  "timestamp": "2026-04-15T20:57:48.805529",
  "current_price": 597.03,
  "forecast_minutes": 60,
  "technical_indicators": {
    "rsi": 57.5,
    "macd": {
      "line": 7.2119,
      "signal": 6.4907,
      "histogram": 0.7212
    },
    "bollinger_bands": {
      "upper": 613.88,
      "middle": 591.76,
      "lower": 569.64
    }
  },
  "bsm_analysis": {
    "greeks": {
      "delta": 0.5433,
      "gamma": 0.012698,
      "theta": -0.2511,
      "vega": 0.6788,
      "rho": 0.2553
    },
    "atm_call_price": 13.76,
    "atm_put_price": 11.19,
    "implied_move": 0.44
  },
  "prediction": {
    "signal": "NEUTRAL",
    "score": 1,
    "confidence": 25.0,
    "reasons": [
      "MACD histogram positive (bullish momentum)"
    ],
    "target_price": 597.03,
    "support": 595.25,
    "resistance": 598.72
  },
  "simulation": {
    "statistics": {
      "mean": 597.0349245630614,
      "std": 2.6522556554999905,
      "p05": 592.8746732380181,
      "p25": 595.2469065521915,
      "p50": 597.0198985771851,
      "p75": 598.7171956340287,
      "p95": 601.5561177720422,
      "min": 586.7251295474426,
      "max": 605.7549462393025
    },
    "simulations": 1000,
    "volatility": 0.1825
  }
}