{
  "ticker": "SPY",
  "timestamp": "2026-03-22T07:30:11.120976",
  "current_price": 592.11,
  "forecast_minutes": 60,
  "technical_indicators": {
    "rsi": 58.41,
    "macd": {
      "line": -1.1917,
      "signal": -1.0725,
      "histogram": -0.1192
    },
    "bollinger_bands": {
      "upper": 578.71,
      "middle": 552.73,
      "lower": 526.75
    }
  },
  "bsm_analysis": {
    "greeks": {
      "delta": 0.537,
      "gamma": 0.006999,
      "theta": -0.418,
      "vega": 0.6743,
      "rho": 0.2417
    },
    "atm_call_price": 23.88,
    "atm_put_price": 21.33,
    "implied_move": 0.85
  },
  "prediction": {
    "signal": "NEUTRAL",
    "score": -1,
    "confidence": 25.0,
    "reasons": [
      "MACD histogram negative (bearish momentum)"
    ],
    "target_price": 592.09,
    "support": 588.56,
    "resistance": 595.66
  },
  "simulation": {
    "statistics": {
      "mean": 592.092988517036,
      "std": 5.01790855676565,
      "p05": 583.9421854496543,
      "p25": 588.5609826334714,
      "p50": 591.9820604634488,
      "p75": 595.6606354926221,
      "p95": 600.2753549440827,
      "min": 576.798975372245,
      "max": 609.28056222246
    },
    "simulations": 1000,
    "volatility": 0.3343
  }
}