{
  "ticker": "SPY",
  "timestamp": "2026-04-11T07:57:42.236451",
  "current_price": 594.1,
  "forecast_minutes": 60,
  "technical_indicators": {
    "rsi": 36.81,
    "macd": {
      "line": 1.5178,
      "signal": 1.366,
      "histogram": 0.1518
    },
    "bollinger_bands": {
      "upper": 624.77,
      "middle": 609.81,
      "lower": 594.85
    }
  },
  "bsm_analysis": {
    "greeks": {
      "delta": 0.5415,
      "gamma": 0.011741,
      "theta": -0.2676,
      "vega": 0.6758,
      "rho": 0.2523
    },
    "atm_call_price": 14.77,
    "atm_put_price": 12.21,
    "implied_move": 0.49
  },
  "prediction": {
    "signal": "NEUTRAL",
    "score": 1,
    "confidence": 25.0,
    "reasons": [
      "MACD histogram positive (bullish momentum)"
    ],
    "target_price": 594.17,
    "support": 592.18,
    "resistance": 596.07
  },
  "simulation": {
    "statistics": {
      "mean": 594.1661335600242,
      "std": 2.908543460043084,
      "p05": 589.4126775851006,
      "p25": 592.1838027263499,
      "p50": 594.0648768667024,
      "p75": 596.0735898950824,
      "p95": 599.0264200254269,
      "min": 584.7236466087201,
      "max": 603.0369902755402
    },
    "simulations": 1000,
    "volatility": 0.1984
  }
}