{
  "ticker": "SPY",
  "timestamp": "2026-04-11T13:07:09.282286",
  "current_price": 596.74,
  "forecast_minutes": 60,
  "technical_indicators": {
    "rsi": 71.74,
    "macd": {
      "line": -0.7862,
      "signal": -0.7076,
      "histogram": -0.0786
    },
    "bollinger_bands": {
      "upper": 589.25,
      "middle": 567.42,
      "lower": 545.58
    }
  },
  "bsm_analysis": {
    "greeks": {
      "delta": 0.5383,
      "gamma": 0.009371,
      "theta": -0.324,
      "vega": 0.6794,
      "rho": 0.2491
    },
    "atm_call_price": 18.18,
    "atm_put_price": 15.61,
    "implied_move": 0.58
  },
  "prediction": {
    "signal": "BEARISH",
    "score": -3,
    "confidence": 75.0,
    "reasons": [
      "RSI indicates overbought conditions",
      "MACD histogram negative (bearish momentum)"
    ],
    "target_price": 596.68,
    "support": 594.28,
    "resistance": 599.05
  },
  "simulation": {
    "statistics": {
      "mean": 596.6757517401024,
      "std": 3.4845175503031864,
      "p05": 590.8650377210641,
      "p25": 594.2752013021286,
      "p50": 596.6965422778569,
      "p75": 599.0522153257831,
      "p95": 602.4706338107925,
      "min": 586.2588844500581,
      "max": 607.9789251102808
    },
    "simulations": 1000,
    "volatility": 0.2477
  }
}