{
  "ticker": "SPY",
  "timestamp": "2026-03-04T19:20:01.896312",
  "current_price": 594.02,
  "forecast_minutes": 60,
  "technical_indicators": {
    "rsi": 62.15,
    "macd": {
      "line": -1.3249,
      "signal": -1.1924,
      "histogram": -0.1325
    },
    "bollinger_bands": {
      "upper": 589.31,
      "middle": 573.66,
      "lower": 558.02
    }
  },
  "bsm_analysis": {
    "greeks": {
      "delta": 0.5384,
      "gamma": 0.009421,
      "theta": -0.3223,
      "vega": 0.6763,
      "rho": 0.248
    },
    "atm_call_price": 18.08,
    "atm_put_price": 15.53,
    "implied_move": 0.62
  },
  "prediction": {
    "signal": "NEUTRAL",
    "score": -1,
    "confidence": 25.0,
    "reasons": [
      "MACD histogram negative (bearish momentum)"
    ],
    "target_price": 594.06,
    "support": 591.62,
    "resistance": 596.32
  },
  "simulation": {
    "statistics": {
      "mean": 594.0589163311093,
      "std": 3.682996632555295,
      "p05": 588.25751008544,
      "p25": 591.6151475055669,
      "p50": 593.9826697967784,
      "p75": 596.324753293741,
      "p95": 600.2198690381495,
      "min": 582.9380591739339,
      "max": 606.9335107279751
    },
    "simulations": 1000,
    "volatility": 0.2475
  }
}