{
  "ticker": "SPY",
  "timestamp": "2026-03-06T20:33:26.301821",
  "current_price": 592.15,
  "forecast_minutes": 60,
  "technical_indicators": {
    "rsi": 33.81,
    "macd": {
      "line": -3.3728,
      "signal": -3.0356,
      "histogram": -0.3373
    },
    "bollinger_bands": {
      "upper": 636.07,
      "middle": 616.32,
      "lower": 596.56
    }
  },
  "bsm_analysis": {
    "greeks": {
      "delta": 0.5403,
      "gamma": 0.010962,
      "theta": -0.2833,
      "vega": 0.6738,
      "rho": 0.25
    },
    "atm_call_price": 15.72,
    "atm_put_price": 13.17,
    "implied_move": 0.52
  },
  "prediction": {
    "signal": "NEUTRAL",
    "score": -1,
    "confidence": 25.0,
    "reasons": [
      "MACD histogram negative (bearish momentum)"
    ],
    "target_price": 592.18,
    "support": 590.13,
    "resistance": 594.19
  },
  "simulation": {
    "statistics": {
      "mean": 592.1842034737984,
      "std": 3.0854939745006504,
      "p05": 587.1137076620881,
      "p25": 590.1337650962814,
      "p50": 592.142227491943,
      "p75": 594.1946912466553,
      "p95": 597.3274335281121,
      "min": 583.1992108613257,
      "max": 602.1729949445295
    },
    "simulations": 1000,
    "volatility": 0.2133
  }
}