{
  "ticker": "SPY",
  "timestamp": "2026-03-06T12:18:21.558806",
  "current_price": 594.61,
  "forecast_minutes": 60,
  "technical_indicators": {
    "rsi": 51.74,
    "macd": {
      "line": 4.0414,
      "signal": 3.6372,
      "histogram": 0.4041
    },
    "bollinger_bands": {
      "upper": 625.52,
      "middle": 603.32,
      "lower": 581.11
    }
  },
  "bsm_analysis": {
    "greeks": {
      "delta": 0.5528,
      "gamma": 0.017513,
      "theta": -0.1946,
      "vega": 0.6741,
      "rho": 0.2617
    },
    "atm_call_price": 10.33,
    "atm_put_price": 7.77,
    "implied_move": 0.32
  },
  "prediction": {
    "signal": "NEUTRAL",
    "score": 1,
    "confidence": 25.0,
    "reasons": [
      "MACD histogram positive (bullish momentum)"
    ],
    "target_price": 594.45,
    "support": 593.25,
    "resistance": 595.77
  },
  "simulation": {
    "statistics": {
      "mean": 594.4545645935955,
      "std": 1.9303564857790392,
      "p05": 591.1202254603356,
      "p25": 593.2523762930277,
      "p50": 594.4733699066844,
      "p75": 595.769923132681,
      "p95": 597.614334658491,
      "min": 587.9654408618413,
      "max": 600.6379720090455
    },
    "simulations": 1000,
    "volatility": 0.1325
  }
}