{
  "ticker": "SPY",
  "timestamp": "2026-03-03T20:48:22.885227",
  "current_price": 593.42,
  "forecast_minutes": 60,
  "technical_indicators": {
    "rsi": 58.76,
    "macd": {
      "line": 0.3874,
      "signal": 0.3487,
      "histogram": 0.0387
    },
    "bollinger_bands": {
      "upper": 594.54,
      "middle": 580.99,
      "lower": 567.44
    }
  },
  "bsm_analysis": {
    "greeks": {
      "delta": 0.5511,
      "gamma": 0.016781,
      "theta": -0.201,
      "vega": 0.6731,
      "rho": 0.26
    },
    "atm_call_price": 10.72,
    "atm_put_price": 8.16,
    "implied_move": 0.36
  },
  "prediction": {
    "signal": "NEUTRAL",
    "score": 1,
    "confidence": 25.0,
    "reasons": [
      "MACD histogram positive (bullish momentum)"
    ],
    "target_price": 593.41,
    "support": 591.83,
    "resistance": 594.9
  },
  "simulation": {
    "statistics": {
      "mean": 593.4076366503893,
      "std": 2.1258450572702396,
      "p05": 589.8957493167998,
      "p25": 591.8310386983248,
      "p50": 593.4894248764111,
      "p75": 594.9017767830397,
      "p95": 596.7045854660668,
      "min": 586.6284243818709,
      "max": 601.7609653309582
    },
    "simulations": 1000,
    "volatility": 0.1386
  }
}