{
  "ticker": "SPY",
  "timestamp": "2026-03-03T17:48:27.410667",
  "current_price": 596.42,
  "forecast_minutes": 60,
  "technical_indicators": {
    "rsi": 69.57,
    "macd": {
      "line": -5.6047,
      "signal": -5.0442,
      "histogram": -0.5605
    },
    "bollinger_bands": {
      "upper": 593.56,
      "middle": 552.06,
      "lower": 510.56
    }
  },
  "bsm_analysis": {
    "greeks": {
      "delta": 0.5381,
      "gamma": 0.005609,
      "theta": -0.5105,
      "vega": 0.679,
      "rho": 0.2396
    },
    "atm_call_price": 29.47,
    "atm_put_price": 26.9,
    "implied_move": 1.01
  },
  "prediction": {
    "signal": "NEUTRAL",
    "score": -1,
    "confidence": 25.0,
    "reasons": [
      "MACD histogram negative (bearish momentum)"
    ],
    "target_price": 596.21,
    "support": 592.1,
    "resistance": 600.46
  },
  "simulation": {
    "statistics": {
      "mean": 596.2143773247449,
      "std": 6.048807571770357,
      "p05": 586.3238142589329,
      "p25": 592.1047362761772,
      "p50": 596.1639789132158,
      "p75": 600.4645081944735,
      "p95": 605.9838794279356,
      "min": 577.8250624027352,
      "max": 615.586096252412
    },
    "simulations": 1000,
    "volatility": 0.4141
  }
}