{
  "ticker": "SPY",
  "timestamp": "2026-03-09T16:37:09.245054",
  "current_price": 596.02,
  "forecast_minutes": 60,
  "technical_indicators": {
    "rsi": 57.98,
    "macd": {
      "line": 0.3686,
      "signal": 0.3318,
      "histogram": 0.0369
    },
    "bollinger_bands": {
      "upper": 598.8,
      "middle": 585.19,
      "lower": 571.57
    }
  },
  "bsm_analysis": {
    "greeks": {
      "delta": 0.5496,
      "gamma": 0.015985,
      "theta": -0.2089,
      "vega": 0.6764,
      "rho": 0.26
    },
    "atm_call_price": 11.19,
    "atm_put_price": 8.63,
    "implied_move": 0.36
  },
  "prediction": {
    "signal": "NEUTRAL",
    "score": 1,
    "confidence": 25.0,
    "reasons": [
      "MACD histogram positive (bullish momentum)"
    ],
    "target_price": 596.19,
    "support": 594.73,
    "resistance": 597.59
  },
  "simulation": {
    "statistics": {
      "mean": 596.1931146955029,
      "std": 2.14539776003356,
      "p05": 592.6661025174047,
      "p25": 594.7258780936043,
      "p50": 596.2018986550253,
      "p75": 597.5900235464765,
      "p95": 599.5741038944693,
      "min": 590.0222627490764,
      "max": 602.9794132573176
    },
    "simulations": 1000,
    "volatility": 0.1449
  }
}