{
  "ticker": "SPY",
  "timestamp": "2026-03-14T19:44:41.579018",
  "current_price": 594.18,
  "forecast_minutes": 60,
  "technical_indicators": {
    "rsi": 57.66,
    "macd": {
      "line": -2.6855,
      "signal": -2.4169,
      "histogram": -0.2685
    },
    "bollinger_bands": {
      "upper": 597.34,
      "middle": 578.1,
      "lower": 558.87
    }
  },
  "bsm_analysis": {
    "greeks": {
      "delta": 0.5387,
      "gamma": 0.009746,
      "theta": -0.3131,
      "vega": 0.6764,
      "rho": 0.2487
    },
    "atm_call_price": 17.53,
    "atm_put_price": 14.97,
    "implied_move": 0.56
  },
  "prediction": {
    "signal": "NEUTRAL",
    "score": -1,
    "confidence": 25.0,
    "reasons": [
      "MACD histogram negative (bearish momentum)"
    ],
    "target_price": 594.08,
    "support": 591.9,
    "resistance": 596.33
  },
  "simulation": {
    "statistics": {
      "mean": 594.0801321256936,
      "std": 3.3229134405790735,
      "p05": 588.8360313014532,
      "p25": 591.9010074257382,
      "p50": 594.0390937077731,
      "p75": 596.3309684357989,
      "p95": 599.4496909216236,
      "min": 582.7208467053431,
      "max": 606.9946287156388
    },
    "simulations": 1000,
    "volatility": 0.2392
  }
}