{
  "ticker": "SPY",
  "timestamp": "2026-03-14T11:26:11.772368",
  "current_price": 595.26,
  "forecast_minutes": 60,
  "technical_indicators": {
    "rsi": 50.86,
    "macd": {
      "line": -1.2273,
      "signal": -1.1045,
      "histogram": -0.1227
    },
    "bollinger_bands": {
      "upper": 596.63,
      "middle": 576.65,
      "lower": 556.66
    }
  },
  "bsm_analysis": {
    "greeks": {
      "delta": 0.5371,
      "gamma": 0.007612,
      "theta": -0.3883,
      "vega": 0.6779,
      "rho": 0.2446
    },
    "atm_call_price": 22.07,
    "atm_put_price": 19.51,
    "implied_move": 0.77
  },
  "prediction": {
    "signal": "NEUTRAL",
    "score": -1,
    "confidence": 25.0,
    "reasons": [
      "MACD histogram negative (bearish momentum)"
    ],
    "target_price": 595.04,
    "support": 591.98,
    "resistance": 597.87
  },
  "simulation": {
    "statistics": {
      "mean": 595.0391583528537,
      "std": 4.602314589920563,
      "p05": 587.8062639816106,
      "p25": 591.9809080729488,
      "p50": 595.0207486672675,
      "p75": 597.8706881738595,
      "p95": 602.7414504500196,
      "min": 578.2526832270728,
      "max": 613.5387241433059
    },
    "simulations": 1000,
    "volatility": 0.3058
  }
}