{
  "ticker": "SPY",
  "timestamp": "2026-03-07T23:52:17.408202",
  "current_price": 597.3,
  "forecast_minutes": 60,
  "technical_indicators": {
    "rsi": 59.56,
    "macd": {
      "line": 1.0118,
      "signal": 0.9106,
      "histogram": 0.1012
    },
    "bollinger_bands": {
      "upper": 593.37,
      "middle": 580.69,
      "lower": 568.02
    }
  },
  "bsm_analysis": {
    "greeks": {
      "delta": 0.5433,
      "gamma": 0.012732,
      "theta": -0.2506,
      "vega": 0.6791,
      "rho": 0.2555
    },
    "atm_call_price": 13.73,
    "atm_put_price": 11.16,
    "implied_move": 0.45
  },
  "prediction": {
    "signal": "NEUTRAL",
    "score": 1,
    "confidence": 25.0,
    "reasons": [
      "MACD histogram positive (bullish momentum)"
    ],
    "target_price": 597.36,
    "support": 595.55,
    "resistance": 599.02
  },
  "simulation": {
    "statistics": {
      "mean": 597.3594741556602,
      "std": 2.708095702916029,
      "p05": 592.9655106040142,
      "p25": 595.5465242786723,
      "p50": 597.3092844733683,
      "p75": 599.0191656505867,
      "p95": 602.0127594238621,
      "min": 587.4715871257257,
      "max": 606.9219172684498
    },
    "simulations": 1000,
    "volatility": 0.1819
  }
}