{
  "ticker": "SPY",
  "timestamp": "2026-03-02T13:32:05.576469",
  "current_price": 592.74,
  "forecast_minutes": 60,
  "technical_indicators": {
    "rsi": 64.35,
    "macd": {
      "line": -0.9553,
      "signal": -0.8598,
      "histogram": -0.0955
    },
    "bollinger_bands": {
      "upper": 574.52,
      "middle": 543.83,
      "lower": 513.15
    }
  },
  "bsm_analysis": {
    "greeks": {
      "delta": 0.5384,
      "gamma": 0.005488,
      "theta": -0.5205,
      "vega": 0.6748,
      "rho": 0.2376
    },
    "atm_call_price": 30.08,
    "atm_put_price": 27.53,
    "implied_move": 1.03
  },
  "prediction": {
    "signal": "NEUTRAL",
    "score": -1,
    "confidence": 25.0,
    "reasons": [
      "MACD histogram negative (bearish momentum)"
    ],
    "target_price": 592.85,
    "support": 588.85,
    "resistance": 597.12
  },
  "simulation": {
    "statistics": {
      "mean": 592.8482300884767,
      "std": 6.0859718289851426,
      "p05": 582.912695602245,
      "p25": 588.8475940487612,
      "p50": 592.7402638255982,
      "p75": 597.1235030076332,
      "p95": 603.4216741872344,
      "min": 575.4608993971779,
      "max": 613.0572706512719
    },
    "simulations": 1000,
    "volatility": 0.4258
  }
}