{
  "ticker": "SPY",
  "timestamp": "2026-03-30T16:28:04.669118",
  "current_price": 593.89,
  "forecast_minutes": 60,
  "technical_indicators": {
    "rsi": 59.58,
    "macd": {
      "line": -7.7433,
      "signal": -6.969,
      "histogram": -0.7743
    },
    "bollinger_bands": {
      "upper": 595.55,
      "middle": 556.17,
      "lower": 516.79
    }
  },
  "bsm_analysis": {
    "greeks": {
      "delta": 0.541,
      "gamma": 0.004539,
      "theta": -0.6193,
      "vega": 0.6757,
      "rho": 0.2344
    },
    "atm_call_price": 36.07,
    "atm_put_price": 33.51,
    "implied_move": 1.27
  },
  "prediction": {
    "signal": "NEUTRAL",
    "score": -1,
    "confidence": 25.0,
    "reasons": [
      "MACD histogram negative (bearish momentum)"
    ],
    "target_price": 593.69,
    "support": 588.71,
    "resistance": 598.67
  },
  "simulation": {
    "statistics": {
      "mean": 593.6857248162047,
      "std": 7.5528944374741585,
      "p05": 580.9600826458092,
      "p25": 588.7098916803864,
      "p50": 593.8446276295409,
      "p75": 598.6698576727961,
      "p95": 606.3002494437183,
      "min": 573.5285453212667,
      "max": 616.3232449188259
    },
    "simulations": 1000,
    "volatility": 0.5135
  }
}