{
  "ticker": "SPY",
  "timestamp": "2026-02-21T04:40:02.585100",
  "current_price": 593.11,
  "forecast_minutes": 60,
  "technical_indicators": {
    "rsi": 45.24,
    "macd": {
      "line": -1.427,
      "signal": -1.2843,
      "histogram": -0.1427
    },
    "bollinger_bands": {
      "upper": 615.06,
      "middle": 593.49,
      "lower": 571.91
    }
  },
  "bsm_analysis": {
    "greeks": {
      "delta": 0.5459,
      "gamma": 0.014228,
      "theta": -0.2288,
      "vega": 0.6739,
      "rho": 0.2559
    },
    "atm_call_price": 12.41,
    "atm_put_price": 9.86,
    "implied_move": 0.42
  },
  "prediction": {
    "signal": "NEUTRAL",
    "score": -1,
    "confidence": 25.0,
    "reasons": [
      "MACD histogram negative (bearish momentum)"
    ],
    "target_price": 593.04,
    "support": 591.5,
    "resistance": 594.69
  },
  "simulation": {
    "statistics": {
      "mean": 593.0370042515434,
      "std": 2.478382828348081,
      "p05": 588.8723607808402,
      "p25": 591.5016877250107,
      "p50": 592.9939167194267,
      "p75": 594.6889440336477,
      "p95": 597.1073991936715,
      "min": 585.5207498585456,
      "max": 602.3621229569973
    },
    "simulations": 1000,
    "volatility": 0.1638
  }
}