{
  "ticker": "SPY",
  "timestamp": "2026-03-06T22:29:23.703892",
  "current_price": 594.03,
  "forecast_minutes": 60,
  "technical_indicators": {
    "rsi": 66.91,
    "macd": {
      "line": 3.001,
      "signal": 2.7009,
      "histogram": 0.3001
    },
    "bollinger_bands": {
      "upper": 580.66,
      "middle": 564.4,
      "lower": 548.14
    }
  },
  "bsm_analysis": {
    "greeks": {
      "delta": 0.5387,
      "gamma": 0.009747,
      "theta": -0.3131,
      "vega": 0.6762,
      "rho": 0.2486
    },
    "atm_call_price": 17.52,
    "atm_put_price": 14.97,
    "implied_move": 0.6
  },
  "prediction": {
    "signal": "NEUTRAL",
    "score": 1,
    "confidence": 25.0,
    "reasons": [
      "MACD histogram positive (bullish momentum)"
    ],
    "target_price": 594.17,
    "support": 591.81,
    "resistance": 596.6
  },
  "simulation": {
    "statistics": {
      "mean": 594.1687840394003,
      "std": 3.549702945380981,
      "p05": 588.3621029648455,
      "p25": 591.8128447326683,
      "p50": 594.2640133757907,
      "p75": 596.598153220331,
      "p95": 600.0031898037904,
      "min": 580.4846376754783,
      "max": 605.308759095564
    },
    "simulations": 1000,
    "volatility": 0.2392
  }
}