{
  "ticker": "SPY",
  "timestamp": "2026-02-27T04:42:43.138033",
  "current_price": 597.62,
  "forecast_minutes": 60,
  "technical_indicators": {
    "rsi": 47.22,
    "macd": {
      "line": 8.053,
      "signal": 7.2477,
      "histogram": 0.8053
    },
    "bollinger_bands": {
      "upper": 639.84,
      "middle": 613.86,
      "lower": 587.88
    }
  },
  "bsm_analysis": {
    "greeks": {
      "delta": 0.5384,
      "gamma": 0.009446,
      "theta": -0.3219,
      "vega": 0.6803,
      "rho": 0.2496
    },
    "atm_call_price": 18.05,
    "atm_put_price": 15.48,
    "implied_move": 0.6
  },
  "prediction": {
    "signal": "NEUTRAL",
    "score": 1,
    "confidence": 25.0,
    "reasons": [
      "MACD histogram positive (bullish momentum)"
    ],
    "target_price": 597.69,
    "support": 595.36,
    "resistance": 600.14
  },
  "simulation": {
    "statistics": {
      "mean": 597.6932888991965,
      "std": 3.598466318005131,
      "p05": 591.8312816479289,
      "p25": 595.3561869539071,
      "p50": 597.6908860735107,
      "p75": 600.1440536599279,
      "p95": 603.864412370597,
      "min": 586.5024454984285,
      "max": 609.0980161992242
    },
    "simulations": 1000,
    "volatility": 0.2454
  }
}