{
  "ticker": "SPY",
  "timestamp": "2026-03-21T23:53:23.852024",
  "current_price": 592.4,
  "forecast_minutes": 60,
  "technical_indicators": {
    "rsi": 61.88,
    "macd": {
      "line": 1.0584,
      "signal": 0.9526,
      "histogram": 0.1058
    },
    "bollinger_bands": {
      "upper": 584.57,
      "middle": 568.0,
      "lower": 551.44
    }
  },
  "bsm_analysis": {
    "greeks": {
      "delta": 0.5378,
      "gamma": 0.008862,
      "theta": -0.3397,
      "vega": 0.6745,
      "rho": 0.2461
    },
    "atm_call_price": 19.14,
    "atm_put_price": 16.59,
    "implied_move": 0.67
  },
  "prediction": {
    "signal": "NEUTRAL",
    "score": 1,
    "confidence": 25.0,
    "reasons": [
      "MACD histogram positive (bullish momentum)"
    ],
    "target_price": 592.36,
    "support": 589.68,
    "resistance": 594.97
  },
  "simulation": {
    "statistics": {
      "mean": 592.3556307531397,
      "std": 3.9429390749935083,
      "p05": 585.84638262809,
      "p25": 589.6763505176328,
      "p50": 592.2700497631765,
      "p75": 594.9729557154017,
      "p95": 598.9019449061116,
      "min": 580.025579207885,
      "max": 605.5519751830057
    },
    "simulations": 1000,
    "volatility": 0.2639
  }
}