{
  "ticker": "SPY",
  "timestamp": "2026-02-16T12:02:53.514872",
  "current_price": 594.84,
  "forecast_minutes": 60,
  "technical_indicators": {
    "rsi": 50.45,
    "macd": {
      "line": 7.1651,
      "signal": 6.4486,
      "histogram": 0.7165
    },
    "bollinger_bands": {
      "upper": 631.43,
      "middle": 606.38,
      "lower": 581.34
    }
  },
  "bsm_analysis": {
    "greeks": {
      "delta": 0.5393,
      "gamma": 0.010189,
      "theta": -0.3015,
      "vega": 0.677,
      "rho": 0.2498
    },
    "atm_call_price": 16.82,
    "atm_put_price": 14.26,
    "implied_move": 0.57
  },
  "prediction": {
    "signal": "NEUTRAL",
    "score": 1,
    "confidence": 25.0,
    "reasons": [
      "MACD histogram positive (bullish momentum)"
    ],
    "target_price": 594.93,
    "support": 592.79,
    "resistance": 597.29
  },
  "simulation": {
    "statistics": {
      "mean": 594.9342283973324,
      "std": 3.378448906971166,
      "p05": 589.0750753462867,
      "p25": 592.7908430589863,
      "p50": 594.9622796744666,
      "p75": 597.2877058917578,
      "p95": 600.5274708739512,
      "min": 584.0734172308772,
      "max": 605.577846574295
    },
    "simulations": 1000,
    "volatility": 0.2285
  }
}