{
  "ticker": "SPY",
  "timestamp": "2026-02-24T09:08:43.376775",
  "current_price": 596.55,
  "forecast_minutes": 60,
  "technical_indicators": {
    "rsi": 65.57,
    "macd": {
      "line": 3.5627,
      "signal": 3.2064,
      "histogram": 0.3563
    },
    "bollinger_bands": {
      "upper": 602.65,
      "middle": 587.55,
      "lower": 572.45
    }
  },
  "bsm_analysis": {
    "greeks": {
      "delta": 0.549,
      "gamma": 0.015691,
      "theta": -0.212,
      "vega": 0.6771,
      "rho": 0.2598
    },
    "atm_call_price": 11.38,
    "atm_put_price": 8.81,
    "implied_move": 0.36
  },
  "prediction": {
    "signal": "NEUTRAL",
    "score": 1,
    "confidence": 25.0,
    "reasons": [
      "MACD histogram positive (bullish momentum)"
    ],
    "target_price": 596.62,
    "support": 595.14,
    "resistance": 598.09
  },
  "simulation": {
    "statistics": {
      "mean": 596.6161455999955,
      "std": 2.1328359638061354,
      "p05": 593.2935752747137,
      "p25": 595.1430297480424,
      "p50": 596.6275354964394,
      "p75": 598.0870092706879,
      "p95": 600.0607301914135,
      "min": 590.4056748754231,
      "max": 604.05599044851
    },
    "simulations": 1000,
    "volatility": 0.1475
  }
}