{
  "ticker": "SPY",
  "timestamp": "2026-03-22T19:53:22.288142",
  "current_price": 594.31,
  "forecast_minutes": 60,
  "technical_indicators": {
    "rsi": 71.25,
    "macd": {
      "line": 0.5665,
      "signal": 0.5098,
      "histogram": 0.0566
    },
    "bollinger_bands": {
      "upper": 585.79,
      "middle": 568.73,
      "lower": 551.67
    }
  },
  "bsm_analysis": {
    "greeks": {
      "delta": 0.5396,
      "gamma": 0.01041,
      "theta": -0.2961,
      "vega": 0.6764,
      "rho": 0.25
    },
    "atm_call_price": 16.49,
    "atm_put_price": 13.93,
    "implied_move": 0.54
  },
  "prediction": {
    "signal": "NEUTRAL",
    "score": -1,
    "confidence": 25.0,
    "reasons": [
      "RSI indicates overbought conditions",
      "MACD histogram positive (bullish momentum)"
    ],
    "target_price": 594.21,
    "support": 592.01,
    "resistance": 596.49
  },
  "simulation": {
    "statistics": {
      "mean": 594.2057518490723,
      "std": 3.228015976640312,
      "p05": 589.149169003839,
      "p25": 592.0075796632857,
      "p50": 594.0930678341672,
      "p75": 596.4946751014222,
      "p95": 599.4733052865995,
      "min": 583.15754664263,
      "max": 605.5203730091336
    },
    "simulations": 1000,
    "volatility": 0.2238
  }
}