{
  "ticker": "SPY",
  "timestamp": "2026-03-23T08:35:04.258094",
  "current_price": 596.72,
  "forecast_minutes": 60,
  "technical_indicators": {
    "rsi": 58.31,
    "macd": {
      "line": -0.7784,
      "signal": -0.7006,
      "histogram": -0.0778
    },
    "bollinger_bands": {
      "upper": 587.11,
      "middle": 565.36,
      "lower": 543.61
    }
  },
  "bsm_analysis": {
    "greeks": {
      "delta": 0.5371,
      "gamma": 0.006715,
      "theta": -0.4341,
      "vega": 0.6795,
      "rho": 0.243
    },
    "atm_call_price": 24.85,
    "atm_put_price": 22.28,
    "implied_move": 0.83
  },
  "prediction": {
    "signal": "NEUTRAL",
    "score": -1,
    "confidence": 25.0,
    "reasons": [
      "MACD histogram negative (bearish momentum)"
    ],
    "target_price": 596.72,
    "support": 593.28,
    "resistance": 599.99
  },
  "simulation": {
    "statistics": {
      "mean": 596.7174801210773,
      "std": 4.958485599494956,
      "p05": 588.5653713487349,
      "p25": 593.2827799867675,
      "p50": 596.7416995632744,
      "p75": 599.9902475169637,
      "p95": 604.8437583081519,
      "min": 579.5840769899343,
      "max": 615.0139182295137
    },
    "simulations": 1000,
    "volatility": 0.3458
  }
}