{
  "ticker": "SPY",
  "timestamp": "2026-02-27T19:58:16.974356",
  "current_price": 592.76,
  "forecast_minutes": 60,
  "technical_indicators": {
    "rsi": 43.31,
    "macd": {
      "line": 9.76,
      "signal": 8.784,
      "histogram": 0.976
    },
    "bollinger_bands": {
      "upper": 665.32,
      "middle": 624.55,
      "lower": 583.78
    }
  },
  "bsm_analysis": {
    "greeks": {
      "delta": 0.5384,
      "gamma": 0.005466,
      "theta": -0.5224,
      "vega": 0.6748,
      "rho": 0.2375
    },
    "atm_call_price": 30.2,
    "atm_put_price": 27.64,
    "implied_move": 1.06
  },
  "prediction": {
    "signal": "NEUTRAL",
    "score": 1,
    "confidence": 25.0,
    "reasons": [
      "MACD histogram positive (bullish momentum)"
    ],
    "target_price": 593.01,
    "support": 588.97,
    "resistance": 597.08
  },
  "simulation": {
    "statistics": {
      "mean": 593.0064390876101,
      "std": 6.285119408680251,
      "p05": 582.7476931866498,
      "p25": 588.9688396546726,
      "p50": 592.8318300088521,
      "p75": 597.0772473134997,
      "p95": 603.4258820362918,
      "min": 570.3546891562974,
      "max": 614.439796041335
    },
    "simulations": 1000,
    "volatility": 0.4275
  }
}