{
  "ticker": "SPY",
  "timestamp": "2026-02-08T17:57:22.159802",
  "current_price": 592.89,
  "forecast_minutes": 60,
  "technical_indicators": {
    "rsi": 36.04,
    "macd": {
      "line": -7.367,
      "signal": -6.6303,
      "histogram": -0.7367
    },
    "bollinger_bands": {
      "upper": 619.58,
      "middle": 593.34,
      "lower": 567.1
    }
  },
  "bsm_analysis": {
    "greeks": {
      "delta": 0.5449,
      "gamma": 0.013701,
      "theta": -0.2358,
      "vega": 0.6738,
      "rho": 0.255
    },
    "atm_call_price": 12.84,
    "atm_put_price": 10.29,
    "implied_move": 0.43
  },
  "prediction": {
    "signal": "NEUTRAL",
    "score": -1,
    "confidence": 25.0,
    "reasons": [
      "MACD histogram negative (bearish momentum)"
    ],
    "target_price": 593.03,
    "support": 591.29,
    "resistance": 594.73
  },
  "simulation": {
    "statistics": {
      "mean": 593.0266496764818,
      "std": 2.531930734074399,
      "p05": 588.9163662233162,
      "p25": 591.29291344575,
      "p50": 593.0107203228454,
      "p75": 594.72999025035,
      "p95": 597.2959994663893,
      "min": 584.9117086580789,
      "max": 602.2358942245712
    },
    "simulations": 1000,
    "volatility": 0.1702
  }
}