{
  "ticker": "SPY",
  "timestamp": "2026-03-07T11:25:19.764503",
  "current_price": 593.58,
  "forecast_minutes": 60,
  "technical_indicators": {
    "rsi": 39.59,
    "macd": {
      "line": -5.6674,
      "signal": -5.1007,
      "histogram": -0.5667
    },
    "bollinger_bands": {
      "upper": 643.37,
      "middle": 615.61,
      "lower": 587.85
    }
  },
  "bsm_analysis": {
    "greeks": {
      "delta": 0.5372,
      "gamma": 0.008066,
      "theta": -0.3689,
      "vega": 0.6759,
      "rho": 0.2449
    },
    "atm_call_price": 20.9,
    "atm_put_price": 18.35,
    "implied_move": 0.7
  },
  "prediction": {
    "signal": "NEUTRAL",
    "score": -1,
    "confidence": 25.0,
    "reasons": [
      "MACD histogram negative (bearish momentum)"
    ],
    "target_price": 593.56,
    "support": 590.59,
    "resistance": 596.32
  },
  "simulation": {
    "statistics": {
      "mean": 593.5570336249634,
      "std": 4.146245734725407,
      "p05": 587.1333356054328,
      "p25": 590.5937018093184,
      "p50": 593.4501590209785,
      "p75": 596.3174953633768,
      "p95": 600.2728792637946,
      "min": 582.3489195701234,
      "max": 608.0779146879102
    },
    "simulations": 1000,
    "volatility": 0.2894
  }
}