{
  "ticker": "SPY",
  "timestamp": "2026-04-02T19:09:40.934926",
  "current_price": 596.09,
  "forecast_minutes": 60,
  "technical_indicators": {
    "rsi": 70.0,
    "macd": {
      "line": 1.9252,
      "signal": 1.7326,
      "histogram": 0.1925
    },
    "bollinger_bands": {
      "upper": 585.47,
      "middle": 565.63,
      "lower": 545.79
    }
  },
  "bsm_analysis": {
    "greeks": {
      "delta": 0.5417,
      "gamma": 0.011787,
      "theta": -0.2669,
      "vega": 0.678,
      "rho": 0.2533
    },
    "atm_call_price": 14.72,
    "atm_put_price": 12.15,
    "implied_move": 0.48
  },
  "prediction": {
    "signal": "NEUTRAL",
    "score": -1,
    "confidence": 25.0,
    "reasons": [
      "RSI indicates overbought conditions",
      "MACD histogram positive (bullish momentum)"
    ],
    "target_price": 596.16,
    "support": 594.2,
    "resistance": 598.06
  },
  "simulation": {
    "statistics": {
      "mean": 596.1562731544337,
      "std": 2.8446321178381124,
      "p05": 591.5000109302192,
      "p25": 594.2033365329247,
      "p50": 596.1589714784866,
      "p75": 598.0552582192843,
      "p95": 600.904961831229,
      "min": 586.7441067325195,
      "max": 605.4115097452269
    },
    "simulations": 1000,
    "volatility": 0.197
  }
}