{
  "ticker": "SPY",
  "timestamp": "2026-03-19T22:26:52.767596",
  "current_price": 592.52,
  "forecast_minutes": 60,
  "technical_indicators": {
    "rsi": 56.24,
    "macd": {
      "line": -6.2893,
      "signal": -5.6603,
      "histogram": -0.6289
    },
    "bollinger_bands": {
      "upper": 605.58,
      "middle": 572.3,
      "lower": 539.03
    }
  },
  "bsm_analysis": {
    "greeks": {
      "delta": 0.5371,
      "gamma": 0.007724,
      "theta": -0.3831,
      "vega": 0.6748,
      "rho": 0.2437
    },
    "atm_call_price": 21.77,
    "atm_put_price": 19.21,
    "implied_move": 0.74
  },
  "prediction": {
    "signal": "NEUTRAL",
    "score": -1,
    "confidence": 25.0,
    "reasons": [
      "MACD histogram negative (bearish momentum)"
    ],
    "target_price": 592.64,
    "support": 589.66,
    "resistance": 595.63
  },
  "simulation": {
    "statistics": {
      "mean": 592.6448990976116,
      "std": 4.389099298246404,
      "p05": 585.5241740962542,
      "p25": 589.6608702964704,
      "p50": 592.6024781273766,
      "p75": 595.6306590219003,
      "p95": 599.8363070270849,
      "min": 578.5645687356911,
      "max": 605.620501695939
    },
    "simulations": 1000,
    "volatility": 0.3027
  }
}