{
  "ticker": "SPY",
  "timestamp": "2026-02-27T05:40:54.296705",
  "current_price": 594.11,
  "forecast_minutes": 60,
  "technical_indicators": {
    "rsi": 56.59,
    "macd": {
      "line": 5.2428,
      "signal": 4.7185,
      "histogram": 0.5243
    },
    "bollinger_bands": {
      "upper": 601.04,
      "middle": 582.72,
      "lower": 564.41
    }
  },
  "bsm_analysis": {
    "greeks": {
      "delta": 0.5485,
      "gamma": 0.015526,
      "theta": -0.2135,
      "vega": 0.6745,
      "rho": 0.2584
    },
    "atm_call_price": 11.48,
    "atm_put_price": 8.92,
    "implied_move": 0.37
  },
  "prediction": {
    "signal": "NEUTRAL",
    "score": 1,
    "confidence": 25.0,
    "reasons": [
      "MACD histogram positive (bullish momentum)"
    ],
    "target_price": 594.13,
    "support": 592.57,
    "resistance": 595.6
  },
  "simulation": {
    "statistics": {
      "mean": 594.1259904730204,
      "std": 2.1907446518655482,
      "p05": 590.6424070726483,
      "p25": 592.566723517283,
      "p50": 594.1472692784376,
      "p75": 595.6025785082288,
      "p95": 597.6105074435574,
      "min": 587.015897865124,
      "max": 600.996664675521
    },
    "simulations": 1000,
    "volatility": 0.1497
  }
}