{
  "ticker": "SPY",
  "timestamp": "2026-03-05T20:50:02.816656",
  "current_price": 593.15,
  "forecast_minutes": 60,
  "technical_indicators": {
    "rsi": 57.7,
    "macd": {
      "line": 1.5894,
      "signal": 1.4304,
      "histogram": 0.1589
    },
    "bollinger_bands": {
      "upper": 599.28,
      "middle": 580.27,
      "lower": 561.25
    }
  },
  "bsm_analysis": {
    "greeks": {
      "delta": 0.5402,
      "gamma": 0.010887,
      "theta": -0.285,
      "vega": 0.675,
      "rho": 0.2504
    },
    "atm_call_price": 15.82,
    "atm_put_price": 13.27,
    "implied_move": 0.54
  },
  "prediction": {
    "signal": "NEUTRAL",
    "score": 1,
    "confidence": 25.0,
    "reasons": [
      "MACD histogram positive (bullish momentum)"
    ],
    "target_price": 593.03,
    "support": 591.0,
    "resistance": 595.17
  },
  "simulation": {
    "statistics": {
      "mean": 593.0283012801134,
      "std": 3.1926821802322145,
      "p05": 587.584404027532,
      "p25": 591.004222860779,
      "p50": 592.952213477359,
      "p75": 595.1677365166356,
      "p95": 598.2839082643768,
      "min": 582.3640449766125,
      "max": 602.4429174731382
    },
    "simulations": 1000,
    "volatility": 0.2144
  }
}