{
  "ticker": "SPY",
  "timestamp": "2026-04-08T09:36:58.433561",
  "current_price": 595.75,
  "forecast_minutes": 60,
  "technical_indicators": {
    "rsi": 29.06,
    "macd": {
      "line": -8.9209,
      "signal": -8.0288,
      "histogram": -0.8921
    },
    "bollinger_bands": {
      "upper": 641.81,
      "middle": 611.98,
      "lower": 582.15
    }
  },
  "bsm_analysis": {
    "greeks": {
      "delta": 0.5455,
      "gamma": 0.013963,
      "theta": -0.2324,
      "vega": 0.6769,
      "rho": 0.2567
    },
    "atm_call_price": 12.63,
    "atm_put_price": 10.06,
    "implied_move": 0.41
  },
  "prediction": {
    "signal": "NEUTRAL",
    "score": 1,
    "confidence": 25.0,
    "reasons": [
      "RSI indicates oversold conditions",
      "MACD histogram negative (bearish momentum)"
    ],
    "target_price": 595.8,
    "support": 594.24,
    "resistance": 597.45
  },
  "simulation": {
    "statistics": {
      "mean": 595.8025431327841,
      "std": 2.4337014361039255,
      "p05": 591.9736403737028,
      "p25": 594.2415281896809,
      "p50": 595.7493221736636,
      "p75": 597.4469108750685,
      "p95": 599.8709994286239,
      "min": 588.1345527699483,
      "max": 603.3449448850349
    },
    "simulations": 1000,
    "volatility": 0.1662
  }
}