{
  "ticker": "SPY",
  "timestamp": "2026-02-14T18:00:26.047096",
  "current_price": 597.49,
  "forecast_minutes": 60,
  "technical_indicators": {
    "rsi": 35.07,
    "macd": {
      "line": -2.7776,
      "signal": -2.4999,
      "histogram": -0.2778
    },
    "bollinger_bands": {
      "upper": 632.67,
      "middle": 616.55,
      "lower": 600.43
    }
  },
  "bsm_analysis": {
    "greeks": {
      "delta": 0.5401,
      "gamma": 0.010715,
      "theta": -0.2892,
      "vega": 0.6799,
      "rho": 0.252
    },
    "atm_call_price": 16.07,
    "atm_put_price": 13.49,
    "implied_move": 0.52
  },
  "prediction": {
    "signal": "NEUTRAL",
    "score": -1,
    "confidence": 25.0,
    "reasons": [
      "MACD histogram negative (bearish momentum)"
    ],
    "target_price": 597.53,
    "support": 595.42,
    "resistance": 599.58
  },
  "simulation": {
    "statistics": {
      "mean": 597.5325232660653,
      "std": 3.1060876290080044,
      "p05": 592.4060303691047,
      "p25": 595.4235662768249,
      "p50": 597.6733769323885,
      "p75": 599.5759134920958,
      "p95": 602.5342532003411,
      "min": 588.1216873027573,
      "max": 609.8884807796039
    },
    "simulations": 1000,
    "volatility": 0.2163
  }
}