{
  "ticker": "SPY",
  "timestamp": "2026-03-23T04:20:32.744445",
  "current_price": 592.91,
  "forecast_minutes": 60,
  "technical_indicators": {
    "rsi": 62.43,
    "macd": {
      "line": -3.1555,
      "signal": -2.8399,
      "histogram": -0.3155
    },
    "bollinger_bands": {
      "upper": 590.88,
      "middle": 570.36,
      "lower": 549.85
    }
  },
  "bsm_analysis": {
    "greeks": {
      "delta": 0.537,
      "gamma": 0.007287,
      "theta": -0.4034,
      "vega": 0.6752,
      "rho": 0.2428
    },
    "atm_call_price": 22.99,
    "atm_put_price": 20.44,
    "implied_move": 0.8
  },
  "prediction": {
    "signal": "NEUTRAL",
    "score": -1,
    "confidence": 25.0,
    "reasons": [
      "MACD histogram negative (bearish momentum)"
    ],
    "target_price": 593.15,
    "support": 589.85,
    "resistance": 596.21
  },
  "simulation": {
    "statistics": {
      "mean": 593.1476517039827,
      "std": 4.726078891568643,
      "p05": 585.344238231207,
      "p25": 589.8517698989465,
      "p50": 593.0912941880295,
      "p75": 596.2125997620591,
      "p95": 600.910637784412,
      "min": 580.5877861224042,
      "max": 609.0618425452536
    },
    "simulations": 1000,
    "volatility": 0.3207
  }
}