{
  "ticker": "SPY",
  "timestamp": "2026-04-12T15:08:35.670917",
  "current_price": 594.45,
  "forecast_minutes": 60,
  "technical_indicators": {
    "rsi": 62.56,
    "macd": {
      "line": 4.54,
      "signal": 4.086,
      "histogram": 0.454
    },
    "bollinger_bands": {
      "upper": 608.68,
      "middle": 587.4,
      "lower": 566.11
    }
  },
  "bsm_analysis": {
    "greeks": {
      "delta": 0.5439,
      "gamma": 0.013131,
      "theta": -0.2442,
      "vega": 0.6758,
      "rho": 0.2548
    },
    "atm_call_price": 13.34,
    "atm_put_price": 10.78,
    "implied_move": 0.44
  },
  "prediction": {
    "signal": "NEUTRAL",
    "score": 1,
    "confidence": 25.0,
    "reasons": [
      "MACD histogram positive (bullish momentum)"
    ],
    "target_price": 594.51,
    "support": 592.82,
    "resistance": 596.27
  },
  "simulation": {
    "statistics": {
      "mean": 594.5122640852111,
      "std": 2.625067915493438,
      "p05": 590.1743444752116,
      "p25": 592.8190700284244,
      "p50": 594.3925116672192,
      "p75": 596.269655167003,
      "p95": 598.9242149862754,
      "min": 586.1799551076376,
      "max": 602.9273838796099
    },
    "simulations": 1000,
    "volatility": 0.1772
  }
}