{
  "ticker": "SPY",
  "timestamp": "2026-02-21T20:30:28.775394",
  "current_price": 594.96,
  "forecast_minutes": 60,
  "technical_indicators": {
    "rsi": 64.07,
    "macd": {
      "line": 0.3885,
      "signal": 0.3496,
      "histogram": 0.0388
    },
    "bollinger_bands": {
      "upper": 582.43,
      "middle": 565.15,
      "lower": 547.86
    }
  },
  "bsm_analysis": {
    "greeks": {
      "delta": 0.5379,
      "gamma": 0.008944,
      "theta": -0.3372,
      "vega": 0.6774,
      "rho": 0.2474
    },
    "atm_call_price": 18.98,
    "atm_put_price": 16.42,
    "implied_move": 0.64
  },
  "prediction": {
    "signal": "NEUTRAL",
    "score": 1,
    "confidence": 25.0,
    "reasons": [
      "MACD histogram positive (bullish momentum)"
    ],
    "target_price": 594.92,
    "support": 592.37,
    "resistance": 597.49
  },
  "simulation": {
    "statistics": {
      "mean": 594.9191849746654,
      "std": 3.8096024606154146,
      "p05": 588.790516366476,
      "p25": 592.3698907871083,
      "p50": 594.9830428099717,
      "p75": 597.4884755488717,
      "p95": 601.1371324392642,
      "min": 582.6120999410085,
      "max": 607.5432261044687
    },
    "simulations": 1000,
    "volatility": 0.2603
  }
}