{
  "ticker": "SPY",
  "timestamp": "2026-02-12T19:08:54.830893",
  "current_price": 595.39,
  "forecast_minutes": 60,
  "technical_indicators": {
    "rsi": 93.77,
    "macd": {
      "line": 6.2787,
      "signal": 5.6508,
      "histogram": 0.6279
    },
    "bollinger_bands": {
      "upper": 593.79,
      "middle": 570.79,
      "lower": 547.8
    }
  },
  "bsm_analysis": {
    "greeks": {
      "delta": 0.5494,
      "gamma": 0.015925,
      "theta": -0.2095,
      "vega": 0.6757,
      "rho": 0.2596
    },
    "atm_call_price": 11.23,
    "atm_put_price": 8.67,
    "implied_move": 0.37
  },
  "prediction": {
    "signal": "NEUTRAL",
    "score": -1,
    "confidence": 25.0,
    "reasons": [
      "RSI indicates overbought conditions",
      "MACD histogram positive (bullish momentum)"
    ],
    "target_price": 595.4,
    "support": 593.91,
    "resistance": 596.88
  },
  "simulation": {
    "statistics": {
      "mean": 595.397828886117,
      "std": 2.1774452171337684,
      "p05": 591.7630114147283,
      "p25": 593.9083315425081,
      "p50": 595.2693551833572,
      "p75": 596.8790128896148,
      "p95": 599.0169790965024,
      "min": 589.4520684989105,
      "max": 603.0925884967806
    },
    "simulations": 1000,
    "volatility": 0.1456
  }
}