{
  "ticker": "SPY",
  "timestamp": "2026-03-06T05:28:10.393974",
  "current_price": 593.64,
  "forecast_minutes": 60,
  "technical_indicators": {
    "rsi": 65.02,
    "macd": {
      "line": 2.2247,
      "signal": 2.0022,
      "histogram": 0.2225
    },
    "bollinger_bands": {
      "upper": 593.45,
      "middle": 582.55,
      "lower": 571.65
    }
  },
  "bsm_analysis": {
    "greeks": {
      "delta": 0.5459,
      "gamma": 0.014224,
      "theta": -0.2288,
      "vega": 0.6745,
      "rho": 0.2562
    },
    "atm_call_price": 12.41,
    "atm_put_price": 9.86,
    "implied_move": 0.41
  },
  "prediction": {
    "signal": "NEUTRAL",
    "score": 1,
    "confidence": 25.0,
    "reasons": [
      "MACD histogram positive (bullish momentum)"
    ],
    "target_price": 593.74,
    "support": 592.13,
    "resistance": 595.36
  },
  "simulation": {
    "statistics": {
      "mean": 593.7447192090617,
      "std": 2.4135421747190358,
      "p05": 589.723344080492,
      "p25": 592.1282512338531,
      "p50": 593.7611863519911,
      "p75": 595.3583858682567,
      "p95": 597.5869941483735,
      "min": 585.0760726581866,
      "max": 603.5834221844659
    },
    "simulations": 1000,
    "volatility": 0.1637
  }
}