{
  "ticker": "SPY",
  "timestamp": "2026-02-10T11:08:07.234964",
  "current_price": 595.56,
  "forecast_minutes": 60,
  "technical_indicators": {
    "rsi": 70.3,
    "macd": {
      "line": -1.9186,
      "signal": -1.7268,
      "histogram": -0.1919
    },
    "bollinger_bands": {
      "upper": 587.46,
      "middle": 564.19,
      "lower": 540.91
    }
  },
  "bsm_analysis": {
    "greeks": {
      "delta": 0.5371,
      "gamma": 0.006788,
      "theta": -0.4299,
      "vega": 0.6782,
      "rho": 0.2427
    },
    "atm_call_price": 24.59,
    "atm_put_price": 22.03,
    "implied_move": 0.85
  },
  "prediction": {
    "signal": "BEARISH",
    "score": -3,
    "confidence": 75.0,
    "reasons": [
      "RSI indicates overbought conditions",
      "MACD histogram negative (bearish momentum)"
    ],
    "target_price": 595.62,
    "support": 592.03,
    "resistance": 599.18
  },
  "simulation": {
    "statistics": {
      "mean": 595.6215343530143,
      "std": 5.059499525025232,
      "p05": 587.3739772637233,
      "p25": 592.0317170754065,
      "p50": 595.8847772049417,
      "p75": 599.1844599742099,
      "p95": 603.5314930551388,
      "min": 579.5798792899612,
      "max": 614.1165220344851
    },
    "simulations": 1000,
    "volatility": 0.3428
  }
}