{
  "ticker": "SPY",
  "timestamp": "2026-03-03T00:39:58.242388",
  "current_price": 593.67,
  "forecast_minutes": 60,
  "technical_indicators": {
    "rsi": 69.67,
    "macd": {
      "line": -1.7436,
      "signal": -1.5693,
      "histogram": -0.1744
    },
    "bollinger_bands": {
      "upper": 578.52,
      "middle": 554.61,
      "lower": 530.7
    }
  },
  "bsm_analysis": {
    "greeks": {
      "delta": 0.5375,
      "gamma": 0.006154,
      "theta": -0.4692,
      "vega": 0.676,
      "rho": 0.2401
    },
    "atm_call_price": 26.98,
    "atm_put_price": 24.42,
    "implied_move": 0.93
  },
  "prediction": {
    "signal": "NEUTRAL",
    "score": -1,
    "confidence": 25.0,
    "reasons": [
      "MACD histogram negative (bearish momentum)"
    ],
    "target_price": 593.66,
    "support": 590.22,
    "resistance": 597.36
  },
  "simulation": {
    "statistics": {
      "mean": 593.6644934003926,
      "std": 5.499747930094711,
      "p05": 584.5659642757862,
      "p25": 590.2201735568774,
      "p50": 593.6025159598953,
      "p75": 597.3554208775031,
      "p95": 602.747378033075,
      "min": 577.8653827291116,
      "max": 610.6826018959341
    },
    "simulations": 1000,
    "volatility": 0.3792
  }
}