{
  "ticker": "SPY",
  "timestamp": "2026-04-03T13:33:42.544457",
  "current_price": 594.01,
  "forecast_minutes": 60,
  "technical_indicators": {
    "rsi": 41.52,
    "macd": {
      "line": 7.8733,
      "signal": 7.086,
      "histogram": 0.7873
    },
    "bollinger_bands": {
      "upper": 645.92,
      "middle": 615.1,
      "lower": 584.29
    }
  },
  "bsm_analysis": {
    "greeks": {
      "delta": 0.537,
      "gamma": 0.007498,
      "theta": -0.3934,
      "vega": 0.6765,
      "rho": 0.2438
    },
    "atm_call_price": 22.39,
    "atm_put_price": 19.83,
    "implied_move": 0.78
  },
  "prediction": {
    "signal": "NEUTRAL",
    "score": 1,
    "confidence": 25.0,
    "reasons": [
      "MACD histogram positive (bullish momentum)"
    ],
    "target_price": 593.95,
    "support": 590.73,
    "resistance": 597.12
  },
  "simulation": {
    "statistics": {
      "mean": 593.9460978419716,
      "std": 4.6288900488527185,
      "p05": 586.2693372732336,
      "p25": 590.7341405345593,
      "p50": 594.0890686349718,
      "p75": 597.1203427159257,
      "p95": 601.3318020335191,
      "min": 575.4796853113744,
      "max": 606.570721107694
    },
    "simulations": 1000,
    "volatility": 0.3111
  }
}