{
  "ticker": "SPY",
  "timestamp": "2026-04-13T19:48:59.167377",
  "current_price": 593.38,
  "forecast_minutes": 60,
  "technical_indicators": {
    "rsi": 45.95,
    "macd": {
      "line": -2.103,
      "signal": -1.8927,
      "histogram": -0.2103
    },
    "bollinger_bands": {
      "upper": 613.4,
      "middle": 596.77,
      "lower": 580.14
    }
  },
  "bsm_analysis": {
    "greeks": {
      "delta": 0.547,
      "gamma": 0.014781,
      "theta": -0.2219,
      "vega": 0.674,
      "rho": 0.2569
    },
    "atm_call_price": 12.0,
    "atm_put_price": 9.44,
    "implied_move": 0.4
  },
  "prediction": {
    "signal": "NEUTRAL",
    "score": -1,
    "confidence": 25.0,
    "reasons": [
      "MACD histogram negative (bearish momentum)"
    ],
    "target_price": 593.39,
    "support": 591.72,
    "resistance": 595.02
  },
  "simulation": {
    "statistics": {
      "mean": 593.3886338782335,
      "std": 2.343908383318717,
      "p05": 589.6760460038996,
      "p25": 591.7190091914098,
      "p50": 593.2996054171113,
      "p75": 595.0221084850682,
      "p95": 597.4257769519008,
      "min": 586.9172464189693,
      "max": 600.9065594236606
    },
    "simulations": 1000,
    "volatility": 0.1576
  }
}