{
  "ticker": "SPY",
  "timestamp": "2026-03-11T09:48:25.621146",
  "current_price": 594.47,
  "forecast_minutes": 60,
  "technical_indicators": {
    "rsi": 52.75,
    "macd": {
      "line": -2.256,
      "signal": -2.0304,
      "histogram": -0.2256
    },
    "bollinger_bands": {
      "upper": 612.62,
      "middle": 595.08,
      "lower": 577.54
    }
  },
  "bsm_analysis": {
    "greeks": {
      "delta": 0.5483,
      "gamma": 0.015405,
      "theta": -0.2149,
      "vega": 0.6749,
      "rho": 0.2584
    },
    "atm_call_price": 11.56,
    "atm_put_price": 9.0,
    "implied_move": 0.36
  },
  "prediction": {
    "signal": "NEUTRAL",
    "score": -1,
    "confidence": 25.0,
    "reasons": [
      "MACD histogram negative (bearish momentum)"
    ],
    "target_price": 594.45,
    "support": 593.01,
    "resistance": 595.91
  },
  "simulation": {
    "statistics": {
      "mean": 594.4506747184307,
      "std": 2.1544231463725905,
      "p05": 590.8374940484699,
      "p25": 593.0060745058369,
      "p50": 594.4626691273752,
      "p75": 595.9060148835209,
      "p95": 597.7658434534458,
      "min": 587.237958476899,
      "max": 603.9492587111177
    },
    "simulations": 1000,
    "volatility": 0.1508
  }
}