{
  "ticker": "SPY",
  "timestamp": "2026-03-25T07:38:01.833057",
  "current_price": 597.02,
  "forecast_minutes": 60,
  "technical_indicators": {
    "rsi": 44.45,
    "macd": {
      "line": -3.2573,
      "signal": -2.9316,
      "histogram": -0.3257
    },
    "bollinger_bands": {
      "upper": 615.74,
      "middle": 596.49,
      "lower": 577.24
    }
  },
  "bsm_analysis": {
    "greeks": {
      "delta": 0.5412,
      "gamma": 0.01145,
      "theta": -0.2735,
      "vega": 0.6792,
      "rho": 0.2531
    },
    "atm_call_price": 15.12,
    "atm_put_price": 12.55,
    "implied_move": 0.5
  },
  "prediction": {
    "signal": "NEUTRAL",
    "score": -1,
    "confidence": 25.0,
    "reasons": [
      "MACD histogram negative (bearish momentum)"
    ],
    "target_price": 597.21,
    "support": 595.15,
    "resistance": 599.28
  },
  "simulation": {
    "statistics": {
      "mean": 597.2053658673216,
      "std": 2.9927884885889187,
      "p05": 592.1347555857931,
      "p25": 595.1531912411772,
      "p50": 597.3106500450115,
      "p75": 599.2802189758804,
      "p95": 602.1379062491012,
      "min": 587.1117097927224,
      "max": 605.8996007879788
    },
    "simulations": 1000,
    "volatility": 0.2025
  }
}