{
  "ticker": "SPY",
  "timestamp": "2026-03-19T06:10:54.091828",
  "current_price": 594.82,
  "forecast_minutes": 60,
  "technical_indicators": {
    "rsi": 61.32,
    "macd": {
      "line": -0.6962,
      "signal": -0.6266,
      "histogram": -0.0696
    },
    "bollinger_bands": {
      "upper": 590.35,
      "middle": 565.21,
      "lower": 540.08
    }
  },
  "bsm_analysis": {
    "greeks": {
      "delta": 0.5373,
      "gamma": 0.00639,
      "theta": -0.4537,
      "vega": 0.6773,
      "rho": 0.2413
    },
    "atm_call_price": 26.04,
    "atm_put_price": 23.48,
    "implied_move": 0.86
  },
  "prediction": {
    "signal": "NEUTRAL",
    "score": -1,
    "confidence": 25.0,
    "reasons": [
      "MACD histogram negative (bearish momentum)"
    ],
    "target_price": 595.08,
    "support": 591.76,
    "resistance": 598.71
  },
  "simulation": {
    "statistics": {
      "mean": 595.0769289806763,
      "std": 5.107350647026171,
      "p05": 586.2678551116784,
      "p25": 591.7585808004576,
      "p50": 595.1208276895677,
      "p75": 598.713890832378,
      "p95": 603.0428602821513,
      "min": 578.8998019277361,
      "max": 611.1672500024343
    },
    "simulations": 1000,
    "volatility": 0.3645
  }
}