{
  "ticker": "SPY",
  "timestamp": "2026-03-03T10:18:56.303232",
  "current_price": 594.12,
  "forecast_minutes": 60,
  "technical_indicators": {
    "rsi": 42.4,
    "macd": {
      "line": -1.144,
      "signal": -1.0296,
      "histogram": -0.1144
    },
    "bollinger_bands": {
      "upper": 629.26,
      "middle": 609.04,
      "lower": 588.82
    }
  },
  "bsm_analysis": {
    "greeks": {
      "delta": 0.5499,
      "gamma": 0.016188,
      "theta": -0.2067,
      "vega": 0.6742,
      "rho": 0.2594
    },
    "atm_call_price": 11.07,
    "atm_put_price": 8.51,
    "implied_move": 0.36
  },
  "prediction": {
    "signal": "NEUTRAL",
    "score": -1,
    "confidence": 25.0,
    "reasons": [
      "MACD histogram negative (bearish momentum)"
    ],
    "target_price": 594.09,
    "support": 592.6,
    "resistance": 595.63
  },
  "simulation": {
    "statistics": {
      "mean": 594.0915490829641,
      "std": 2.1460733721589724,
      "p05": 590.7511970005801,
      "p25": 592.6046788524208,
      "p50": 594.0825090190284,
      "p75": 595.6264233844754,
      "p95": 597.7195085142777,
      "min": 587.954547455458,
      "max": 601.3114572706717
    },
    "simulations": 1000,
    "volatility": 0.1436
  }
}