{
  "ticker": "SPY",
  "timestamp": "2026-03-10T14:07:12.617641",
  "current_price": 594.17,
  "forecast_minutes": 60,
  "technical_indicators": {
    "rsi": 65.27,
    "macd": {
      "line": -0.2255,
      "signal": -0.2029,
      "histogram": -0.0225
    },
    "bollinger_bands": {
      "upper": 579.92,
      "middle": 561.28,
      "lower": 542.65
    }
  },
  "bsm_analysis": {
    "greeks": {
      "delta": 0.5371,
      "gamma": 0.006755,
      "theta": -0.4317,
      "vega": 0.6766,
      "rho": 0.242
    },
    "atm_call_price": 24.7,
    "atm_put_price": 22.14,
    "implied_move": 0.85
  },
  "prediction": {
    "signal": "NEUTRAL",
    "score": -1,
    "confidence": 25.0,
    "reasons": [
      "MACD histogram negative (bearish momentum)"
    ],
    "target_price": 593.96,
    "support": 590.47,
    "resistance": 597.46
  },
  "simulation": {
    "statistics": {
      "mean": 593.9568539233296,
      "std": 5.028149342510329,
      "p05": 585.5751885835423,
      "p25": 590.4699988986199,
      "p50": 593.9563484863623,
      "p75": 597.4584205219608,
      "p95": 602.3858045859387,
      "min": 579.6147394883614,
      "max": 609.5427625237849
    },
    "simulations": 1000,
    "volatility": 0.3452
  }
}