{
  "ticker": "SPY",
  "timestamp": "2026-03-03T23:27:18.054512",
  "current_price": 597.26,
  "forecast_minutes": 60,
  "technical_indicators": {
    "rsi": 62.67,
    "macd": {
      "line": 3.0668,
      "signal": 2.7602,
      "histogram": 0.3067
    },
    "bollinger_bands": {
      "upper": 595.89,
      "middle": 586.8,
      "lower": 577.7
    }
  },
  "bsm_analysis": {
    "greeks": {
      "delta": 0.5503,
      "gamma": 0.016312,
      "theta": -0.2057,
      "vega": 0.6777,
      "rho": 0.2611
    },
    "atm_call_price": 11.0,
    "atm_put_price": 8.43,
    "implied_move": 0.36
  },
  "prediction": {
    "signal": "NEUTRAL",
    "score": 1,
    "confidence": 25.0,
    "reasons": [
      "MACD histogram positive (bullish momentum)"
    ],
    "target_price": 597.24,
    "support": 595.75,
    "resistance": 598.7
  },
  "simulation": {
    "statistics": {
      "mean": 597.2381872050171,
      "std": 2.1772498101470457,
      "p05": 593.8185399976888,
      "p25": 595.7469888301567,
      "p50": 597.1622462846319,
      "p75": 598.7034697260907,
      "p95": 600.9995343161987,
      "min": 590.5186102741777,
      "max": 603.8733821088701
    },
    "simulations": 1000,
    "volatility": 0.1417
  }
}