{
  "ticker": "SPY",
  "timestamp": "2026-04-02T10:09:00.050393",
  "current_price": 595.3,
  "forecast_minutes": 60,
  "technical_indicators": {
    "rsi": 58.12,
    "macd": {
      "line": 0.6123,
      "signal": 0.551,
      "histogram": 0.0612
    },
    "bollinger_bands": {
      "upper": 596.95,
      "middle": 582.65,
      "lower": 568.35
    }
  },
  "bsm_analysis": {
    "greeks": {
      "delta": 0.5414,
      "gamma": 0.011644,
      "theta": -0.2696,
      "vega": 0.6772,
      "rho": 0.2527
    },
    "atm_call_price": 14.88,
    "atm_put_price": 12.32,
    "implied_move": 0.49
  },
  "prediction": {
    "signal": "NEUTRAL",
    "score": 1,
    "confidence": 25.0,
    "reasons": [
      "MACD histogram positive (bullish momentum)"
    ],
    "target_price": 595.36,
    "support": 593.5,
    "resistance": 597.3
  },
  "simulation": {
    "statistics": {
      "mean": 595.3613681903254,
      "std": 2.931488124388974,
      "p05": 590.3987602470766,
      "p25": 593.5033022424051,
      "p50": 595.3574784602012,
      "p75": 597.2996714923786,
      "p95": 600.0915108873799,
      "min": 584.4147901192356,
      "max": 604.9954461072517
    },
    "simulations": 1000,
    "volatility": 0.1997
  }
}