{
  "ticker": "SPY",
  "timestamp": "2026-03-09T12:00:26.383579",
  "current_price": 594.41,
  "forecast_minutes": 60,
  "technical_indicators": {
    "rsi": 65.84,
    "macd": {
      "line": 1.0043,
      "signal": 0.9039,
      "histogram": 0.1004
    },
    "bollinger_bands": {
      "upper": 597.25,
      "middle": 570.84,
      "lower": 544.43
    }
  },
  "bsm_analysis": {
    "greeks": {
      "delta": 0.5415,
      "gamma": 0.011714,
      "theta": -0.2682,
      "vega": 0.6762,
      "rho": 0.2524
    },
    "atm_call_price": 14.8,
    "atm_put_price": 12.24,
    "implied_move": 0.51
  },
  "prediction": {
    "signal": "NEUTRAL",
    "score": 1,
    "confidence": 25.0,
    "reasons": [
      "MACD histogram positive (bullish momentum)"
    ],
    "target_price": 594.36,
    "support": 592.28,
    "resistance": 596.37
  },
  "simulation": {
    "statistics": {
      "mean": 594.3554818140357,
      "std": 3.0350973596954343,
      "p05": 589.5608907757678,
      "p25": 592.2847570426525,
      "p50": 594.3650662043248,
      "p75": 596.3654404549861,
      "p95": 599.3691688696974,
      "min": 584.2199404694269,
      "max": 606.4621163610193
    },
    "simulations": 1000,
    "volatility": 0.1988
  }
}