{
  "ticker": "SPY",
  "timestamp": "2026-03-23T21:47:11.839104",
  "current_price": 597.04,
  "forecast_minutes": 60,
  "technical_indicators": {
    "rsi": 54.27,
    "macd": {
      "line": 2.2398,
      "signal": 2.0158,
      "histogram": 0.224
    },
    "bollinger_bands": {
      "upper": 601.38,
      "middle": 589.86,
      "lower": 578.33
    }
  },
  "bsm_analysis": {
    "greeks": {
      "delta": 0.5476,
      "gamma": 0.01496,
      "theta": -0.2201,
      "vega": 0.678,
      "rho": 0.2589
    },
    "atm_call_price": 11.87,
    "atm_put_price": 9.3,
    "implied_move": 0.39
  },
  "prediction": {
    "signal": "NEUTRAL",
    "score": 1,
    "confidence": 25.0,
    "reasons": [
      "MACD histogram positive (bullish momentum)"
    ],
    "target_price": 597.0,
    "support": 595.49,
    "resistance": 598.59
  },
  "simulation": {
    "statistics": {
      "mean": 597.0015314855549,
      "std": 2.298933088232115,
      "p05": 593.0706961957253,
      "p25": 595.4897451251252,
      "p50": 596.9595228282299,
      "p75": 598.5899430098552,
      "p95": 600.6320408074448,
      "min": 590.2612416747553,
      "max": 604.8043545511108
    },
    "simulations": 1000,
    "volatility": 0.1547
  }
}