{
  "ticker": "SPY",
  "timestamp": "2026-03-28T15:32:22.954374",
  "current_price": 596.26,
  "forecast_minutes": 60,
  "technical_indicators": {
    "rsi": 30.42,
    "macd": {
      "line": -9.3372,
      "signal": -8.4035,
      "histogram": -0.9337
    },
    "bollinger_bands": {
      "upper": 638.13,
      "middle": 603.29,
      "lower": 568.46
    }
  },
  "bsm_analysis": {
    "greeks": {
      "delta": 0.5401,
      "gamma": 0.010758,
      "theta": -0.2881,
      "vega": 0.6785,
      "rho": 0.2515
    },
    "atm_call_price": 16.0,
    "atm_put_price": 13.44,
    "implied_move": 0.52
  },
  "prediction": {
    "signal": "NEUTRAL",
    "score": -1,
    "confidence": 25.0,
    "reasons": [
      "MACD histogram negative (bearish momentum)"
    ],
    "target_price": 596.45,
    "support": 594.36,
    "resistance": 598.42
  },
  "simulation": {
    "statistics": {
      "mean": 596.4465913419496,
      "std": 3.074622929142649,
      "p05": 591.5677405920823,
      "p25": 594.3560640105693,
      "p50": 596.332496777163,
      "p75": 598.4232943829086,
      "p95": 601.5693095038747,
      "min": 587.3204682305992,
      "max": 607.6451786223796
    },
    "simulations": 1000,
    "volatility": 0.2158
  }
}