{
  "ticker": "SPY",
  "timestamp": "2026-03-21T22:08:30.694498",
  "current_price": 594.22,
  "forecast_minutes": 60,
  "technical_indicators": {
    "rsi": 51.33,
    "macd": {
      "line": 4.2594,
      "signal": 3.8334,
      "histogram": 0.4259
    },
    "bollinger_bands": {
      "upper": 634.53,
      "middle": 606.19,
      "lower": 577.85
    }
  },
  "bsm_analysis": {
    "greeks": {
      "delta": 0.5425,
      "gamma": 0.012315,
      "theta": -0.2573,
      "vega": 0.6758,
      "rho": 0.2533
    },
    "atm_call_price": 14.14,
    "atm_put_price": 11.58,
    "implied_move": 0.46
  },
  "prediction": {
    "signal": "NEUTRAL",
    "score": 1,
    "confidence": 25.0,
    "reasons": [
      "MACD histogram positive (bullish momentum)"
    ],
    "target_price": 594.26,
    "support": 592.42,
    "resistance": 596.04
  },
  "simulation": {
    "statistics": {
      "mean": 594.259946397501,
      "std": 2.737698488097787,
      "p05": 589.7737408636318,
      "p25": 592.4205263975391,
      "p50": 594.2461140094149,
      "p75": 596.0435751433027,
      "p95": 598.6106748362324,
      "min": 585.6831920550276,
      "max": 604.9640478490445
    },
    "simulations": 1000,
    "volatility": 0.1891
  }
}