{
  "ticker": "SPY",
  "timestamp": "2026-03-31T16:37:44.706251",
  "current_price": 593.85,
  "forecast_minutes": 60,
  "technical_indicators": {
    "rsi": 68.41,
    "macd": {
      "line": -0.0058,
      "signal": -0.0052,
      "histogram": -0.0006
    },
    "bollinger_bands": {
      "upper": 583.8,
      "middle": 564.33,
      "lower": 544.85
    }
  },
  "bsm_analysis": {
    "greeks": {
      "delta": 0.5374,
      "gamma": 0.008299,
      "theta": -0.3598,
      "vega": 0.6762,
      "rho": 0.2456
    },
    "atm_call_price": 20.35,
    "atm_put_price": 17.79,
    "implied_move": 0.73
  },
  "prediction": {
    "signal": "NEUTRAL",
    "score": -1,
    "confidence": 25.0,
    "reasons": [
      "MACD histogram negative (bearish momentum)"
    ],
    "target_price": 593.91,
    "support": 590.97,
    "resistance": 596.79
  },
  "simulation": {
    "statistics": {
      "mean": 593.9096195834766,
      "std": 4.314115686963494,
      "p05": 586.8844436596015,
      "p25": 590.9725796054181,
      "p50": 593.9918719523628,
      "p75": 596.7937030631726,
      "p95": 600.8217905274258,
      "min": 581.4643476809794,
      "max": 613.1497822716541
    },
    "simulations": 1000,
    "volatility": 0.2811
  }
}