{
  "ticker": "SPY",
  "timestamp": "2026-02-28T14:08:20.824136",
  "current_price": 597.17,
  "forecast_minutes": 60,
  "technical_indicators": {
    "rsi": 67.59,
    "macd": {
      "line": -2.9313,
      "signal": -2.6382,
      "histogram": -0.2931
    },
    "bollinger_bands": {
      "upper": 586.44,
      "middle": 558.83,
      "lower": 531.22
    }
  },
  "bsm_analysis": {
    "greeks": {
      "delta": 0.538,
      "gamma": 0.005687,
      "theta": -0.5042,
      "vega": 0.6799,
      "rho": 0.2401
    },
    "atm_call_price": 29.09,
    "atm_put_price": 26.52,
    "implied_move": 1.02
  },
  "prediction": {
    "signal": "NEUTRAL",
    "score": -1,
    "confidence": 25.0,
    "reasons": [
      "MACD histogram negative (bearish momentum)"
    ],
    "target_price": 597.28,
    "support": 593.34,
    "resistance": 601.41
  },
  "simulation": {
    "statistics": {
      "mean": 597.2833558944328,
      "std": 6.103481381644926,
      "p05": 587.7481882597326,
      "p25": 593.3397257544673,
      "p50": 597.167511970259,
      "p75": 601.4114256466163,
      "p95": 607.5266762303431,
      "min": 577.6086892723015,
      "max": 615.850827278329
    },
    "simulations": 1000,
    "volatility": 0.4079
  }
}