{
  "ticker": "SPY",
  "timestamp": "2026-03-25T21:16:25.737590",
  "current_price": 595.15,
  "forecast_minutes": 60,
  "technical_indicators": {
    "rsi": 44.01,
    "macd": {
      "line": 4.6788,
      "signal": 4.2109,
      "histogram": 0.4679
    },
    "bollinger_bands": {
      "upper": 626.5,
      "middle": 603.2,
      "lower": 579.91
    }
  },
  "bsm_analysis": {
    "greeks": {
      "delta": 0.5488,
      "gamma": 0.015603,
      "theta": -0.2128,
      "vega": 0.6756,
      "rho": 0.259
    },
    "atm_call_price": 11.43,
    "atm_put_price": 8.87,
    "implied_move": 0.35
  },
  "prediction": {
    "signal": "NEUTRAL",
    "score": 1,
    "confidence": 25.0,
    "reasons": [
      "MACD histogram positive (bullish momentum)"
    ],
    "target_price": 595.15,
    "support": 593.74,
    "resistance": 596.45
  },
  "simulation": {
    "statistics": {
      "mean": 595.1493333674737,
      "std": 2.068932422384102,
      "p05": 591.7575413827549,
      "p25": 593.740256749276,
      "p50": 595.1226931277524,
      "p75": 596.4472702555688,
      "p95": 598.6120162889531,
      "min": 588.755671847732,
      "max": 602.2015291571602
    },
    "simulations": 1000,
    "volatility": 0.1487
  }
}