{
  "ticker": "SPY",
  "timestamp": "2026-03-02T14:32:10.905776",
  "current_price": 596.56,
  "forecast_minutes": 60,
  "technical_indicators": {
    "rsi": 67.11,
    "macd": {
      "line": -4.6124,
      "signal": -4.1512,
      "histogram": -0.4612
    },
    "bollinger_bands": {
      "upper": 584.48,
      "middle": 551.84,
      "lower": 519.2
    }
  },
  "bsm_analysis": {
    "greeks": {
      "delta": 0.538,
      "gamma": 0.00567,
      "theta": -0.5056,
      "vega": 0.6792,
      "rho": 0.2398
    },
    "atm_call_price": 29.17,
    "atm_put_price": 26.6,
    "implied_move": 1.0
  },
  "prediction": {
    "signal": "NEUTRAL",
    "score": -1,
    "confidence": 25.0,
    "reasons": [
      "MACD histogram negative (bearish momentum)"
    ],
    "target_price": 596.53,
    "support": 592.54,
    "resistance": 600.57
  },
  "simulation": {
    "statistics": {
      "mean": 596.5293111023911,
      "std": 5.963089109590208,
      "p05": 586.757684493946,
      "p25": 592.5386862945527,
      "p50": 596.3373022810347,
      "p75": 600.5713207562948,
      "p95": 606.3666026025622,
      "min": 576.6551556685471,
      "max": 619.9497364900517
    },
    "simulations": 1000,
    "volatility": 0.4095
  }
}