{
  "ticker": "SPY",
  "timestamp": "2026-02-08T10:09:30.776794",
  "current_price": 593.88,
  "forecast_minutes": 60,
  "technical_indicators": {
    "rsi": 43.6,
    "macd": {
      "line": 6.9769,
      "signal": 6.2792,
      "histogram": 0.6977
    },
    "bollinger_bands": {
      "upper": 630.94,
      "middle": 603.2,
      "lower": 575.45
    }
  },
  "bsm_analysis": {
    "greeks": {
      "delta": 0.543,
      "gamma": 0.01261,
      "theta": -0.2523,
      "vega": 0.6753,
      "rho": 0.2537
    },
    "atm_call_price": 13.84,
    "atm_put_price": 11.28,
    "implied_move": 0.45
  },
  "prediction": {
    "signal": "NEUTRAL",
    "score": 1,
    "confidence": 25.0,
    "reasons": [
      "MACD histogram positive (bullish momentum)"
    ],
    "target_price": 593.97,
    "support": 592.2,
    "resistance": 595.61
  },
  "simulation": {
    "statistics": {
      "mean": 593.9749240520764,
      "std": 2.6529045678528043,
      "p05": 589.6757180842261,
      "p25": 592.2033154684314,
      "p50": 594.0696804324241,
      "p75": 595.6112989116682,
      "p95": 598.2888858310395,
      "min": 586.7141730088625,
      "max": 603.4920758419831
    },
    "simulations": 1000,
    "volatility": 0.1847
  }
}