{
  "ticker": "SPY",
  "timestamp": "2026-04-01T14:54:42.038796",
  "current_price": 593.15,
  "forecast_minutes": 60,
  "technical_indicators": {
    "rsi": 58.07,
    "macd": {
      "line": 1.7028,
      "signal": 1.5325,
      "histogram": 0.1703
    },
    "bollinger_bands": {
      "upper": 595.53,
      "middle": 584.79,
      "lower": 574.05
    }
  },
  "bsm_analysis": {
    "greeks": {
      "delta": 0.5542,
      "gamma": 0.01822,
      "theta": -0.1888,
      "vega": 0.6721,
      "rho": 0.262
    },
    "atm_call_price": 9.97,
    "atm_put_price": 7.42,
    "implied_move": 0.31
  },
  "prediction": {
    "signal": "NEUTRAL",
    "score": 1,
    "confidence": 25.0,
    "reasons": [
      "MACD histogram positive (bullish momentum)"
    ],
    "target_price": 593.18,
    "support": 591.86,
    "resistance": 594.39
  },
  "simulation": {
    "statistics": {
      "mean": 593.1824421658552,
      "std": 1.8442863047975215,
      "p05": 590.2140526112297,
      "p25": 591.858094917987,
      "p50": 593.1952273593798,
      "p75": 594.3856213924865,
      "p95": 596.1484447508277,
      "min": 586.7765199332955,
      "max": 599.3626517500938
    },
    "simulations": 1000,
    "volatility": 0.1276
  }
}