{
  "ticker": "SPY",
  "timestamp": "2026-02-28T18:48:39.876957",
  "current_price": 595.88,
  "forecast_minutes": 60,
  "technical_indicators": {
    "rsi": 38.95,
    "macd": {
      "line": 7.3182,
      "signal": 6.5864,
      "histogram": 0.7318
    },
    "bollinger_bands": {
      "upper": 654.56,
      "middle": 619.69,
      "lower": 584.82
    }
  },
  "bsm_analysis": {
    "greeks": {
      "delta": 0.537,
      "gamma": 0.006906,
      "theta": -0.4233,
      "vega": 0.6786,
      "rho": 0.2431
    },
    "atm_call_price": 24.19,
    "atm_put_price": 21.63,
    "implied_move": 0.82
  },
  "prediction": {
    "signal": "NEUTRAL",
    "score": 1,
    "confidence": 25.0,
    "reasons": [
      "MACD histogram positive (bullish momentum)"
    ],
    "target_price": 595.84,
    "support": 592.72,
    "resistance": 599.14
  },
  "simulation": {
    "statistics": {
      "mean": 595.8360217616336,
      "std": 4.893754811785268,
      "p05": 587.7742781495864,
      "p25": 592.7186054306563,
      "p50": 595.8998490341284,
      "p75": 599.1397403240105,
      "p95": 603.7477452717368,
      "min": 579.6571376868816,
      "max": 609.0235024405843
    },
    "simulations": 1000,
    "volatility": 0.3367
  }
}