{
  "ticker": "SPY",
  "timestamp": "2026-03-14T07:59:17.873628",
  "current_price": 596.33,
  "forecast_minutes": 60,
  "technical_indicators": {
    "rsi": 43.16,
    "macd": {
      "line": 5.2498,
      "signal": 4.7248,
      "histogram": 0.525
    },
    "bollinger_bands": {
      "upper": 634.38,
      "middle": 609.99,
      "lower": 585.59
    }
  },
  "bsm_analysis": {
    "greeks": {
      "delta": 0.5423,
      "gamma": 0.012158,
      "theta": -0.2602,
      "vega": 0.6782,
      "rho": 0.254
    },
    "atm_call_price": 14.31,
    "atm_put_price": 11.74,
    "implied_move": 0.47
  },
  "prediction": {
    "signal": "NEUTRAL",
    "score": 1,
    "confidence": 25.0,
    "reasons": [
      "MACD histogram positive (bullish momentum)"
    ],
    "target_price": 596.2,
    "support": 594.32,
    "resistance": 598.14
  },
  "simulation": {
    "statistics": {
      "mean": 596.1968231427884,
      "std": 2.7809586542453304,
      "p05": 591.4908675777311,
      "p25": 594.3158365386897,
      "p50": 596.2654209236895,
      "p75": 598.1428972398094,
      "p95": 600.559874650564,
      "min": 587.2215040833386,
      "max": 605.2944608629817
    },
    "simulations": 1000,
    "volatility": 0.1909
  }
}