{
  "ticker": "SPY",
  "timestamp": "2026-03-07T15:26:36.410349",
  "current_price": 594.51,
  "forecast_minutes": 60,
  "technical_indicators": {
    "rsi": 44.16,
    "macd": {
      "line": 0.5372,
      "signal": 0.4835,
      "histogram": 0.0537
    },
    "bollinger_bands": {
      "upper": 614.67,
      "middle": 603.44,
      "lower": 592.21
    }
  },
  "bsm_analysis": {
    "greeks": {
      "delta": 0.5453,
      "gamma": 0.01386,
      "theta": -0.2337,
      "vega": 0.6756,
      "rho": 0.256
    },
    "atm_call_price": 12.71,
    "atm_put_price": 10.15,
    "implied_move": 0.41
  },
  "prediction": {
    "signal": "NEUTRAL",
    "score": 1,
    "confidence": 25.0,
    "reasons": [
      "MACD histogram positive (bullish momentum)"
    ],
    "target_price": 594.51,
    "support": 592.85,
    "resistance": 596.2
  },
  "simulation": {
    "statistics": {
      "mean": 594.5108569538877,
      "std": 2.441261251893756,
      "p05": 590.4382160272191,
      "p25": 592.8511723607081,
      "p50": 594.5348225864102,
      "p75": 596.2014678110082,
      "p95": 598.4412519882877,
      "min": 586.5050366680301,
      "max": 603.7221914259233
    },
    "simulations": 1000,
    "volatility": 0.1678
  }
}