{
  "ticker": "SPY",
  "timestamp": "2026-02-10T08:05:12.610226",
  "current_price": 593.53,
  "forecast_minutes": 60,
  "technical_indicators": {
    "rsi": 53.72,
    "macd": {
      "line": 1.4019,
      "signal": 1.2617,
      "histogram": 0.1402
    },
    "bollinger_bands": {
      "upper": 591.6,
      "middle": 578.55,
      "lower": 565.5
    }
  },
  "bsm_analysis": {
    "greeks": {
      "delta": 0.5408,
      "gamma": 0.011304,
      "theta": -0.2762,
      "vega": 0.6753,
      "rho": 0.2513
    },
    "atm_call_price": 15.29,
    "atm_put_price": 12.73,
    "implied_move": 0.51
  },
  "prediction": {
    "signal": "NEUTRAL",
    "score": 1,
    "confidence": 25.0,
    "reasons": [
      "MACD histogram positive (bullish momentum)"
    ],
    "target_price": 593.52,
    "support": 591.47,
    "resistance": 595.61
  },
  "simulation": {
    "statistics": {
      "mean": 593.5175684471952,
      "std": 3.0143722129467116,
      "p05": 588.5946724087908,
      "p25": 591.4655298337278,
      "p50": 593.5081072919933,
      "p75": 595.6121795229042,
      "p95": 598.2682983452796,
      "min": 584.2282488036664,
      "max": 603.5043984215442
    },
    "simulations": 1000,
    "volatility": 0.2063
  }
}