{
  "ticker": "SPY",
  "timestamp": "2026-02-20T23:44:38.082421",
  "current_price": 595.93,
  "forecast_minutes": 60,
  "technical_indicators": {
    "rsi": 66.16,
    "macd": {
      "line": 3.3265,
      "signal": 2.9939,
      "histogram": 0.3327
    },
    "bollinger_bands": {
      "upper": 586.44,
      "middle": 571.92,
      "lower": 557.41
    }
  },
  "bsm_analysis": {
    "greeks": {
      "delta": 0.5417,
      "gamma": 0.011798,
      "theta": -0.2667,
      "vega": 0.6779,
      "rho": 0.2532
    },
    "atm_call_price": 14.71,
    "atm_put_price": 12.14,
    "implied_move": 0.48
  },
  "prediction": {
    "signal": "NEUTRAL",
    "score": 1,
    "confidence": 25.0,
    "reasons": [
      "MACD histogram positive (bullish momentum)"
    ],
    "target_price": 596.04,
    "support": 593.96,
    "resistance": 598.09
  },
  "simulation": {
    "statistics": {
      "mean": 596.0382252001186,
      "std": 2.8750206453630063,
      "p05": 591.1907775192683,
      "p25": 593.9619265608812,
      "p50": 596.0605943254327,
      "p75": 598.092810072822,
      "p95": 600.7404862935026,
      "min": 585.1410761406536,
      "max": 604.4920372241273
    },
    "simulations": 1000,
    "volatility": 0.1968
  }
}