{
  "ticker": "SPY",
  "timestamp": "2026-04-02T05:50:46.017117",
  "current_price": 596.87,
  "forecast_minutes": 60,
  "technical_indicators": {
    "rsi": 77.85,
    "macd": {
      "line": 4.6528,
      "signal": 4.1875,
      "histogram": 0.4653
    },
    "bollinger_bands": {
      "upper": 601.65,
      "middle": 581.93,
      "lower": 562.21
    }
  },
  "bsm_analysis": {
    "greeks": {
      "delta": 0.5498,
      "gamma": 0.016055,
      "theta": -0.2082,
      "vega": 0.6773,
      "rho": 0.2605
    },
    "atm_call_price": 11.15,
    "atm_put_price": 8.58,
    "implied_move": 0.36
  },
  "prediction": {
    "signal": "NEUTRAL",
    "score": -1,
    "confidence": 25.0,
    "reasons": [
      "RSI indicates overbought conditions",
      "MACD histogram positive (bullish momentum)"
    ],
    "target_price": 596.98,
    "support": 595.46,
    "resistance": 598.5
  },
  "simulation": {
    "statistics": {
      "mean": 596.9838871367816,
      "std": 2.1699507490132435,
      "p05": 593.4703206515362,
      "p25": 595.4567963200388,
      "p50": 596.8979210786175,
      "p75": 598.4969967755067,
      "p95": 600.720221320879,
      "min": 588.2427581289846,
      "max": 604.1917385214268
    },
    "simulations": 1000,
    "volatility": 0.1441
  }
}