{
  "ticker": "SPY",
  "timestamp": "2026-02-26T23:13:15.825194",
  "current_price": 594.26,
  "forecast_minutes": 60,
  "technical_indicators": {
    "rsi": 82.11,
    "macd": {
      "line": 3.0209,
      "signal": 2.7188,
      "histogram": 0.3021
    },
    "bollinger_bands": {
      "upper": 566.27,
      "middle": 534.63,
      "lower": 502.98
    }
  },
  "bsm_analysis": {
    "greeks": {
      "delta": 0.538,
      "gamma": 0.005726,
      "theta": -0.5009,
      "vega": 0.6766,
      "rho": 0.239
    },
    "atm_call_price": 28.89,
    "atm_put_price": 26.33,
    "implied_move": 1.0
  },
  "prediction": {
    "signal": "NEUTRAL",
    "score": -1,
    "confidence": 25.0,
    "reasons": [
      "RSI indicates overbought conditions",
      "MACD histogram positive (bullish momentum)"
    ],
    "target_price": 594.27,
    "support": 590.26,
    "resistance": 598.32
  },
  "simulation": {
    "statistics": {
      "mean": 594.2725143260426,
      "std": 5.9172796705742785,
      "p05": 584.248183471667,
      "p25": 590.2624806463998,
      "p50": 594.1922020569965,
      "p75": 598.3197431855973,
      "p95": 604.0934213208759,
      "min": 574.9391902820721,
      "max": 615.2390431600796
    },
    "simulations": 1000,
    "volatility": 0.4071
  }
}