{
  "ticker": "SPY",
  "timestamp": "2026-03-25T16:51:22.128824",
  "current_price": 594.77,
  "forecast_minutes": 60,
  "technical_indicators": {
    "rsi": 42.91,
    "macd": {
      "line": 2.7775,
      "signal": 2.4998,
      "histogram": 0.2778
    },
    "bollinger_bands": {
      "upper": 638.46,
      "middle": 615.35,
      "lower": 592.24
    }
  },
  "bsm_analysis": {
    "greeks": {
      "delta": 0.5384,
      "gamma": 0.009444,
      "theta": -0.3217,
      "vega": 0.6771,
      "rho": 0.2484
    },
    "atm_call_price": 18.05,
    "atm_put_price": 15.48,
    "implied_move": 0.61
  },
  "prediction": {
    "signal": "NEUTRAL",
    "score": 1,
    "confidence": 25.0,
    "reasons": [
      "MACD histogram positive (bullish momentum)"
    ],
    "target_price": 594.74,
    "support": 592.34,
    "resistance": 597.28
  },
  "simulation": {
    "statistics": {
      "mean": 594.7443552105478,
      "std": 3.632150548629886,
      "p05": 588.639063185677,
      "p25": 592.3408920299951,
      "p50": 594.8174254203361,
      "p75": 597.283788508314,
      "p95": 600.7068137631751,
      "min": 582.4150830043241,
      "max": 606.6222417516381
    },
    "simulations": 1000,
    "volatility": 0.2466
  }
}