{
  "ticker": "SPY",
  "timestamp": "2026-02-24T17:58:29.911951",
  "current_price": 592.34,
  "forecast_minutes": 60,
  "technical_indicators": {
    "rsi": 58.4,
    "macd": {
      "line": -2.7614,
      "signal": -2.4852,
      "histogram": -0.2761
    },
    "bollinger_bands": {
      "upper": 591.0,
      "middle": 572.98,
      "lower": 554.96
    }
  },
  "bsm_analysis": {
    "greeks": {
      "delta": 0.5415,
      "gamma": 0.011775,
      "theta": -0.2669,
      "vega": 0.6738,
      "rho": 0.2515
    },
    "atm_call_price": 14.73,
    "atm_put_price": 12.18,
    "implied_move": 0.49
  },
  "prediction": {
    "signal": "NEUTRAL",
    "score": -1,
    "confidence": 25.0,
    "reasons": [
      "MACD histogram negative (bearish momentum)"
    ],
    "target_price": 592.35,
    "support": 590.35,
    "resistance": 594.39
  },
  "simulation": {
    "statistics": {
      "mean": 592.3546683196421,
      "std": 2.925825495025896,
      "p05": 587.3683806207113,
      "p25": 590.3519850997258,
      "p50": 592.3343645040013,
      "p75": 594.3896694549225,
      "p95": 597.0318450481457,
      "min": 581.2631319902674,
      "max": 601.1121307572411
    },
    "simulations": 1000,
    "volatility": 0.1984
  }
}