{
  "ticker": "SPY",
  "timestamp": "2026-02-17T19:17:35.833625",
  "current_price": 592.52,
  "forecast_minutes": 60,
  "technical_indicators": {
    "rsi": 67.88,
    "macd": {
      "line": -0.663,
      "signal": -0.5967,
      "histogram": -0.0663
    },
    "bollinger_bands": {
      "upper": 585.22,
      "middle": 559.19,
      "lower": 533.15
    }
  },
  "bsm_analysis": {
    "greeks": {
      "delta": 0.5375,
      "gamma": 0.008549,
      "theta": -0.3505,
      "vega": 0.6747,
      "rho": 0.2455
    },
    "atm_call_price": 19.79,
    "atm_put_price": 17.24,
    "implied_move": 0.68
  },
  "prediction": {
    "signal": "NEUTRAL",
    "score": -1,
    "confidence": 25.0,
    "reasons": [
      "MACD histogram negative (bearish momentum)"
    ],
    "target_price": 592.58,
    "support": 589.83,
    "resistance": 595.35
  },
  "simulation": {
    "statistics": {
      "mean": 592.5777439365647,
      "std": 4.024797622433468,
      "p05": 585.8944191032265,
      "p25": 589.8322170641776,
      "p50": 592.472033538435,
      "p75": 595.3513344445339,
      "p95": 599.2731106734192,
      "min": 582.1617115283075,
      "max": 607.5737287825174
    },
    "simulations": 1000,
    "volatility": 0.2735
  }
}