{
  "ticker": "SPY",
  "timestamp": "2026-03-25T18:50:31.881874",
  "current_price": 595.8,
  "forecast_minutes": 60,
  "technical_indicators": {
    "rsi": 63.13,
    "macd": {
      "line": 9.9794,
      "signal": 8.9815,
      "histogram": 0.9979
    },
    "bollinger_bands": {
      "upper": 623.55,
      "middle": 592.25,
      "lower": 560.94
    }
  },
  "bsm_analysis": {
    "greeks": {
      "delta": 0.5422,
      "gamma": 0.012092,
      "theta": -0.2613,
      "vega": 0.6776,
      "rho": 0.2537
    },
    "atm_call_price": 14.38,
    "atm_put_price": 11.82,
    "implied_move": 0.48
  },
  "prediction": {
    "signal": "NEUTRAL",
    "score": 1,
    "confidence": 25.0,
    "reasons": [
      "MACD histogram positive (bullish momentum)"
    ],
    "target_price": 595.73,
    "support": 593.83,
    "resistance": 597.68
  },
  "simulation": {
    "statistics": {
      "mean": 595.7334312994446,
      "std": 2.870742398067982,
      "p05": 590.8935777467098,
      "p25": 593.8260579058544,
      "p50": 595.793610382287,
      "p75": 597.682807554314,
      "p95": 600.3263240174275,
      "min": 584.5575991878242,
      "max": 604.5508608000649
    },
    "simulations": 1000,
    "volatility": 0.1921
  }
}