{
  "ticker": "SPY",
  "timestamp": "2026-03-21T03:20:11.406391",
  "current_price": 597.08,
  "forecast_minutes": 60,
  "technical_indicators": {
    "rsi": 56.91,
    "macd": {
      "line": -4.5807,
      "signal": -4.1227,
      "histogram": -0.4581
    },
    "bollinger_bands": {
      "upper": 595.39,
      "middle": 565.09,
      "lower": 534.78
    }
  },
  "bsm_analysis": {
    "greeks": {
      "delta": 0.5402,
      "gamma": 0.004743,
      "theta": -0.595,
      "vega": 0.6794,
      "rho": 0.2367
    },
    "atm_call_price": 34.59,
    "atm_put_price": 32.02,
    "implied_move": 1.22
  },
  "prediction": {
    "signal": "NEUTRAL",
    "score": -1,
    "confidence": 25.0,
    "reasons": [
      "MACD histogram negative (bearish momentum)"
    ],
    "target_price": 597.33,
    "support": 592.48,
    "resistance": 602.29
  },
  "simulation": {
    "statistics": {
      "mean": 597.3307409476807,
      "std": 7.296956833559816,
      "p05": 585.3147588087833,
      "p25": 592.4820620888341,
      "p50": 597.3659125840079,
      "p75": 602.2921146946221,
      "p95": 609.2436088597216,
      "min": 574.4551300134254,
      "max": 618.7704453883989
    },
    "simulations": 1000,
    "volatility": 0.4889
  }
}