{
  "ticker": "SPY",
  "timestamp": "2026-03-31T17:09:51.741591",
  "current_price": 597.54,
  "forecast_minutes": 60,
  "technical_indicators": {
    "rsi": 56.91,
    "macd": {
      "line": 7.387,
      "signal": 6.6483,
      "histogram": 0.7387
    },
    "bollinger_bands": {
      "upper": 614.11,
      "middle": 592.07,
      "lower": 570.03
    }
  },
  "bsm_analysis": {
    "greeks": {
      "delta": 0.542,
      "gamma": 0.01196,
      "theta": -0.2638,
      "vega": 0.6796,
      "rho": 0.2543
    },
    "atm_call_price": 14.53,
    "atm_put_price": 11.96,
    "implied_move": 0.47
  },
  "prediction": {
    "signal": "NEUTRAL",
    "score": 1,
    "confidence": 25.0,
    "reasons": [
      "MACD histogram positive (bullish momentum)"
    ],
    "target_price": 597.67,
    "support": 595.89,
    "resistance": 599.59
  },
  "simulation": {
    "statistics": {
      "mean": 597.6668211548465,
      "std": 2.8353169669361615,
      "p05": 592.7658130658565,
      "p25": 595.8860866102069,
      "p50": 597.6487478361962,
      "p75": 599.5892375720803,
      "p95": 602.1319631125216,
      "min": 588.187399954723,
      "max": 606.6817915179132
    },
    "simulations": 1000,
    "volatility": 0.1936
  }
}