{
  "ticker": "SPY",
  "timestamp": "2026-03-16T17:10:25.038775",
  "current_price": 593.06,
  "forecast_minutes": 60,
  "technical_indicators": {
    "rsi": 60.09,
    "macd": {
      "line": -2.4465,
      "signal": -2.2019,
      "histogram": -0.2447
    },
    "bollinger_bands": {
      "upper": 587.24,
      "middle": 564.44,
      "lower": 541.64
    }
  },
  "bsm_analysis": {
    "greeks": {
      "delta": 0.5371,
      "gamma": 0.006855,
      "theta": -0.4259,
      "vega": 0.6754,
      "rho": 0.2418
    },
    "atm_call_price": 24.36,
    "atm_put_price": 21.8,
    "implied_move": 0.87
  },
  "prediction": {
    "signal": "NEUTRAL",
    "score": -1,
    "confidence": 25.0,
    "reasons": [
      "MACD histogram negative (bearish momentum)"
    ],
    "target_price": 593.25,
    "support": 589.91,
    "resistance": 596.62
  },
  "simulation": {
    "statistics": {
      "mean": 593.2481450104341,
      "std": 5.154289436434877,
      "p05": 584.6565595041858,
      "p25": 589.909296767886,
      "p50": 593.4837344147613,
      "p75": 596.6184278312849,
      "p95": 601.9235640237309,
      "min": 576.4959235375745,
      "max": 611.955671818331
    },
    "simulations": 1000,
    "volatility": 0.3408
  }
}