{
  "ticker": "SPY",
  "timestamp": "2026-02-08T08:49:38.646962",
  "current_price": 596.93,
  "forecast_minutes": 60,
  "technical_indicators": {
    "rsi": 44.28,
    "macd": {
      "line": -2.0197,
      "signal": -1.8177,
      "histogram": -0.202
    },
    "bollinger_bands": {
      "upper": 618.18,
      "middle": 599.92,
      "lower": 581.66
    }
  },
  "bsm_analysis": {
    "greeks": {
      "delta": 0.5495,
      "gamma": 0.015914,
      "theta": -0.2097,
      "vega": 0.6775,
      "rho": 0.2604
    },
    "atm_call_price": 11.24,
    "atm_put_price": 8.67,
    "implied_move": 0.36
  },
  "prediction": {
    "signal": "NEUTRAL",
    "score": -1,
    "confidence": 25.0,
    "reasons": [
      "MACD histogram negative (bearish momentum)"
    ],
    "target_price": 596.9,
    "support": 595.46,
    "resistance": 598.3
  },
  "simulation": {
    "statistics": {
      "mean": 596.895928540277,
      "std": 2.1199239669439223,
      "p05": 593.3540593382947,
      "p25": 595.4577592237858,
      "p50": 597.0105937216914,
      "p75": 598.2950852057464,
      "p95": 600.3452133763682,
      "min": 589.0195070369607,
      "max": 603.1917289900034
    },
    "simulations": 1000,
    "volatility": 0.1454
  }
}