{
  "ticker": "SPY",
  "timestamp": "2026-03-28T02:40:23.326883",
  "current_price": 596.45,
  "forecast_minutes": 60,
  "technical_indicators": {
    "rsi": 64.37,
    "macd": {
      "line": -3.9569,
      "signal": -3.5612,
      "histogram": -0.3957
    },
    "bollinger_bands": {
      "upper": 591.78,
      "middle": 564.27,
      "lower": 536.76
    }
  },
  "bsm_analysis": {
    "greeks": {
      "delta": 0.5385,
      "gamma": 0.005399,
      "theta": -0.5285,
      "vega": 0.679,
      "rho": 0.2389
    },
    "atm_call_price": 30.56,
    "atm_put_price": 27.99,
    "implied_move": 1.08
  },
  "prediction": {
    "signal": "NEUTRAL",
    "score": -1,
    "confidence": 25.0,
    "reasons": [
      "MACD histogram negative (bearish momentum)"
    ],
    "target_price": 596.33,
    "support": 592.03,
    "resistance": 600.78
  },
  "simulation": {
    "statistics": {
      "mean": 596.332330510106,
      "std": 6.429565605606179,
      "p05": 585.9814505206759,
      "p25": 592.0271820948342,
      "p50": 596.3170824952433,
      "p75": 600.7772621361261,
      "p95": 607.0029491009201,
      "min": 576.6957036198195,
      "max": 616.0828725592896
    },
    "simulations": 1000,
    "volatility": 0.4301
  }
}