{
  "ticker": "SPY",
  "timestamp": "2026-03-05T11:17:28.618338",
  "current_price": 593.48,
  "forecast_minutes": 60,
  "technical_indicators": {
    "rsi": 78.7,
    "macd": {
      "line": 4.7433,
      "signal": 4.269,
      "histogram": 0.4743
    },
    "bollinger_bands": {
      "upper": 581.18,
      "middle": 558.23,
      "lower": 535.28
    }
  },
  "bsm_analysis": {
    "greeks": {
      "delta": 0.5377,
      "gamma": 0.008698,
      "theta": -0.3453,
      "vega": 0.6758,
      "rho": 0.2463
    },
    "atm_call_price": 19.48,
    "atm_put_price": 16.92,
    "implied_move": 0.68
  },
  "prediction": {
    "signal": "NEUTRAL",
    "score": -1,
    "confidence": 25.0,
    "reasons": [
      "RSI indicates overbought conditions",
      "MACD histogram positive (bullish momentum)"
    ],
    "target_price": 593.37,
    "support": 590.6,
    "resistance": 596.37
  },
  "simulation": {
    "statistics": {
      "mean": 593.3742976138152,
      "std": 4.0254118887804795,
      "p05": 586.8881835963618,
      "p25": 590.5988843136257,
      "p50": 593.3603520623999,
      "p75": 596.3699285686673,
      "p95": 599.9569424536782,
      "min": 580.611855932969,
      "max": 608.5005746686794
    },
    "simulations": 1000,
    "volatility": 0.2684
  }
}