{
  "ticker": "SPY",
  "timestamp": "2026-02-10T15:10:23.886085",
  "current_price": 594.54,
  "forecast_minutes": 60,
  "technical_indicators": {
    "rsi": 40.62,
    "macd": {
      "line": -2.0589,
      "signal": -1.853,
      "histogram": -0.2059
    },
    "bollinger_bands": {
      "upper": 620.92,
      "middle": 601.64,
      "lower": 582.36
    }
  },
  "bsm_analysis": {
    "greeks": {
      "delta": 0.5422,
      "gamma": 0.01212,
      "theta": -0.2607,
      "vega": 0.6762,
      "rho": 0.2531
    },
    "atm_call_price": 14.35,
    "atm_put_price": 11.79,
    "implied_move": 0.48
  },
  "prediction": {
    "signal": "NEUTRAL",
    "score": -1,
    "confidence": 25.0,
    "reasons": [
      "MACD histogram negative (bearish momentum)"
    ],
    "target_price": 594.65,
    "support": 592.75,
    "resistance": 596.46
  },
  "simulation": {
    "statistics": {
      "mean": 594.6543038102062,
      "std": 2.8362699282710118,
      "p05": 590.0472722499572,
      "p25": 592.753028904673,
      "p50": 594.7121074464781,
      "p75": 596.4596023941758,
      "p95": 599.181819657371,
      "min": 585.5365627382087,
      "max": 604.910730373509
    },
    "simulations": 1000,
    "volatility": 0.192
  }
}