{
  "ticker": "SPY",
  "timestamp": "2026-03-09T11:45:53.574956",
  "current_price": 592.6,
  "forecast_minutes": 60,
  "technical_indicators": {
    "rsi": 63.95,
    "macd": {
      "line": 0.0971,
      "signal": 0.0874,
      "histogram": 0.0097
    },
    "bollinger_bands": {
      "upper": 591.3,
      "middle": 580.89,
      "lower": 570.48
    }
  },
  "bsm_analysis": {
    "greeks": {
      "delta": 0.5448,
      "gamma": 0.013652,
      "theta": -0.2364,
      "vega": 0.6735,
      "rho": 0.2548
    },
    "atm_call_price": 12.88,
    "atm_put_price": 10.33,
    "implied_move": 0.42
  },
  "prediction": {
    "signal": "NEUTRAL",
    "score": 1,
    "confidence": 25.0,
    "reasons": [
      "MACD histogram positive (bullish momentum)"
    ],
    "target_price": 592.65,
    "support": 591.03,
    "resistance": 594.37
  },
  "simulation": {
    "statistics": {
      "mean": 592.6544925843939,
      "std": 2.5046749840044584,
      "p05": 588.6129071885315,
      "p25": 591.0268304454341,
      "p50": 592.5838063781566,
      "p75": 594.368396198247,
      "p95": 596.7856234783795,
      "min": 584.5229089090456,
      "max": 600.0043072592339
    },
    "simulations": 1000,
    "volatility": 0.1709
  }
}