{
  "ticker": "SPY",
  "timestamp": "2026-03-21T23:10:14.976253",
  "current_price": 593.47,
  "forecast_minutes": 60,
  "technical_indicators": {
    "rsi": 43.65,
    "macd": {
      "line": -2.0653,
      "signal": -1.8587,
      "histogram": -0.2065
    },
    "bollinger_bands": {
      "upper": 610.04,
      "middle": 596.24,
      "lower": 582.43
    }
  },
  "bsm_analysis": {
    "greeks": {
      "delta": 0.5434,
      "gamma": 0.012836,
      "theta": -0.2486,
      "vega": 0.6748,
      "rho": 0.2539
    },
    "atm_call_price": 13.62,
    "atm_put_price": 11.06,
    "implied_move": 0.45
  },
  "prediction": {
    "signal": "NEUTRAL",
    "score": -1,
    "confidence": 25.0,
    "reasons": [
      "MACD histogram negative (bearish momentum)"
    ],
    "target_price": 593.53,
    "support": 591.57,
    "resistance": 595.33
  },
  "simulation": {
    "statistics": {
      "mean": 593.5329254505301,
      "std": 2.66414904885773,
      "p05": 589.1624050751669,
      "p25": 591.5689415907509,
      "p50": 593.5694957432888,
      "p75": 595.3297898364452,
      "p95": 597.9191658709183,
      "min": 584.0796019602906,
      "max": 601.0859765161015
    },
    "simulations": 1000,
    "volatility": 0.1816
  }
}