{
  "ticker": "SPY",
  "timestamp": "2026-02-19T16:58:59.808805",
  "current_price": 592.25,
  "forecast_minutes": 60,
  "technical_indicators": {
    "rsi": 40.71,
    "macd": {
      "line": 3.2021,
      "signal": 2.8819,
      "histogram": 0.3202
    },
    "bollinger_bands": {
      "upper": 619.27,
      "middle": 600.11,
      "lower": 580.95
    }
  },
  "bsm_analysis": {
    "greeks": {
      "delta": 0.5445,
      "gamma": 0.013489,
      "theta": -0.2387,
      "vega": 0.6732,
      "rho": 0.2544
    },
    "atm_call_price": 13.02,
    "atm_put_price": 10.47,
    "implied_move": 0.42
  },
  "prediction": {
    "signal": "NEUTRAL",
    "score": 1,
    "confidence": 25.0,
    "reasons": [
      "MACD histogram positive (bullish momentum)"
    ],
    "target_price": 592.2,
    "support": 590.43,
    "resistance": 593.95
  },
  "simulation": {
    "statistics": {
      "mean": 592.1974797069528,
      "std": 2.4866713439295487,
      "p05": 588.118529140556,
      "p25": 590.4310615830955,
      "p50": 592.2622335947243,
      "p75": 593.9459721910245,
      "p95": 596.1248498440457,
      "min": 584.9485414084764,
      "max": 599.7131752910753
    },
    "simulations": 1000,
    "volatility": 0.1731
  }
}