{
  "ticker": "SPY",
  "timestamp": "2026-03-01T08:30:53.147212",
  "current_price": 593.24,
  "forecast_minutes": 60,
  "technical_indicators": {
    "rsi": 56.39,
    "macd": {
      "line": -3.6145,
      "signal": -3.2531,
      "histogram": -0.3615
    },
    "bollinger_bands": {
      "upper": 594.8,
      "middle": 576.83,
      "lower": 558.86
    }
  },
  "bsm_analysis": {
    "greeks": {
      "delta": 0.5386,
      "gamma": 0.009626,
      "theta": -0.3164,
      "vega": 0.6753,
      "rho": 0.248
    },
    "atm_call_price": 17.73,
    "atm_put_price": 15.17,
    "implied_move": 0.61
  },
  "prediction": {
    "signal": "NEUTRAL",
    "score": -1,
    "confidence": 25.0,
    "reasons": [
      "MACD histogram negative (bearish momentum)"
    ],
    "target_price": 593.18,
    "support": 590.6,
    "resistance": 595.67
  },
  "simulation": {
    "statistics": {
      "mean": 593.1803963775704,
      "std": 3.62290120571664,
      "p05": 587.4326855362259,
      "p25": 590.6035233859111,
      "p50": 593.2989225370208,
      "p75": 595.6712396569266,
      "p95": 599.1945358056049,
      "min": 582.3252536371609,
      "max": 606.2386503642256
    },
    "simulations": 1000,
    "volatility": 0.2425
  }
}