{
  "ticker": "SPY",
  "timestamp": "2026-02-10T17:12:33.269418",
  "current_price": 597.03,
  "forecast_minutes": 60,
  "technical_indicators": {
    "rsi": 82.44,
    "macd": {
      "line": 4.6276,
      "signal": 4.1648,
      "histogram": 0.4628
    },
    "bollinger_bands": {
      "upper": 593.23,
      "middle": 570.99,
      "lower": 548.74
    }
  },
  "bsm_analysis": {
    "greeks": {
      "delta": 0.5506,
      "gamma": 0.016452,
      "theta": -0.2044,
      "vega": 0.6773,
      "rho": 0.2612
    },
    "atm_call_price": 10.91,
    "atm_put_price": 8.34,
    "implied_move": 0.36
  },
  "prediction": {
    "signal": "NEUTRAL",
    "score": -1,
    "confidence": 25.0,
    "reasons": [
      "RSI indicates overbought conditions",
      "MACD histogram positive (bullish momentum)"
    ],
    "target_price": 597.09,
    "support": 595.65,
    "resistance": 598.54
  },
  "simulation": {
    "statistics": {
      "mean": 597.0938054495153,
      "std": 2.1559128430904986,
      "p05": 593.4724153451631,
      "p25": 595.6477584750817,
      "p50": 597.1062950660629,
      "p75": 598.5377483299915,
      "p95": 600.6302072558801,
      "min": 590.5479180158593,
      "max": 605.0102334335762
    },
    "simulations": 1000,
    "volatility": 0.1405
  }
}