{
  "ticker": "SPY",
  "timestamp": "2026-02-27T08:48:39.445570",
  "current_price": 596.68,
  "forecast_minutes": 60,
  "technical_indicators": {
    "rsi": 65.96,
    "macd": {
      "line": 4.3788,
      "signal": 3.9409,
      "histogram": 0.4379
    },
    "bollinger_bands": {
      "upper": 600.02,
      "middle": 583.54,
      "lower": 567.07
    }
  },
  "bsm_analysis": {
    "greeks": {
      "delta": 0.5546,
      "gamma": 0.01831,
      "theta": -0.1883,
      "vega": 0.676,
      "rho": 0.2638
    },
    "atm_call_price": 9.94,
    "atm_put_price": 7.37,
    "implied_move": 0.3
  },
  "prediction": {
    "signal": "NEUTRAL",
    "score": 1,
    "confidence": 25.0,
    "reasons": [
      "MACD histogram positive (bullish momentum)"
    ],
    "target_price": 596.72,
    "support": 595.53,
    "resistance": 597.98
  },
  "simulation": {
    "statistics": {
      "mean": 596.7200130768085,
      "std": 1.8047004746541206,
      "p05": 593.7657106530705,
      "p25": 595.5330870511625,
      "p50": 596.6805738362195,
      "p75": 597.9778376748222,
      "p95": 599.784879240069,
      "min": 591.5137537976756,
      "max": 602.2643106659954
    },
    "simulations": 1000,
    "volatility": 0.1262
  }
}