{
  "ticker": "SPY",
  "timestamp": "2026-03-02T09:24:32.752772",
  "current_price": 592.16,
  "forecast_minutes": 60,
  "technical_indicators": {
    "rsi": 72.52,
    "macd": {
      "line": 2.5438,
      "signal": 2.2894,
      "histogram": 0.2544
    },
    "bollinger_bands": {
      "upper": 593.79,
      "middle": 576.14,
      "lower": 558.49
    }
  },
  "bsm_analysis": {
    "greeks": {
      "delta": 0.5454,
      "gamma": 0.013984,
      "theta": -0.2319,
      "vega": 0.6729,
      "rho": 0.2551
    },
    "atm_call_price": 12.6,
    "atm_put_price": 10.05,
    "implied_move": 0.4
  },
  "prediction": {
    "signal": "NEUTRAL",
    "score": -1,
    "confidence": 25.0,
    "reasons": [
      "RSI indicates overbought conditions",
      "MACD histogram positive (bullish momentum)"
    ],
    "target_price": 592.31,
    "support": 590.62,
    "resistance": 593.92
  },
  "simulation": {
    "statistics": {
      "mean": 592.314322224299,
      "std": 2.3710637605986538,
      "p05": 588.5732553916894,
      "p25": 590.6232481089146,
      "p50": 592.2462637547455,
      "p75": 593.9222859938894,
      "p95": 596.2872860341054,
      "min": 585.0778672509902,
      "max": 599.0403829829934
    },
    "simulations": 1000,
    "volatility": 0.167
  }
}