{
  "ticker": "SPY",
  "timestamp": "2026-03-03T01:13:37.167538",
  "current_price": 595.73,
  "forecast_minutes": 60,
  "technical_indicators": {
    "rsi": 27.6,
    "macd": {
      "line": -8.1271,
      "signal": -7.3144,
      "histogram": -0.8127
    },
    "bollinger_bands": {
      "upper": 639.18,
      "middle": 614.32,
      "lower": 589.47
    }
  },
  "bsm_analysis": {
    "greeks": {
      "delta": 0.547,
      "gamma": 0.014708,
      "theta": -0.223,
      "vega": 0.6766,
      "rho": 0.2579
    },
    "atm_call_price": 12.05,
    "atm_put_price": 9.49,
    "implied_move": 0.39
  },
  "prediction": {
    "signal": "NEUTRAL",
    "score": 1,
    "confidence": 25.0,
    "reasons": [
      "RSI indicates oversold conditions",
      "MACD histogram negative (bearish momentum)"
    ],
    "target_price": 595.86,
    "support": 594.33,
    "resistance": 597.46
  },
  "simulation": {
    "statistics": {
      "mean": 595.8560332397425,
      "std": 2.3042206815272346,
      "p05": 591.9483380265702,
      "p25": 594.3329637252392,
      "p50": 595.9919189885899,
      "p75": 597.4584184509406,
      "p95": 599.42151897636,
      "min": 588.6374290283552,
      "max": 602.975190427033
    },
    "simulations": 1000,
    "volatility": 0.1577
  }
}