{
  "ticker": "SPY",
  "timestamp": "2026-03-03T06:49:54.697253",
  "current_price": 594.24,
  "forecast_minutes": 60,
  "technical_indicators": {
    "rsi": 55.47,
    "macd": {
      "line": 2.595,
      "signal": 2.3355,
      "histogram": 0.2595
    },
    "bollinger_bands": {
      "upper": 606.5,
      "middle": 594.22,
      "lower": 581.95
    }
  },
  "bsm_analysis": {
    "greeks": {
      "delta": 0.5542,
      "gamma": 0.018204,
      "theta": -0.189,
      "vega": 0.6734,
      "rho": 0.2625
    },
    "atm_call_price": 9.98,
    "atm_put_price": 7.42,
    "implied_move": 0.3
  },
  "prediction": {
    "signal": "NEUTRAL",
    "score": 1,
    "confidence": 25.0,
    "reasons": [
      "MACD histogram positive (bullish momentum)"
    ],
    "target_price": 594.28,
    "support": 593.04,
    "resistance": 595.48
  },
  "simulation": {
    "statistics": {
      "mean": 594.2764071493041,
      "std": 1.8016220681662578,
      "p05": 591.2749123545528,
      "p25": 593.0405900519368,
      "p50": 594.2936664643237,
      "p75": 595.4779142826278,
      "p95": 597.2131087828546,
      "min": 589.0631639517117,
      "max": 600.4370316093834
    },
    "simulations": 1000,
    "volatility": 0.1274
  }
}