{
  "ticker": "SPY",
  "timestamp": "2026-03-28T14:57:08.456467",
  "current_price": 595.66,
  "forecast_minutes": 60,
  "technical_indicators": {
    "rsi": 75.92,
    "macd": {
      "line": 0.1774,
      "signal": 0.1597,
      "histogram": 0.0177
    },
    "bollinger_bands": {
      "upper": 571.02,
      "middle": 537.94,
      "lower": 504.85
    }
  },
  "bsm_analysis": {
    "greeks": {
      "delta": 0.5403,
      "gamma": 0.004727,
      "theta": -0.5967,
      "vega": 0.6778,
      "rho": 0.236
    },
    "atm_call_price": 34.7,
    "atm_put_price": 32.13,
    "implied_move": 1.22
  },
  "prediction": {
    "signal": "NEUTRAL",
    "score": -1,
    "confidence": 25.0,
    "reasons": [
      "RSI indicates overbought conditions",
      "MACD histogram positive (bullish momentum)"
    ],
    "target_price": 595.72,
    "support": 590.53,
    "resistance": 600.46
  },
  "simulation": {
    "statistics": {
      "mean": 595.7165606698626,
      "std": 7.239650549123764,
      "p05": 584.0029198122501,
      "p25": 590.5260776647307,
      "p50": 596.0231340366879,
      "p75": 600.4574232548379,
      "p95": 607.9589726913645,
      "min": 571.6599829641711,
      "max": 619.2363959422422
    },
    "simulations": 1000,
    "volatility": 0.4917
  }
}