{
  "ticker": "SPY",
  "timestamp": "2026-03-08T17:26:28.542140",
  "current_price": 592.15,
  "forecast_minutes": 60,
  "technical_indicators": {
    "rsi": 48.4,
    "macd": {
      "line": 4.1421,
      "signal": 3.7279,
      "histogram": 0.4142
    },
    "bollinger_bands": {
      "upper": 629.34,
      "middle": 608.71,
      "lower": 588.08
    }
  },
  "bsm_analysis": {
    "greeks": {
      "delta": 0.5409,
      "gamma": 0.011406,
      "theta": -0.274,
      "vega": 0.6737,
      "rho": 0.2508
    },
    "atm_call_price": 15.16,
    "atm_put_price": 12.61,
    "implied_move": 0.51
  },
  "prediction": {
    "signal": "NEUTRAL",
    "score": 1,
    "confidence": 25.0,
    "reasons": [
      "MACD histogram positive (bullish momentum)"
    ],
    "target_price": 592.36,
    "support": 590.23,
    "resistance": 594.41
  },
  "simulation": {
    "statistics": {
      "mean": 592.3583997082326,
      "std": 3.0271810622514193,
      "p05": 587.4765115833604,
      "p25": 590.2324386372691,
      "p50": 592.2866363802904,
      "p75": 594.4078193403932,
      "p95": 597.3609539571672,
      "min": 582.708584203964,
      "max": 602.5250883549076
    },
    "simulations": 1000,
    "volatility": 0.2049
  }
}