{
  "ticker": "SPY",
  "timestamp": "2026-02-15T10:31:51.240026",
  "current_price": 594.53,
  "forecast_minutes": 60,
  "technical_indicators": {
    "rsi": 48.02,
    "macd": {
      "line": 3.6779,
      "signal": 3.3102,
      "histogram": 0.3678
    },
    "bollinger_bands": {
      "upper": 619.82,
      "middle": 601.36,
      "lower": 582.91
    }
  },
  "bsm_analysis": {
    "greeks": {
      "delta": 0.5405,
      "gamma": 0.01109,
      "theta": -0.2807,
      "vega": 0.6765,
      "rho": 0.2513
    },
    "atm_call_price": 15.56,
    "atm_put_price": 13.0,
    "implied_move": 0.52
  },
  "prediction": {
    "signal": "NEUTRAL",
    "score": 1,
    "confidence": 25.0,
    "reasons": [
      "MACD histogram positive (bullish momentum)"
    ],
    "target_price": 594.55,
    "support": 592.54,
    "resistance": 596.69
  },
  "simulation": {
    "statistics": {
      "mean": 594.546593500213,
      "std": 3.1077452846147833,
      "p05": 589.4223839199857,
      "p25": 592.5401574450499,
      "p50": 594.4761268605045,
      "p75": 596.6924989753247,
      "p95": 599.6506326003357,
      "min": 585.217491809625,
      "max": 604.0474766140715
    },
    "simulations": 1000,
    "volatility": 0.21
  }
}