{
  "ticker": "SPY",
  "timestamp": "2026-04-05T22:01:58.279522",
  "current_price": 592.93,
  "forecast_minutes": 60,
  "technical_indicators": {
    "rsi": 66.78,
    "macd": {
      "line": 3.765,
      "signal": 3.3885,
      "histogram": 0.3765
    },
    "bollinger_bands": {
      "upper": 583.37,
      "middle": 565.12,
      "lower": 546.86
    }
  },
  "bsm_analysis": {
    "greeks": {
      "delta": 0.5371,
      "gamma": 0.007705,
      "theta": -0.384,
      "vega": 0.6752,
      "rho": 0.2438
    },
    "atm_call_price": 21.82,
    "atm_put_price": 19.26,
    "implied_move": 0.76
  },
  "prediction": {
    "signal": "NEUTRAL",
    "score": 1,
    "confidence": 25.0,
    "reasons": [
      "MACD histogram positive (bullish momentum)"
    ],
    "target_price": 593.16,
    "support": 590.09,
    "resistance": 596.1
  },
  "simulation": {
    "statistics": {
      "mean": 593.1628238464913,
      "std": 4.501959587523908,
      "p05": 585.7727823327494,
      "p25": 590.0890848318802,
      "p50": 592.8732286473701,
      "p75": 596.1023423289109,
      "p95": 600.8754863141959,
      "min": 578.7637636351683,
      "max": 609.3925955513056
    },
    "simulations": 1000,
    "volatility": 0.3033
  }
}