{
  "ticker": "SPY",
  "timestamp": "2026-03-13T16:48:09.908953",
  "current_price": 593.43,
  "forecast_minutes": 60,
  "technical_indicators": {
    "rsi": 55.92,
    "macd": {
      "line": -0.8577,
      "signal": -0.772,
      "histogram": -0.0858
    },
    "bollinger_bands": {
      "upper": 604.5,
      "middle": 588.23,
      "lower": 571.96
    }
  },
  "bsm_analysis": {
    "greeks": {
      "delta": 0.5429,
      "gamma": 0.012598,
      "theta": -0.2525,
      "vega": 0.6748,
      "rho": 0.2534
    },
    "atm_call_price": 13.85,
    "atm_put_price": 11.3,
    "implied_move": 0.47
  },
  "prediction": {
    "signal": "NEUTRAL",
    "score": -1,
    "confidence": 25.0,
    "reasons": [
      "MACD histogram negative (bearish momentum)"
    ],
    "target_price": 593.46,
    "support": 591.71,
    "resistance": 595.27
  },
  "simulation": {
    "statistics": {
      "mean": 593.4623599388632,
      "std": 2.779540980887397,
      "p05": 588.7240961630355,
      "p25": 591.7079795097218,
      "p50": 593.4281735506364,
      "p75": 595.2670674388914,
      "p95": 598.1352825671358,
      "min": 584.8058941505008,
      "max": 604.099157233394
    },
    "simulations": 1000,
    "volatility": 0.1851
  }
}