{
  "ticker": "SPY",
  "timestamp": "2026-03-12T15:06:25.017878",
  "current_price": 597.43,
  "forecast_minutes": 60,
  "technical_indicators": {
    "rsi": 59.58,
    "macd": {
      "line": 3.4239,
      "signal": 3.0815,
      "histogram": 0.3424
    },
    "bollinger_bands": {
      "upper": 605.11,
      "middle": 591.26,
      "lower": 577.41
    }
  },
  "bsm_analysis": {
    "greeks": {
      "delta": 0.5579,
      "gamma": 0.019725,
      "theta": -0.1783,
      "vega": 0.6761,
      "rho": 0.2663
    },
    "atm_call_price": 9.32,
    "atm_put_price": 6.75,
    "implied_move": 0.29
  },
  "prediction": {
    "signal": "NEUTRAL",
    "score": 1,
    "confidence": 25.0,
    "reasons": [
      "MACD histogram positive (bullish momentum)"
    ],
    "target_price": 597.46,
    "support": 596.22,
    "resistance": 598.63
  },
  "simulation": {
    "statistics": {
      "mean": 597.4551816776233,
      "std": 1.7539805298255557,
      "p05": 594.7279939924509,
      "p25": 596.2211622606432,
      "p50": 597.4129626840781,
      "p75": 598.6293179537632,
      "p95": 600.43580800058,
      "min": 591.9670861648051,
      "max": 603.9893193770939
    },
    "simulations": 1000,
    "volatility": 0.1168
  }
}