{
  "ticker": "SPY",
  "timestamp": "2026-02-27T11:58:20.368354",
  "current_price": 596.51,
  "forecast_minutes": 60,
  "technical_indicators": {
    "rsi": 61.67,
    "macd": {
      "line": -1.2825,
      "signal": -1.1543,
      "histogram": -0.1283
    },
    "bollinger_bands": {
      "upper": 602.3,
      "middle": 586.23,
      "lower": 570.17
    }
  },
  "bsm_analysis": {
    "greeks": {
      "delta": 0.538,
      "gamma": 0.009079,
      "theta": -0.333,
      "vega": 0.6791,
      "rho": 0.2484
    },
    "atm_call_price": 18.72,
    "atm_put_price": 16.16,
    "implied_move": 0.62
  },
  "prediction": {
    "signal": "NEUTRAL",
    "score": -1,
    "confidence": 25.0,
    "reasons": [
      "MACD histogram negative (bearish momentum)"
    ],
    "target_price": 596.37,
    "support": 593.93,
    "resistance": 599.01
  },
  "simulation": {
    "statistics": {
      "mean": 596.3724268601802,
      "std": 3.724202765623649,
      "p05": 590.0016315040501,
      "p25": 593.9254025014237,
      "p50": 596.3470607476454,
      "p75": 599.0102164782065,
      "p95": 602.345856610304,
      "min": 583.433530811829,
      "max": 609.3548155534343
    },
    "simulations": 1000,
    "volatility": 0.2558
  }
}