{
  "ticker": "SPY",
  "timestamp": "2026-03-05T02:00:28.270163",
  "current_price": 595.86,
  "forecast_minutes": 60,
  "technical_indicators": {
    "rsi": 39.53,
    "macd": {
      "line": -2.356,
      "signal": -2.1204,
      "histogram": -0.2356
    },
    "bollinger_bands": {
      "upper": 614.49,
      "middle": 602.04,
      "lower": 589.6
    }
  },
  "bsm_analysis": {
    "greeks": {
      "delta": 0.5427,
      "gamma": 0.012394,
      "theta": -0.2561,
      "vega": 0.6776,
      "rho": 0.2542
    },
    "atm_call_price": 14.06,
    "atm_put_price": 11.5,
    "implied_move": 0.48
  },
  "prediction": {
    "signal": "NEUTRAL",
    "score": -1,
    "confidence": 25.0,
    "reasons": [
      "MACD histogram negative (bearish momentum)"
    ],
    "target_price": 595.77,
    "support": 593.86,
    "resistance": 597.82
  },
  "simulation": {
    "statistics": {
      "mean": 595.7710640559238,
      "std": 2.839677560230947,
      "p05": 591.1871981014688,
      "p25": 593.8635390682464,
      "p50": 595.7060324347591,
      "p75": 597.8224545073383,
      "p95": 600.4256849456407,
      "min": 587.4609152763727,
      "max": 604.7323339061585
    },
    "simulations": 1000,
    "volatility": 0.1874
  }
}