{
  "ticker": "SPY",
  "timestamp": "2026-03-05T20:29:21.702101",
  "current_price": 597.77,
  "forecast_minutes": 60,
  "technical_indicators": {
    "rsi": 40.18,
    "macd": {
      "line": 5.1822,
      "signal": 4.664,
      "histogram": 0.5182
    },
    "bollinger_bands": {
      "upper": 657.6,
      "middle": 619.87,
      "lower": 582.14
    }
  },
  "bsm_analysis": {
    "greeks": {
      "delta": 0.5391,
      "gamma": 0.010007,
      "theta": -0.3064,
      "vega": 0.6804,
      "rho": 0.2508
    },
    "atm_call_price": 17.11,
    "atm_put_price": 14.54,
    "implied_move": 0.54
  },
  "prediction": {
    "signal": "NEUTRAL",
    "score": 1,
    "confidence": 25.0,
    "reasons": [
      "MACD histogram positive (bullish momentum)"
    ],
    "target_price": 597.55,
    "support": 595.39,
    "resistance": 599.76
  },
  "simulation": {
    "statistics": {
      "mean": 597.5454914978973,
      "std": 3.2499754660067746,
      "p05": 592.4667260811088,
      "p25": 595.3896137494893,
      "p50": 597.4787200018554,
      "p75": 599.7584067558657,
      "p95": 603.0865895688174,
      "min": 587.0035289932257,
      "max": 608.0664346648198
    },
    "simulations": 1000,
    "volatility": 0.2315
  }
}