{
  "ticker": "SPY",
  "timestamp": "2026-03-20T23:56:32.826642",
  "current_price": 597.57,
  "forecast_minutes": 60,
  "technical_indicators": {
    "rsi": 34.86,
    "macd": {
      "line": 1.7801,
      "signal": 1.6021,
      "histogram": 0.178
    },
    "bollinger_bands": {
      "upper": 630.9,
      "middle": 610.79,
      "lower": 590.67
    }
  },
  "bsm_analysis": {
    "greeks": {
      "delta": 0.5397,
      "gamma": 0.010436,
      "theta": -0.2957,
      "vega": 0.6801,
      "rho": 0.2515
    },
    "atm_call_price": 16.46,
    "atm_put_price": 13.89,
    "implied_move": 0.55
  },
  "prediction": {
    "signal": "NEUTRAL",
    "score": 1,
    "confidence": 25.0,
    "reasons": [
      "MACD histogram positive (bullish momentum)"
    ],
    "target_price": 597.78,
    "support": 595.5,
    "resistance": 600.08
  },
  "simulation": {
    "statistics": {
      "mean": 597.7760574835158,
      "std": 3.2784235915598483,
      "p05": 592.4086271074533,
      "p25": 595.4991311924792,
      "p50": 597.7361395121122,
      "p75": 600.0767859815704,
      "p95": 602.9998190715477,
      "min": 587.6041049380517,
      "max": 610.6136189260776
    },
    "simulations": 1000,
    "volatility": 0.222
  }
}