{
  "ticker": "SPY",
  "timestamp": "2026-02-25T08:02:32.881877",
  "current_price": 594.34,
  "forecast_minutes": 60,
  "technical_indicators": {
    "rsi": 63.74,
    "macd": {
      "line": 0.5387,
      "signal": 0.4848,
      "histogram": 0.0539
    },
    "bollinger_bands": {
      "upper": 591.39,
      "middle": 575.46,
      "lower": 559.52
    }
  },
  "bsm_analysis": {
    "greeks": {
      "delta": 0.5387,
      "gamma": 0.009719,
      "theta": -0.3139,
      "vega": 0.6766,
      "rho": 0.2487
    },
    "atm_call_price": 17.57,
    "atm_put_price": 15.01,
    "implied_move": 0.61
  },
  "prediction": {
    "signal": "NEUTRAL",
    "score": 1,
    "confidence": 25.0,
    "reasons": [
      "MACD histogram positive (bullish momentum)"
    ],
    "target_price": 594.23,
    "support": 591.84,
    "resistance": 596.64
  },
  "simulation": {
    "statistics": {
      "mean": 594.2276969186829,
      "std": 3.6257612935029493,
      "p05": 588.5817783897912,
      "p25": 591.8386201618686,
      "p50": 594.1393572775206,
      "p75": 596.6357067436887,
      "p95": 600.3855614567309,
      "min": 582.2536355004602,
      "max": 609.2154101035095
    },
    "simulations": 1000,
    "volatility": 0.2398
  }
}