{
  "ticker": "SPY",
  "timestamp": "2026-03-20T17:46:57.273811",
  "current_price": 596.14,
  "forecast_minutes": 60,
  "technical_indicators": {
    "rsi": 65.16,
    "macd": {
      "line": 1.1587,
      "signal": 1.0428,
      "histogram": 0.1159
    },
    "bollinger_bands": {
      "upper": 592.19,
      "middle": 574.11,
      "lower": 556.02
    }
  },
  "bsm_analysis": {
    "greeks": {
      "delta": 0.5378,
      "gamma": 0.008768,
      "theta": -0.3431,
      "vega": 0.6788,
      "rho": 0.2476
    },
    "atm_call_price": 19.34,
    "atm_put_price": 16.77,
    "implied_move": 0.65
  },
  "prediction": {
    "signal": "NEUTRAL",
    "score": 1,
    "confidence": 25.0,
    "reasons": [
      "MACD histogram positive (bullish momentum)"
    ],
    "target_price": 596.32,
    "support": 593.65,
    "resistance": 598.97
  },
  "simulation": {
    "statistics": {
      "mean": 596.3164505897195,
      "std": 3.88137543651453,
      "p05": 589.9181036173694,
      "p25": 593.6451946960051,
      "p50": 596.3519766614803,
      "p75": 598.9670853262429,
      "p95": 602.7958851929396,
      "min": 584.7183604988138,
      "max": 610.0662808883557
    },
    "simulations": 1000,
    "volatility": 0.265
  }
}