{
  "ticker": "SPY",
  "timestamp": "2026-04-03T12:21:40.324715",
  "current_price": 595.24,
  "forecast_minutes": 60,
  "technical_indicators": {
    "rsi": 60.62,
    "macd": {
      "line": 2.1422,
      "signal": 1.928,
      "histogram": 0.2142
    },
    "bollinger_bands": {
      "upper": 596.7,
      "middle": 577.91,
      "lower": 559.13
    }
  },
  "bsm_analysis": {
    "greeks": {
      "delta": 0.5446,
      "gamma": 0.013452,
      "theta": -0.2395,
      "vega": 0.6765,
      "rho": 0.2557
    },
    "atm_call_price": 13.06,
    "atm_put_price": 10.49,
    "implied_move": 0.43
  },
  "prediction": {
    "signal": "NEUTRAL",
    "score": 1,
    "confidence": 25.0,
    "reasons": [
      "MACD histogram positive (bullish momentum)"
    ],
    "target_price": 595.33,
    "support": 593.68,
    "resistance": 597.11
  },
  "simulation": {
    "statistics": {
      "mean": 595.3307778063888,
      "std": 2.553703456101234,
      "p05": 590.9931800220095,
      "p25": 593.6843385624869,
      "p50": 595.3966580435017,
      "p75": 597.109847574392,
      "p95": 599.4861063912148,
      "min": 586.937452126181,
      "max": 603.5363287102615
    },
    "simulations": 1000,
    "volatility": 0.1727
  }
}