{
  "ticker": "SPY",
  "timestamp": "2026-02-13T10:38:54.352689",
  "current_price": 593.55,
  "forecast_minutes": 60,
  "technical_indicators": {
    "rsi": 45.26,
    "macd": {
      "line": 8.8747,
      "signal": 7.9872,
      "histogram": 0.8875
    },
    "bollinger_bands": {
      "upper": 629.71,
      "middle": 599.67,
      "lower": 569.64
    }
  },
  "bsm_analysis": {
    "greeks": {
      "delta": 0.5396,
      "gamma": 0.010472,
      "theta": -0.2945,
      "vega": 0.6755,
      "rho": 0.2498
    },
    "atm_call_price": 16.4,
    "atm_put_price": 13.85,
    "implied_move": 0.56
  },
  "prediction": {
    "signal": "NEUTRAL",
    "score": 1,
    "confidence": 25.0,
    "reasons": [
      "MACD histogram positive (bullish momentum)"
    ],
    "target_price": 593.73,
    "support": 591.48,
    "resistance": 595.85
  },
  "simulation": {
    "statistics": {
      "mean": 593.7290340966549,
      "std": 3.3308592132322934,
      "p05": 588.4172791660426,
      "p25": 591.4796014655991,
      "p50": 593.6474483996212,
      "p75": 595.847366046557,
      "p95": 599.491948307017,
      "min": 580.3507335396448,
      "max": 607.7494666578398
    },
    "simulations": 1000,
    "volatility": 0.2228
  }
}