{
  "ticker": "SPY",
  "timestamp": "2026-03-01T14:09:08.476544",
  "current_price": 595.13,
  "forecast_minutes": 60,
  "technical_indicators": {
    "rsi": 66.4,
    "macd": {
      "line": 6.8393,
      "signal": 6.1554,
      "histogram": 0.6839
    },
    "bollinger_bands": {
      "upper": 610.08,
      "middle": 582.53,
      "lower": 554.98
    }
  },
  "bsm_analysis": {
    "greeks": {
      "delta": 0.5482,
      "gamma": 0.015315,
      "theta": -0.2159,
      "vega": 0.6757,
      "rho": 0.2586
    },
    "atm_call_price": 11.62,
    "atm_put_price": 9.06,
    "implied_move": 0.38
  },
  "prediction": {
    "signal": "NEUTRAL",
    "score": 1,
    "confidence": 25.0,
    "reasons": [
      "MACD histogram positive (bullish momentum)"
    ],
    "target_price": 595.07,
    "support": 593.63,
    "resistance": 596.68
  },
  "simulation": {
    "statistics": {
      "mean": 595.0727137225247,
      "std": 2.260457417621846,
      "p05": 591.240512060033,
      "p25": 593.6303626346744,
      "p50": 595.0809555834428,
      "p75": 596.6802685482339,
      "p95": 598.621714383257,
      "min": 585.5526246036209,
      "max": 601.1463722049981
    },
    "simulations": 1000,
    "volatility": 0.1516
  }
}