{
  "ticker": "SPY",
  "timestamp": "2026-03-16T20:47:41.394286",
  "current_price": 592.91,
  "forecast_minutes": 60,
  "technical_indicators": {
    "rsi": 64.18,
    "macd": {
      "line": 4.7886,
      "signal": 4.3097,
      "histogram": 0.4789
    },
    "bollinger_bands": {
      "upper": 599.15,
      "middle": 579.97,
      "lower": 560.79
    }
  },
  "bsm_analysis": {
    "greeks": {
      "delta": 0.5404,
      "gamma": 0.011004,
      "theta": -0.2824,
      "vega": 0.6747,
      "rho": 0.2505
    },
    "atm_call_price": 15.67,
    "atm_put_price": 13.12,
    "implied_move": 0.52
  },
  "prediction": {
    "signal": "NEUTRAL",
    "score": 1,
    "confidence": 25.0,
    "reasons": [
      "MACD histogram positive (bullish momentum)"
    ],
    "target_price": 593.09,
    "support": 591.01,
    "resistance": 595.11
  },
  "simulation": {
    "statistics": {
      "mean": 593.087269870129,
      "std": 3.056342214967053,
      "p05": 588.1597317780906,
      "p25": 591.0065876231313,
      "p50": 593.144212182732,
      "p75": 595.1128003204858,
      "p95": 598.0703835707533,
      "min": 583.3947951880485,
      "max": 602.6733999412902
    },
    "simulations": 1000,
    "volatility": 0.2122
  }
}