{
  "ticker": "SPY",
  "timestamp": "2026-02-25T14:11:13.350889",
  "current_price": 595.07,
  "forecast_minutes": 60,
  "technical_indicators": {
    "rsi": 42.26,
    "macd": {
      "line": 3.1297,
      "signal": 2.8167,
      "histogram": 0.313
    },
    "bollinger_bands": {
      "upper": 635.43,
      "middle": 616.46,
      "lower": 597.49
    }
  },
  "bsm_analysis": {
    "greeks": {
      "delta": 0.537,
      "gamma": 0.00748,
      "theta": -0.3943,
      "vega": 0.6777,
      "rho": 0.2442
    },
    "atm_call_price": 22.44,
    "atm_put_price": 19.88,
    "implied_move": 0.78
  },
  "prediction": {
    "signal": "NEUTRAL",
    "score": 1,
    "confidence": 25.0,
    "reasons": [
      "MACD histogram positive (bullish momentum)"
    ],
    "target_price": 594.68,
    "support": 591.54,
    "resistance": 597.77
  },
  "simulation": {
    "statistics": {
      "mean": 594.6753054122432,
      "std": 4.642401088674884,
      "p05": 587.4963556621378,
      "p25": 591.5371762808791,
      "p50": 594.4958372128417,
      "p75": 597.7670492289058,
      "p95": 602.39475033095,
      "min": 578.7812581194396,
      "max": 610.7790302946541
    },
    "simulations": 1000,
    "volatility": 0.3113
  }
}