{
  "ticker": "SPY",
  "timestamp": "2026-04-01T06:44:37.142883",
  "current_price": 594.15,
  "forecast_minutes": 60,
  "technical_indicators": {
    "rsi": 53.7,
    "macd": {
      "line": -3.721,
      "signal": -3.3489,
      "histogram": -0.3721
    },
    "bollinger_bands": {
      "upper": 595.61,
      "middle": 575.14,
      "lower": 554.68
    }
  },
  "bsm_analysis": {
    "greeks": {
      "delta": 0.5371,
      "gamma": 0.007576,
      "theta": -0.3898,
      "vega": 0.6766,
      "rho": 0.244
    },
    "atm_call_price": 22.17,
    "atm_put_price": 19.61,
    "implied_move": 0.79
  },
  "prediction": {
    "signal": "NEUTRAL",
    "score": -1,
    "confidence": 25.0,
    "reasons": [
      "MACD histogram negative (bearish momentum)"
    ],
    "target_price": 594.18,
    "support": 590.86,
    "resistance": 597.23
  },
  "simulation": {
    "statistics": {
      "mean": 594.1823992348995,
      "std": 4.686730123881179,
      "p05": 586.9442916387044,
      "p25": 590.8640909212863,
      "p50": 594.1856693248313,
      "p75": 597.2334498052853,
      "p95": 602.1650740964951,
      "min": 579.4535071330168,
      "max": 611.2142836043565
    },
    "simulations": 1000,
    "volatility": 0.3078
  }
}