{
  "ticker": "SPY",
  "timestamp": "2026-03-12T16:38:43.952454",
  "current_price": 592.46,
  "forecast_minutes": 60,
  "technical_indicators": {
    "rsi": 54.0,
    "macd": {
      "line": 4.8421,
      "signal": 4.3579,
      "histogram": 0.4842
    },
    "bollinger_bands": {
      "upper": 611.66,
      "middle": 593.67,
      "lower": 575.68
    }
  },
  "bsm_analysis": {
    "greeks": {
      "delta": 0.5454,
      "gamma": 0.013987,
      "theta": -0.2319,
      "vega": 0.6732,
      "rho": 0.2552
    },
    "atm_call_price": 12.6,
    "atm_put_price": 10.05,
    "implied_move": 0.42
  },
  "prediction": {
    "signal": "NEUTRAL",
    "score": 1,
    "confidence": 25.0,
    "reasons": [
      "MACD histogram positive (bullish momentum)"
    ],
    "target_price": 592.48,
    "support": 590.82,
    "resistance": 594.08
  },
  "simulation": {
    "statistics": {
      "mean": 592.484646539165,
      "std": 2.480798361936722,
      "p05": 588.2290190862087,
      "p25": 590.8223320138205,
      "p50": 592.6008585157945,
      "p75": 594.0843867799584,
      "p95": 596.5888701204585,
      "min": 585.008192518978,
      "max": 599.2884933541521
    },
    "simulations": 1000,
    "volatility": 0.1668
  }
}