{
  "ticker": "SPY",
  "timestamp": "2026-02-08T20:45:04.099364",
  "current_price": 597.63,
  "forecast_minutes": 60,
  "technical_indicators": {
    "rsi": 36.47,
    "macd": {
      "line": -1.0327,
      "signal": -0.9294,
      "histogram": -0.1033
    },
    "bollinger_bands": {
      "upper": 625.12,
      "middle": 611.57,
      "lower": 598.01
    }
  },
  "bsm_analysis": {
    "greeks": {
      "delta": 0.5399,
      "gamma": 0.01062,
      "theta": -0.2914,
      "vega": 0.6801,
      "rho": 0.2519
    },
    "atm_call_price": 16.2,
    "atm_put_price": 13.63,
    "implied_move": 0.53
  },
  "prediction": {
    "signal": "NEUTRAL",
    "score": -1,
    "confidence": 25.0,
    "reasons": [
      "MACD histogram negative (bearish momentum)"
    ],
    "target_price": 597.74,
    "support": 595.63,
    "resistance": 599.96
  },
  "simulation": {
    "statistics": {
      "mean": 597.7354036703671,
      "std": 3.1703057657272278,
      "p05": 592.6656404713631,
      "p25": 595.6274323009122,
      "p50": 597.5413408245176,
      "p75": 599.959684644461,
      "p95": 602.8498253320735,
      "min": 589.082914238174,
      "max": 607.934222865399
    },
    "simulations": 1000,
    "volatility": 0.2182
  }
}