{
  "ticker": "SPY",
  "timestamp": "2026-03-08T09:57:09.178816",
  "current_price": 593.32,
  "forecast_minutes": 60,
  "technical_indicators": {
    "rsi": 58.13,
    "macd": {
      "line": -0.4792,
      "signal": -0.4313,
      "histogram": -0.0479
    },
    "bollinger_bands": {
      "upper": 597.28,
      "middle": 583.69,
      "lower": 570.1
    }
  },
  "bsm_analysis": {
    "greeks": {
      "delta": 0.5489,
      "gamma": 0.015719,
      "theta": -0.2114,
      "vega": 0.6735,
      "rho": 0.2583
    },
    "atm_call_price": 11.36,
    "atm_put_price": 8.8,
    "implied_move": 0.37
  },
  "prediction": {
    "signal": "NEUTRAL",
    "score": -1,
    "confidence": 25.0,
    "reasons": [
      "MACD histogram negative (bearish momentum)"
    ],
    "target_price": 593.25,
    "support": 591.77,
    "resistance": 594.69
  },
  "simulation": {
    "statistics": {
      "mean": 593.2533980039246,
      "std": 2.1753391344758746,
      "p05": 589.8116857092082,
      "p25": 591.768773364442,
      "p50": 593.1610746220651,
      "p75": 594.6871775174436,
      "p95": 596.9490105559075,
      "min": 587.3121328529152,
      "max": 599.6254230986502
    },
    "simulations": 1000,
    "volatility": 0.1481
  }
}