{
  "ticker": "SPY",
  "timestamp": "2026-03-26T09:40:04.130815",
  "current_price": 596.06,
  "forecast_minutes": 60,
  "technical_indicators": {
    "rsi": 69.87,
    "macd": {
      "line": 3.4418,
      "signal": 3.0976,
      "histogram": 0.3442
    },
    "bollinger_bands": {
      "upper": 597.24,
      "middle": 578.64,
      "lower": 560.05
    }
  },
  "bsm_analysis": {
    "greeks": {
      "delta": 0.5435,
      "gamma": 0.012834,
      "theta": -0.2489,
      "vega": 0.6777,
      "rho": 0.255
    },
    "atm_call_price": 13.62,
    "atm_put_price": 11.06,
    "implied_move": 0.45
  },
  "prediction": {
    "signal": "NEUTRAL",
    "score": 1,
    "confidence": 25.0,
    "reasons": [
      "MACD histogram positive (bullish momentum)"
    ],
    "target_price": 596.13,
    "support": 594.11,
    "resistance": 598.06
  },
  "simulation": {
    "statistics": {
      "mean": 596.1290022076431,
      "std": 2.7062184777092586,
      "p05": 591.7707451915124,
      "p25": 594.1095891659262,
      "p50": 596.0641716152276,
      "p75": 598.0563391501637,
      "p95": 600.4999038056495,
      "min": 587.7739929374261,
      "max": 604.2017788571218
    },
    "simulations": 1000,
    "volatility": 0.1808
  }
}