{
  "ticker": "SPY",
  "timestamp": "2026-03-07T07:53:21.520274",
  "current_price": 593.6,
  "forecast_minutes": 60,
  "technical_indicators": {
    "rsi": 63.66,
    "macd": {
      "line": -2.9703,
      "signal": -2.6732,
      "histogram": -0.297
    },
    "bollinger_bands": {
      "upper": 578.62,
      "middle": 546.16,
      "lower": 513.7
    }
  },
  "bsm_analysis": {
    "greeks": {
      "delta": 0.5439,
      "gamma": 0.003945,
      "theta": -0.7048,
      "vega": 0.6748,
      "rho": 0.2314
    },
    "atm_call_price": 41.25,
    "atm_put_price": 38.7,
    "implied_move": 1.43
  },
  "prediction": {
    "signal": "NEUTRAL",
    "score": -1,
    "confidence": 25.0,
    "reasons": [
      "MACD histogram negative (bearish momentum)"
    ],
    "target_price": 593.84,
    "support": 588.25,
    "resistance": 599.35
  },
  "simulation": {
    "statistics": {
      "mean": 593.844434772106,
      "std": 8.47026543273759,
      "p05": 580.188382824447,
      "p25": 588.247776278775,
      "p50": 593.6130169881894,
      "p75": 599.3531547034743,
      "p95": 607.6950677681701,
      "min": 566.2928434698514,
      "max": 623.5726121390746
    },
    "simulations": 1000,
    "volatility": 0.5906
  }
}