{
  "ticker": "SPY",
  "timestamp": "2026-03-30T02:21:01.136033",
  "current_price": 595.46,
  "forecast_minutes": 60,
  "technical_indicators": {
    "rsi": 34.09,
    "macd": {
      "line": -4.9922,
      "signal": -4.4929,
      "histogram": -0.4992
    },
    "bollinger_bands": {
      "upper": 636.41,
      "middle": 613.53,
      "lower": 590.65
    }
  },
  "bsm_analysis": {
    "greeks": {
      "delta": 0.5402,
      "gamma": 0.010833,
      "theta": -0.2864,
      "vega": 0.6776,
      "rho": 0.2513
    },
    "atm_call_price": 15.9,
    "atm_put_price": 13.34,
    "implied_move": 0.54
  },
  "prediction": {
    "signal": "NEUTRAL",
    "score": -1,
    "confidence": 25.0,
    "reasons": [
      "MACD histogram negative (bearish momentum)"
    ],
    "target_price": 595.46,
    "support": 593.27,
    "resistance": 597.79
  },
  "simulation": {
    "statistics": {
      "mean": 595.4636225568705,
      "std": 3.2023728829950935,
      "p05": 590.0969444473196,
      "p25": 593.2657756990191,
      "p50": 595.5080889449115,
      "p75": 597.7896742058803,
      "p95": 600.6045389131529,
      "min": 584.2791641069203,
      "max": 605.7114427160566
    },
    "simulations": 1000,
    "volatility": 0.2146
  }
}