{
  "ticker": "SPY",
  "timestamp": "2026-03-16T21:47:44.795697",
  "current_price": 596.5,
  "forecast_minutes": 60,
  "technical_indicators": {
    "rsi": 66.98,
    "macd": {
      "line": 0.0166,
      "signal": 0.015,
      "histogram": 0.0017
    },
    "bollinger_bands": {
      "upper": 584.32,
      "middle": 561.89,
      "lower": 539.47
    }
  },
  "bsm_analysis": {
    "greeks": {
      "delta": 0.5371,
      "gamma": 0.006588,
      "theta": -0.4416,
      "vega": 0.6793,
      "rho": 0.2426
    },
    "atm_call_price": 25.3,
    "atm_put_price": 22.73,
    "implied_move": 0.87
  },
  "prediction": {
    "signal": "NEUTRAL",
    "score": 1,
    "confidence": 25.0,
    "reasons": [
      "MACD histogram positive (bullish momentum)"
    ],
    "target_price": 596.76,
    "support": 593.31,
    "resistance": 600.4
  },
  "simulation": {
    "statistics": {
      "mean": 596.7608442074708,
      "std": 5.18676829564224,
      "p05": 588.3425072740719,
      "p25": 593.3060788484175,
      "p50": 596.6131342383192,
      "p75": 600.4047168039502,
      "p95": 605.2945919255617,
      "min": 580.9513630013192,
      "max": 610.4462183851019
    },
    "simulations": 1000,
    "volatility": 0.3526
  }
}