{
  "ticker": "SPY",
  "timestamp": "2026-02-08T20:58:07.176296",
  "current_price": 594.16,
  "forecast_minutes": 60,
  "technical_indicators": {
    "rsi": 59.47,
    "macd": {
      "line": -3.0432,
      "signal": -2.7389,
      "histogram": -0.3043
    },
    "bollinger_bands": {
      "upper": 602.16,
      "middle": 576.65,
      "lower": 551.14
    }
  },
  "bsm_analysis": {
    "greeks": {
      "delta": 0.5371,
      "gamma": 0.006684,
      "theta": -0.4358,
      "vega": 0.6766,
      "rho": 0.2418
    },
    "atm_call_price": 24.95,
    "atm_put_price": 22.39,
    "implied_move": 0.85
  },
  "prediction": {
    "signal": "NEUTRAL",
    "score": -1,
    "confidence": 25.0,
    "reasons": [
      "MACD histogram negative (bearish momentum)"
    ],
    "target_price": 594.08,
    "support": 590.67,
    "resistance": 597.34
  },
  "simulation": {
    "statistics": {
      "mean": 594.0803987206,
      "std": 5.047653831159131,
      "p05": 586.1405132712295,
      "p25": 590.6720323715601,
      "p50": 594.0943593045125,
      "p75": 597.3420264373342,
      "p95": 602.2937872362429,
      "min": 578.9358420245743,
      "max": 608.3543734800842
    },
    "simulations": 1000,
    "volatility": 0.3489
  }
}