{
  "ticker": "SPY",
  "timestamp": "2026-03-12T09:21:20.506365",
  "current_price": 593.42,
  "forecast_minutes": 60,
  "technical_indicators": {
    "rsi": 37.05,
    "macd": {
      "line": 7.2406,
      "signal": 6.5165,
      "histogram": 0.7241
    },
    "bollinger_bands": {
      "upper": 680.3,
      "middle": 639.76,
      "lower": 599.23
    }
  },
  "bsm_analysis": {
    "greeks": {
      "delta": 0.5397,
      "gamma": 0.004936,
      "theta": -0.5733,
      "vega": 0.6754,
      "rho": 0.2359
    },
    "atm_call_price": 33.28,
    "atm_put_price": 30.73,
    "implied_move": 1.16
  },
  "prediction": {
    "signal": "NEUTRAL",
    "score": 1,
    "confidence": 25.0,
    "reasons": [
      "MACD histogram positive (bullish momentum)"
    ],
    "target_price": 593.66,
    "support": 588.94,
    "resistance": 598.24
  },
  "simulation": {
    "statistics": {
      "mean": 593.6585747519175,
      "std": 6.8881839745301985,
      "p05": 581.9344470293044,
      "p25": 588.9350593907649,
      "p50": 593.9973662239782,
      "p75": 598.2421255806605,
      "p95": 604.3383350971053,
      "min": 573.5638802718902,
      "max": 617.0241007232396
    },
    "simulations": 1000,
    "volatility": 0.4727
  }
}