{
  "ticker": "SPY",
  "timestamp": "2026-03-10T10:18:50.650524",
  "current_price": 596.75,
  "forecast_minutes": 60,
  "technical_indicators": {
    "rsi": 41.22,
    "macd": {
      "line": -0.8395,
      "signal": -0.7556,
      "histogram": -0.084
    },
    "bollinger_bands": {
      "upper": 621.49,
      "middle": 611.25,
      "lower": 601.01
    }
  },
  "bsm_analysis": {
    "greeks": {
      "delta": 0.5481,
      "gamma": 0.015224,
      "theta": -0.2171,
      "vega": 0.6776,
      "rho": 0.2592
    },
    "atm_call_price": 11.69,
    "atm_put_price": 9.12,
    "implied_move": 0.37
  },
  "prediction": {
    "signal": "NEUTRAL",
    "score": -1,
    "confidence": 25.0,
    "reasons": [
      "MACD histogram negative (bearish momentum)"
    ],
    "target_price": 596.78,
    "support": 595.31,
    "resistance": 598.19
  },
  "simulation": {
    "statistics": {
      "mean": 596.780706008908,
      "std": 2.186242266456585,
      "p05": 593.3208251087234,
      "p25": 595.314959356594,
      "p50": 596.676759378283,
      "p75": 598.1873467427381,
      "p95": 600.4747556494551,
      "min": 590.7351908359142,
      "max": 603.9454382236776
    },
    "simulations": 1000,
    "volatility": 0.1521
  }
}