{
  "ticker": "SPY",
  "timestamp": "2026-03-03T16:49:17.593934",
  "current_price": 595.27,
  "forecast_minutes": 60,
  "technical_indicators": {
    "rsi": 74.55,
    "macd": {
      "line": 6.1695,
      "signal": 5.5526,
      "histogram": 0.617
    },
    "bollinger_bands": {
      "upper": 574.26,
      "middle": 547.71,
      "lower": 521.16
    }
  },
  "bsm_analysis": {
    "greeks": {
      "delta": 0.5374,
      "gamma": 0.006235,
      "theta": -0.4639,
      "vega": 0.6778,
      "rho": 0.241
    },
    "atm_call_price": 26.65,
    "atm_put_price": 24.08,
    "implied_move": 0.93
  },
  "prediction": {
    "signal": "NEUTRAL",
    "score": -1,
    "confidence": 25.0,
    "reasons": [
      "RSI indicates overbought conditions",
      "MACD histogram positive (bullish momentum)"
    ],
    "target_price": 595.11,
    "support": 591.33,
    "resistance": 598.78
  },
  "simulation": {
    "statistics": {
      "mean": 595.1069998807756,
      "std": 5.537684959950693,
      "p05": 586.0538888940978,
      "p25": 591.3255075280374,
      "p50": 595.106239109676,
      "p75": 598.7750932336448,
      "p95": 604.3864460821876,
      "min": 577.1041026519196,
      "max": 614.3235053398056
    },
    "simulations": 1000,
    "volatility": 0.3733
  }
}