{
  "ticker": "SPY",
  "timestamp": "2026-03-28T16:12:25.348365",
  "current_price": 595.62,
  "forecast_minutes": 60,
  "technical_indicators": {
    "rsi": 60.04,
    "macd": {
      "line": 6.3362,
      "signal": 5.7026,
      "histogram": 0.6336
    },
    "bollinger_bands": {
      "upper": 604.3,
      "middle": 583.95,
      "lower": 563.61
    }
  },
  "bsm_analysis": {
    "greeks": {
      "delta": 0.5449,
      "gamma": 0.01362,
      "theta": -0.2371,
      "vega": 0.6769,
      "rho": 0.2561
    },
    "atm_call_price": 12.91,
    "atm_put_price": 10.35,
    "implied_move": 0.42
  },
  "prediction": {
    "signal": "NEUTRAL",
    "score": 1,
    "confidence": 25.0,
    "reasons": [
      "MACD histogram positive (bullish momentum)"
    ],
    "target_price": 595.71,
    "support": 594.12,
    "resistance": 597.42
  },
  "simulation": {
    "statistics": {
      "mean": 595.7142242216097,
      "std": 2.4927803263392065,
      "p05": 591.4782769299736,
      "p25": 594.1165332681392,
      "p50": 595.7546005660466,
      "p75": 597.4176443325363,
      "p95": 599.5969448951122,
      "min": 587.6946742671955,
      "max": 603.5397722855563
    },
    "simulations": 1000,
    "volatility": 0.1704
  }
}