{
  "ticker": "SPY",
  "timestamp": "2026-04-12T14:28:06.294764",
  "current_price": 595.82,
  "forecast_minutes": 60,
  "technical_indicators": {
    "rsi": 60.43,
    "macd": {
      "line": -2.2898,
      "signal": -2.0608,
      "histogram": -0.229
    },
    "bollinger_bands": {
      "upper": 598.7,
      "middle": 577.69,
      "lower": 556.69
    }
  },
  "bsm_analysis": {
    "greeks": {
      "delta": 0.5371,
      "gamma": 0.007668,
      "theta": -0.3858,
      "vega": 0.6785,
      "rho": 0.245
    },
    "atm_call_price": 21.92,
    "atm_put_price": 19.36,
    "implied_move": 0.77
  },
  "prediction": {
    "signal": "NEUTRAL",
    "score": -1,
    "confidence": 25.0,
    "reasons": [
      "MACD histogram negative (bearish momentum)"
    ],
    "target_price": 595.75,
    "support": 592.66,
    "resistance": 598.81
  },
  "simulation": {
    "statistics": {
      "mean": 595.7514185059366,
      "std": 4.573471103253713,
      "p05": 587.9585039313158,
      "p25": 592.6569201751068,
      "p50": 595.705880620777,
      "p75": 598.814966458955,
      "p95": 603.0249773477927,
      "min": 581.2836451415455,
      "max": 609.6397891690732
    },
    "simulations": 1000,
    "volatility": 0.3033
  }
}