{
  "ticker": "SPY",
  "timestamp": "2026-03-18T10:35:20.131691",
  "current_price": 592.96,
  "forecast_minutes": 60,
  "technical_indicators": {
    "rsi": 42.94,
    "macd": {
      "line": 6.8788,
      "signal": 6.1909,
      "histogram": 0.6879
    },
    "bollinger_bands": {
      "upper": 639.66,
      "middle": 612.65,
      "lower": 585.65
    }
  },
  "bsm_analysis": {
    "greeks": {
      "delta": 0.537,
      "gamma": 0.007437,
      "theta": -0.3962,
      "vega": 0.6753,
      "rho": 0.2432
    },
    "atm_call_price": 22.56,
    "atm_put_price": 20.0,
    "implied_move": 0.76
  },
  "prediction": {
    "signal": "NEUTRAL",
    "score": 1,
    "confidence": 25.0,
    "reasons": [
      "MACD histogram positive (bullish momentum)"
    ],
    "target_price": 593.12,
    "support": 589.99,
    "resistance": 596.03
  },
  "simulation": {
    "statistics": {
      "mean": 593.1220339355842,
      "std": 4.493097315400185,
      "p05": 586.0746937403148,
      "p25": 589.9874299149155,
      "p50": 593.1155951047626,
      "p75": 596.0289860130483,
      "p95": 600.8118389819025,
      "min": 577.9701958456787,
      "max": 606.8700731438023
    },
    "simulations": 1000,
    "volatility": 0.3142
  }
}