{
  "ticker": "SPY",
  "timestamp": "2026-03-25T20:47:39.347478",
  "current_price": 594.34,
  "forecast_minutes": 60,
  "technical_indicators": {
    "rsi": 41.87,
    "macd": {
      "line": 6.0712,
      "signal": 5.4641,
      "histogram": 0.6071
    },
    "bollinger_bands": {
      "upper": 646.67,
      "middle": 616.49,
      "lower": 586.3
    }
  },
  "bsm_analysis": {
    "greeks": {
      "delta": 0.5375,
      "gamma": 0.008425,
      "theta": -0.3551,
      "vega": 0.6768,
      "rho": 0.2461
    },
    "atm_call_price": 20.07,
    "atm_put_price": 17.51,
    "implied_move": 0.65
  },
  "prediction": {
    "signal": "NEUTRAL",
    "score": 1,
    "confidence": 25.0,
    "reasons": [
      "MACD histogram positive (bullish momentum)"
    ],
    "target_price": 594.36,
    "support": 591.93,
    "resistance": 596.77
  },
  "simulation": {
    "statistics": {
      "mean": 594.3567427060239,
      "std": 3.8741227493970687,
      "p05": 588.0431118612132,
      "p25": 591.9305853235172,
      "p50": 594.2711238717933,
      "p75": 596.7704845467471,
      "p95": 600.780693762623,
      "min": 581.3288535000826,
      "max": 608.3575366432107
    },
    "simulations": 1000,
    "volatility": 0.2767
  }
}