{
  "ticker": "SPY",
  "timestamp": "2026-03-16T23:14:35.631929",
  "current_price": 593.97,
  "forecast_minutes": 60,
  "technical_indicators": {
    "rsi": 47.89,
    "macd": {
      "line": 2.2949,
      "signal": 2.0654,
      "histogram": 0.2295
    },
    "bollinger_bands": {
      "upper": 611.67,
      "middle": 595.9,
      "lower": 580.12
    }
  },
  "bsm_analysis": {
    "greeks": {
      "delta": 0.5574,
      "gamma": 0.01962,
      "theta": -0.1787,
      "vega": 0.6723,
      "rho": 0.2644
    },
    "atm_call_price": 9.35,
    "atm_put_price": 6.8,
    "implied_move": 0.29
  },
  "prediction": {
    "signal": "NEUTRAL",
    "score": 1,
    "confidence": 25.0,
    "reasons": [
      "MACD histogram positive (bullish momentum)"
    ],
    "target_price": 593.95,
    "support": 592.85,
    "resistance": 595.04
  },
  "simulation": {
    "statistics": {
      "mean": 593.9526412591943,
      "std": 1.7074905395703817,
      "p05": 591.1298196163932,
      "p25": 592.8547627452202,
      "p50": 593.9918157723671,
      "p75": 595.0407068969287,
      "p95": 596.8590987108857,
      "min": 588.6264285249912,
      "max": 599.6351131964637
    },
    "simulations": 1000,
    "volatility": 0.1182
  }
}