{
  "ticker": "SPY",
  "timestamp": "2026-04-12T13:42:40.278527",
  "current_price": 597.9,
  "forecast_minutes": 60,
  "technical_indicators": {
    "rsi": 71.76,
    "macd": {
      "line": 3.6999,
      "signal": 3.3299,
      "histogram": 0.37
    },
    "bollinger_bands": {
      "upper": 568.63,
      "middle": 541.41,
      "lower": 514.19
    }
  },
  "bsm_analysis": {
    "greeks": {
      "delta": 0.5395,
      "gamma": 0.00495,
      "theta": -0.5722,
      "vega": 0.6805,
      "rho": 0.2378
    },
    "atm_call_price": 33.21,
    "atm_put_price": 30.63,
    "implied_move": 1.17
  },
  "prediction": {
    "signal": "NEUTRAL",
    "score": -1,
    "confidence": 25.0,
    "reasons": [
      "RSI indicates overbought conditions",
      "MACD histogram positive (bullish momentum)"
    ],
    "target_price": 597.8,
    "support": 593.02,
    "resistance": 602.76
  },
  "simulation": {
    "statistics": {
      "mean": 597.8000014600664,
      "std": 7.002927122696275,
      "p05": 585.7489218630686,
      "p25": 593.0157006787051,
      "p50": 597.7834264060499,
      "p75": 602.7623873851353,
      "p95": 608.7296675907131,
      "min": 574.4628073054307,
      "max": 617.9580796978778
    },
    "simulations": 1000,
    "volatility": 0.4679
  }
}