{
  "ticker": "SPY",
  "timestamp": "2026-03-15T11:53:51.120570",
  "current_price": 596.55,
  "forecast_minutes": 60,
  "technical_indicators": {
    "rsi": 47.57,
    "macd": {
      "line": 3.9139,
      "signal": 3.5225,
      "histogram": 0.3914
    },
    "bollinger_bands": {
      "upper": 607.81,
      "middle": 588.47,
      "lower": 569.14
    }
  },
  "bsm_analysis": {
    "greeks": {
      "delta": 0.5492,
      "gamma": 0.015761,
      "theta": -0.2112,
      "vega": 0.6771,
      "rho": 0.2599
    },
    "atm_call_price": 11.34,
    "atm_put_price": 8.77,
    "implied_move": 0.37
  },
  "prediction": {
    "signal": "NEUTRAL",
    "score": 1,
    "confidence": 25.0,
    "reasons": [
      "MACD histogram positive (bullish momentum)"
    ],
    "target_price": 596.66,
    "support": 595.19,
    "resistance": 598.19
  },
  "simulation": {
    "statistics": {
      "mean": 596.6623090092547,
      "std": 2.20866232369981,
      "p05": 592.9331431202619,
      "p25": 595.1894819476504,
      "p50": 596.6666460303699,
      "p75": 598.1900644169152,
      "p95": 600.274377233206,
      "min": 590.4558747313349,
      "max": 604.2364960902548
    },
    "simulations": 1000,
    "volatility": 0.1469
  }
}