{
  "ticker": "SPY",
  "timestamp": "2026-02-17T13:13:56.303411",
  "current_price": 592.42,
  "forecast_minutes": 60,
  "technical_indicators": {
    "rsi": 49.68,
    "macd": {
      "line": -2.2695,
      "signal": -2.0425,
      "histogram": -0.2269
    },
    "bollinger_bands": {
      "upper": 602.92,
      "middle": 583.69,
      "lower": 564.45
    }
  },
  "bsm_analysis": {
    "greeks": {
      "delta": 0.5394,
      "gamma": 0.010323,
      "theta": -0.298,
      "vega": 0.6743,
      "rho": 0.249
    },
    "atm_call_price": 16.62,
    "atm_put_price": 14.06,
    "implied_move": 0.58
  },
  "prediction": {
    "signal": "NEUTRAL",
    "score": -1,
    "confidence": 25.0,
    "reasons": [
      "MACD histogram negative (bearish momentum)"
    ],
    "target_price": 592.38,
    "support": 590.14,
    "resistance": 594.84
  },
  "simulation": {
    "statistics": {
      "mean": 592.3767057923346,
      "std": 3.4087572728836393,
      "p05": 586.7159755823614,
      "p25": 590.1394502183168,
      "p50": 592.3471584427675,
      "p75": 594.8407862866319,
      "p95": 597.9718637531996,
      "min": 581.5561932733112,
      "max": 602.7343015638318
    },
    "simulations": 1000,
    "volatility": 0.2264
  }
}