{
  "ticker": "SPY",
  "timestamp": "2026-03-24T22:30:39.864188",
  "current_price": 597.09,
  "forecast_minutes": 60,
  "technical_indicators": {
    "rsi": 61.14,
    "macd": {
      "line": -0.0133,
      "signal": -0.0119,
      "histogram": -0.0013
    },
    "bollinger_bands": {
      "upper": 588.31,
      "middle": 572.86,
      "lower": 557.42
    }
  },
  "bsm_analysis": {
    "greeks": {
      "delta": 0.5397,
      "gamma": 0.010434,
      "theta": -0.2957,
      "vega": 0.6795,
      "rho": 0.2513
    },
    "atm_call_price": 16.46,
    "atm_put_price": 13.89,
    "implied_move": 0.55
  },
  "prediction": {
    "signal": "NEUTRAL",
    "score": -1,
    "confidence": 25.0,
    "reasons": [
      "MACD histogram negative (bearish momentum)"
    ],
    "target_price": 597.13,
    "support": 594.89,
    "resistance": 599.27
  },
  "simulation": {
    "statistics": {
      "mean": 597.1280559716104,
      "std": 3.288018408792695,
      "p05": 591.9717724704861,
      "p25": 594.8935200690419,
      "p50": 596.8833054908608,
      "p75": 599.2686187161808,
      "p95": 603.0115961174594,
      "min": 586.6829449064044,
      "max": 607.0431074081207
    },
    "simulations": 1000,
    "volatility": 0.2223
  }
}