{
  "ticker": "SPY",
  "timestamp": "2026-03-15T23:11:31.686228",
  "current_price": 594.09,
  "forecast_minutes": 60,
  "technical_indicators": {
    "rsi": 54.44,
    "macd": {
      "line": -1.5068,
      "signal": -1.3561,
      "histogram": -0.1507
    },
    "bollinger_bands": {
      "upper": 601.22,
      "middle": 587.81,
      "lower": 574.4
    }
  },
  "bsm_analysis": {
    "greeks": {
      "delta": 0.5403,
      "gamma": 0.010915,
      "theta": -0.2844,
      "vega": 0.676,
      "rho": 0.2508
    },
    "atm_call_price": 15.79,
    "atm_put_price": 13.23,
    "implied_move": 0.53
  },
  "prediction": {
    "signal": "NEUTRAL",
    "score": -1,
    "confidence": 25.0,
    "reasons": [
      "MACD histogram negative (bearish momentum)"
    ],
    "target_price": 594.16,
    "support": 592.08,
    "resistance": 596.27
  },
  "simulation": {
    "statistics": {
      "mean": 594.1579088630932,
      "std": 3.166640083279547,
      "p05": 588.8838574943385,
      "p25": 592.0773062478835,
      "p50": 594.0129707348735,
      "p75": 596.2718517784796,
      "p95": 599.4015020165144,
      "min": 584.5054702140432,
      "max": 605.4538754988482
    },
    "simulations": 1000,
    "volatility": 0.2135
  }
}