{
  "ticker": "SPY",
  "timestamp": "2026-03-25T17:52:29.643345",
  "current_price": 592.57,
  "forecast_minutes": 60,
  "technical_indicators": {
    "rsi": 54.62,
    "macd": {
      "line": 0.8592,
      "signal": 0.7733,
      "histogram": 0.0859
    },
    "bollinger_bands": {
      "upper": 593.98,
      "middle": 579.71,
      "lower": 565.44
    }
  },
  "bsm_analysis": {
    "greeks": {
      "delta": 0.5497,
      "gamma": 0.016143,
      "theta": -0.207,
      "vega": 0.6725,
      "rho": 0.2586
    },
    "atm_call_price": 11.09,
    "atm_put_price": 8.54,
    "implied_move": 0.36
  },
  "prediction": {
    "signal": "NEUTRAL",
    "score": 1,
    "confidence": 25.0,
    "reasons": [
      "MACD histogram positive (bullish momentum)"
    ],
    "target_price": 592.54,
    "support": 591.08,
    "resistance": 594.02
  },
  "simulation": {
    "statistics": {
      "mean": 592.543189478115,
      "std": 2.1560380499613228,
      "p05": 589.151248445211,
      "p25": 591.0750484157567,
      "p50": 592.4841932986851,
      "p75": 594.016222618455,
      "p95": 596.15346273232,
      "min": 585.852295225757,
      "max": 598.5199119255002
    },
    "simulations": 1000,
    "volatility": 0.1443
  }
}