{
  "ticker": "SPY",
  "timestamp": "2026-04-12T10:03:02.519293",
  "current_price": 594.06,
  "forecast_minutes": 60,
  "technical_indicators": {
    "rsi": 56.61,
    "macd": {
      "line": 10.2335,
      "signal": 9.2101,
      "histogram": 1.0233
    },
    "bollinger_bands": {
      "upper": 630.62,
      "middle": 598.47,
      "lower": 566.32
    }
  },
  "bsm_analysis": {
    "greeks": {
      "delta": 0.5374,
      "gamma": 0.008356,
      "theta": -0.3577,
      "vega": 0.6765,
      "rho": 0.2458
    },
    "atm_call_price": 20.22,
    "atm_put_price": 17.67,
    "implied_move": 0.71
  },
  "prediction": {
    "signal": "NEUTRAL",
    "score": 1,
    "confidence": 25.0,
    "reasons": [
      "MACD histogram positive (bullish momentum)"
    ],
    "target_price": 593.82,
    "support": 591.1,
    "resistance": 596.55
  },
  "simulation": {
    "statistics": {
      "mean": 593.8182003051487,
      "std": 4.235840438162384,
      "p05": 586.7464729512486,
      "p25": 591.1015797012928,
      "p50": 593.770939713497,
      "p75": 596.55350410954,
      "p95": 600.9493168319744,
      "min": 578.6442601114302,
      "max": 606.3860728091298
    },
    "simulations": 1000,
    "volatility": 0.2791
  }
}