{
  "ticker": "SPY",
  "timestamp": "2026-03-10T20:49:39.713140",
  "current_price": 596.2,
  "forecast_minutes": 60,
  "technical_indicators": {
    "rsi": 38.94,
    "macd": {
      "line": 2.3057,
      "signal": 2.0752,
      "histogram": 0.2306
    },
    "bollinger_bands": {
      "upper": 664.77,
      "middle": 630.16,
      "lower": 595.55
    }
  },
  "bsm_analysis": {
    "greeks": {
      "delta": 0.5371,
      "gamma": 0.007535,
      "theta": -0.3918,
      "vega": 0.6789,
      "rho": 0.2449
    },
    "atm_call_price": 22.29,
    "atm_put_price": 19.72,
    "implied_move": 0.74
  },
  "prediction": {
    "signal": "NEUTRAL",
    "score": 1,
    "confidence": 25.0,
    "reasons": [
      "MACD histogram positive (bullish momentum)"
    ],
    "target_price": 596.26,
    "support": 593.14,
    "resistance": 599.09
  },
  "simulation": {
    "statistics": {
      "mean": 596.2572127847003,
      "std": 4.428487811444664,
      "p05": 589.436681654677,
      "p25": 593.1368254239758,
      "p50": 596.1896896959762,
      "p75": 599.0948327866929,
      "p95": 603.9182686892576,
      "min": 583.376159517784,
      "max": 610.4382900644453
    },
    "simulations": 1000,
    "volatility": 0.3084
  }
}