{
  "ticker": "SPY",
  "timestamp": "2026-03-07T21:51:28.585211",
  "current_price": 596.09,
  "forecast_minutes": 60,
  "technical_indicators": {
    "rsi": 39.04,
    "macd": {
      "line": 2.2874,
      "signal": 2.0587,
      "histogram": 0.2287
    },
    "bollinger_bands": {
      "upper": 636.05,
      "middle": 619.07,
      "lower": 602.09
    }
  },
  "bsm_analysis": {
    "greeks": {
      "delta": 0.5371,
      "gamma": 0.007762,
      "theta": -0.3817,
      "vega": 0.6788,
      "rho": 0.2453
    },
    "atm_call_price": 21.68,
    "atm_put_price": 19.11,
    "implied_move": 0.73
  },
  "prediction": {
    "signal": "NEUTRAL",
    "score": 1,
    "confidence": 25.0,
    "reasons": [
      "MACD histogram positive (bullish momentum)"
    ],
    "target_price": 596.17,
    "support": 593.38,
    "resistance": 599.02
  },
  "simulation": {
    "statistics": {
      "mean": 596.1676970465157,
      "std": 4.371277058984367,
      "p05": 589.0741335754776,
      "p25": 593.3766719916689,
      "p50": 596.1256597763539,
      "p75": 599.0151191578504,
      "p95": 603.6486918852873,
      "min": 580.6737194970875,
      "max": 610.5319351785145
    },
    "simulations": 1000,
    "volatility": 0.2995
  }
}