{
  "ticker": "SPY",
  "timestamp": "2026-03-14T15:42:49.831154",
  "current_price": 597.43,
  "forecast_minutes": 60,
  "technical_indicators": {
    "rsi": 42.75,
    "macd": {
      "line": 2.9919,
      "signal": 2.6927,
      "histogram": 0.2992
    },
    "bollinger_bands": {
      "upper": 622.76,
      "middle": 608.12,
      "lower": 593.48
    }
  },
  "bsm_analysis": {
    "greeks": {
      "delta": 0.5459,
      "gamma": 0.014122,
      "theta": -0.2305,
      "vega": 0.6788,
      "rho": 0.2578
    },
    "atm_call_price": 12.5,
    "atm_put_price": 9.93,
    "implied_move": 0.4
  },
  "prediction": {
    "signal": "NEUTRAL",
    "score": 1,
    "confidence": 25.0,
    "reasons": [
      "MACD histogram positive (bullish momentum)"
    ],
    "target_price": 597.58,
    "support": 595.97,
    "resistance": 599.28
  },
  "simulation": {
    "statistics": {
      "mean": 597.5840988688038,
      "std": 2.412874518036715,
      "p05": 593.666182802943,
      "p25": 595.9705600598691,
      "p50": 597.571604369576,
      "p75": 599.2797539532008,
      "p95": 601.3537343992871,
      "min": 589.5950948970881,
      "max": 606.8421306730028
    },
    "simulations": 1000,
    "volatility": 0.1638
  }
}