{
  "ticker": "SPY",
  "timestamp": "2026-02-27T10:18:02.758226",
  "current_price": 596.6,
  "forecast_minutes": 60,
  "technical_indicators": {
    "rsi": 70.13,
    "macd": {
      "line": 0.6055,
      "signal": 0.5449,
      "histogram": 0.0605
    },
    "bollinger_bands": {
      "upper": 582.03,
      "middle": 566.41,
      "lower": 550.79
    }
  },
  "bsm_analysis": {
    "greeks": {
      "delta": 0.5378,
      "gamma": 0.008833,
      "theta": -0.341,
      "vega": 0.6793,
      "rho": 0.2479
    },
    "atm_call_price": 19.21,
    "atm_put_price": 16.64,
    "implied_move": 0.65
  },
  "prediction": {
    "signal": "NEUTRAL",
    "score": -1,
    "confidence": 25.0,
    "reasons": [
      "RSI indicates overbought conditions",
      "MACD histogram positive (bullish momentum)"
    ],
    "target_price": 596.86,
    "support": 594.36,
    "resistance": 599.53
  },
  "simulation": {
    "statistics": {
      "mean": 596.8576786833243,
      "std": 3.8642128116570578,
      "p05": 590.2469559494182,
      "p25": 594.3566420277202,
      "p50": 596.8965030215977,
      "p75": 599.5290808551924,
      "p95": 603.400262331487,
      "min": 583.6758442992634,
      "max": 607.2017953581015
    },
    "simulations": 1000,
    "volatility": 0.2629
  }
}