{
  "ticker": "SPY",
  "timestamp": "2026-02-28T20:09:08.446999",
  "current_price": 596.32,
  "forecast_minutes": 60,
  "technical_indicators": {
    "rsi": 66.14,
    "macd": {
      "line": 3.1837,
      "signal": 2.8653,
      "histogram": 0.3184
    },
    "bollinger_bands": {
      "upper": 591.83,
      "middle": 570.92,
      "lower": 550.01
    }
  },
  "bsm_analysis": {
    "greeks": {
      "delta": 0.538,
      "gamma": 0.009015,
      "theta": -0.335,
      "vega": 0.6789,
      "rho": 0.2482
    },
    "atm_call_price": 18.85,
    "atm_put_price": 16.28,
    "implied_move": 0.63
  },
  "prediction": {
    "signal": "NEUTRAL",
    "score": 1,
    "confidence": 25.0,
    "reasons": [
      "MACD histogram positive (bullish momentum)"
    ],
    "target_price": 596.24,
    "support": 593.64,
    "resistance": 598.85
  },
  "simulation": {
    "statistics": {
      "mean": 596.2405507313356,
      "std": 3.7849196957249553,
      "p05": 589.9289584723385,
      "p25": 593.6448661210134,
      "p50": 596.2744258146805,
      "p75": 598.8505757906828,
      "p95": 602.1288378858294,
      "min": 585.3448347103471,
      "max": 608.7985603118801
    },
    "simulations": 1000,
    "volatility": 0.2577
  }
}