{
  "ticker": "SPY",
  "timestamp": "2026-02-22T09:04:43.829101",
  "current_price": 593.34,
  "forecast_minutes": 60,
  "technical_indicators": {
    "rsi": 55.99,
    "macd": {
      "line": 0.2599,
      "signal": 0.2339,
      "histogram": 0.026
    },
    "bollinger_bands": {
      "upper": 604.33,
      "middle": 582.93,
      "lower": 561.52
    }
  },
  "bsm_analysis": {
    "greeks": {
      "delta": 0.5471,
      "gamma": 0.01481,
      "theta": -0.2216,
      "vega": 0.6739,
      "rho": 0.257
    },
    "atm_call_price": 11.97,
    "atm_put_price": 9.42,
    "implied_move": 0.38
  },
  "prediction": {
    "signal": "NEUTRAL",
    "score": 1,
    "confidence": 25.0,
    "reasons": [
      "MACD histogram positive (bullish momentum)"
    ],
    "target_price": 593.32,
    "support": 591.78,
    "resistance": 594.81
  },
  "simulation": {
    "statistics": {
      "mean": 593.321079040345,
      "std": 2.2512224588722365,
      "p05": 589.8154329924521,
      "p25": 591.7792200822946,
      "p50": 593.365238395375,
      "p75": 594.8127908401317,
      "p95": 597.0341612679213,
      "min": 585.8471114212892,
      "max": 600.3780074127129
    },
    "simulations": 1000,
    "volatility": 0.1573
  }
}