{
  "ticker": "SPY",
  "timestamp": "2026-03-11T06:33:48.739034",
  "current_price": 592.5,
  "forecast_minutes": 60,
  "technical_indicators": {
    "rsi": 37.39,
    "macd": {
      "line": -8.0468,
      "signal": -7.2421,
      "histogram": -0.8047
    },
    "bollinger_bands": {
      "upper": 625.56,
      "middle": 597.11,
      "lower": 568.65
    }
  },
  "bsm_analysis": {
    "greeks": {
      "delta": 0.5401,
      "gamma": 0.010805,
      "theta": -0.2868,
      "vega": 0.6742,
      "rho": 0.2499
    },
    "atm_call_price": 15.93,
    "atm_put_price": 13.38,
    "implied_move": 0.57
  },
  "prediction": {
    "signal": "NEUTRAL",
    "score": -1,
    "confidence": 25.0,
    "reasons": [
      "MACD histogram negative (bearish momentum)"
    ],
    "target_price": 592.44,
    "support": 590.03,
    "resistance": 594.85
  },
  "simulation": {
    "statistics": {
      "mean": 592.4399523208557,
      "std": 3.3526934605485996,
      "p05": 587.1687749376188,
      "p25": 590.0305837397434,
      "p50": 592.4186960427371,
      "p75": 594.8547892812728,
      "p95": 597.9910591020487,
      "min": 580.065182150703,
      "max": 602.5856180480823
    },
    "simulations": 1000,
    "volatility": 0.2163
  }
}