{
  "ticker": "SPY",
  "timestamp": "2026-03-23T19:08:44.927286",
  "current_price": 597.83,
  "forecast_minutes": 60,
  "technical_indicators": {
    "rsi": 64.97,
    "macd": {
      "line": -0.0305,
      "signal": -0.0275,
      "histogram": -0.0031
    },
    "bollinger_bands": {
      "upper": 586.07,
      "middle": 564.39,
      "lower": 542.71
    }
  },
  "bsm_analysis": {
    "greeks": {
      "delta": 0.537,
      "gamma": 0.006938,
      "theta": -0.4217,
      "vega": 0.6808,
      "rho": 0.2441
    },
    "atm_call_price": 24.09,
    "atm_put_price": 21.52,
    "implied_move": 0.82
  },
  "prediction": {
    "signal": "NEUTRAL",
    "score": -1,
    "confidence": 25.0,
    "reasons": [
      "MACD histogram negative (bearish momentum)"
    ],
    "target_price": 597.77,
    "support": 594.54,
    "resistance": 601.14
  },
  "simulation": {
    "statistics": {
      "mean": 597.7652832841543,
      "std": 4.90861787505595,
      "p05": 589.5577720875832,
      "p25": 594.5381132474205,
      "p50": 597.7463212198032,
      "p75": 601.1392956002869,
      "p95": 605.8876988709593,
      "min": 583.1627214781251,
      "max": 613.1599235975401
    },
    "simulations": 1000,
    "volatility": 0.334
  }
}