{
  "ticker": "SPY",
  "timestamp": "2026-02-28T00:34:19.507841",
  "current_price": 592.07,
  "forecast_minutes": 60,
  "technical_indicators": {
    "rsi": 69.72,
    "macd": {
      "line": 0.1183,
      "signal": 0.1065,
      "histogram": 0.0118
    },
    "bollinger_bands": {
      "upper": 574.65,
      "middle": 549.82,
      "lower": 524.99
    }
  },
  "bsm_analysis": {
    "greeks": {
      "delta": 0.5385,
      "gamma": 0.005454,
      "theta": -0.5234,
      "vega": 0.674,
      "rho": 0.2372
    },
    "atm_call_price": 30.26,
    "atm_put_price": 27.71,
    "implied_move": 1.1
  },
  "prediction": {
    "signal": "NEUTRAL",
    "score": 1,
    "confidence": 25.0,
    "reasons": [
      "MACD histogram positive (bullish momentum)"
    ],
    "target_price": 592.2,
    "support": 587.79,
    "resistance": 596.35
  },
  "simulation": {
    "statistics": {
      "mean": 592.2015875979324,
      "std": 6.494286554632112,
      "p05": 581.9552435139303,
      "p25": 587.7942536737469,
      "p50": 592.0559360808411,
      "p75": 596.3492981624213,
      "p95": 603.1906514862011,
      "min": 574.8652041594299,
      "max": 615.5317322206262
    },
    "simulations": 1000,
    "volatility": 0.4289
  }
}