{
  "ticker": "SPY",
  "timestamp": "2026-04-06T20:56:53.393745",
  "current_price": 595.61,
  "forecast_minutes": 60,
  "technical_indicators": {
    "rsi": 57.18,
    "macd": {
      "line": 4.4571,
      "signal": 4.0114,
      "histogram": 0.4457
    },
    "bollinger_bands": {
      "upper": 617.65,
      "middle": 600.53,
      "lower": 583.42
    }
  },
  "bsm_analysis": {
    "greeks": {
      "delta": 0.5413,
      "gamma": 0.011548,
      "theta": -0.2715,
      "vega": 0.6776,
      "rho": 0.2526
    },
    "atm_call_price": 15.0,
    "atm_put_price": 12.43,
    "implied_move": 0.51
  },
  "prediction": {
    "signal": "NEUTRAL",
    "score": 1,
    "confidence": 25.0,
    "reasons": [
      "MACD histogram positive (bullish momentum)"
    ],
    "target_price": 595.6,
    "support": 593.52,
    "resistance": 597.45
  },
  "simulation": {
    "statistics": {
      "mean": 595.6026127643727,
      "std": 3.0324527715454535,
      "p05": 590.7784610591126,
      "p25": 593.5162474849559,
      "p50": 595.5323039361556,
      "p75": 597.4518972664221,
      "p95": 600.7738886597817,
      "min": 585.326425341714,
      "max": 606.6192094167917
    },
    "simulations": 1000,
    "volatility": 0.2012
  }
}