{
  "ticker": "SPY",
  "timestamp": "2026-02-18T11:56:28.009065",
  "current_price": 597.5,
  "forecast_minutes": 60,
  "technical_indicators": {
    "rsi": 64.5,
    "macd": {
      "line": -0.4754,
      "signal": -0.4278,
      "histogram": -0.0475
    },
    "bollinger_bands": {
      "upper": 594.72,
      "middle": 570.3,
      "lower": 545.88
    }
  },
  "bsm_analysis": {
    "greeks": {
      "delta": 0.5387,
      "gamma": 0.009711,
      "theta": -0.3144,
      "vega": 0.6802,
      "rho": 0.2501
    },
    "atm_call_price": 17.59,
    "atm_put_price": 15.02,
    "implied_move": 0.58
  },
  "prediction": {
    "signal": "NEUTRAL",
    "score": -1,
    "confidence": 25.0,
    "reasons": [
      "MACD histogram negative (bearish momentum)"
    ],
    "target_price": 597.51,
    "support": 595.2,
    "resistance": 600.02
  },
  "simulation": {
    "statistics": {
      "mean": 597.5112382052793,
      "std": 3.4434341523544543,
      "p05": 591.8228166320807,
      "p25": 595.1980194124371,
      "p50": 597.5317500895617,
      "p75": 600.0216575692262,
      "p95": 603.1512930613891,
      "min": 586.6228261629509,
      "max": 606.7291482234677
    },
    "simulations": 1000,
    "volatility": 0.2387
  }
}