{
  "ticker": "SPY",
  "timestamp": "2026-03-30T07:54:58.578107",
  "current_price": 595.5,
  "forecast_minutes": 60,
  "technical_indicators": {
    "rsi": 37.04,
    "macd": {
      "line": 4.6828,
      "signal": 4.2145,
      "histogram": 0.4683
    },
    "bollinger_bands": {
      "upper": 649.44,
      "middle": 621.42,
      "lower": 593.4
    }
  },
  "bsm_analysis": {
    "greeks": {
      "delta": 0.537,
      "gamma": 0.007413,
      "theta": -0.3975,
      "vega": 0.6782,
      "rho": 0.2442
    },
    "atm_call_price": 22.63,
    "atm_put_price": 20.07,
    "implied_move": 0.77
  },
  "prediction": {
    "signal": "NEUTRAL",
    "score": 1,
    "confidence": 25.0,
    "reasons": [
      "MACD histogram positive (bullish momentum)"
    ],
    "target_price": 595.79,
    "support": 592.66,
    "resistance": 598.81
  },
  "simulation": {
    "statistics": {
      "mean": 595.7870921320557,
      "std": 4.611927526603374,
      "p05": 588.399204709336,
      "p25": 592.6625958063585,
      "p50": 595.8825257405892,
      "p75": 598.8098777422468,
      "p95": 603.2912234618332,
      "min": 580.6279878575123,
      "max": 611.9498818884019
    },
    "simulations": 1000,
    "volatility": 0.3139
  }
}