{
  "ticker": "SPY",
  "timestamp": "2026-03-14T18:16:34.599081",
  "current_price": 597.75,
  "forecast_minutes": 60,
  "technical_indicators": {
    "rsi": 62.28,
    "macd": {
      "line": 3.3802,
      "signal": 3.0422,
      "histogram": 0.338
    },
    "bollinger_bands": {
      "upper": 614.28,
      "middle": 591.69,
      "lower": 569.09
    }
  },
  "bsm_analysis": {
    "greeks": {
      "delta": 0.5507,
      "gamma": 0.016443,
      "theta": -0.2045,
      "vega": 0.6781,
      "rho": 0.2616
    },
    "atm_call_price": 10.92,
    "atm_put_price": 8.35,
    "implied_move": 0.34
  },
  "prediction": {
    "signal": "NEUTRAL",
    "score": 1,
    "confidence": 25.0,
    "reasons": [
      "MACD histogram positive (bullish momentum)"
    ],
    "target_price": 597.74,
    "support": 596.38,
    "resistance": 599.21
  },
  "simulation": {
    "statistics": {
      "mean": 597.739150404672,
      "std": 2.059680445395239,
      "p05": 594.2707782180787,
      "p25": 596.380048844695,
      "p50": 597.7875058682768,
      "p75": 599.2128049740089,
      "p95": 601.0129386623507,
      "min": 591.4505603739176,
      "max": 604.2793528546138
    },
    "simulations": 1000,
    "volatility": 0.1404
  }
}