{
  "ticker": "SPY",
  "timestamp": "2026-03-14T11:40:35.518183",
  "current_price": 596.88,
  "forecast_minutes": 60,
  "technical_indicators": {
    "rsi": 59.32,
    "macd": {
      "line": -6.4693,
      "signal": -5.8224,
      "histogram": -0.6469
    },
    "bollinger_bands": {
      "upper": 599.65,
      "middle": 558.24,
      "lower": 516.83
    }
  },
  "bsm_analysis": {
    "greeks": {
      "delta": 0.5383,
      "gamma": 0.005486,
      "theta": -0.5209,
      "vega": 0.6795,
      "rho": 0.2394
    },
    "atm_call_price": 30.1,
    "atm_put_price": 27.53,
    "implied_move": 1.06
  },
  "prediction": {
    "signal": "NEUTRAL",
    "score": -1,
    "confidence": 25.0,
    "reasons": [
      "MACD histogram negative (bearish momentum)"
    ],
    "target_price": 597.03,
    "support": 592.68,
    "resistance": 601.07
  },
  "simulation": {
    "statistics": {
      "mean": 597.0275492711959,
      "std": 6.352152048561961,
      "p05": 586.8637957576892,
      "p25": 592.6767829802094,
      "p50": 597.1783713570926,
      "p75": 601.0676034914125,
      "p95": 607.0377584789302,
      "min": 576.746287468584,
      "max": 617.737813405964
    },
    "simulations": 1000,
    "volatility": 0.423
  }
}