{
  "ticker": "SPY",
  "timestamp": "2026-03-24T03:11:16.744750",
  "current_price": 595.36,
  "forecast_minutes": 60,
  "technical_indicators": {
    "rsi": 33.93,
    "macd": {
      "line": 3.9776,
      "signal": 3.5799,
      "histogram": 0.3978
    },
    "bollinger_bands": {
      "upper": 651.63,
      "middle": 622.37,
      "lower": 593.1
    }
  },
  "bsm_analysis": {
    "greeks": {
      "delta": 0.5376,
      "gamma": 0.008646,
      "theta": -0.3473,
      "vega": 0.6779,
      "rho": 0.247
    },
    "atm_call_price": 19.59,
    "atm_put_price": 17.03,
    "implied_move": 0.68
  },
  "prediction": {
    "signal": "NEUTRAL",
    "score": 1,
    "confidence": 25.0,
    "reasons": [
      "MACD histogram positive (bullish momentum)"
    ],
    "target_price": 595.21,
    "support": 592.41,
    "resistance": 597.83
  },
  "simulation": {
    "statistics": {
      "mean": 595.2145144436748,
      "std": 4.043023766571663,
      "p05": 588.7350427195315,
      "p25": 592.4110213917189,
      "p50": 595.1059656842549,
      "p75": 597.8266210928653,
      "p95": 602.1283582833461,
      "min": 583.5692404828337,
      "max": 608.7376634075415
    },
    "simulations": 1000,
    "volatility": 0.2691
  }
}