{
  "ticker": "SPY",
  "timestamp": "2026-03-15T03:44:58.458535",
  "current_price": 596.62,
  "forecast_minutes": 60,
  "technical_indicators": {
    "rsi": 57.31,
    "macd": {
      "line": 6.1008,
      "signal": 5.4907,
      "histogram": 0.6101
    },
    "bollinger_bands": {
      "upper": 617.84,
      "middle": 596.26,
      "lower": 574.68
    }
  },
  "bsm_analysis": {
    "greeks": {
      "delta": 0.5445,
      "gamma": 0.013413,
      "theta": -0.2402,
      "vega": 0.6781,
      "rho": 0.2563
    },
    "atm_call_price": 13.09,
    "atm_put_price": 10.53,
    "implied_move": 0.43
  },
  "prediction": {
    "signal": "NEUTRAL",
    "score": 1,
    "confidence": 25.0,
    "reasons": [
      "MACD histogram positive (bullish momentum)"
    ],
    "target_price": 596.59,
    "support": 594.95,
    "resistance": 598.25
  },
  "simulation": {
    "statistics": {
      "mean": 596.5865899987851,
      "std": 2.5418420245374267,
      "p05": 592.4493733195955,
      "p25": 594.9532734750019,
      "p50": 596.4287392441163,
      "p75": 598.2533264860302,
      "p95": 600.8456539228021,
      "min": 588.7116000862899,
      "max": 604.7284820527522
    },
    "simulations": 1000,
    "volatility": 0.1728
  }
}