{
  "ticker": "SPY",
  "timestamp": "2026-03-20T19:19:24.172129",
  "current_price": 594.95,
  "forecast_minutes": 60,
  "technical_indicators": {
    "rsi": 59.26,
    "macd": {
      "line": 5.3604,
      "signal": 4.8243,
      "histogram": 0.536
    },
    "bollinger_bands": {
      "upper": 611.5,
      "middle": 593.5,
      "lower": 575.5
    }
  },
  "bsm_analysis": {
    "greeks": {
      "delta": 0.5421,
      "gamma": 0.012068,
      "theta": -0.2617,
      "vega": 0.6767,
      "rho": 0.2532
    },
    "atm_call_price": 14.41,
    "atm_put_price": 11.84,
    "implied_move": 0.47
  },
  "prediction": {
    "signal": "NEUTRAL",
    "score": 1,
    "confidence": 25.0,
    "reasons": [
      "MACD histogram positive (bullish momentum)"
    ],
    "target_price": 594.89,
    "support": 592.95,
    "resistance": 596.74
  },
  "simulation": {
    "statistics": {
      "mean": 594.8903054326414,
      "std": 2.8054899947327625,
      "p05": 590.315613282387,
      "p25": 592.9480297725826,
      "p50": 594.9534140411266,
      "p75": 596.7438242441126,
      "p95": 599.4388642651376,
      "min": 587.3638693309651,
      "max": 604.2522545611746
    },
    "simulations": 1000,
    "volatility": 0.1927
  }
}