{
  "ticker": "SPY",
  "timestamp": "2026-02-27T07:08:51.804654",
  "current_price": 596.05,
  "forecast_minutes": 60,
  "technical_indicators": {
    "rsi": 62.09,
    "macd": {
      "line": -5.9441,
      "signal": -5.3497,
      "histogram": -0.5944
    },
    "bollinger_bands": {
      "upper": 594.04,
      "middle": 561.72,
      "lower": 529.4
    }
  },
  "bsm_analysis": {
    "greeks": {
      "delta": 0.539,
      "gamma": 0.005191,
      "theta": -0.5478,
      "vega": 0.6785,
      "rho": 0.238
    },
    "atm_call_price": 31.73,
    "atm_put_price": 29.16,
    "implied_move": 1.09
  },
  "prediction": {
    "signal": "NEUTRAL",
    "score": -1,
    "confidence": 25.0,
    "reasons": [
      "MACD histogram negative (bearish momentum)"
    ],
    "target_price": 596.13,
    "support": 591.47,
    "resistance": 600.63
  },
  "simulation": {
    "statistics": {
      "mean": 596.1257126896817,
      "std": 6.471749165415442,
      "p05": 585.668573071381,
      "p25": 591.4701170466603,
      "p50": 596.0186992715849,
      "p75": 600.632817920835,
      "p95": 606.6969323590986,
      "min": 577.949190035383,
      "max": 619.6930245662714
    },
    "simulations": 1000,
    "volatility": 0.4476
  }
}