{
  "ticker": "SPY",
  "timestamp": "2026-04-02T17:34:10.939659",
  "current_price": 597.77,
  "forecast_minutes": 60,
  "technical_indicators": {
    "rsi": 69.33,
    "macd": {
      "line": 3.3353,
      "signal": 3.0018,
      "histogram": 0.3335
    },
    "bollinger_bands": {
      "upper": 596.94,
      "middle": 583.68,
      "lower": 570.43
    }
  },
  "bsm_analysis": {
    "greeks": {
      "delta": 0.5526,
      "gamma": 0.017335,
      "theta": -0.1964,
      "vega": 0.6777,
      "rho": 0.2629
    },
    "atm_call_price": 10.43,
    "atm_put_price": 7.85,
    "implied_move": 0.32
  },
  "prediction": {
    "signal": "NEUTRAL",
    "score": 1,
    "confidence": 25.0,
    "reasons": [
      "MACD histogram positive (bullish momentum)"
    ],
    "target_price": 597.74,
    "support": 596.45,
    "resistance": 598.95
  },
  "simulation": {
    "statistics": {
      "mean": 597.7438877707107,
      "std": 1.9399214659412698,
      "p05": 594.5991088419897,
      "p25": 596.4475422933929,
      "p50": 597.7515444961134,
      "p75": 598.9512101796208,
      "p95": 601.0587547981133,
      "min": 592.2830748535673,
      "max": 603.9005067912876
    },
    "simulations": 1000,
    "volatility": 0.1331
  }
}