{
  "ticker": "SPY",
  "timestamp": "2026-03-09T19:31:04.270523",
  "current_price": 594.97,
  "forecast_minutes": 60,
  "technical_indicators": {
    "rsi": 51.85,
    "macd": {
      "line": -4.8653,
      "signal": -4.3788,
      "histogram": -0.4865
    },
    "bollinger_bands": {
      "upper": 603.32,
      "middle": 577.88,
      "lower": 552.44
    }
  },
  "bsm_analysis": {
    "greeks": {
      "delta": 0.5373,
      "gamma": 0.008153,
      "theta": -0.3655,
      "vega": 0.6775,
      "rho": 0.2457
    },
    "atm_call_price": 20.7,
    "atm_put_price": 18.14,
    "implied_move": 0.69
  },
  "prediction": {
    "signal": "NEUTRAL",
    "score": -1,
    "confidence": 25.0,
    "reasons": [
      "MACD histogram negative (bearish momentum)"
    ],
    "target_price": 594.82,
    "support": 592.09,
    "resistance": 597.69
  },
  "simulation": {
    "statistics": {
      "mean": 594.8167300569042,
      "std": 4.114248790904994,
      "p05": 587.8976960296501,
      "p25": 592.0942886150881,
      "p50": 594.8437418749932,
      "p75": 597.6871946424823,
      "p95": 601.5925290180134,
      "min": 582.1888406064559,
      "max": 606.7716725972336
    },
    "simulations": 1000,
    "volatility": 0.2856
  }
}