{
  "ticker": "SPY",
  "timestamp": "2026-03-10T06:31:58.980695",
  "current_price": 596.39,
  "forecast_minutes": 60,
  "technical_indicators": {
    "rsi": 70.61,
    "macd": {
      "line": -0.1139,
      "signal": -0.1025,
      "histogram": -0.0114
    },
    "bollinger_bands": {
      "upper": 586.42,
      "middle": 557.1,
      "lower": 527.79
    }
  },
  "bsm_analysis": {
    "greeks": {
      "delta": 0.537,
      "gamma": 0.007104,
      "theta": -0.4129,
      "vega": 0.6792,
      "rho": 0.2439
    },
    "atm_call_price": 23.56,
    "atm_put_price": 20.99,
    "implied_move": 0.8
  },
  "prediction": {
    "signal": "BEARISH",
    "score": -3,
    "confidence": 75.0,
    "reasons": [
      "RSI indicates overbought conditions",
      "MACD histogram negative (bearish momentum)"
    ],
    "target_price": 596.26,
    "support": 593.04,
    "resistance": 599.35
  },
  "simulation": {
    "statistics": {
      "mean": 596.2605856599678,
      "std": 4.7882065418492,
      "p05": 588.5887741056866,
      "p25": 593.0448039354462,
      "p50": 596.2633200493253,
      "p75": 599.3519665484843,
      "p95": 604.2549611678346,
      "min": 580.7752476346088,
      "max": 614.3526000523585
    },
    "simulations": 1000,
    "volatility": 0.327
  }
}