{
  "ticker": "SPY",
  "timestamp": "2026-03-03T09:48:44.694601",
  "current_price": 596.96,
  "forecast_minutes": 60,
  "technical_indicators": {
    "rsi": 74.32,
    "macd": {
      "line": 4.874,
      "signal": 4.3866,
      "histogram": 0.4874
    },
    "bollinger_bands": {
      "upper": 577.86,
      "middle": 546.89,
      "lower": 515.91
    }
  },
  "bsm_analysis": {
    "greeks": {
      "delta": 0.5373,
      "gamma": 0.006368,
      "theta": -0.4553,
      "vega": 0.6798,
      "rho": 0.2421
    },
    "atm_call_price": 26.13,
    "atm_put_price": 23.56,
    "implied_move": 0.87
  },
  "prediction": {
    "signal": "NEUTRAL",
    "score": -1,
    "confidence": 25.0,
    "reasons": [
      "RSI indicates overbought conditions",
      "MACD histogram positive (bullish momentum)"
    ],
    "target_price": 596.88,
    "support": 593.36,
    "resistance": 600.28
  },
  "simulation": {
    "statistics": {
      "mean": 596.8766919129188,
      "std": 5.20919916051226,
      "p05": 588.4859680744964,
      "p25": 593.3624155149637,
      "p50": 596.9023048281008,
      "p75": 600.2752712427722,
      "p95": 605.250524685069,
      "min": 580.7326556471897,
      "max": 614.3985246901111
    },
    "simulations": 1000,
    "volatility": 0.3645
  }
}