{
  "ticker": "SPY",
  "timestamp": "2026-04-12T08:11:59.114542",
  "current_price": 592.24,
  "forecast_minutes": 60,
  "technical_indicators": {
    "rsi": 34.41,
    "macd": {
      "line": -6.3736,
      "signal": -5.7363,
      "histogram": -0.6374
    },
    "bollinger_bands": {
      "upper": 623.13,
      "middle": 600.07,
      "lower": 577.02
    }
  },
  "bsm_analysis": {
    "greeks": {
      "delta": 0.5496,
      "gamma": 0.016105,
      "theta": -0.2074,
      "vega": 0.6721,
      "rho": 0.2584
    },
    "atm_call_price": 11.11,
    "atm_put_price": 8.56,
    "implied_move": 0.36
  },
  "prediction": {
    "signal": "NEUTRAL",
    "score": -1,
    "confidence": 25.0,
    "reasons": [
      "MACD histogram negative (bearish momentum)"
    ],
    "target_price": 592.33,
    "support": 590.98,
    "resistance": 593.76
  },
  "simulation": {
    "statistics": {
      "mean": 592.3267247115494,
      "std": 2.1247861463502042,
      "p05": 588.732561424321,
      "p25": 590.9765807808312,
      "p50": 592.3818920586768,
      "p75": 593.7572809261853,
      "p95": 595.6767560728047,
      "min": 585.0132943902129,
      "max": 598.687420541613
    },
    "simulations": 1000,
    "volatility": 0.1448
  }
}