{
  "ticker": "SPY",
  "timestamp": "2026-03-28T18:14:28.668573",
  "current_price": 594.36,
  "forecast_minutes": 60,
  "technical_indicators": {
    "rsi": 64.02,
    "macd": {
      "line": 3.4568,
      "signal": 3.1111,
      "histogram": 0.3457
    },
    "bollinger_bands": {
      "upper": 593.46,
      "middle": 577.14,
      "lower": 560.82
    }
  },
  "bsm_analysis": {
    "greeks": {
      "delta": 0.5423,
      "gamma": 0.012185,
      "theta": -0.2595,
      "vega": 0.676,
      "rho": 0.2532
    },
    "atm_call_price": 14.28,
    "atm_put_price": 11.72,
    "implied_move": 0.47
  },
  "prediction": {
    "signal": "NEUTRAL",
    "score": 1,
    "confidence": 25.0,
    "reasons": [
      "MACD histogram positive (bullish momentum)"
    ],
    "target_price": 594.4,
    "support": 592.45,
    "resistance": 596.3
  },
  "simulation": {
    "statistics": {
      "mean": 594.3999103860965,
      "std": 2.773926006976822,
      "p05": 589.9069835118718,
      "p25": 592.4476329156771,
      "p50": 594.3420699345457,
      "p75": 596.2951238275975,
      "p95": 599.0167562441228,
      "min": 586.6337452785282,
      "max": 605.1893317195763
    },
    "simulations": 1000,
    "volatility": 0.1911
  }
}