{
  "ticker": "SPY",
  "timestamp": "2026-03-24T12:30:57.937484",
  "current_price": 595.45,
  "forecast_minutes": 60,
  "technical_indicators": {
    "rsi": 54.43,
    "macd": {
      "line": -2.9965,
      "signal": -2.6968,
      "histogram": -0.2996
    },
    "bollinger_bands": {
      "upper": 599.42,
      "middle": 586.34,
      "lower": 573.26
    }
  },
  "bsm_analysis": {
    "greeks": {
      "delta": 0.5446,
      "gamma": 0.013459,
      "theta": -0.2394,
      "vega": 0.6768,
      "rho": 0.2558
    },
    "atm_call_price": 13.05,
    "atm_put_price": 10.49,
    "implied_move": 0.42
  },
  "prediction": {
    "signal": "NEUTRAL",
    "score": -1,
    "confidence": 25.0,
    "reasons": [
      "MACD histogram negative (bearish momentum)"
    ],
    "target_price": 595.62,
    "support": 594.05,
    "resistance": 597.22
  },
  "simulation": {
    "statistics": {
      "mean": 595.6193676649593,
      "std": 2.5051387303506782,
      "p05": 591.4900158939781,
      "p25": 594.0475390777349,
      "p50": 595.6319834657465,
      "p75": 597.2211837615864,
      "p95": 599.7583286194495,
      "min": 587.4518158037108,
      "max": 605.0920436021291
    },
    "simulations": 1000,
    "volatility": 0.1725
  }
}