{
  "ticker": "SPY",
  "timestamp": "2026-02-08T19:11:49.135076",
  "current_price": 593.99,
  "forecast_minutes": 60,
  "technical_indicators": {
    "rsi": 29.32,
    "macd": {
      "line": -0.9422,
      "signal": -0.848,
      "histogram": -0.0942
    },
    "bollinger_bands": {
      "upper": 622.36,
      "middle": 610.87,
      "lower": 599.37
    }
  },
  "bsm_analysis": {
    "greeks": {
      "delta": 0.5454,
      "gamma": 0.013951,
      "theta": -0.2325,
      "vega": 0.675,
      "rho": 0.2559
    },
    "atm_call_price": 12.63,
    "atm_put_price": 10.08,
    "implied_move": 0.43
  },
  "prediction": {
    "signal": "NEUTRAL",
    "score": 1,
    "confidence": 25.0,
    "reasons": [
      "RSI indicates oversold conditions",
      "MACD histogram negative (bearish momentum)"
    ],
    "target_price": 594.01,
    "support": 592.3,
    "resistance": 595.72
  },
  "simulation": {
    "statistics": {
      "mean": 594.0128923540598,
      "std": 2.542832357039742,
      "p05": 589.8821945542993,
      "p25": 592.2968395437405,
      "p50": 594.1044366234679,
      "p75": 595.724762489001,
      "p95": 598.2052467471568,
      "min": 586.1936301563759,
      "max": 602.6140915718222
    },
    "simulations": 1000,
    "volatility": 0.1668
  }
}