{
  "ticker": "SPY",
  "timestamp": "2026-03-15T17:45:39.164192",
  "current_price": 594.66,
  "forecast_minutes": 60,
  "technical_indicators": {
    "rsi": 65.62,
    "macd": {
      "line": 3.5353,
      "signal": 3.1818,
      "histogram": 0.3535
    },
    "bollinger_bands": {
      "upper": 590.36,
      "middle": 573.8,
      "lower": 557.24
    }
  },
  "bsm_analysis": {
    "greeks": {
      "delta": 0.5422,
      "gamma": 0.012122,
      "theta": -0.2607,
      "vega": 0.6763,
      "rho": 0.2532
    },
    "atm_call_price": 14.35,
    "atm_put_price": 11.79,
    "implied_move": 0.48
  },
  "prediction": {
    "signal": "NEUTRAL",
    "score": 1,
    "confidence": 25.0,
    "reasons": [
      "MACD histogram positive (bullish momentum)"
    ],
    "target_price": 594.7,
    "support": 592.8,
    "resistance": 596.53
  },
  "simulation": {
    "statistics": {
      "mean": 594.6950612887896,
      "std": 2.863498990754684,
      "p05": 590.1974016144081,
      "p25": 592.801566146814,
      "p50": 594.5400397132847,
      "p75": 596.5255319467556,
      "p95": 599.4375195601333,
      "min": 587.6340589431898,
      "max": 609.0223796134308
    },
    "simulations": 1000,
    "volatility": 0.192
  }
}