{
  "ticker": "SPY",
  "timestamp": "2026-02-28T11:07:10.976294",
  "current_price": 595.42,
  "forecast_minutes": 60,
  "technical_indicators": {
    "rsi": 40.06,
    "macd": {
      "line": -2.6261,
      "signal": -2.3635,
      "histogram": -0.2626
    },
    "bollinger_bands": {
      "upper": 617.99,
      "middle": 601.27,
      "lower": 584.55
    }
  },
  "bsm_analysis": {
    "greeks": {
      "delta": 0.5434,
      "gamma": 0.012808,
      "theta": -0.2492,
      "vega": 0.677,
      "rho": 0.2547
    },
    "atm_call_price": 13.65,
    "atm_put_price": 11.09,
    "implied_move": 0.44
  },
  "prediction": {
    "signal": "NEUTRAL",
    "score": -1,
    "confidence": 25.0,
    "reasons": [
      "MACD histogram negative (bearish momentum)"
    ],
    "target_price": 595.35,
    "support": 593.63,
    "resistance": 597.11
  },
  "simulation": {
    "statistics": {
      "mean": 595.3467817650661,
      "std": 2.639946868469932,
      "p05": 590.9340021975908,
      "p25": 593.6274765771972,
      "p50": 595.3145176123187,
      "p75": 597.1063556911204,
      "p95": 599.6450939308934,
      "min": 586.4380695056891,
      "max": 604.4425187690925
    },
    "simulations": 1000,
    "volatility": 0.1814
  }
}