{
  "ticker": "SPY",
  "timestamp": "2026-03-02T15:03:08.546095",
  "current_price": 596.13,
  "forecast_minutes": 60,
  "technical_indicators": {
    "rsi": 72.82,
    "macd": {
      "line": 3.1289,
      "signal": 2.816,
      "histogram": 0.3129
    },
    "bollinger_bands": {
      "upper": 576.8,
      "middle": 553.36,
      "lower": 529.93
    }
  },
  "bsm_analysis": {
    "greeks": {
      "delta": 0.537,
      "gamma": 0.00731,
      "theta": -0.4025,
      "vega": 0.6789,
      "rho": 0.2443
    },
    "atm_call_price": 22.93,
    "atm_put_price": 20.37,
    "implied_move": 0.8
  },
  "prediction": {
    "signal": "NEUTRAL",
    "score": -1,
    "confidence": 25.0,
    "reasons": [
      "RSI indicates overbought conditions",
      "MACD histogram positive (bullish momentum)"
    ],
    "target_price": 596.11,
    "support": 592.83,
    "resistance": 599.37
  },
  "simulation": {
    "statistics": {
      "mean": 596.1144416852751,
      "std": 4.746055514800182,
      "p05": 588.1983473728876,
      "p25": 592.82731659213,
      "p50": 596.175226269024,
      "p75": 599.3653751796551,
      "p95": 603.8304482580145,
      "min": 581.6230647863067,
      "max": 609.7081335961026
    },
    "simulations": 1000,
    "volatility": 0.318
  }
}