{
  "ticker": "SPY",
  "timestamp": "2026-03-25T02:00:37.092098",
  "current_price": 597.75,
  "forecast_minutes": 60,
  "technical_indicators": {
    "rsi": 37.29,
    "macd": {
      "line": 0.3215,
      "signal": 0.2893,
      "histogram": 0.0321
    },
    "bollinger_bands": {
      "upper": 622.81,
      "middle": 606.01,
      "lower": 589.22
    }
  },
  "bsm_analysis": {
    "greeks": {
      "delta": 0.5402,
      "gamma": 0.01077,
      "theta": -0.2879,
      "vega": 0.6802,
      "rho": 0.2522
    },
    "atm_call_price": 15.99,
    "atm_put_price": 13.42,
    "implied_move": 0.52
  },
  "prediction": {
    "signal": "NEUTRAL",
    "score": 1,
    "confidence": 25.0,
    "reasons": [
      "MACD histogram positive (bullish momentum)"
    ],
    "target_price": 597.72,
    "support": 595.61,
    "resistance": 599.83
  },
  "simulation": {
    "statistics": {
      "mean": 597.715130802963,
      "std": 3.1116115005760223,
      "p05": 592.4997358816524,
      "p25": 595.6055240375795,
      "p50": 597.7312279321285,
      "p75": 599.8312426415242,
      "p95": 602.8933248461215,
      "min": 587.818986601982,
      "max": 606.3215143912671
    },
    "simulations": 1000,
    "volatility": 0.2151
  }
}