{
  "ticker": "SPY",
  "timestamp": "2026-02-25T03:40:17.604307",
  "current_price": 597.23,
  "forecast_minutes": 60,
  "technical_indicators": {
    "rsi": 40.66,
    "macd": {
      "line": -3.2387,
      "signal": -2.9148,
      "histogram": -0.3239
    },
    "bollinger_bands": {
      "upper": 627.32,
      "middle": 607.7,
      "lower": 588.08
    }
  },
  "bsm_analysis": {
    "greeks": {
      "delta": 0.5496,
      "gamma": 0.01596,
      "theta": -0.2092,
      "vega": 0.6778,
      "rho": 0.2606
    },
    "atm_call_price": 11.21,
    "atm_put_price": 8.64,
    "implied_move": 0.37
  },
  "prediction": {
    "signal": "NEUTRAL",
    "score": -1,
    "confidence": 25.0,
    "reasons": [
      "MACD histogram negative (bearish momentum)"
    ],
    "target_price": 597.27,
    "support": 595.81,
    "resistance": 598.71
  },
  "simulation": {
    "statistics": {
      "mean": 597.2737465610844,
      "std": 2.1882713056758742,
      "p05": 593.6356229480465,
      "p25": 595.8078519869464,
      "p50": 597.2689388195536,
      "p75": 598.7118349632613,
      "p95": 600.8926410369368,
      "min": 590.5803592524683,
      "max": 603.9757639156923
    },
    "simulations": 1000,
    "volatility": 0.1449
  }
}