{
  "ticker": "SPY",
  "timestamp": "2026-03-05T14:32:12.123087",
  "current_price": 595.52,
  "forecast_minutes": 60,
  "technical_indicators": {
    "rsi": 62.6,
    "macd": {
      "line": -5.3027,
      "signal": -4.7724,
      "histogram": -0.5303
    },
    "bollinger_bands": {
      "upper": 593.46,
      "middle": 569.1,
      "lower": 544.75
    }
  },
  "bsm_analysis": {
    "greeks": {
      "delta": 0.5374,
      "gamma": 0.00617,
      "theta": -0.4683,
      "vega": 0.6781,
      "rho": 0.2409
    },
    "atm_call_price": 26.91,
    "atm_put_price": 24.35,
    "implied_move": 0.93
  },
  "prediction": {
    "signal": "NEUTRAL",
    "score": -1,
    "confidence": 25.0,
    "reasons": [
      "MACD histogram negative (bearish momentum)"
    ],
    "target_price": 595.53,
    "support": 591.97,
    "resistance": 599.19
  },
  "simulation": {
    "statistics": {
      "mean": 595.5338319101916,
      "std": 5.5186728906211195,
      "p05": 586.3108923733532,
      "p25": 591.9741234020646,
      "p50": 595.4329721785566,
      "p75": 599.18597684049,
      "p95": 604.7825060219469,
      "min": 580.5564753099111,
      "max": 613.8804700463518
    },
    "simulations": 1000,
    "volatility": 0.377
  }
}