{
  "ticker": "SPY",
  "timestamp": "2026-03-16T23:54:43.318026",
  "current_price": 594.24,
  "forecast_minutes": 60,
  "technical_indicators": {
    "rsi": 40.75,
    "macd": {
      "line": 1.4909,
      "signal": 1.3418,
      "histogram": 0.1491
    },
    "bollinger_bands": {
      "upper": 620.75,
      "middle": 607.72,
      "lower": 594.69
    }
  },
  "bsm_analysis": {
    "greeks": {
      "delta": 0.5381,
      "gamma": 0.009134,
      "theta": -0.3311,
      "vega": 0.6766,
      "rho": 0.2475
    },
    "atm_call_price": 18.61,
    "atm_put_price": 16.05,
    "implied_move": 0.62
  },
  "prediction": {
    "signal": "NEUTRAL",
    "score": 1,
    "confidence": 25.0,
    "reasons": [
      "MACD histogram positive (bullish momentum)"
    ],
    "target_price": 594.15,
    "support": 591.65,
    "resistance": 596.49
  },
  "simulation": {
    "statistics": {
      "mean": 594.1485050851081,
      "std": 3.701048369656102,
      "p05": 588.0444120248285,
      "p25": 591.6464689365755,
      "p50": 594.212901010339,
      "p75": 596.4906528213945,
      "p95": 600.1367769670042,
      "min": 580.8588986249405,
      "max": 608.2972830966532
    },
    "simulations": 1000,
    "volatility": 0.2552
  }
}