{
  "ticker": "SPY",
  "timestamp": "2026-04-04T21:05:05.539528",
  "current_price": 592.2,
  "forecast_minutes": 60,
  "technical_indicators": {
    "rsi": 30.34,
    "macd": {
      "line": 2.1714,
      "signal": 1.9542,
      "histogram": 0.2171
    },
    "bollinger_bands": {
      "upper": 673.45,
      "middle": 641.35,
      "lower": 609.25
    }
  },
  "bsm_analysis": {
    "greeks": {
      "delta": 0.5385,
      "gamma": 0.005435,
      "theta": -0.5251,
      "vega": 0.6742,
      "rho": 0.2372
    },
    "atm_call_price": 30.36,
    "atm_put_price": 27.81,
    "implied_move": 1.06
  },
  "prediction": {
    "signal": "NEUTRAL",
    "score": 1,
    "confidence": 25.0,
    "reasons": [
      "MACD histogram positive (bullish momentum)"
    ],
    "target_price": 592.0,
    "support": 587.41,
    "resistance": 596.4
  },
  "simulation": {
    "statistics": {
      "mean": 591.9983531457127,
      "std": 6.302638992883687,
      "p05": 582.0823268152897,
      "p25": 587.4062151786629,
      "p50": 591.8997972922928,
      "p75": 596.4035256080383,
      "p95": 602.6531153401568,
      "min": 574.0106718136569,
      "max": 611.9372790658906
    },
    "simulations": 1000,
    "volatility": 0.4304
  }
}