{
  "ticker": "SPY",
  "timestamp": "2026-03-03T08:48:41.670620",
  "current_price": 592.77,
  "forecast_minutes": 60,
  "technical_indicators": {
    "rsi": 58.54,
    "macd": {
      "line": -1.2094,
      "signal": -1.0884,
      "histogram": -0.1209
    },
    "bollinger_bands": {
      "upper": 598.79,
      "middle": 580.28,
      "lower": 561.77
    }
  },
  "bsm_analysis": {
    "greeks": {
      "delta": 0.542,
      "gamma": 0.012051,
      "theta": -0.2618,
      "vega": 0.6742,
      "rho": 0.2522
    },
    "atm_call_price": 14.42,
    "atm_put_price": 11.87,
    "implied_move": 0.5
  },
  "prediction": {
    "signal": "NEUTRAL",
    "score": -1,
    "confidence": 25.0,
    "reasons": [
      "MACD histogram negative (bearish momentum)"
    ],
    "target_price": 592.89,
    "support": 590.85,
    "resistance": 594.9
  },
  "simulation": {
    "statistics": {
      "mean": 592.8944297426762,
      "std": 2.9877932307325628,
      "p05": 588.0988670593828,
      "p25": 590.8481822843432,
      "p50": 592.9030470435989,
      "p75": 594.9017746549924,
      "p95": 597.9285891066539,
      "min": 582.465589054066,
      "max": 602.007865164187
    },
    "simulations": 1000,
    "volatility": 0.1937
  }
}