{
  "ticker": "SPY",
  "timestamp": "2026-04-06T07:50:26.464092",
  "current_price": 597.26,
  "forecast_minutes": 60,
  "technical_indicators": {
    "rsi": 64.32,
    "macd": {
      "line": 1.0653,
      "signal": 0.9588,
      "histogram": 0.1065
    },
    "bollinger_bands": {
      "upper": 595.75,
      "middle": 585.6,
      "lower": 575.45
    }
  },
  "bsm_analysis": {
    "greeks": {
      "delta": 0.5427,
      "gamma": 0.01239,
      "theta": -0.2562,
      "vega": 0.6792,
      "rho": 0.2549
    },
    "atm_call_price": 14.07,
    "atm_put_price": 11.5,
    "implied_move": 0.45
  },
  "prediction": {
    "signal": "NEUTRAL",
    "score": 1,
    "confidence": 25.0,
    "reasons": [
      "MACD histogram positive (bullish momentum)"
    ],
    "target_price": 597.14,
    "support": 595.29,
    "resistance": 599.05
  },
  "simulation": {
    "statistics": {
      "mean": 597.1396926396967,
      "std": 2.710399078098153,
      "p05": 592.6478569464476,
      "p25": 595.2916785692581,
      "p50": 597.1750808488508,
      "p75": 599.0474821908349,
      "p95": 601.4142575736528,
      "min": 588.7371942547228,
      "max": 608.4213064867321
    },
    "simulations": 1000,
    "volatility": 0.187
  }
}