{
  "ticker": "SPY",
  "timestamp": "2026-03-11T20:16:05.949180",
  "current_price": 593.26,
  "forecast_minutes": 60,
  "technical_indicators": {
    "rsi": 68.24,
    "macd": {
      "line": 5.9119,
      "signal": 5.3207,
      "histogram": 0.5912
    },
    "bollinger_bands": {
      "upper": 601.39,
      "middle": 583.43,
      "lower": 565.47
    }
  },
  "bsm_analysis": {
    "greeks": {
      "delta": 0.5601,
      "gamma": 0.020855,
      "theta": -0.1708,
      "vega": 0.6708,
      "rho": 0.2658
    },
    "atm_call_price": 8.87,
    "atm_put_price": 6.32,
    "implied_move": 0.28
  },
  "prediction": {
    "signal": "NEUTRAL",
    "score": 1,
    "confidence": 25.0,
    "reasons": [
      "MACD histogram positive (bullish momentum)"
    ],
    "target_price": 593.31,
    "support": 592.21,
    "resistance": 594.4
  },
  "simulation": {
    "statistics": {
      "mean": 593.3099790915139,
      "std": 1.6837190017921835,
      "p05": 590.5402684743478,
      "p25": 592.2086880211587,
      "p50": 593.3904840411014,
      "p75": 594.401478103235,
      "p95": 596.1714334805223,
      "min": 587.4765909653212,
      "max": 598.1736528924539
    },
    "simulations": 1000,
    "volatility": 0.1112
  }
}