{
  "ticker": "SPY",
  "timestamp": "2026-03-19T05:15:35.620801",
  "current_price": 592.61,
  "forecast_minutes": 60,
  "technical_indicators": {
    "rsi": 70.66,
    "macd": {
      "line": -3.9305,
      "signal": -3.5375,
      "histogram": -0.3931
    },
    "bollinger_bands": {
      "upper": 562.91,
      "middle": 516.77,
      "lower": 470.62
    }
  },
  "bsm_analysis": {
    "greeks": {
      "delta": 0.5525,
      "gamma": 0.00296,
      "theta": -0.9201,
      "vega": 0.6719,
      "rho": 0.2244
    },
    "atm_call_price": 54.37,
    "atm_put_price": 51.82,
    "implied_move": 1.92
  },
  "prediction": {
    "signal": "BEARISH",
    "score": -3,
    "confidence": 75.0,
    "reasons": [
      "RSI indicates overbought conditions",
      "MACD histogram negative (bearish momentum)"
    ],
    "target_price": 592.51,
    "support": 584.82,
    "resistance": 599.81
  },
  "simulation": {
    "statistics": {
      "mean": 592.5096881416522,
      "std": 11.406903688326244,
      "p05": 574.1988289278746,
      "p25": 584.8210969467633,
      "p50": 592.0779327177268,
      "p75": 599.8050574766395,
      "p95": 611.6389809003771,
      "min": 558.306697933504,
      "max": 640.2328657865492
    },
    "simulations": 1000,
    "volatility": 0.7866
  }
}