{
  "ticker": "SPY",
  "timestamp": "2026-03-02T10:22:43.861680",
  "current_price": 596.29,
  "forecast_minutes": 60,
  "technical_indicators": {
    "rsi": 39.06,
    "macd": {
      "line": -1.778,
      "signal": -1.6002,
      "histogram": -0.1778
    },
    "bollinger_bands": {
      "upper": 610.15,
      "middle": 597.7,
      "lower": 585.25
    }
  },
  "bsm_analysis": {
    "greeks": {
      "delta": 0.5577,
      "gamma": 0.019708,
      "theta": -0.1783,
      "vega": 0.6748,
      "rho": 0.2657
    },
    "atm_call_price": 9.32,
    "atm_put_price": 6.76,
    "implied_move": 0.29
  },
  "prediction": {
    "signal": "NEUTRAL",
    "score": -1,
    "confidence": 25.0,
    "reasons": [
      "MACD histogram negative (bearish momentum)"
    ],
    "target_price": 596.27,
    "support": 595.11,
    "resistance": 597.48
  },
  "simulation": {
    "statistics": {
      "mean": 596.2707498779264,
      "std": 1.7343965958487422,
      "p05": 593.3100184061905,
      "p25": 595.1110187964237,
      "p50": 596.2666958614425,
      "p75": 597.4785049618949,
      "p95": 599.0936810795245,
      "min": 589.634792520468,
      "max": 601.8459596161957
    },
    "simulations": 1000,
    "volatility": 0.1172
  }
}