{
  "ticker": "SPY",
  "timestamp": "2026-03-01T20:43:02.946990",
  "current_price": 596.71,
  "forecast_minutes": 60,
  "technical_indicators": {
    "rsi": 46.08,
    "macd": {
      "line": 8.3247,
      "signal": 7.4923,
      "histogram": 0.8325
    },
    "bollinger_bands": {
      "upper": 648.48,
      "middle": 617.19,
      "lower": 585.89
    }
  },
  "bsm_analysis": {
    "greeks": {
      "delta": 0.537,
      "gamma": 0.007124,
      "theta": -0.4119,
      "vega": 0.6795,
      "rho": 0.2441
    },
    "atm_call_price": 23.5,
    "atm_put_price": 20.93,
    "implied_move": 0.81
  },
  "prediction": {
    "signal": "NEUTRAL",
    "score": 1,
    "confidence": 25.0,
    "reasons": [
      "MACD histogram positive (bullish momentum)"
    ],
    "target_price": 596.62,
    "support": 593.35,
    "resistance": 599.91
  },
  "simulation": {
    "statistics": {
      "mean": 596.6244006384283,
      "std": 4.838929331948817,
      "p05": 588.3585132990546,
      "p25": 593.3513614959454,
      "p50": 596.7951553698671,
      "p75": 599.9062239097425,
      "p95": 604.7443554929928,
      "min": 582.2079873908848,
      "max": 610.3158147150864
    },
    "simulations": 1000,
    "volatility": 0.326
  }
}