{
  "ticker": "SPY",
  "timestamp": "2026-03-19T17:08:56.981814",
  "current_price": 596.17,
  "forecast_minutes": 60,
  "technical_indicators": {
    "rsi": 70.17,
    "macd": {
      "line": 9.2031,
      "signal": 8.2828,
      "histogram": 0.9203
    },
    "bollinger_bands": {
      "upper": 590.98,
      "middle": 564.68,
      "lower": 538.39
    }
  },
  "bsm_analysis": {
    "greeks": {
      "delta": 0.5399,
      "gamma": 0.010642,
      "theta": -0.2907,
      "vega": 0.6784,
      "rho": 0.2513
    },
    "atm_call_price": 16.16,
    "atm_put_price": 13.6,
    "implied_move": 0.53
  },
  "prediction": {
    "signal": "NEUTRAL",
    "score": -1,
    "confidence": 25.0,
    "reasons": [
      "RSI indicates overbought conditions",
      "MACD histogram positive (bullish momentum)"
    ],
    "target_price": 596.04,
    "support": 593.93,
    "resistance": 598.03
  },
  "simulation": {
    "statistics": {
      "mean": 596.0444840486143,
      "std": 3.13990453249114,
      "p05": 590.9128469685827,
      "p25": 593.9259306405572,
      "p50": 596.0444688096009,
      "p75": 598.0269164765011,
      "p95": 601.4447747866773,
      "min": 586.5292389543747,
      "max": 606.9442118516358
    },
    "simulations": 1000,
    "volatility": 0.2182
  }
}