{
  "ticker": "SPY",
  "timestamp": "2026-03-16T18:08:07.764125",
  "current_price": 594.47,
  "forecast_minutes": 60,
  "technical_indicators": {
    "rsi": 59.34,
    "macd": {
      "line": -3.6526,
      "signal": -3.2873,
      "histogram": -0.3653
    },
    "bollinger_bands": {
      "upper": 588.49,
      "middle": 563.01,
      "lower": 537.53
    }
  },
  "bsm_analysis": {
    "greeks": {
      "delta": 0.5388,
      "gamma": 0.005271,
      "theta": -0.5401,
      "vega": 0.6767,
      "rho": 0.2376
    },
    "atm_call_price": 31.26,
    "atm_put_price": 28.7,
    "implied_move": 1.08
  },
  "prediction": {
    "signal": "NEUTRAL",
    "score": -1,
    "confidence": 25.0,
    "reasons": [
      "MACD histogram negative (bearish momentum)"
    ],
    "target_price": 594.38,
    "support": 589.9,
    "resistance": 598.73
  },
  "simulation": {
    "statistics": {
      "mean": 594.375290438488,
      "std": 6.405566608712646,
      "p05": 584.0737495223326,
      "p25": 589.8967128226216,
      "p50": 594.0672374105767,
      "p75": 598.7293240672077,
      "p95": 605.3657971772099,
      "min": 573.9292975702417,
      "max": 615.2834346847138
    },
    "simulations": 1000,
    "volatility": 0.442
  }
}