{
  "ticker": "SPY",
  "timestamp": "2026-03-30T22:47:23.293611",
  "current_price": 594.23,
  "forecast_minutes": 60,
  "technical_indicators": {
    "rsi": 50.73,
    "macd": {
      "line": 3.0528,
      "signal": 2.7475,
      "histogram": 0.3053
    },
    "bollinger_bands": {
      "upper": 607.36,
      "middle": 588.65,
      "lower": 569.93
    }
  },
  "bsm_analysis": {
    "greeks": {
      "delta": 0.5431,
      "gamma": 0.012653,
      "theta": -0.2516,
      "vega": 0.6757,
      "rho": 0.2539
    },
    "atm_call_price": 13.8,
    "atm_put_price": 11.24,
    "implied_move": 0.45
  },
  "prediction": {
    "signal": "NEUTRAL",
    "score": 1,
    "confidence": 25.0,
    "reasons": [
      "MACD histogram positive (bullish momentum)"
    ],
    "target_price": 594.26,
    "support": 592.38,
    "resistance": 596.17
  },
  "simulation": {
    "statistics": {
      "mean": 594.2639432187906,
      "std": 2.6798302541636745,
      "p05": 589.9950536098363,
      "p25": 592.3812539021804,
      "p50": 594.2259261380541,
      "p75": 596.1749370302563,
      "p95": 598.6827891483991,
      "min": 586.4886637525428,
      "max": 604.6788992663894
    },
    "simulations": 1000,
    "volatility": 0.184
  }
}