{
  "ticker": "SPY",
  "timestamp": "2026-03-13T11:43:53.236496",
  "current_price": 597.56,
  "forecast_minutes": 60,
  "technical_indicators": {
    "rsi": 43.09,
    "macd": {
      "line": -6.0982,
      "signal": -5.4884,
      "histogram": -0.6098
    },
    "bollinger_bands": {
      "upper": 624.34,
      "middle": 600.99,
      "lower": 577.64
    }
  },
  "bsm_analysis": {
    "greeks": {
      "delta": 0.5499,
      "gamma": 0.016077,
      "theta": -0.2081,
      "vega": 0.6781,
      "rho": 0.2609
    },
    "atm_call_price": 11.14,
    "atm_put_price": 8.57,
    "implied_move": 0.35
  },
  "prediction": {
    "signal": "NEUTRAL",
    "score": -1,
    "confidence": 25.0,
    "reasons": [
      "MACD histogram negative (bearish momentum)"
    ],
    "target_price": 597.61,
    "support": 596.23,
    "resistance": 599.0
  },
  "simulation": {
    "statistics": {
      "mean": 597.6120542725567,
      "std": 2.1010238134723336,
      "p05": 593.9469987672873,
      "p25": 596.2333557851533,
      "p50": 597.6423693602931,
      "p75": 598.9982670560021,
      "p95": 600.9958047364146,
      "min": 591.3752530162864,
      "max": 605.2551185973626
    },
    "simulations": 1000,
    "volatility": 0.1437
  }
}