{
  "ticker": "SPY",
  "timestamp": "2026-03-16T19:37:39.261686",
  "current_price": 592.67,
  "forecast_minutes": 60,
  "technical_indicators": {
    "rsi": 69.54,
    "macd": {
      "line": 6.9866,
      "signal": 6.2879,
      "histogram": 0.6987
    },
    "bollinger_bands": {
      "upper": 601.81,
      "middle": 579.77,
      "lower": 557.74
    }
  },
  "bsm_analysis": {
    "greeks": {
      "delta": 0.555,
      "gamma": 0.01858,
      "theta": -0.186,
      "vega": 0.6714,
      "rho": 0.2623
    },
    "atm_call_price": 9.8,
    "atm_put_price": 7.25,
    "implied_move": 0.31
  },
  "prediction": {
    "signal": "NEUTRAL",
    "score": 1,
    "confidence": 25.0,
    "reasons": [
      "MACD histogram positive (bullish momentum)"
    ],
    "target_price": 592.73,
    "support": 591.48,
    "resistance": 593.9
  },
  "simulation": {
    "statistics": {
      "mean": 592.729752107281,
      "std": 1.8504871119004196,
      "p05": 589.5914775351373,
      "p25": 591.478490173582,
      "p50": 592.7629454563503,
      "p75": 593.8992535395676,
      "p95": 595.7581596356569,
      "min": 587.6473975181116,
      "max": 599.4794006389445
    },
    "simulations": 1000,
    "volatility": 0.1252
  }
}