{
  "ticker": "SPY",
  "timestamp": "2026-03-29T19:03:11.326981",
  "current_price": 597.55,
  "forecast_minutes": 60,
  "technical_indicators": {
    "rsi": 67.08,
    "macd": {
      "line": 4.495,
      "signal": 4.0455,
      "histogram": 0.4495
    },
    "bollinger_bands": {
      "upper": 577.74,
      "middle": 550.84,
      "lower": 523.94
    }
  },
  "bsm_analysis": {
    "greeks": {
      "delta": 0.537,
      "gamma": 0.007386,
      "theta": -0.3989,
      "vega": 0.6805,
      "rho": 0.2451
    },
    "atm_call_price": 22.71,
    "atm_put_price": 20.14,
    "implied_move": 0.78
  },
  "prediction": {
    "signal": "NEUTRAL",
    "score": 1,
    "confidence": 25.0,
    "reasons": [
      "MACD histogram positive (bullish momentum)"
    ],
    "target_price": 597.33,
    "support": 593.9,
    "resistance": 600.51
  },
  "simulation": {
    "statistics": {
      "mean": 597.3268668321836,
      "std": 4.683129217849418,
      "p05": 589.8622731897617,
      "p25": 593.9029354622553,
      "p50": 597.4575109207085,
      "p75": 600.5095953558941,
      "p95": 604.6698308601682,
      "min": 583.4512568281879,
      "max": 615.4559424327107
    },
    "simulations": 1000,
    "volatility": 0.3139
  }
}