{
  "ticker": "SPY",
  "timestamp": "2026-02-22T11:26:33.251518",
  "current_price": 595.4,
  "forecast_minutes": 60,
  "technical_indicators": {
    "rsi": 47.95,
    "macd": {
      "line": 3.6874,
      "signal": 3.3187,
      "histogram": 0.3687
    },
    "bollinger_bands": {
      "upper": 632.86,
      "middle": 612.47,
      "lower": 592.08
    }
  },
  "bsm_analysis": {
    "greeks": {
      "delta": 0.538,
      "gamma": 0.0091,
      "theta": -0.3322,
      "vega": 0.6779,
      "rho": 0.248
    },
    "atm_call_price": 18.68,
    "atm_put_price": 16.12,
    "implied_move": 0.64
  },
  "prediction": {
    "signal": "NEUTRAL",
    "score": 1,
    "confidence": 25.0,
    "reasons": [
      "MACD histogram positive (bullish momentum)"
    ],
    "target_price": 595.38,
    "support": 592.94,
    "resistance": 597.69
  },
  "simulation": {
    "statistics": {
      "mean": 595.3759979742381,
      "std": 3.830023863982204,
      "p05": 589.1313195092413,
      "p25": 592.9364326732007,
      "p50": 595.4038654084711,
      "p75": 597.6907920297742,
      "p95": 601.9333267201233,
      "min": 583.6189132068241,
      "max": 610.4772152534139
    },
    "simulations": 1000,
    "volatility": 0.2556
  }
}