{
  "ticker": "SPY",
  "timestamp": "2026-02-24T22:47:58.472503",
  "current_price": 596.62,
  "forecast_minutes": 60,
  "technical_indicators": {
    "rsi": 85.37,
    "macd": {
      "line": 9.956,
      "signal": 8.9604,
      "histogram": 0.9956
    },
    "bollinger_bands": {
      "upper": 585.4,
      "middle": 551.87,
      "lower": 518.34
    }
  },
  "bsm_analysis": {
    "greeks": {
      "delta": 0.5407,
      "gamma": 0.011167,
      "theta": -0.2792,
      "vega": 0.6788,
      "rho": 0.2524
    },
    "atm_call_price": 15.47,
    "atm_put_price": 12.9,
    "implied_move": 0.51
  },
  "prediction": {
    "signal": "NEUTRAL",
    "score": -1,
    "confidence": 25.0,
    "reasons": [
      "RSI indicates overbought conditions",
      "MACD histogram positive (bullish momentum)"
    ],
    "target_price": 596.54,
    "support": 594.38,
    "resistance": 598.64
  },
  "simulation": {
    "statistics": {
      "mean": 596.5360281967934,
      "std": 3.0662001347542946,
      "p05": 591.4733998955392,
      "p25": 594.3839818602607,
      "p50": 596.3952568667298,
      "p75": 598.6379800228596,
      "p95": 601.5851666561109,
      "min": 586.7209105625276,
      "max": 605.7860475398954
    },
    "simulations": 1000,
    "volatility": 0.2078
  }
}