{
  "ticker": "SPY",
  "timestamp": "2026-02-16T15:23:53.133674",
  "current_price": 597.26,
  "forecast_minutes": 60,
  "technical_indicators": {
    "rsi": 55.67,
    "macd": {
      "line": 7.9348,
      "signal": 7.1413,
      "histogram": 0.7935
    },
    "bollinger_bands": {
      "upper": 631.25,
      "middle": 601.86,
      "lower": 572.48
    }
  },
  "bsm_analysis": {
    "greeks": {
      "delta": 0.5415,
      "gamma": 0.011653,
      "theta": -0.2696,
      "vega": 0.6794,
      "rho": 0.2536
    },
    "atm_call_price": 14.88,
    "atm_put_price": 12.31,
    "implied_move": 0.51
  },
  "prediction": {
    "signal": "NEUTRAL",
    "score": 1,
    "confidence": 25.0,
    "reasons": [
      "MACD histogram positive (bullish momentum)"
    ],
    "target_price": 597.41,
    "support": 595.37,
    "resistance": 599.39
  },
  "simulation": {
    "statistics": {
      "mean": 597.4149255917787,
      "std": 3.0256464465738193,
      "p05": 592.189034353361,
      "p25": 595.374740126974,
      "p50": 597.4723802564457,
      "p75": 599.3903935136317,
      "p95": 602.4809195286048,
      "min": 588.0407689485728,
      "max": 606.8581838997419
    },
    "simulations": 1000,
    "volatility": 0.1989
  }
}