{
  "ticker": "SPY",
  "timestamp": "2026-04-03T19:54:43.011839",
  "current_price": 596.94,
  "forecast_minutes": 60,
  "technical_indicators": {
    "rsi": 43.48,
    "macd": {
      "line": -2.7372,
      "signal": -2.4634,
      "histogram": -0.2737
    },
    "bollinger_bands": {
      "upper": 618.21,
      "middle": 603.71,
      "lower": 589.21
    }
  },
  "bsm_analysis": {
    "greeks": {
      "delta": 0.5478,
      "gamma": 0.015089,
      "theta": -0.2186,
      "vega": 0.6778,
      "rho": 0.2591
    },
    "atm_call_price": 11.78,
    "atm_put_price": 9.21,
    "implied_move": 0.38
  },
  "prediction": {
    "signal": "NEUTRAL",
    "score": -1,
    "confidence": 25.0,
    "reasons": [
      "MACD histogram negative (bearish momentum)"
    ],
    "target_price": 596.85,
    "support": 595.27,
    "resistance": 598.37
  },
  "simulation": {
    "statistics": {
      "mean": 596.8454523173149,
      "std": 2.293998932569276,
      "p05": 593.1155494726031,
      "p25": 595.2735092858122,
      "p50": 596.8994820672032,
      "p75": 598.3721574930423,
      "p95": 600.6769720347077,
      "min": 589.6641545605684,
      "max": 605.6206857467135
    },
    "simulations": 1000,
    "volatility": 0.1534
  }
}