{
  "ticker": "SPY",
  "timestamp": "2026-02-24T02:31:16.673767",
  "current_price": 592.91,
  "forecast_minutes": 60,
  "technical_indicators": {
    "rsi": 61.32,
    "macd": {
      "line": -1.2142,
      "signal": -1.0928,
      "histogram": -0.1214
    },
    "bollinger_bands": {
      "upper": 587.03,
      "middle": 567.66,
      "lower": 548.28
    }
  },
  "bsm_analysis": {
    "greeks": {
      "delta": 0.5378,
      "gamma": 0.008833,
      "theta": -0.3407,
      "vega": 0.6751,
      "rho": 0.2463
    },
    "atm_call_price": 19.2,
    "atm_put_price": 16.65,
    "implied_move": 0.66
  },
  "prediction": {
    "signal": "NEUTRAL",
    "score": -1,
    "confidence": 25.0,
    "reasons": [
      "MACD histogram negative (bearish momentum)"
    ],
    "target_price": 592.87,
    "support": 590.2,
    "resistance": 595.53
  },
  "simulation": {
    "statistics": {
      "mean": 592.8708197608902,
      "std": 3.9075895560042038,
      "p05": 586.5922798995873,
      "p25": 590.1980803165253,
      "p50": 592.9340805255547,
      "p75": 595.5276678194672,
      "p95": 599.1929836383907,
      "min": 579.9564592160806,
      "max": 607.4455925731318
    },
    "simulations": 1000,
    "volatility": 0.2645
  }
}