{
  "ticker": "SPY",
  "timestamp": "2026-03-20T22:45:49.414579",
  "current_price": 596.81,
  "forecast_minutes": 60,
  "technical_indicators": {
    "rsi": 64.84,
    "macd": {
      "line": 1.4718,
      "signal": 1.3246,
      "histogram": 0.1472
    },
    "bollinger_bands": {
      "upper": 589.82,
      "middle": 566.44,
      "lower": 543.07
    }
  },
  "bsm_analysis": {
    "greeks": {
      "delta": 0.5389,
      "gamma": 0.005212,
      "theta": -0.5459,
      "vega": 0.6793,
      "rho": 0.2384
    },
    "atm_call_price": 31.61,
    "atm_put_price": 29.04,
    "implied_move": 1.09
  },
  "prediction": {
    "signal": "NEUTRAL",
    "score": 1,
    "confidence": 25.0,
    "reasons": [
      "MACD histogram positive (bullish momentum)"
    ],
    "target_price": 597.12,
    "support": 592.38,
    "resistance": 601.39
  },
  "simulation": {
    "statistics": {
      "mean": 597.1228910459068,
      "std": 6.531800618097826,
      "p05": 586.748170845432,
      "p25": 592.3845770701962,
      "p50": 597.093848139398,
      "p75": 601.3921590702572,
      "p95": 608.0909235435919,
      "min": 578.0796573193101,
      "max": 615.9907555339302
    },
    "simulations": 1000,
    "volatility": 0.4453
  }
}