{
  "ticker": "SPY",
  "timestamp": "2026-03-22T22:09:51.427777",
  "current_price": 593.63,
  "forecast_minutes": 60,
  "technical_indicators": {
    "rsi": 51.63,
    "macd": {
      "line": 2.354,
      "signal": 2.1186,
      "histogram": 0.2354
    },
    "bollinger_bands": {
      "upper": 603.9,
      "middle": 587.85,
      "lower": 571.8
    }
  },
  "bsm_analysis": {
    "greeks": {
      "delta": 0.5406,
      "gamma": 0.011135,
      "theta": -0.2797,
      "vega": 0.6754,
      "rho": 0.251
    },
    "atm_call_price": 15.5,
    "atm_put_price": 12.94,
    "implied_move": 0.52
  },
  "prediction": {
    "signal": "NEUTRAL",
    "score": 1,
    "confidence": 25.0,
    "reasons": [
      "MACD histogram positive (bullish momentum)"
    ],
    "target_price": 593.63,
    "support": 591.52,
    "resistance": 595.62
  },
  "simulation": {
    "statistics": {
      "mean": 593.6264060247669,
      "std": 3.0589647441957704,
      "p05": 588.633903304835,
      "p25": 591.5159862294183,
      "p50": 593.7279668773699,
      "p75": 595.6158569740118,
      "p95": 598.8248670033372,
      "min": 585.1818365094368,
      "max": 603.6824681469839
    },
    "simulations": 1000,
    "volatility": 0.2094
  }
}