{
  "ticker": "SPY",
  "timestamp": "2026-03-02T01:13:26.133419",
  "current_price": 594.83,
  "forecast_minutes": 60,
  "technical_indicators": {
    "rsi": 84.17,
    "macd": {
      "line": 8.0862,
      "signal": 7.2776,
      "histogram": 0.8086
    },
    "bollinger_bands": {
      "upper": 609.0,
      "middle": 579.37,
      "lower": 549.75
    }
  },
  "bsm_analysis": {
    "greeks": {
      "delta": 0.5416,
      "gamma": 0.011743,
      "theta": -0.2676,
      "vega": 0.6766,
      "rho": 0.2526
    },
    "atm_call_price": 14.77,
    "atm_put_price": 12.21,
    "implied_move": 0.49
  },
  "prediction": {
    "signal": "NEUTRAL",
    "score": -1,
    "confidence": 25.0,
    "reasons": [
      "RSI indicates overbought conditions",
      "MACD histogram positive (bullish momentum)"
    ],
    "target_price": 594.81,
    "support": 592.79,
    "resistance": 596.71
  },
  "simulation": {
    "statistics": {
      "mean": 594.8055291562542,
      "std": 2.925575628419649,
      "p05": 590.116411239833,
      "p25": 592.7931607300119,
      "p50": 594.7987520611164,
      "p75": 596.7109571880355,
      "p95": 599.6590784309266,
      "min": 585.5123890955714,
      "max": 602.9709110215017
    },
    "simulations": 1000,
    "volatility": 0.1981
  }
}