{
  "ticker": "SPY",
  "timestamp": "2026-03-20T21:14:13.600808",
  "current_price": 593.47,
  "forecast_minutes": 60,
  "technical_indicators": {
    "rsi": 69.87,
    "macd": {
      "line": 4.1782,
      "signal": 3.7604,
      "histogram": 0.4178
    },
    "bollinger_bands": {
      "upper": 593.25,
      "middle": 562.93,
      "lower": 532.62
    }
  },
  "bsm_analysis": {
    "greeks": {
      "delta": 0.537,
      "gamma": 0.007264,
      "theta": -0.4046,
      "vega": 0.6759,
      "rho": 0.243
    },
    "atm_call_price": 23.06,
    "atm_put_price": 20.51,
    "implied_move": 0.8
  },
  "prediction": {
    "signal": "NEUTRAL",
    "score": 1,
    "confidence": 25.0,
    "reasons": [
      "MACD histogram positive (bullish momentum)"
    ],
    "target_price": 593.45,
    "support": 590.2,
    "resistance": 596.8
  },
  "simulation": {
    "statistics": {
      "mean": 593.4535032526072,
      "std": 4.751834063761951,
      "p05": 585.7052385134754,
      "p25": 590.1957548718269,
      "p50": 593.435101592519,
      "p75": 596.795175790353,
      "p95": 601.0318794449242,
      "min": 578.2386942168134,
      "max": 608.2828226427819
    },
    "simulations": 1000,
    "volatility": 0.3214
  }
}