{
  "ticker": "SPY",
  "timestamp": "2026-04-01T00:47:32.548212",
  "current_price": 592.46,
  "forecast_minutes": 60,
  "technical_indicators": {
    "rsi": 66.97,
    "macd": {
      "line": 6.6201,
      "signal": 5.9581,
      "histogram": 0.662
    },
    "bollinger_bands": {
      "upper": 596.28,
      "middle": 573.6,
      "lower": 550.92
    }
  },
  "bsm_analysis": {
    "greeks": {
      "delta": 0.548,
      "gamma": 0.015301,
      "theta": -0.2159,
      "vega": 0.6727,
      "rho": 0.2573
    },
    "atm_call_price": 11.63,
    "atm_put_price": 9.08,
    "implied_move": 0.38
  },
  "prediction": {
    "signal": "NEUTRAL",
    "score": 1,
    "confidence": 25.0,
    "reasons": [
      "MACD histogram positive (bullish momentum)"
    ],
    "target_price": 592.39,
    "support": 590.88,
    "resistance": 593.8
  },
  "simulation": {
    "statistics": {
      "mean": 592.3877916364077,
      "std": 2.24223185107533,
      "p05": 588.5215328779761,
      "p25": 590.8751921260024,
      "p50": 592.5264149239806,
      "p75": 593.8003830668642,
      "p95": 595.992502985528,
      "min": 584.8376661618944,
      "max": 599.5410518031514
    },
    "simulations": 1000,
    "volatility": 0.1524
  }
}