{
  "ticker": "SPY",
  "timestamp": "2026-03-13T20:47:25.781184",
  "current_price": 594.8,
  "forecast_minutes": 60,
  "technical_indicators": {
    "rsi": 66.17,
    "macd": {
      "line": 3.7094,
      "signal": 3.3385,
      "histogram": 0.3709
    },
    "bollinger_bands": {
      "upper": 595.56,
      "middle": 581.94,
      "lower": 568.33
    }
  },
  "bsm_analysis": {
    "greeks": {
      "delta": 0.5467,
      "gamma": 0.014585,
      "theta": -0.2244,
      "vega": 0.6756,
      "rho": 0.2573
    },
    "atm_call_price": 12.14,
    "atm_put_price": 9.58,
    "implied_move": 0.41
  },
  "prediction": {
    "signal": "NEUTRAL",
    "score": 1,
    "confidence": 25.0,
    "reasons": [
      "MACD histogram positive (bullish momentum)"
    ],
    "target_price": 594.82,
    "support": 593.15,
    "resistance": 596.53
  },
  "simulation": {
    "statistics": {
      "mean": 594.8210959071728,
      "std": 2.433630684028055,
      "p05": 590.8747717836344,
      "p25": 593.1518486281276,
      "p50": 594.7785787876844,
      "p75": 596.5336233308838,
      "p95": 598.7168004187363,
      "min": 587.7760545474154,
      "max": 604.3246495051993
    },
    "simulations": 1000,
    "volatility": 0.1593
  }
}