{
  "ticker": "SPY",
  "timestamp": "2026-04-02T11:33:19.734181",
  "current_price": 592.76,
  "forecast_minutes": 60,
  "technical_indicators": {
    "rsi": 58.02,
    "macd": {
      "line": -4.1419,
      "signal": -3.7277,
      "histogram": -0.4142
    },
    "bollinger_bands": {
      "upper": 589.11,
      "middle": 559.37,
      "lower": 529.64
    }
  },
  "bsm_analysis": {
    "greeks": {
      "delta": 0.537,
      "gamma": 0.007014,
      "theta": -0.4173,
      "vega": 0.675,
      "rho": 0.242
    },
    "atm_call_price": 23.84,
    "atm_put_price": 21.28,
    "implied_move": 0.84
  },
  "prediction": {
    "signal": "NEUTRAL",
    "score": -1,
    "confidence": 25.0,
    "reasons": [
      "MACD histogram negative (bearish momentum)"
    ],
    "target_price": 592.66,
    "support": 589.49,
    "resistance": 596.18
  },
  "simulation": {
    "statistics": {
      "mean": 592.6637748571875,
      "std": 4.998648757651604,
      "p05": 584.6136151508598,
      "p25": 589.4914624621408,
      "p50": 592.647329384489,
      "p75": 596.1780622587028,
      "p95": 600.7549896966036,
      "min": 576.8938265281298,
      "max": 608.0720473918276
    },
    "simulations": 1000,
    "volatility": 0.3333
  }
}