{
  "ticker": "SPY",
  "timestamp": "2026-03-12T05:52:46.919286",
  "current_price": 592.59,
  "forecast_minutes": 60,
  "technical_indicators": {
    "rsi": 73.37,
    "macd": {
      "line": 1.8764,
      "signal": 1.6887,
      "histogram": 0.1876
    },
    "bollinger_bands": {
      "upper": 584.03,
      "middle": 566.59,
      "lower": 549.16
    }
  },
  "bsm_analysis": {
    "greeks": {
      "delta": 0.5432,
      "gamma": 0.012773,
      "theta": -0.2496,
      "vega": 0.6738,
      "rho": 0.2533
    },
    "atm_call_price": 13.68,
    "atm_put_price": 11.13,
    "implied_move": 0.44
  },
  "prediction": {
    "signal": "NEUTRAL",
    "score": -1,
    "confidence": 25.0,
    "reasons": [
      "RSI indicates overbought conditions",
      "MACD histogram positive (bullish momentum)"
    ],
    "target_price": 592.71,
    "support": 590.84,
    "resistance": 594.48
  },
  "simulation": {
    "statistics": {
      "mean": 592.7063932094542,
      "std": 2.583965037070361,
      "p05": 588.790366162731,
      "p25": 590.836340592246,
      "p50": 592.5904349247578,
      "p75": 594.4797416155966,
      "p95": 597.2464706607074,
      "min": 583.8501613891405,
      "max": 600.0010824338561
    },
    "simulations": 1000,
    "volatility": 0.1828
  }
}