{
  "ticker": "SPY",
  "timestamp": "2026-04-03T06:00:32.043309",
  "current_price": 592.49,
  "forecast_minutes": 60,
  "technical_indicators": {
    "rsi": 44.0,
    "macd": {
      "line": 1.4323,
      "signal": 1.2891,
      "histogram": 0.1432
    },
    "bollinger_bands": {
      "upper": 616.82,
      "middle": 596.02,
      "lower": 575.22
    }
  },
  "bsm_analysis": {
    "greeks": {
      "delta": 0.5486,
      "gamma": 0.015577,
      "theta": -0.2129,
      "vega": 0.6726,
      "rho": 0.2577
    },
    "atm_call_price": 11.45,
    "atm_put_price": 8.89,
    "implied_move": 0.38
  },
  "prediction": {
    "signal": "NEUTRAL",
    "score": 1,
    "confidence": 25.0,
    "reasons": [
      "MACD histogram positive (bullish momentum)"
    ],
    "target_price": 592.43,
    "support": 590.91,
    "resistance": 593.83
  },
  "simulation": {
    "statistics": {
      "mean": 592.4272238512591,
      "std": 2.259834911742816,
      "p05": 588.8952691584758,
      "p25": 590.9148853864475,
      "p50": 592.4386248904782,
      "p75": 593.8299946532488,
      "p95": 596.133289714653,
      "min": 583.6983558946168,
      "max": 601.4956346870676
    },
    "simulations": 1000,
    "volatility": 0.1497
  }
}