{
  "ticker": "SPY",
  "timestamp": "2026-03-16T16:11:53.429826",
  "current_price": 596.47,
  "forecast_minutes": 60,
  "technical_indicators": {
    "rsi": 40.45,
    "macd": {
      "line": -7.9641,
      "signal": -7.1677,
      "histogram": -0.7964
    },
    "bollinger_bands": {
      "upper": 621.85,
      "middle": 589.4,
      "lower": 556.94
    }
  },
  "bsm_analysis": {
    "greeks": {
      "delta": 0.5376,
      "gamma": 0.008529,
      "theta": -0.3515,
      "vega": 0.6792,
      "rho": 0.2472
    },
    "atm_call_price": 19.85,
    "atm_put_price": 17.28,
    "implied_move": 0.7
  },
  "prediction": {
    "signal": "NEUTRAL",
    "score": -1,
    "confidence": 25.0,
    "reasons": [
      "MACD histogram negative (bearish momentum)"
    ],
    "target_price": 596.64,
    "support": 593.71,
    "resistance": 599.37
  },
  "simulation": {
    "statistics": {
      "mean": 596.6444125645128,
      "std": 4.151851004764859,
      "p05": 590.1540769767278,
      "p25": 593.7097126045451,
      "p50": 596.6570292763349,
      "p75": 599.3743408765611,
      "p95": 603.3885899349492,
      "min": 579.46388575018,
      "max": 611.0235952803265
    },
    "simulations": 1000,
    "volatility": 0.2723
  }
}