{
  "ticker": "SPY",
  "timestamp": "2026-02-15T18:56:25.628514",
  "current_price": 594.97,
  "forecast_minutes": 60,
  "technical_indicators": {
    "rsi": 47.08,
    "macd": {
      "line": 9.7074,
      "signal": 8.7366,
      "histogram": 0.9707
    },
    "bollinger_bands": {
      "upper": 658.68,
      "middle": 615.04,
      "lower": 571.41
    }
  },
  "bsm_analysis": {
    "greeks": {
      "delta": 0.5371,
      "gamma": 0.007613,
      "theta": -0.3882,
      "vega": 0.6775,
      "rho": 0.2445
    },
    "atm_call_price": 22.07,
    "atm_put_price": 19.51,
    "implied_move": 0.76
  },
  "prediction": {
    "signal": "NEUTRAL",
    "score": 1,
    "confidence": 25.0,
    "reasons": [
      "MACD histogram positive (bullish momentum)"
    ],
    "target_price": 595.0,
    "support": 591.87,
    "resistance": 598.09
  },
  "simulation": {
    "statistics": {
      "mean": 595.0008872589401,
      "std": 4.5077338966123275,
      "p05": 587.7314782261632,
      "p25": 591.8658519927662,
      "p50": 594.9054690311116,
      "p75": 598.0904891681289,
      "p95": 602.5634106550232,
      "min": 579.8599891777836,
      "max": 610.752533139704
    },
    "simulations": 1000,
    "volatility": 0.3059
  }
}