{
  "ticker": "SPY",
  "timestamp": "2026-04-01T16:10:17.236186",
  "current_price": 597.83,
  "forecast_minutes": 60,
  "technical_indicators": {
    "rsi": 48.4,
    "macd": {
      "line": -11.599,
      "signal": -10.4391,
      "histogram": -1.1599
    },
    "bollinger_bands": {
      "upper": 633.91,
      "middle": 587.3,
      "lower": 540.7
    }
  },
  "bsm_analysis": {
    "greeks": {
      "delta": 0.5372,
      "gamma": 0.00649,
      "theta": -0.4477,
      "vega": 0.6808,
      "rho": 0.2429
    },
    "atm_call_price": 25.66,
    "atm_put_price": 23.09,
    "implied_move": 0.9
  },
  "prediction": {
    "signal": "NEUTRAL",
    "score": -1,
    "confidence": 25.0,
    "reasons": [
      "MACD histogram negative (bearish momentum)"
    ],
    "target_price": 597.68,
    "support": 593.78,
    "resistance": 601.3
  },
  "simulation": {
    "statistics": {
      "mean": 597.6841772534889,
      "std": 5.381526559175599,
      "p05": 589.038896173582,
      "p25": 593.7776382649856,
      "p50": 597.5132678219352,
      "p75": 601.3029263002409,
      "p95": 606.4228780655098,
      "min": 581.864019713134,
      "max": 615.8583994605998
    },
    "simulations": 1000,
    "volatility": 0.3571
  }
}