{
  "ticker": "SPY",
  "timestamp": "2026-03-22T23:30:07.050644",
  "current_price": 594.36,
  "forecast_minutes": 60,
  "technical_indicators": {
    "rsi": 57.4,
    "macd": {
      "line": 0.5757,
      "signal": 0.5181,
      "histogram": 0.0576
    },
    "bollinger_bands": {
      "upper": 595.1,
      "middle": 584.08,
      "lower": 573.05
    }
  },
  "bsm_analysis": {
    "greeks": {
      "delta": 0.539,
      "gamma": 0.009969,
      "theta": -0.3072,
      "vega": 0.6765,
      "rho": 0.2492
    },
    "atm_call_price": 17.16,
    "atm_put_price": 14.61,
    "implied_move": 0.6
  },
  "prediction": {
    "signal": "NEUTRAL",
    "score": 1,
    "confidence": 25.0,
    "reasons": [
      "MACD histogram positive (bullish momentum)"
    ],
    "target_price": 594.39,
    "support": 591.88,
    "resistance": 596.95
  },
  "simulation": {
    "statistics": {
      "mean": 594.3908132694796,
      "std": 3.565155871072255,
      "p05": 588.9324593937823,
      "p25": 591.8845263079529,
      "p50": 594.3564344917872,
      "p75": 596.9503942042791,
      "p95": 600.177656988359,
      "min": 583.9336855463055,
      "max": 605.842374305071
    },
    "simulations": 1000,
    "volatility": 0.2337
  }
}