{
  "ticker": "SPY",
  "timestamp": "2026-03-13T13:31:16.824766",
  "current_price": 593.85,
  "forecast_minutes": 60,
  "technical_indicators": {
    "rsi": 59.57,
    "macd": {
      "line": -5.7346,
      "signal": -5.1612,
      "histogram": -0.5735
    },
    "bollinger_bands": {
      "upper": 593.09,
      "middle": 561.91,
      "lower": 530.72
    }
  },
  "bsm_analysis": {
    "greeks": {
      "delta": 0.5371,
      "gamma": 0.006627,
      "theta": -0.4391,
      "vega": 0.6763,
      "rho": 0.2415
    },
    "atm_call_price": 25.15,
    "atm_put_price": 22.59,
    "implied_move": 0.88
  },
  "prediction": {
    "signal": "NEUTRAL",
    "score": -1,
    "confidence": 25.0,
    "reasons": [
      "MACD histogram negative (bearish momentum)"
    ],
    "target_price": 593.85,
    "support": 590.45,
    "resistance": 597.32
  },
  "simulation": {
    "statistics": {
      "mean": 593.8525360379199,
      "std": 5.211524990336891,
      "p05": 585.4117426882544,
      "p25": 590.4527061572112,
      "p50": 593.9045056097041,
      "p75": 597.3168286252994,
      "p95": 602.3459226332621,
      "min": 576.99981858487,
      "max": 614.0428557466222
    },
    "simulations": 1000,
    "volatility": 0.3521
  }
}