{
  "ticker": "SPY",
  "timestamp": "2026-02-25T21:15:54.365193",
  "current_price": 594.82,
  "forecast_minutes": 60,
  "technical_indicators": {
    "rsi": 54.83,
    "macd": {
      "line": -5.36,
      "signal": -4.824,
      "histogram": -0.536
    },
    "bollinger_bands": {
      "upper": 601.88,
      "middle": 576.2,
      "lower": 550.52
    }
  },
  "bsm_analysis": {
    "greeks": {
      "delta": 0.5382,
      "gamma": 0.009249,
      "theta": -0.3276,
      "vega": 0.6772,
      "rho": 0.248
    },
    "atm_call_price": 18.4,
    "atm_put_price": 15.84,
    "implied_move": 0.64
  },
  "prediction": {
    "signal": "NEUTRAL",
    "score": -1,
    "confidence": 25.0,
    "reasons": [
      "MACD histogram negative (bearish momentum)"
    ],
    "target_price": 594.85,
    "support": 592.14,
    "resistance": 597.56
  },
  "simulation": {
    "statistics": {
      "mean": 594.8451271604774,
      "std": 3.8316665842827815,
      "p05": 588.8035341900281,
      "p25": 592.1384207693884,
      "p50": 594.721946464553,
      "p75": 597.559271313179,
      "p95": 601.0077783398048,
      "min": 582.175923703253,
      "max": 610.4234895418837
    },
    "simulations": 1000,
    "volatility": 0.2518
  }
}