{
  "ticker": "SPY",
  "timestamp": "2026-03-31T16:12:22.099009",
  "current_price": 592.59,
  "forecast_minutes": 60,
  "technical_indicators": {
    "rsi": 55.59,
    "macd": {
      "line": 2.9906,
      "signal": 2.6916,
      "histogram": 0.2991
    },
    "bollinger_bands": {
      "upper": 603.63,
      "middle": 590.84,
      "lower": 578.05
    }
  },
  "bsm_analysis": {
    "greeks": {
      "delta": 0.5503,
      "gamma": 0.016431,
      "theta": -0.2042,
      "vega": 0.6724,
      "rho": 0.2591
    },
    "atm_call_price": 10.92,
    "atm_put_price": 8.37,
    "implied_move": 0.35
  },
  "prediction": {
    "signal": "NEUTRAL",
    "score": 1,
    "confidence": 25.0,
    "reasons": [
      "MACD histogram positive (bullish momentum)"
    ],
    "target_price": 592.4,
    "support": 591.03,
    "resistance": 593.76
  },
  "simulation": {
    "statistics": {
      "mean": 592.403090016253,
      "std": 2.076610270893767,
      "p05": 588.9304000464523,
      "p25": 591.0265646770724,
      "p50": 592.4377825385727,
      "p75": 593.7642418652755,
      "p95": 595.7480327904398,
      "min": 586.5644513689666,
      "max": 598.9809427482094
    },
    "simulations": 1000,
    "volatility": 0.1418
  }
}