{
  "ticker": "SPY",
  "timestamp": "2026-03-14T15:54:51.201886",
  "current_price": 594.12,
  "forecast_minutes": 60,
  "technical_indicators": {
    "rsi": 57.38,
    "macd": {
      "line": 2.9569,
      "signal": 2.6612,
      "histogram": 0.2957
    },
    "bollinger_bands": {
      "upper": 599.84,
      "middle": 583.98,
      "lower": 568.12
    }
  },
  "bsm_analysis": {
    "greeks": {
      "delta": 0.5463,
      "gamma": 0.014404,
      "theta": -0.2266,
      "vega": 0.6749,
      "rho": 0.2567
    },
    "atm_call_price": 12.28,
    "atm_put_price": 9.72,
    "implied_move": 0.39
  },
  "prediction": {
    "signal": "NEUTRAL",
    "score": 1,
    "confidence": 25.0,
    "reasons": [
      "MACD histogram positive (bullish momentum)"
    ],
    "target_price": 594.17,
    "support": 592.53,
    "resistance": 595.77
  },
  "simulation": {
    "statistics": {
      "mean": 594.170776353209,
      "std": 2.3243804409927855,
      "p05": 590.2632440050143,
      "p25": 592.533005228151,
      "p50": 594.2141510390203,
      "p75": 595.7666981289744,
      "p95": 597.9071441707971,
      "min": 586.3956815754606,
      "max": 601.2711557269558
    },
    "simulations": 1000,
    "volatility": 0.1615
  }
}