{
  "ticker": "SPY",
  "timestamp": "2026-03-09T10:49:05.040809",
  "current_price": 594.42,
  "forecast_minutes": 60,
  "technical_indicators": {
    "rsi": 44.82,
    "macd": {
      "line": 9.734,
      "signal": 8.7606,
      "histogram": 0.9734
    },
    "bollinger_bands": {
      "upper": 659.22,
      "middle": 620.71,
      "lower": 582.21
    }
  },
  "bsm_analysis": {
    "greeks": {
      "delta": 0.5371,
      "gamma": 0.006717,
      "theta": -0.4338,
      "vega": 0.6769,
      "rho": 0.242
    },
    "atm_call_price": 24.83,
    "atm_put_price": 22.27,
    "implied_move": 0.84
  },
  "prediction": {
    "signal": "NEUTRAL",
    "score": 1,
    "confidence": 25.0,
    "reasons": [
      "MACD histogram positive (bullish momentum)"
    ],
    "target_price": 594.55,
    "support": 591.24,
    "resistance": 597.95
  },
  "simulation": {
    "statistics": {
      "mean": 594.5451412703953,
      "std": 4.971380713380607,
      "p05": 586.4210637310227,
      "p25": 591.2394865513429,
      "p50": 594.3901527543476,
      "p75": 597.9452712889309,
      "p95": 602.8028792863382,
      "min": 579.0641730164401,
      "max": 613.5905489339581
    },
    "simulations": 1000,
    "volatility": 0.347
  }
}