{
  "ticker": "SPY",
  "timestamp": "2026-03-24T11:06:43.473024",
  "current_price": 593.93,
  "forecast_minutes": 60,
  "technical_indicators": {
    "rsi": 51.44,
    "macd": {
      "line": 2.0379,
      "signal": 1.8341,
      "histogram": 0.2038
    },
    "bollinger_bands": {
      "upper": 608.47,
      "middle": 598.12,
      "lower": 587.77
    }
  },
  "bsm_analysis": {
    "greeks": {
      "delta": 0.5542,
      "gamma": 0.018213,
      "theta": -0.1889,
      "vega": 0.673,
      "rho": 0.2624
    },
    "atm_call_price": 9.98,
    "atm_put_price": 7.42,
    "implied_move": 0.33
  },
  "prediction": {
    "signal": "NEUTRAL",
    "score": 1,
    "confidence": 25.0,
    "reasons": [
      "MACD histogram positive (bullish momentum)"
    ],
    "target_price": 593.83,
    "support": 592.64,
    "resistance": 595.13
  },
  "simulation": {
    "statistics": {
      "mean": 593.8258669111464,
      "std": 1.9440859186349164,
      "p05": 590.3950888593947,
      "p25": 592.639046221636,
      "p50": 593.8670772343355,
      "p75": 595.1336645515485,
      "p95": 597.0170513226491,
      "min": 587.7735345261091,
      "max": 600.2144066341181
    },
    "simulations": 1000,
    "volatility": 0.1275
  }
}