{
  "ticker": "SPY",
  "timestamp": "2026-02-26T14:35:38.699694",
  "current_price": 592.69,
  "forecast_minutes": 60,
  "technical_indicators": {
    "rsi": 47.89,
    "macd": {
      "line": 5.6727,
      "signal": 5.1054,
      "histogram": 0.5673
    },
    "bollinger_bands": {
      "upper": 632.2,
      "middle": 603.43,
      "lower": 574.66
    }
  },
  "bsm_analysis": {
    "greeks": {
      "delta": 0.5432,
      "gamma": 0.012773,
      "theta": -0.2496,
      "vega": 0.6739,
      "rho": 0.2534
    },
    "atm_call_price": 13.68,
    "atm_put_price": 11.12,
    "implied_move": 0.44
  },
  "prediction": {
    "signal": "NEUTRAL",
    "score": 1,
    "confidence": 25.0,
    "reasons": [
      "MACD histogram positive (bullish momentum)"
    ],
    "target_price": 592.67,
    "support": 590.88,
    "resistance": 594.47
  },
  "simulation": {
    "statistics": {
      "mean": 592.6692313828736,
      "std": 2.597038644995074,
      "p05": 588.5747763394327,
      "p25": 590.8784261653882,
      "p50": 592.6513281552278,
      "p75": 594.4706245188617,
      "p95": 596.9335338443384,
      "min": 584.6559999075625,
      "max": 600.3172469508695
    },
    "simulations": 1000,
    "volatility": 0.1827
  }
}