{
  "ticker": "SPY",
  "timestamp": "2026-04-01T08:43:42.100819",
  "current_price": 594.52,
  "forecast_minutes": 60,
  "technical_indicators": {
    "rsi": 77.17,
    "macd": {
      "line": 4.6873,
      "signal": 4.2186,
      "histogram": 0.4687
    },
    "bollinger_bands": {
      "upper": 580.2,
      "middle": 558.46,
      "lower": 536.73
    }
  },
  "bsm_analysis": {
    "greeks": {
      "delta": 0.5373,
      "gamma": 0.008181,
      "theta": -0.3644,
      "vega": 0.677,
      "rho": 0.2456
    },
    "atm_call_price": 20.63,
    "atm_put_price": 18.07,
    "implied_move": 0.7
  },
  "prediction": {
    "signal": "NEUTRAL",
    "score": -1,
    "confidence": 25.0,
    "reasons": [
      "RSI indicates overbought conditions",
      "MACD histogram positive (bullish momentum)"
    ],
    "target_price": 594.48,
    "support": 591.6,
    "resistance": 597.43
  },
  "simulation": {
    "statistics": {
      "mean": 594.4774568354956,
      "std": 4.13873577472413,
      "p05": 587.6100328238791,
      "p25": 591.5991588036006,
      "p50": 594.4534054476032,
      "p75": 597.4313606512148,
      "p95": 601.0065242953032,
      "min": 580.5214656256478,
      "max": 607.7818781019784
    },
    "simulations": 1000,
    "volatility": 0.2848
  }
}