{
  "ticker": "SPY",
  "timestamp": "2026-03-01T23:26:36.672629",
  "current_price": 597.44,
  "forecast_minutes": 60,
  "technical_indicators": {
    "rsi": 38.37,
    "macd": {
      "line": 4.5636,
      "signal": 4.1072,
      "histogram": 0.4564
    },
    "bollinger_bands": {
      "upper": 672.93,
      "middle": 639.82,
      "lower": 606.7
    }
  },
  "bsm_analysis": {
    "greeks": {
      "delta": 0.5381,
      "gamma": 0.005587,
      "theta": -0.5124,
      "vega": 0.6802,
      "rho": 0.2399
    },
    "atm_call_price": 29.58,
    "atm_put_price": 27.01,
    "implied_move": 1.04
  },
  "prediction": {
    "signal": "NEUTRAL",
    "score": 1,
    "confidence": 25.0,
    "reasons": [
      "MACD histogram positive (bullish momentum)"
    ],
    "target_price": 597.68,
    "support": 593.36,
    "resistance": 602.07
  },
  "simulation": {
    "statistics": {
      "mean": 597.6762171648757,
      "std": 6.1835583732284265,
      "p05": 587.6241841476605,
      "p25": 593.3567811377106,
      "p50": 597.6254614514673,
      "p75": 602.0690042485046,
      "p95": 607.7318018826244,
      "min": 580.1479679706746,
      "max": 614.9861473791453
    },
    "simulations": 1000,
    "volatility": 0.415
  }
}