{
  "ticker": "SPY",
  "timestamp": "2026-02-27T01:13:13.479600",
  "current_price": 596.57,
  "forecast_minutes": 60,
  "technical_indicators": {
    "rsi": 70.47,
    "macd": {
      "line": 4.5089,
      "signal": 4.058,
      "histogram": 0.4509
    },
    "bollinger_bands": {
      "upper": 599.49,
      "middle": 579.62,
      "lower": 559.75
    }
  },
  "bsm_analysis": {
    "greeks": {
      "delta": 0.5532,
      "gamma": 0.017679,
      "theta": -0.1934,
      "vega": 0.6762,
      "rho": 0.2629
    },
    "atm_call_price": 10.25,
    "atm_put_price": 7.68,
    "implied_move": 0.32
  },
  "prediction": {
    "signal": "NEUTRAL",
    "score": -1,
    "confidence": 25.0,
    "reasons": [
      "RSI indicates overbought conditions",
      "MACD histogram positive (bullish momentum)"
    ],
    "target_price": 596.62,
    "support": 595.34,
    "resistance": 597.94
  },
  "simulation": {
    "statistics": {
      "mean": 596.6168915405261,
      "std": 1.9068157661484433,
      "p05": 593.4301277723935,
      "p25": 595.3406045994692,
      "p50": 596.6263462731717,
      "p75": 597.9436317372692,
      "p95": 599.7533384424905,
      "min": 589.994709603319,
      "max": 602.2793751785542
    },
    "simulations": 1000,
    "volatility": 0.1308
  }
}