{
  "ticker": "SPY",
  "timestamp": "2026-03-10T15:07:26.767155",
  "current_price": 594.42,
  "forecast_minutes": 60,
  "technical_indicators": {
    "rsi": 66.39,
    "macd": {
      "line": 2.9668,
      "signal": 2.6701,
      "histogram": 0.2967
    },
    "bollinger_bands": {
      "upper": 595.38,
      "middle": 576.29,
      "lower": 557.2
    }
  },
  "bsm_analysis": {
    "greeks": {
      "delta": 0.5451,
      "gamma": 0.013748,
      "theta": -0.2353,
      "vega": 0.6755,
      "rho": 0.2558
    },
    "atm_call_price": 12.8,
    "atm_put_price": 10.24,
    "implied_move": 0.41
  },
  "prediction": {
    "signal": "NEUTRAL",
    "score": 1,
    "confidence": 25.0,
    "reasons": [
      "MACD histogram positive (bullish momentum)"
    ],
    "target_price": 594.51,
    "support": 592.8,
    "resistance": 596.29
  },
  "simulation": {
    "statistics": {
      "mean": 594.5077447622632,
      "std": 2.4512971879067056,
      "p05": 590.4371776364758,
      "p25": 592.7954935788528,
      "p50": 594.543480011753,
      "p75": 596.2904630208748,
      "p95": 598.4137948128339,
      "min": 584.9664537068385,
      "max": 602.4203230617233
    },
    "simulations": 1000,
    "volatility": 0.1692
  }
}