{
  "ticker": "SPY",
  "timestamp": "2026-03-01T06:55:40.061546",
  "current_price": 593.67,
  "forecast_minutes": 60,
  "technical_indicators": {
    "rsi": 63.23,
    "macd": {
      "line": 0.4874,
      "signal": 0.4387,
      "histogram": 0.0487
    },
    "bollinger_bands": {
      "upper": 584.98,
      "middle": 558.53,
      "lower": 532.09
    }
  },
  "bsm_analysis": {
    "greeks": {
      "delta": 0.5371,
      "gamma": 0.007617,
      "theta": -0.3879,
      "vega": 0.6761,
      "rho": 0.2439
    },
    "atm_call_price": 22.06,
    "atm_put_price": 19.5,
    "implied_move": 0.75
  },
  "prediction": {
    "signal": "NEUTRAL",
    "score": 1,
    "confidence": 25.0,
    "reasons": [
      "MACD histogram positive (bullish momentum)"
    ],
    "target_price": 593.72,
    "support": 590.49,
    "resistance": 596.7
  },
  "simulation": {
    "statistics": {
      "mean": 593.715873425377,
      "std": 4.481215135052675,
      "p05": 586.2913467621051,
      "p25": 590.4853062894331,
      "p50": 593.8535256909563,
      "p75": 596.6987965853509,
      "p95": 600.8397290554551,
      "min": 580.1473179594872,
      "max": 609.4979166908997
    },
    "simulations": 1000,
    "volatility": 0.3064
  }
}