{
  "ticker": "SPY",
  "timestamp": "2026-03-12T04:01:41.467463",
  "current_price": 593.48,
  "forecast_minutes": 60,
  "technical_indicators": {
    "rsi": 62.04,
    "macd": {
      "line": -4.4439,
      "signal": -3.9995,
      "histogram": -0.4444
    },
    "bollinger_bands": {
      "upper": 594.28,
      "middle": 567.27,
      "lower": 540.26
    }
  },
  "bsm_analysis": {
    "greeks": {
      "delta": 0.5371,
      "gamma": 0.007683,
      "theta": -0.385,
      "vega": 0.6758,
      "rho": 0.244
    },
    "atm_call_price": 21.88,
    "atm_put_price": 19.32,
    "implied_move": 0.73
  },
  "prediction": {
    "signal": "NEUTRAL",
    "score": -1,
    "confidence": 25.0,
    "reasons": [
      "MACD histogram negative (bearish momentum)"
    ],
    "target_price": 593.21,
    "support": 590.34,
    "resistance": 596.12
  },
  "simulation": {
    "statistics": {
      "mean": 593.2064927388462,
      "std": 4.354964834190155,
      "p05": 585.8965234106782,
      "p25": 590.3380111732663,
      "p50": 593.1614117440882,
      "p75": 596.1216679739111,
      "p95": 600.6102851698098,
      "min": 579.2771729152918,
      "max": 605.394390089017
    },
    "simulations": 1000,
    "volatility": 0.3039
  }
}