{
  "ticker": "SPY",
  "timestamp": "2026-03-11T23:42:44.268070",
  "current_price": 596.89,
  "forecast_minutes": 60,
  "technical_indicators": {
    "rsi": 77.51,
    "macd": {
      "line": 1.3346,
      "signal": 1.2012,
      "histogram": 0.1335
    },
    "bollinger_bands": {
      "upper": 575.14,
      "middle": 547.04,
      "lower": 518.95
    }
  },
  "bsm_analysis": {
    "greeks": {
      "delta": 0.5385,
      "gamma": 0.005418,
      "theta": -0.5269,
      "vega": 0.6795,
      "rho": 0.2391
    },
    "atm_call_price": 30.46,
    "atm_put_price": 27.89,
    "implied_move": 1.05
  },
  "prediction": {
    "signal": "NEUTRAL",
    "score": -1,
    "confidence": 25.0,
    "reasons": [
      "RSI indicates overbought conditions",
      "MACD histogram positive (bullish momentum)"
    ],
    "target_price": 597.01,
    "support": 593.07,
    "resistance": 601.13
  },
  "simulation": {
    "statistics": {
      "mean": 597.0130674776202,
      "std": 6.254368351236697,
      "p05": 586.5377715820104,
      "p25": 593.0699967188423,
      "p50": 596.9654002623472,
      "p75": 601.1338883064999,
      "p95": 607.0842100417988,
      "min": 574.8056316795837,
      "max": 619.6502650610506
    },
    "simulations": 1000,
    "volatility": 0.4283
  }
}