{
  "ticker": "SPY",
  "timestamp": "2026-03-18T21:16:47.269199",
  "current_price": 595.96,
  "forecast_minutes": 60,
  "technical_indicators": {
    "rsi": 56.7,
    "macd": {
      "line": -2.3112,
      "signal": -2.0801,
      "histogram": -0.2311
    },
    "bollinger_bands": {
      "upper": 597.07,
      "middle": 582.44,
      "lower": 567.8
    }
  },
  "bsm_analysis": {
    "greeks": {
      "delta": 0.5442,
      "gamma": 0.013241,
      "theta": -0.2426,
      "vega": 0.6774,
      "rho": 0.2557
    },
    "atm_call_price": 13.25,
    "atm_put_price": 10.68,
    "implied_move": 0.42
  },
  "prediction": {
    "signal": "NEUTRAL",
    "score": -1,
    "confidence": 25.0,
    "reasons": [
      "MACD histogram negative (bearish momentum)"
    ],
    "target_price": 595.97,
    "support": 594.12,
    "resistance": 597.65
  },
  "simulation": {
    "statistics": {
      "mean": 595.9660454506453,
      "std": 2.52947960306609,
      "p05": 591.9060757909604,
      "p25": 594.1169559470147,
      "p50": 595.9807800675743,
      "p75": 597.6523691894413,
      "p95": 600.1920344660163,
      "min": 588.505618020378,
      "max": 602.9063164067747
    },
    "simulations": 1000,
    "volatility": 0.1753
  }
}