{
  "ticker": "SPY",
  "timestamp": "2026-02-16T16:09:36.847621",
  "current_price": 593.2,
  "forecast_minutes": 60,
  "technical_indicators": {
    "rsi": 65.26,
    "macd": {
      "line": -3.5705,
      "signal": -3.2135,
      "histogram": -0.3571
    },
    "bollinger_bands": {
      "upper": 592.38,
      "middle": 555.01,
      "lower": 517.64
    }
  },
  "bsm_analysis": {
    "greeks": {
      "delta": 0.5371,
      "gamma": 0.007587,
      "theta": -0.3892,
      "vega": 0.6755,
      "rho": 0.2437
    },
    "atm_call_price": 22.14,
    "atm_put_price": 19.58,
    "implied_move": 0.78
  },
  "prediction": {
    "signal": "NEUTRAL",
    "score": -1,
    "confidence": 25.0,
    "reasons": [
      "MACD histogram negative (bearish momentum)"
    ],
    "target_price": 593.21,
    "support": 590.02,
    "resistance": 596.47
  },
  "simulation": {
    "statistics": {
      "mean": 593.2096561417525,
      "std": 4.599765588255507,
      "p05": 585.5994946082363,
      "p25": 590.0219788212337,
      "p50": 593.1468943186071,
      "p75": 596.4692744252327,
      "p95": 600.8428483869889,
      "min": 579.0883033807397,
      "max": 607.3411738884497
    },
    "simulations": 1000,
    "volatility": 0.3078
  }
}