{
  "ticker": "SPY",
  "timestamp": "2026-02-14T18:50:59.224892",
  "current_price": 595.61,
  "forecast_minutes": 60,
  "technical_indicators": {
    "rsi": 59.98,
    "macd": {
      "line": -2.1303,
      "signal": -1.9173,
      "histogram": -0.213
    },
    "bollinger_bands": {
      "upper": 592.26,
      "middle": 571.87,
      "lower": 551.48
    }
  },
  "bsm_analysis": {
    "greeks": {
      "delta": 0.5378,
      "gamma": 0.00883,
      "theta": -0.341,
      "vega": 0.6782,
      "rho": 0.2475
    },
    "atm_call_price": 19.21,
    "atm_put_price": 16.65,
    "implied_move": 0.64
  },
  "prediction": {
    "signal": "NEUTRAL",
    "score": -1,
    "confidence": 25.0,
    "reasons": [
      "MACD histogram negative (bearish momentum)"
    ],
    "target_price": 595.75,
    "support": 593.28,
    "resistance": 598.29
  },
  "simulation": {
    "statistics": {
      "mean": 595.7503423563987,
      "std": 3.824561071300626,
      "p05": 589.1669232703596,
      "p25": 593.2767866216551,
      "p50": 595.8595499294896,
      "p75": 598.2946715497627,
      "p95": 602.2064409783213,
      "min": 582.3318322776548,
      "max": 606.3784729942308
    },
    "simulations": 1000,
    "volatility": 0.2634
  }
}