{
  "ticker": "SPY",
  "timestamp": "2026-03-15T19:13:59.131292",
  "current_price": 594.18,
  "forecast_minutes": 60,
  "technical_indicators": {
    "rsi": 65.34,
    "macd": {
      "line": 5.4626,
      "signal": 4.9164,
      "histogram": 0.5463
    },
    "bollinger_bands": {
      "upper": 603.0,
      "middle": 587.12,
      "lower": 571.23
    }
  },
  "bsm_analysis": {
    "greeks": {
      "delta": 0.5579,
      "gamma": 0.019856,
      "theta": -0.1771,
      "vega": 0.6724,
      "rho": 0.2649
    },
    "atm_call_price": 9.26,
    "atm_put_price": 6.7,
    "implied_move": 0.29
  },
  "prediction": {
    "signal": "NEUTRAL",
    "score": 1,
    "confidence": 25.0,
    "reasons": [
      "MACD histogram positive (bullish momentum)"
    ],
    "target_price": 594.16,
    "support": 592.99,
    "resistance": 595.27
  },
  "simulation": {
    "statistics": {
      "mean": 594.1633623537633,
      "std": 1.7362695952755243,
      "p05": 591.3000748720797,
      "p25": 592.9916163359962,
      "p50": 594.1979258430194,
      "p75": 595.2739323078192,
      "p95": 596.8708094242156,
      "min": 587.1524231989588,
      "max": 601.3013344472596
    },
    "simulations": 1000,
    "volatility": 0.1167
  }
}