{
  "ticker": "SPY",
  "timestamp": "2026-02-28T20:53:38.337852",
  "current_price": 596.06,
  "forecast_minutes": 60,
  "technical_indicators": {
    "rsi": 60.38,
    "macd": {
      "line": -4.5731,
      "signal": -4.1158,
      "histogram": -0.4573
    },
    "bollinger_bands": {
      "upper": 589.06,
      "middle": 555.22,
      "lower": 521.38
    }
  },
  "bsm_analysis": {
    "greeks": {
      "delta": 0.5395,
      "gamma": 0.004961,
      "theta": -0.571,
      "vega": 0.6784,
      "rho": 0.2371
    },
    "atm_call_price": 33.13,
    "atm_put_price": 30.57,
    "implied_move": 1.15
  },
  "prediction": {
    "signal": "NEUTRAL",
    "score": -1,
    "confidence": 25.0,
    "reasons": [
      "MACD histogram negative (bearish momentum)"
    ],
    "target_price": 596.07,
    "support": 591.56,
    "resistance": 600.66
  },
  "simulation": {
    "statistics": {
      "mean": 596.0749391945275,
      "std": 6.8408742307461825,
      "p05": 585.5666511138197,
      "p25": 591.5592977811528,
      "p50": 596.0129276973598,
      "p75": 600.6646724745472,
      "p95": 607.6899682722498,
      "min": 572.4110515139561,
      "max": 617.700346977884
    },
    "simulations": 1000,
    "volatility": 0.4683
  }
}