{
  "ticker": "SPY",
  "timestamp": "2026-04-14T23:06:35.473406",
  "current_price": 595.65,
  "forecast_minutes": 60,
  "technical_indicators": {
    "rsi": 68.42,
    "macd": {
      "line": 1.7613,
      "signal": 1.5852,
      "histogram": 0.1761
    },
    "bollinger_bands": {
      "upper": 585.41,
      "middle": 567.59,
      "lower": 549.77
    }
  },
  "bsm_analysis": {
    "greeks": {
      "delta": 0.5387,
      "gamma": 0.009665,
      "theta": -0.3155,
      "vega": 0.6781,
      "rho": 0.2492
    },
    "atm_call_price": 17.67,
    "atm_put_price": 15.1,
    "implied_move": 0.58
  },
  "prediction": {
    "signal": "NEUTRAL",
    "score": 1,
    "confidence": 25.0,
    "reasons": [
      "MACD histogram positive (bullish momentum)"
    ],
    "target_price": 595.58,
    "support": 593.3,
    "resistance": 597.98
  },
  "simulation": {
    "statistics": {
      "mean": 595.5836644475254,
      "std": 3.441082766539813,
      "p05": 590.0197833042995,
      "p25": 593.3034588936309,
      "p50": 595.5025064635288,
      "p75": 597.9814572155634,
      "p95": 601.2477483846834,
      "min": 585.7481294287345,
      "max": 605.2690130929205
    },
    "simulations": 1000,
    "volatility": 0.2406
  }
}