{
  "ticker": "SPY",
  "timestamp": "2026-03-20T16:23:12.187849",
  "current_price": 594.67,
  "forecast_minutes": 60,
  "technical_indicators": {
    "rsi": 65.05,
    "macd": {
      "line": -0.3591,
      "signal": -0.3232,
      "histogram": -0.0359
    },
    "bollinger_bands": {
      "upper": 583.7,
      "middle": 566.26,
      "lower": 548.83
    }
  },
  "bsm_analysis": {
    "greeks": {
      "delta": 0.5371,
      "gamma": 0.007566,
      "theta": -0.3903,
      "vega": 0.6772,
      "rho": 0.2443
    },
    "atm_call_price": 22.2,
    "atm_put_price": 19.64,
    "implied_move": 0.76
  },
  "prediction": {
    "signal": "NEUTRAL",
    "score": -1,
    "confidence": 25.0,
    "reasons": [
      "MACD histogram negative (bearish momentum)"
    ],
    "target_price": 594.61,
    "support": 591.46,
    "resistance": 597.52
  },
  "simulation": {
    "statistics": {
      "mean": 594.6051375565496,
      "std": 4.5468934771775755,
      "p05": 587.1866088150574,
      "p25": 591.4561093062445,
      "p50": 594.549638433101,
      "p75": 597.5174284863051,
      "p95": 602.2036104805934,
      "min": 581.8036205363604,
      "max": 609.5656827831631
    },
    "simulations": 1000,
    "volatility": 0.308
  }
}