{
  "ticker": "SPY",
  "timestamp": "2026-03-21T22:43:12.070634",
  "current_price": 595.15,
  "forecast_minutes": 60,
  "technical_indicators": {
    "rsi": 52.25,
    "macd": {
      "line": 2.7669,
      "signal": 2.4902,
      "histogram": 0.2767
    },
    "bollinger_bands": {
      "upper": 605.93,
      "middle": 592.44,
      "lower": 578.94
    }
  },
  "bsm_analysis": {
    "greeks": {
      "delta": 0.5449,
      "gamma": 0.013616,
      "theta": -0.2371,
      "vega": 0.6764,
      "rho": 0.2559
    },
    "atm_call_price": 12.91,
    "atm_put_price": 10.35,
    "implied_move": 0.42
  },
  "prediction": {
    "signal": "NEUTRAL",
    "score": 1,
    "confidence": 25.0,
    "reasons": [
      "MACD histogram positive (bullish momentum)"
    ],
    "target_price": 595.12,
    "support": 593.42,
    "resistance": 596.73
  },
  "simulation": {
    "statistics": {
      "mean": 595.1189057994821,
      "std": 2.5206778206184737,
      "p05": 591.1432349593583,
      "p25": 593.415979367001,
      "p50": 595.091616925551,
      "p75": 596.7337315159302,
      "p95": 599.3748546459395,
      "min": 587.2016286120303,
      "max": 603.3065025120873
    },
    "simulations": 1000,
    "volatility": 0.1706
  }
}