{
  "ticker": "SPY",
  "timestamp": "2026-02-22T23:00:55.715894",
  "current_price": 592.97,
  "forecast_minutes": 60,
  "technical_indicators": {
    "rsi": 69.24,
    "macd": {
      "line": 0.1776,
      "signal": 0.1599,
      "histogram": 0.0178
    },
    "bollinger_bands": {
      "upper": 581.58,
      "middle": 568.05,
      "lower": 554.52
    }
  },
  "bsm_analysis": {
    "greeks": {
      "delta": 0.544,
      "gamma": 0.013205,
      "theta": -0.2429,
      "vega": 0.6741,
      "rho": 0.2542
    },
    "atm_call_price": 13.27,
    "atm_put_price": 10.72,
    "implied_move": 0.45
  },
  "prediction": {
    "signal": "NEUTRAL",
    "score": 1,
    "confidence": 25.0,
    "reasons": [
      "MACD histogram positive (bullish momentum)"
    ],
    "target_price": 593.03,
    "support": 591.25,
    "resistance": 594.96
  },
  "simulation": {
    "statistics": {
      "mean": 593.0329348739169,
      "std": 2.650736420510057,
      "p05": 588.6466126004239,
      "p25": 591.2537891647878,
      "p50": 593.0978411183546,
      "p75": 594.9566381538394,
      "p95": 597.1757555842237,
      "min": 584.0143600861774,
      "max": 602.3428152227547
    },
    "simulations": 1000,
    "volatility": 0.1766
  }
}