{
  "ticker": "SPY",
  "timestamp": "2026-02-20T23:03:36.893016",
  "current_price": 597.38,
  "forecast_minutes": 60,
  "technical_indicators": {
    "rsi": 41.62,
    "macd": {
      "line": -2.732,
      "signal": -2.4588,
      "histogram": -0.2732
    },
    "bollinger_bands": {
      "upper": 621.3,
      "middle": 605.45,
      "lower": 589.6
    }
  },
  "bsm_analysis": {
    "greeks": {
      "delta": 0.5412,
      "gamma": 0.011438,
      "theta": -0.2738,
      "vega": 0.6796,
      "rho": 0.2533
    },
    "atm_call_price": 15.13,
    "atm_put_price": 12.56,
    "implied_move": 0.5
  },
  "prediction": {
    "signal": "NEUTRAL",
    "score": -1,
    "confidence": 25.0,
    "reasons": [
      "MACD histogram negative (bearish momentum)"
    ],
    "target_price": 597.53,
    "support": 595.47,
    "resistance": 599.5
  },
  "simulation": {
    "statistics": {
      "mean": 597.5253206981565,
      "std": 2.979746261418496,
      "p05": 592.7697321996477,
      "p25": 595.466563284215,
      "p50": 597.4931986455342,
      "p75": 599.5043790771344,
      "p95": 602.3824903648615,
      "min": 585.2130258147698,
      "max": 607.156145295295
    },
    "simulations": 1000,
    "volatility": 0.2026
  }
}