{
  "ticker": "SPY",
  "timestamp": "2026-03-02T07:10:17.864648",
  "current_price": 592.15,
  "forecast_minutes": 60,
  "technical_indicators": {
    "rsi": 64.93,
    "macd": {
      "line": 2.3749,
      "signal": 2.1374,
      "histogram": 0.2375
    },
    "bollinger_bands": {
      "upper": 582.68,
      "middle": 568.79,
      "lower": 554.91
    }
  },
  "bsm_analysis": {
    "greeks": {
      "delta": 0.5399,
      "gamma": 0.010723,
      "theta": -0.2886,
      "vega": 0.6739,
      "rho": 0.2496
    },
    "atm_call_price": 16.04,
    "atm_put_price": 13.49,
    "implied_move": 0.54
  },
  "prediction": {
    "signal": "NEUTRAL",
    "score": 1,
    "confidence": 25.0,
    "reasons": [
      "MACD histogram positive (bullish momentum)"
    ],
    "target_price": 592.37,
    "support": 590.14,
    "resistance": 594.56
  },
  "simulation": {
    "statistics": {
      "mean": 592.3680437116586,
      "std": 3.168057577663123,
      "p05": 587.1274964749738,
      "p25": 590.1373049107864,
      "p50": 592.4071495006806,
      "p75": 594.555120169757,
      "p95": 597.583040814461,
      "min": 581.9967468745933,
      "max": 600.9791294899084
    },
    "simulations": 1000,
    "volatility": 0.218
  }
}