{
  "ticker": "SPY",
  "timestamp": "2026-03-02T21:46:35.717841",
  "current_price": 594.87,
  "forecast_minutes": 60,
  "technical_indicators": {
    "rsi": 66.86,
    "macd": {
      "line": -1.965,
      "signal": -1.7685,
      "histogram": -0.1965
    },
    "bollinger_bands": {
      "upper": 591.35,
      "middle": 571.15,
      "lower": 550.94
    }
  },
  "bsm_analysis": {
    "greeks": {
      "delta": 0.5393,
      "gamma": 0.010195,
      "theta": -0.3014,
      "vega": 0.6771,
      "rho": 0.2499
    },
    "atm_call_price": 16.81,
    "atm_put_price": 14.25,
    "implied_move": 0.56
  },
  "prediction": {
    "signal": "NEUTRAL",
    "score": -1,
    "confidence": 25.0,
    "reasons": [
      "MACD histogram negative (bearish momentum)"
    ],
    "target_price": 594.67,
    "support": 592.44,
    "resistance": 596.88
  },
  "simulation": {
    "statistics": {
      "mean": 594.6666291388813,
      "std": 3.3392945837979955,
      "p05": 589.2057754541316,
      "p25": 592.4447378049973,
      "p50": 594.6125982312105,
      "p75": 596.8775102697616,
      "p95": 600.3289708146274,
      "min": 586.0395399149213,
      "max": 604.8750261572726
    },
    "simulations": 1000,
    "volatility": 0.2283
  }
}