{
  "ticker": "SPY",
  "timestamp": "2026-03-22T22:26:25.983256",
  "current_price": 596.3,
  "forecast_minutes": 60,
  "technical_indicators": {
    "rsi": 72.71,
    "macd": {
      "line": 0.6198,
      "signal": 0.5578,
      "histogram": 0.062
    },
    "bollinger_bands": {
      "upper": 580.88,
      "middle": 558.15,
      "lower": 535.41
    }
  },
  "bsm_analysis": {
    "greeks": {
      "delta": 0.537,
      "gamma": 0.007358,
      "theta": -0.4002,
      "vega": 0.6791,
      "rho": 0.2445
    },
    "atm_call_price": 22.79,
    "atm_put_price": 20.22,
    "implied_move": 0.82
  },
  "prediction": {
    "signal": "NEUTRAL",
    "score": -1,
    "confidence": 25.0,
    "reasons": [
      "RSI indicates overbought conditions",
      "MACD histogram positive (bullish momentum)"
    ],
    "target_price": 596.31,
    "support": 593.14,
    "resistance": 599.63
  },
  "simulation": {
    "statistics": {
      "mean": 596.3146115282414,
      "std": 4.876648919993624,
      "p05": 588.3703390498351,
      "p25": 593.1373831278743,
      "p50": 596.1654404687993,
      "p75": 599.6323475360954,
      "p95": 604.2286409223694,
      "min": 580.6537820924596,
      "max": 613.6343949491604
    },
    "simulations": 1000,
    "volatility": 0.3158
  }
}