{
  "ticker": "SPY",
  "timestamp": "2026-03-29T12:49:28.982986",
  "current_price": 594.78,
  "forecast_minutes": 60,
  "technical_indicators": {
    "rsi": 59.49,
    "macd": {
      "line": 1.9064,
      "signal": 1.7158,
      "histogram": 0.1906
    },
    "bollinger_bands": {
      "upper": 608.13,
      "middle": 595.32,
      "lower": 582.51
    }
  },
  "bsm_analysis": {
    "greeks": {
      "delta": 0.5494,
      "gamma": 0.015937,
      "theta": -0.2093,
      "vega": 0.675,
      "rho": 0.2594
    },
    "atm_call_price": 11.22,
    "atm_put_price": 8.66,
    "implied_move": 0.35
  },
  "prediction": {
    "signal": "NEUTRAL",
    "score": 1,
    "confidence": 25.0,
    "reasons": [
      "MACD histogram positive (bullish momentum)"
    ],
    "target_price": 594.93,
    "support": 593.58,
    "resistance": 596.29
  },
  "simulation": {
    "statistics": {
      "mean": 594.927291014001,
      "std": 2.0550627430206925,
      "p05": 591.5712879966857,
      "p25": 593.5774248823527,
      "p50": 594.9294464720384,
      "p75": 596.2857063080919,
      "p95": 598.4000756317373,
      "min": 588.9629186857445,
      "max": 601.5504790015858
    },
    "simulations": 1000,
    "volatility": 0.1457
  }
}