{
  "ticker": "SPY",
  "timestamp": "2026-03-07T14:09:21.257880",
  "current_price": 597.03,
  "forecast_minutes": 60,
  "technical_indicators": {
    "rsi": 59.1,
    "macd": {
      "line": -8.0648,
      "signal": -7.2583,
      "histogram": -0.8065
    },
    "bollinger_bands": {
      "upper": 604.4,
      "middle": 568.67,
      "lower": 532.95
    }
  },
  "bsm_analysis": {
    "greeks": {
      "delta": 0.5382,
      "gamma": 0.005571,
      "theta": -0.5138,
      "vega": 0.6797,
      "rho": 0.2397
    },
    "atm_call_price": 29.66,
    "atm_put_price": 27.09,
    "implied_move": 1.01
  },
  "prediction": {
    "signal": "NEUTRAL",
    "score": -1,
    "confidence": 25.0,
    "reasons": [
      "MACD histogram negative (bearish momentum)"
    ],
    "target_price": 596.94,
    "support": 593.02,
    "resistance": 601.03
  },
  "simulation": {
    "statistics": {
      "mean": 596.9419868053882,
      "std": 6.00605227925845,
      "p05": 587.403784019278,
      "p25": 593.0199186768772,
      "p50": 596.7784582039569,
      "p75": 601.0338234266156,
      "p95": 606.7511795479446,
      "min": 578.4820575222345,
      "max": 615.3286569031078
    },
    "simulations": 1000,
    "volatility": 0.4165
  }
}