{
  "ticker": "SPY",
  "timestamp": "2026-03-14T18:47:50.168639",
  "current_price": 593.53,
  "forecast_minutes": 60,
  "technical_indicators": {
    "rsi": 63.81,
    "macd": {
      "line": -1.2127,
      "signal": -1.0914,
      "histogram": -0.1213
    },
    "bollinger_bands": {
      "upper": 585.88,
      "middle": 562.45,
      "lower": 539.02
    }
  },
  "bsm_analysis": {
    "greeks": {
      "delta": 0.5381,
      "gamma": 0.009188,
      "theta": -0.3294,
      "vega": 0.6757,
      "rho": 0.2473
    },
    "atm_call_price": 18.51,
    "atm_put_price": 15.95,
    "implied_move": 0.63
  },
  "prediction": {
    "signal": "NEUTRAL",
    "score": -1,
    "confidence": 25.0,
    "reasons": [
      "MACD histogram negative (bearish momentum)"
    ],
    "target_price": 593.63,
    "support": 591.13,
    "resistance": 596.02
  },
  "simulation": {
    "statistics": {
      "mean": 593.6337024109022,
      "std": 3.7633251923124362,
      "p05": 587.6862496235595,
      "p25": 591.1327853804926,
      "p50": 593.665359113804,
      "p75": 596.0190833400229,
      "p95": 599.7896328086738,
      "min": 580.9516283291381,
      "max": 605.8095452115356
    },
    "simulations": 1000,
    "volatility": 0.254
  }
}