{
  "ticker": "SPY",
  "timestamp": "2026-02-26T04:02:49.761507",
  "current_price": 593.12,
  "forecast_minutes": 60,
  "technical_indicators": {
    "rsi": 43.49,
    "macd": {
      "line": 0.6018,
      "signal": 0.5416,
      "histogram": 0.0602
    },
    "bollinger_bands": {
      "upper": 619.26,
      "middle": 604.07,
      "lower": 588.88
    }
  },
  "bsm_analysis": {
    "greeks": {
      "delta": 0.5408,
      "gamma": 0.01127,
      "theta": -0.2768,
      "vega": 0.6748,
      "rho": 0.251
    },
    "atm_call_price": 15.33,
    "atm_put_price": 12.78,
    "implied_move": 0.51
  },
  "prediction": {
    "signal": "NEUTRAL",
    "score": 1,
    "confidence": 25.0,
    "reasons": [
      "MACD histogram positive (bullish momentum)"
    ],
    "target_price": 593.17,
    "support": 591.17,
    "resistance": 595.13
  },
  "simulation": {
    "statistics": {
      "mean": 593.1724339687012,
      "std": 3.0151959866190983,
      "p05": 588.0454687519834,
      "p25": 591.1716502551467,
      "p50": 593.2450523743148,
      "p75": 595.1311504298815,
      "p95": 598.4026004002889,
      "min": 581.6761980870101,
      "max": 602.2411794221294
    },
    "simulations": 1000,
    "volatility": 0.2071
  }
}