{
  "ticker": "SPY",
  "timestamp": "2026-03-26T12:37:11.029976",
  "current_price": 594.71,
  "forecast_minutes": 60,
  "technical_indicators": {
    "rsi": 70.87,
    "macd": {
      "line": -1.5747,
      "signal": -1.4172,
      "histogram": -0.1575
    },
    "bollinger_bands": {
      "upper": 568.57,
      "middle": 529.53,
      "lower": 490.48
    }
  },
  "bsm_analysis": {
    "greeks": {
      "delta": 0.5466,
      "gamma": 0.003538,
      "theta": -0.7797,
      "vega": 0.6755,
      "rho": 0.2295
    },
    "atm_call_price": 45.81,
    "atm_put_price": 43.25,
    "implied_move": 1.61
  },
  "prediction": {
    "signal": "BEARISH",
    "score": -3,
    "confidence": 75.0,
    "reasons": [
      "RSI indicates overbought conditions",
      "MACD histogram negative (bearish momentum)"
    ],
    "target_price": 595.29,
    "support": 588.78,
    "resistance": 601.8
  },
  "simulation": {
    "statistics": {
      "mean": 595.2912668660251,
      "std": 9.597289864480004,
      "p05": 579.6810180049283,
      "p25": 588.7796711678802,
      "p50": 595.307737337065,
      "p75": 601.7951904325552,
      "p95": 610.9693297785961,
      "min": 565.8838232940611,
      "max": 626.1976883647803
    },
    "simulations": 1000,
    "volatility": 0.6568
  }
}