{
  "ticker": "SPY",
  "timestamp": "2026-02-08T09:46:45.719285",
  "current_price": 597.46,
  "forecast_minutes": 60,
  "technical_indicators": {
    "rsi": 57.54,
    "macd": {
      "line": 2.9535,
      "signal": 2.6582,
      "histogram": 0.2954
    },
    "bollinger_bands": {
      "upper": 598.86,
      "middle": 587.37,
      "lower": 575.89
    }
  },
  "bsm_analysis": {
    "greeks": {
      "delta": 0.5458,
      "gamma": 0.014036,
      "theta": -0.2316,
      "vega": 0.6788,
      "rho": 0.2577
    },
    "atm_call_price": 12.57,
    "atm_put_price": 10.0,
    "implied_move": 0.42
  },
  "prediction": {
    "signal": "NEUTRAL",
    "score": 1,
    "confidence": 25.0,
    "reasons": [
      "MACD histogram positive (bullish momentum)"
    ],
    "target_price": 597.51,
    "support": 595.89,
    "resistance": 599.21
  },
  "simulation": {
    "statistics": {
      "mean": 597.5098990611208,
      "std": 2.5217710458080846,
      "p05": 593.1106842160003,
      "p25": 595.889302303739,
      "p50": 597.5015431314201,
      "p75": 599.2082923313591,
      "p95": 601.7657415626734,
      "min": 590.4332064720035,
      "max": 604.6630886121718
    },
    "simulations": 1000,
    "volatility": 0.1649
  }
}