{
  "ticker": "SPY",
  "timestamp": "2026-03-14T14:15:35.670295",
  "current_price": 596.51,
  "forecast_minutes": 60,
  "technical_indicators": {
    "rsi": 29.05,
    "macd": {
      "line": -0.0478,
      "signal": -0.043,
      "histogram": -0.0048
    },
    "bollinger_bands": {
      "upper": 669.12,
      "middle": 639.27,
      "lower": 609.42
    }
  },
  "bsm_analysis": {
    "greeks": {
      "delta": 0.537,
      "gamma": 0.006869,
      "theta": -0.4254,
      "vega": 0.6793,
      "rho": 0.2433
    },
    "atm_call_price": 24.32,
    "atm_put_price": 21.75,
    "implied_move": 0.85
  },
  "prediction": {
    "signal": "NEUTRAL",
    "score": 1,
    "confidence": 25.0,
    "reasons": [
      "RSI indicates oversold conditions",
      "MACD histogram negative (bearish momentum)"
    ],
    "target_price": 596.53,
    "support": 593.14,
    "resistance": 599.95
  },
  "simulation": {
    "statistics": {
      "mean": 596.5300726534017,
      "std": 5.050680328441367,
      "p05": 588.0723813035247,
      "p25": 593.1378194069675,
      "p50": 596.6704824136775,
      "p75": 599.9514121764983,
      "p95": 604.5572868904978,
      "min": 579.6952847482063,
      "max": 613.247651882261
    },
    "simulations": 1000,
    "volatility": 0.3382
  }
}