{
  "ticker": "SPY",
  "timestamp": "2026-03-01T17:26:55.059875",
  "current_price": 597.06,
  "forecast_minutes": 60,
  "technical_indicators": {
    "rsi": 67.77,
    "macd": {
      "line": 2.3571,
      "signal": 2.1214,
      "histogram": 0.2357
    },
    "bollinger_bands": {
      "upper": 591.29,
      "middle": 578.33,
      "lower": 565.38
    }
  },
  "bsm_analysis": {
    "greeks": {
      "delta": 0.539,
      "gamma": 0.009951,
      "theta": -0.3078,
      "vega": 0.6796,
      "rho": 0.2504
    },
    "atm_call_price": 17.2,
    "atm_put_price": 14.63,
    "implied_move": 0.6
  },
  "prediction": {
    "signal": "NEUTRAL",
    "score": 1,
    "confidence": 25.0,
    "reasons": [
      "MACD histogram positive (bullish momentum)"
    ],
    "target_price": 597.06,
    "support": 594.69,
    "resistance": 599.6
  },
  "simulation": {
    "statistics": {
      "mean": 597.0596599308341,
      "std": 3.582714300637233,
      "p05": 591.0389807867937,
      "p25": 594.691321715712,
      "p50": 596.9734483089583,
      "p75": 599.5983097370466,
      "p95": 602.9332938734119,
      "min": 586.3191363227631,
      "max": 607.8297974278776
    },
    "simulations": 1000,
    "volatility": 0.2331
  }
}