{
  "ticker": "SPY",
  "timestamp": "2026-03-21T17:54:09.054721",
  "current_price": 597.3,
  "forecast_minutes": 60,
  "technical_indicators": {
    "rsi": 43.49,
    "macd": {
      "line": 1.6833,
      "signal": 1.515,
      "histogram": 0.1683
    },
    "bollinger_bands": {
      "upper": 624.54,
      "middle": 608.66,
      "lower": 592.77
    }
  },
  "bsm_analysis": {
    "greeks": {
      "delta": 0.5431,
      "gamma": 0.012577,
      "theta": -0.2531,
      "vega": 0.6792,
      "rho": 0.2552
    },
    "atm_call_price": 13.88,
    "atm_put_price": 11.31,
    "implied_move": 0.46
  },
  "prediction": {
    "signal": "NEUTRAL",
    "score": 1,
    "confidence": 25.0,
    "reasons": [
      "MACD histogram positive (bullish momentum)"
    ],
    "target_price": 597.22,
    "support": 595.44,
    "resistance": 598.98
  },
  "simulation": {
    "statistics": {
      "mean": 597.2238563202434,
      "std": 2.7349068349838914,
      "p05": 592.7793790634702,
      "p25": 595.4362540814524,
      "p50": 597.2511176024999,
      "p75": 598.9842373379968,
      "p95": 601.723375180648,
      "min": 587.9692786199265,
      "max": 605.4911704066201
    },
    "simulations": 1000,
    "volatility": 0.1842
  }
}