{
  "ticker": "SPY",
  "timestamp": "2026-02-27T11:17:02.213086",
  "current_price": 593.93,
  "forecast_minutes": 60,
  "technical_indicators": {
    "rsi": 66.81,
    "macd": {
      "line": 0.5434,
      "signal": 0.4891,
      "histogram": 0.0543
    },
    "bollinger_bands": {
      "upper": 591.4,
      "middle": 561.05,
      "lower": 530.7
    }
  },
  "bsm_analysis": {
    "greeks": {
      "delta": 0.5385,
      "gamma": 0.009551,
      "theta": -0.3186,
      "vega": 0.6761,
      "rho": 0.2482
    },
    "atm_call_price": 17.86,
    "atm_put_price": 15.3,
    "implied_move": 0.59
  },
  "prediction": {
    "signal": "NEUTRAL",
    "score": 1,
    "confidence": 25.0,
    "reasons": [
      "MACD histogram positive (bullish momentum)"
    ],
    "target_price": 594.05,
    "support": 591.74,
    "resistance": 596.37
  },
  "simulation": {
    "statistics": {
      "mean": 594.0494512483664,
      "std": 3.5125826607781128,
      "p05": 588.1992795934895,
      "p25": 591.7420201709706,
      "p50": 594.0876027338018,
      "p75": 596.3701357413597,
      "p95": 599.5416995336305,
      "min": 582.4020237047248,
      "max": 604.5383895270459
    },
    "simulations": 1000,
    "volatility": 0.2442
  }
}