{
  "ticker": "SPY",
  "timestamp": "2026-03-04T13:29:57.752533",
  "current_price": 596.25,
  "forecast_minutes": 60,
  "technical_indicators": {
    "rsi": 37.95,
    "macd": {
      "line": -4.424,
      "signal": -3.9816,
      "histogram": -0.4424
    },
    "bollinger_bands": {
      "upper": 621.22,
      "middle": 601.19,
      "lower": 581.15
    }
  },
  "bsm_analysis": {
    "greeks": {
      "delta": 0.5444,
      "gamma": 0.013347,
      "theta": -0.2411,
      "vega": 0.6777,
      "rho": 0.256
    },
    "atm_call_price": 13.15,
    "atm_put_price": 10.58,
    "implied_move": 0.42
  },
  "prediction": {
    "signal": "NEUTRAL",
    "score": -1,
    "confidence": 25.0,
    "reasons": [
      "MACD histogram negative (bearish momentum)"
    ],
    "target_price": 596.26,
    "support": 594.56,
    "resistance": 597.98
  },
  "simulation": {
    "statistics": {
      "mean": 596.259585211013,
      "std": 2.48386334617227,
      "p05": 592.4184249865647,
      "p25": 594.5610360130212,
      "p50": 596.2240738213768,
      "p75": 597.9848690941543,
      "p95": 600.2705372038873,
      "min": 588.0041417627814,
      "max": 605.5231188581821
    },
    "simulations": 1000,
    "volatility": 0.1738
  }
}