{
  "ticker": "SPY",
  "timestamp": "2026-03-04T13:55:41.233846",
  "current_price": 592.6,
  "forecast_minutes": 60,
  "technical_indicators": {
    "rsi": 59.02,
    "macd": {
      "line": -4.7089,
      "signal": -4.238,
      "histogram": -0.4709
    },
    "bollinger_bands": {
      "upper": 589.32,
      "middle": 562.35,
      "lower": 535.38
    }
  },
  "bsm_analysis": {
    "greeks": {
      "delta": 0.5384,
      "gamma": 0.005466,
      "theta": -0.5223,
      "vega": 0.6746,
      "rho": 0.2374
    },
    "atm_call_price": 30.2,
    "atm_put_price": 27.64,
    "implied_move": 1.01
  },
  "prediction": {
    "signal": "NEUTRAL",
    "score": -1,
    "confidence": 25.0,
    "reasons": [
      "MACD histogram negative (bearish momentum)"
    ],
    "target_price": 592.66,
    "support": 588.65,
    "resistance": 596.54
  },
  "simulation": {
    "statistics": {
      "mean": 592.6605663059294,
      "std": 5.972039037804639,
      "p05": 582.8761997062653,
      "p25": 588.6546224346466,
      "p50": 592.4869902917221,
      "p75": 596.543957847239,
      "p95": 602.5445841123061,
      "min": 572.0565036279747,
      "max": 614.4442486487595
    },
    "simulations": 1000,
    "volatility": 0.4276
  }
}