{
  "ticker": "SPY",
  "timestamp": "2026-02-28T07:41:57.419172",
  "current_price": 596.06,
  "forecast_minutes": 60,
  "technical_indicators": {
    "rsi": 59.04,
    "macd": {
      "line": -6.3026,
      "signal": -5.6723,
      "histogram": -0.6303
    },
    "bollinger_bands": {
      "upper": 595.31,
      "middle": 556.72,
      "lower": 518.14
    }
  },
  "bsm_analysis": {
    "greeks": {
      "delta": 0.5384,
      "gamma": 0.005474,
      "theta": -0.5219,
      "vega": 0.6786,
      "rho": 0.239
    },
    "atm_call_price": 30.16,
    "atm_put_price": 27.59,
    "implied_move": 1.02
  },
  "prediction": {
    "signal": "NEUTRAL",
    "score": -1,
    "confidence": 25.0,
    "reasons": [
      "MACD histogram negative (bearish momentum)"
    ],
    "target_price": 596.01,
    "support": 591.86,
    "resistance": 600.07
  },
  "simulation": {
    "statistics": {
      "mean": 596.0053682957326,
      "std": 6.09614699713194,
      "p05": 586.065773264435,
      "p25": 591.8645711665384,
      "p50": 596.0023106399093,
      "p75": 600.0737834016586,
      "p95": 606.3565741848149,
      "min": 580.5164803440504,
      "max": 613.8587990014912
    },
    "simulations": 1000,
    "volatility": 0.4245
  }
}