{
  "ticker": "SPY",
  "timestamp": "2026-03-17T04:55:41.692469",
  "current_price": 596.59,
  "forecast_minutes": 60,
  "technical_indicators": {
    "rsi": 57.23,
    "macd": {
      "line": 3.1449,
      "signal": 2.8304,
      "histogram": 0.3145
    },
    "bollinger_bands": {
      "upper": 598.78,
      "middle": 583.96,
      "lower": 569.13
    }
  },
  "bsm_analysis": {
    "greeks": {
      "delta": 0.5483,
      "gamma": 0.015332,
      "theta": -0.2159,
      "vega": 0.6773,
      "rho": 0.2593
    },
    "atm_call_price": 11.62,
    "atm_put_price": 9.05,
    "implied_move": 0.36
  },
  "prediction": {
    "signal": "NEUTRAL",
    "score": 1,
    "confidence": 25.0,
    "reasons": [
      "MACD histogram positive (bullish momentum)"
    ],
    "target_price": 596.66,
    "support": 595.28,
    "resistance": 598.03
  },
  "simulation": {
    "statistics": {
      "mean": 596.6624921575535,
      "std": 2.1410879683061057,
      "p05": 593.2200744043263,
      "p25": 595.275409922451,
      "p50": 596.6817517176701,
      "p75": 598.0335386272105,
      "p95": 600.3244908497613,
      "min": 588.1085952865784,
      "max": 603.0186713649603
    },
    "simulations": 1000,
    "volatility": 0.151
  }
}