{
  "ticker": "SPY",
  "timestamp": "2026-03-11T03:06:28.829017",
  "current_price": 593.88,
  "forecast_minutes": 60,
  "technical_indicators": {
    "rsi": 48.44,
    "macd": {
      "line": -4.7954,
      "signal": -4.3158,
      "histogram": -0.4795
    },
    "bollinger_bands": {
      "upper": 607.78,
      "middle": 591.02,
      "lower": 574.26
    }
  },
  "bsm_analysis": {
    "greeks": {
      "delta": 0.541,
      "gamma": 0.01141,
      "theta": -0.2741,
      "vega": 0.6756,
      "rho": 0.2516
    },
    "atm_call_price": 15.16,
    "atm_put_price": 12.6,
    "implied_move": 0.5
  },
  "prediction": {
    "signal": "NEUTRAL",
    "score": -1,
    "confidence": 25.0,
    "reasons": [
      "MACD histogram negative (bearish momentum)"
    ],
    "target_price": 593.8,
    "support": 591.74,
    "resistance": 595.73
  },
  "simulation": {
    "statistics": {
      "mean": 593.8041285419606,
      "std": 2.943327732664836,
      "p05": 589.3454403459612,
      "p25": 591.7400860565929,
      "p50": 593.5540113839035,
      "p75": 595.729127805815,
      "p95": 598.9118900129444,
      "min": 585.0375428281038,
      "max": 603.4225889229095
    },
    "simulations": 1000,
    "volatility": 0.2043
  }
}