{
  "ticker": "SPY",
  "timestamp": "2026-04-02T18:03:17.734064",
  "current_price": 592.65,
  "forecast_minutes": 60,
  "technical_indicators": {
    "rsi": 59.56,
    "macd": {
      "line": -7.1049,
      "signal": -6.3944,
      "histogram": -0.7105
    },
    "bollinger_bands": {
      "upper": 591.95,
      "middle": 549.71,
      "lower": 507.47
    }
  },
  "bsm_analysis": {
    "greeks": {
      "delta": 0.5422,
      "gamma": 0.004271,
      "theta": -0.6549,
      "vega": 0.674,
      "rho": 0.2327
    },
    "atm_call_price": 38.23,
    "atm_put_price": 35.68,
    "implied_move": 1.4
  },
  "prediction": {
    "signal": "NEUTRAL",
    "score": -1,
    "confidence": 25.0,
    "reasons": [
      "MACD histogram negative (bearish momentum)"
    ],
    "target_price": 592.48,
    "support": 586.41,
    "resistance": 597.9
  },
  "simulation": {
    "statistics": {
      "mean": 592.4831264837968,
      "std": 8.304946880402928,
      "p05": 579.0047828949723,
      "p25": 586.4075365919047,
      "p50": 592.8610343643546,
      "p75": 597.9015441606916,
      "p95": 606.054474716861,
      "min": 570.240061946961,
      "max": 628.8548273413771
    },
    "simulations": 1000,
    "volatility": 0.5467
  }
}