{
  "ticker": "SPY",
  "timestamp": "2026-02-26T16:05:50.292650",
  "current_price": 597.81,
  "forecast_minutes": 60,
  "technical_indicators": {
    "rsi": 74.67,
    "macd": {
      "line": 1.3949,
      "signal": 1.2554,
      "histogram": 0.1395
    },
    "bollinger_bands": {
      "upper": 576.04,
      "middle": 547.97,
      "lower": 519.89
    }
  },
  "bsm_analysis": {
    "greeks": {
      "delta": 0.5375,
      "gamma": 0.006104,
      "theta": -0.473,
      "vega": 0.6807,
      "rho": 0.2417
    },
    "atm_call_price": 27.2,
    "atm_put_price": 24.62,
    "implied_move": 0.95
  },
  "prediction": {
    "signal": "NEUTRAL",
    "score": -1,
    "confidence": 25.0,
    "reasons": [
      "RSI indicates overbought conditions",
      "MACD histogram positive (bullish momentum)"
    ],
    "target_price": 597.81,
    "support": 593.99,
    "resistance": 601.65
  },
  "simulation": {
    "statistics": {
      "mean": 597.806247812072,
      "std": 5.660182726518338,
      "p05": 588.5448754703831,
      "p25": 593.991768646255,
      "p50": 597.8810451762865,
      "p75": 601.6477844151367,
      "p95": 607.0006785348761,
      "min": 579.762101532117,
      "max": 612.8260698299999
    },
    "simulations": 1000,
    "volatility": 0.3797
  }
}