{
  "ticker": "SPY",
  "timestamp": "2026-02-28T01:13:19.705613",
  "current_price": 594.92,
  "forecast_minutes": 60,
  "technical_indicators": {
    "rsi": 56.35,
    "macd": {
      "line": -3.7951,
      "signal": -3.4156,
      "histogram": -0.3795
    },
    "bollinger_bands": {
      "upper": 595.67,
      "middle": 578.14,
      "lower": 560.6
    }
  },
  "bsm_analysis": {
    "greeks": {
      "delta": 0.5375,
      "gamma": 0.008433,
      "theta": -0.3549,
      "vega": 0.6774,
      "rho": 0.2463
    },
    "atm_call_price": 20.05,
    "atm_put_price": 17.49,
    "implied_move": 0.69
  },
  "prediction": {
    "signal": "NEUTRAL",
    "score": -1,
    "confidence": 25.0,
    "reasons": [
      "MACD histogram negative (bearish momentum)"
    ],
    "target_price": 594.84,
    "support": 592.08,
    "resistance": 597.47
  },
  "simulation": {
    "statistics": {
      "mean": 594.8364763583842,
      "std": 4.078599065794366,
      "p05": 588.2071553275267,
      "p25": 592.0790960584002,
      "p50": 594.8456966277049,
      "p75": 597.4690969920857,
      "p95": 601.4569081927,
      "min": 582.5679898879905,
      "max": 608.5791473139844
    },
    "simulations": 1000,
    "volatility": 0.2761
  }
}