{
  "ticker": "SPY",
  "timestamp": "2026-02-28T08:11:06.419235",
  "current_price": 594.72,
  "forecast_minutes": 60,
  "technical_indicators": {
    "rsi": 58.42,
    "macd": {
      "line": -4.9207,
      "signal": -4.4286,
      "histogram": -0.4921
    },
    "bollinger_bands": {
      "upper": 590.45,
      "middle": 560.81,
      "lower": 531.18
    }
  },
  "bsm_analysis": {
    "greeks": {
      "delta": 0.5372,
      "gamma": 0.006476,
      "theta": -0.4483,
      "vega": 0.6772,
      "rho": 0.2415
    },
    "atm_call_price": 25.71,
    "atm_put_price": 23.15,
    "implied_move": 0.88
  },
  "prediction": {
    "signal": "NEUTRAL",
    "score": -1,
    "confidence": 25.0,
    "reasons": [
      "MACD histogram negative (bearish momentum)"
    ],
    "target_price": 594.93,
    "support": 591.57,
    "resistance": 598.09
  },
  "simulation": {
    "statistics": {
      "mean": 594.9287823938558,
      "std": 5.216486682204874,
      "p05": 586.4981366150714,
      "p25": 591.5699276534176,
      "p50": 594.7850607019742,
      "p75": 598.0945152163235,
      "p95": 604.1835509581816,
      "min": 578.8555282089778,
      "max": 610.8665096777778
    },
    "simulations": 1000,
    "volatility": 0.3598
  }
}