{
  "ticker": "SPY",
  "timestamp": "2026-02-18T19:36:37.029758",
  "current_price": 592.76,
  "forecast_minutes": 60,
  "technical_indicators": {
    "rsi": 55.21,
    "macd": {
      "line": -5.2793,
      "signal": -4.7513,
      "histogram": -0.5279
    },
    "bollinger_bands": {
      "upper": 600.28,
      "middle": 576.88,
      "lower": 553.47
    }
  },
  "bsm_analysis": {
    "greeks": {
      "delta": 0.5384,
      "gamma": 0.009477,
      "theta": -0.3206,
      "vega": 0.6748,
      "rho": 0.2475
    },
    "atm_call_price": 17.98,
    "atm_put_price": 15.43,
    "implied_move": 0.64
  },
  "prediction": {
    "signal": "NEUTRAL",
    "score": -1,
    "confidence": 25.0,
    "reasons": [
      "MACD histogram negative (bearish momentum)"
    ],
    "target_price": 592.83,
    "support": 590.33,
    "resistance": 595.33
  },
  "simulation": {
    "statistics": {
      "mean": 592.8337241595523,
      "std": 3.8096396157461,
      "p05": 586.1888980559797,
      "p25": 590.333053265796,
      "p50": 592.8622457896412,
      "p75": 595.3348734960631,
      "p95": 598.944631134988,
      "min": 581.7047674239735,
      "max": 606.0732566817409
    },
    "simulations": 1000,
    "volatility": 0.2466
  }
}