{
  "ticker": "SPY",
  "timestamp": "2026-03-19T22:46:22.751301",
  "current_price": 592.76,
  "forecast_minutes": 60,
  "technical_indicators": {
    "rsi": 63.97,
    "macd": {
      "line": -1.8946,
      "signal": -1.7052,
      "histogram": -0.1895
    },
    "bollinger_bands": {
      "upper": 582.33,
      "middle": 556.25,
      "lower": 530.17
    }
  },
  "bsm_analysis": {
    "greeks": {
      "delta": 0.5394,
      "gamma": 0.005036,
      "theta": -0.5629,
      "vega": 0.6746,
      "rho": 0.236
    },
    "atm_call_price": 32.65,
    "atm_put_price": 30.1,
    "implied_move": 1.16
  },
  "prediction": {
    "signal": "NEUTRAL",
    "score": -1,
    "confidence": 25.0,
    "reasons": [
      "MACD histogram negative (bearish momentum)"
    ],
    "target_price": 593.26,
    "support": 588.55,
    "resistance": 597.8
  },
  "simulation": {
    "statistics": {
      "mean": 593.2605304578551,
      "std": 6.857202340606213,
      "p05": 582.4012175454046,
      "p25": 588.5460398610062,
      "p50": 592.8838760425429,
      "p75": 597.8001399904527,
      "p95": 604.5992626941655,
      "min": 567.9478487844726,
      "max": 617.7534317013043
    },
    "simulations": 1000,
    "volatility": 0.4639
  }
}