{
  "ticker": "SPY",
  "timestamp": "2026-02-15T13:08:20.361808",
  "current_price": 594.61,
  "forecast_minutes": 60,
  "technical_indicators": {
    "rsi": 63.91,
    "macd": {
      "line": 3.4428,
      "signal": 3.0985,
      "histogram": 0.3443
    },
    "bollinger_bands": {
      "upper": 595.03,
      "middle": 582.6,
      "lower": 570.17
    }
  },
  "bsm_analysis": {
    "greeks": {
      "delta": 0.5568,
      "gamma": 0.019358,
      "theta": -0.1805,
      "vega": 0.6732,
      "rho": 0.2644
    },
    "atm_call_price": 9.46,
    "atm_put_price": 6.9,
    "implied_move": 0.3
  },
  "prediction": {
    "signal": "NEUTRAL",
    "score": 1,
    "confidence": 25.0,
    "reasons": [
      "MACD histogram positive (bullish momentum)"
    ],
    "target_price": 594.68,
    "support": 593.57,
    "resistance": 595.82
  },
  "simulation": {
    "statistics": {
      "mean": 594.6778887232905,
      "std": 1.7795240032960413,
      "p05": 591.7450914313558,
      "p25": 593.5685185014918,
      "p50": 594.6854476106752,
      "p75": 595.8157794638087,
      "p95": 597.5908468704564,
      "min": 589.0752166120103,
      "max": 600.2032495224898
    },
    "simulations": 1000,
    "volatility": 0.1197
  }
}