{
  "ticker": "SPY",
  "timestamp": "2026-03-01T11:51:12.883001",
  "current_price": 596.57,
  "forecast_minutes": 60,
  "technical_indicators": {
    "rsi": 58.89,
    "macd": {
      "line": -2.8282,
      "signal": -2.5454,
      "histogram": -0.2828
    },
    "bollinger_bands": {
      "upper": 602.73,
      "middle": 587.31,
      "lower": 571.9
    }
  },
  "bsm_analysis": {
    "greeks": {
      "delta": 0.5444,
      "gamma": 0.013331,
      "theta": -0.2413,
      "vega": 0.6781,
      "rho": 0.2561
    },
    "atm_call_price": 13.17,
    "atm_put_price": 10.6,
    "implied_move": 0.44
  },
  "prediction": {
    "signal": "NEUTRAL",
    "score": -1,
    "confidence": 25.0,
    "reasons": [
      "MACD histogram negative (bearish momentum)"
    ],
    "target_price": 596.53,
    "support": 594.8,
    "resistance": 598.2
  },
  "simulation": {
    "statistics": {
      "mean": 596.5343642747033,
      "std": 2.6442365971833053,
      "p05": 592.0622544689656,
      "p25": 594.7955017629656,
      "p50": 596.5600323463575,
      "p75": 598.1989770536497,
      "p95": 601.080869898112,
      "min": 589.2713034444735,
      "max": 604.4608255112798
    },
    "simulations": 1000,
    "volatility": 0.1739
  }
}