{
  "ticker": "SPY",
  "timestamp": "2026-03-21T17:42:01.953089",
  "current_price": 596.21,
  "forecast_minutes": 60,
  "technical_indicators": {
    "rsi": 56.77,
    "macd": {
      "line": 5.466,
      "signal": 4.9194,
      "histogram": 0.5466
    },
    "bollinger_bands": {
      "upper": 612.28,
      "middle": 593.44,
      "lower": 574.61
    }
  },
  "bsm_analysis": {
    "greeks": {
      "delta": 0.5496,
      "gamma": 0.015996,
      "theta": -0.2088,
      "vega": 0.6766,
      "rho": 0.2601
    },
    "atm_call_price": 11.19,
    "atm_put_price": 8.62,
    "implied_move": 0.36
  },
  "prediction": {
    "signal": "NEUTRAL",
    "score": 1,
    "confidence": 25.0,
    "reasons": [
      "MACD histogram positive (bullish momentum)"
    ],
    "target_price": 596.23,
    "support": 594.74,
    "resistance": 597.7
  },
  "simulation": {
    "statistics": {
      "mean": 596.2343725360386,
      "std": 2.131153289124734,
      "p05": 592.8881296216787,
      "p25": 594.7381253665282,
      "p50": 596.2069462460946,
      "p75": 597.6980234592252,
      "p95": 599.6498251381114,
      "min": 590.2484260805477,
      "max": 603.0437332309388
    },
    "simulations": 1000,
    "volatility": 0.1448
  }
}