{
  "ticker": "SPY",
  "timestamp": "2026-03-12T22:58:38.877241",
  "current_price": 597.63,
  "forecast_minutes": 60,
  "technical_indicators": {
    "rsi": 72.05,
    "macd": {
      "line": 2.237,
      "signal": 2.0133,
      "histogram": 0.2237
    },
    "bollinger_bands": {
      "upper": 582.14,
      "middle": 562.97,
      "lower": 543.81
    }
  },
  "bsm_analysis": {
    "greeks": {
      "delta": 0.5379,
      "gamma": 0.00892,
      "theta": -0.3382,
      "vega": 0.6804,
      "rho": 0.2486
    },
    "atm_call_price": 19.04,
    "atm_put_price": 16.46,
    "implied_move": 0.63
  },
  "prediction": {
    "signal": "NEUTRAL",
    "score": -1,
    "confidence": 25.0,
    "reasons": [
      "RSI indicates overbought conditions",
      "MACD histogram positive (bullish momentum)"
    ],
    "target_price": 597.78,
    "support": 595.16,
    "resistance": 600.26
  },
  "simulation": {
    "statistics": {
      "mean": 597.7768587479128,
      "std": 3.7471525058773545,
      "p05": 591.6276573348898,
      "p25": 595.1648830648456,
      "p50": 597.862948597083,
      "p75": 600.2620337671115,
      "p95": 603.8970631474845,
      "min": 586.625823247968,
      "max": 610.5458804697759
    },
    "simulations": 1000,
    "volatility": 0.2599
  }
}