{
  "ticker": "SPY",
  "timestamp": "2026-03-20T00:48:33.913261",
  "current_price": 594.12,
  "forecast_minutes": 60,
  "technical_indicators": {
    "rsi": 65.82,
    "macd": {
      "line": 6.7245,
      "signal": 6.052,
      "histogram": 0.6724
    },
    "bollinger_bands": {
      "upper": 596.46,
      "middle": 575.64,
      "lower": 554.83
    }
  },
  "bsm_analysis": {
    "greeks": {
      "delta": 0.5446,
      "gamma": 0.013513,
      "theta": -0.2385,
      "vega": 0.6753,
      "rho": 0.2553
    },
    "atm_call_price": 13.0,
    "atm_put_price": 10.44,
    "implied_move": 0.41
  },
  "prediction": {
    "signal": "NEUTRAL",
    "score": 1,
    "confidence": 25.0,
    "reasons": [
      "MACD histogram positive (bullish momentum)"
    ],
    "target_price": 594.08,
    "support": 592.35,
    "resistance": 595.77
  },
  "simulation": {
    "statistics": {
      "mean": 594.0762920441739,
      "std": 2.4134247683714,
      "p05": 590.1313733670515,
      "p25": 592.3509277908231,
      "p50": 594.0635498799435,
      "p75": 595.7712300065022,
      "p95": 598.0246882730471,
      "min": 587.1816221407794,
      "max": 601.624559990049
    },
    "simulations": 1000,
    "volatility": 0.1722
  }
}