{
  "ticker": "SPY",
  "timestamp": "2026-03-21T20:55:56.678733",
  "current_price": 592.16,
  "forecast_minutes": 60,
  "technical_indicators": {
    "rsi": 50.55,
    "macd": {
      "line": 6.151,
      "signal": 5.5359,
      "histogram": 0.6151
    },
    "bollinger_bands": {
      "upper": 613.73,
      "middle": 593.33,
      "lower": 572.94
    }
  },
  "bsm_analysis": {
    "greeks": {
      "delta": 0.5441,
      "gamma": 0.013288,
      "theta": -0.2416,
      "vega": 0.6731,
      "rho": 0.254
    },
    "atm_call_price": 13.2,
    "atm_put_price": 10.65,
    "implied_move": 0.44
  },
  "prediction": {
    "signal": "NEUTRAL",
    "score": 1,
    "confidence": 25.0,
    "reasons": [
      "MACD histogram positive (bullish momentum)"
    ],
    "target_price": 592.26,
    "support": 590.49,
    "resistance": 594.02
  },
  "simulation": {
    "statistics": {
      "mean": 592.2639939290061,
      "std": 2.626805180529757,
      "p05": 588.0616781279782,
      "p25": 590.4919704959331,
      "p50": 592.2526443236161,
      "p75": 594.023306749599,
      "p95": 596.583935792249,
      "min": 583.6342459241807,
      "max": 600.6574241417088
    },
    "simulations": 1000,
    "volatility": 0.1758
  }
}