{
  "ticker": "SPY",
  "timestamp": "2026-02-22T11:47:03.045647",
  "current_price": 594.96,
  "forecast_minutes": 60,
  "technical_indicators": {
    "rsi": 39.63,
    "macd": {
      "line": 4.4661,
      "signal": 4.0195,
      "histogram": 0.4466
    },
    "bollinger_bands": {
      "upper": 654.23,
      "middle": 625.32,
      "lower": 596.41
    }
  },
  "bsm_analysis": {
    "greeks": {
      "delta": 0.539,
      "gamma": 0.005195,
      "theta": -0.5473,
      "vega": 0.6772,
      "rho": 0.2375
    },
    "atm_call_price": 31.7,
    "atm_put_price": 29.14,
    "implied_move": 1.14
  },
  "prediction": {
    "signal": "NEUTRAL",
    "score": 1,
    "confidence": 25.0,
    "reasons": [
      "MACD histogram positive (bullish momentum)"
    ],
    "target_price": 595.16,
    "support": 590.72,
    "resistance": 599.49
  },
  "simulation": {
    "statistics": {
      "mean": 595.1554861913409,
      "std": 6.7594475701853405,
      "p05": 584.2599840171736,
      "p25": 590.7242804025312,
      "p50": 595.2300124898964,
      "p75": 599.4937402933172,
      "p95": 606.5849307394584,
      "min": 573.4988669719494,
      "max": 616.8158032118564
    },
    "simulations": 1000,
    "volatility": 0.4481
  }
}