{
  "ticker": "SPY",
  "timestamp": "2026-03-15T23:58:08.014672",
  "current_price": 597.03,
  "forecast_minutes": 60,
  "technical_indicators": {
    "rsi": 58.0,
    "macd": {
      "line": -4.8645,
      "signal": -4.378,
      "histogram": -0.4864
    },
    "bollinger_bands": {
      "upper": 605.64,
      "middle": 588.14,
      "lower": 570.64
    }
  },
  "bsm_analysis": {
    "greeks": {
      "delta": 0.5403,
      "gamma": 0.010852,
      "theta": -0.2861,
      "vega": 0.6794,
      "rho": 0.2521
    },
    "atm_call_price": 15.88,
    "atm_put_price": 13.31,
    "implied_move": 0.53
  },
  "prediction": {
    "signal": "NEUTRAL",
    "score": -1,
    "confidence": 25.0,
    "reasons": [
      "MACD histogram negative (bearish momentum)"
    ],
    "target_price": 596.95,
    "support": 594.85,
    "resistance": 599.09
  },
  "simulation": {
    "statistics": {
      "mean": 596.9481595104611,
      "std": 3.1572419713871196,
      "p05": 591.56821339255,
      "p25": 594.8533115884009,
      "p50": 596.980991406999,
      "p75": 599.0896586313836,
      "p95": 601.8864978833265,
      "min": 587.3080614960242,
      "max": 607.9884693944144
    },
    "simulations": 1000,
    "volatility": 0.2137
  }
}