{
  "ticker": "SPY",
  "timestamp": "2026-03-29T20:14:41.051163",
  "current_price": 595.2,
  "forecast_minutes": 60,
  "technical_indicators": {
    "rsi": 52.98,
    "macd": {
      "line": 1.4816,
      "signal": 1.3335,
      "histogram": 0.1482
    },
    "bollinger_bands": {
      "upper": 611.97,
      "middle": 599.11,
      "lower": 586.25
    }
  },
  "bsm_analysis": {
    "greeks": {
      "delta": 0.544,
      "gamma": 0.013145,
      "theta": -0.244,
      "vega": 0.6766,
      "rho": 0.2552
    },
    "atm_call_price": 13.33,
    "atm_put_price": 10.77,
    "implied_move": 0.43
  },
  "prediction": {
    "signal": "NEUTRAL",
    "score": 1,
    "confidence": 25.0,
    "reasons": [
      "MACD histogram positive (bullish momentum)"
    ],
    "target_price": 595.32,
    "support": 593.54,
    "resistance": 597.12
  },
  "simulation": {
    "statistics": {
      "mean": 595.321427965024,
      "std": 2.5836151763326507,
      "p05": 591.2062439501602,
      "p25": 593.5416139382262,
      "p50": 595.2122548301978,
      "p75": 597.1180033659326,
      "p95": 599.7091881038896,
      "min": 588.2471422150503,
      "max": 603.3482779355043
    },
    "simulations": 1000,
    "volatility": 0.1768
  }
}