{
  "ticker": "SPY",
  "timestamp": "2026-03-21T13:57:33.439802",
  "current_price": 595.33,
  "forecast_minutes": 60,
  "technical_indicators": {
    "rsi": 41.04,
    "macd": {
      "line": 3.3062,
      "signal": 2.9756,
      "histogram": 0.3306
    },
    "bollinger_bands": {
      "upper": 654.97,
      "middle": 627.39,
      "lower": 599.8
    }
  },
  "bsm_analysis": {
    "greeks": {
      "delta": 0.5371,
      "gamma": 0.0066,
      "theta": -0.4408,
      "vega": 0.6779,
      "rho": 0.2421
    },
    "atm_call_price": 25.25,
    "atm_put_price": 22.69,
    "implied_move": 0.87
  },
  "prediction": {
    "signal": "NEUTRAL",
    "score": 1,
    "confidence": 25.0,
    "reasons": [
      "MACD histogram positive (bullish momentum)"
    ],
    "target_price": 595.39,
    "support": 591.91,
    "resistance": 598.91
  },
  "simulation": {
    "statistics": {
      "mean": 595.3903620512981,
      "std": 5.198056795306418,
      "p05": 586.8566090514145,
      "p25": 591.912787948485,
      "p50": 595.4536508907788,
      "p75": 598.9148030744669,
      "p95": 603.8328505201591,
      "min": 578.3550291811413,
      "max": 612.8582463215467
    },
    "simulations": 1000,
    "volatility": 0.3526
  }
}