{
  "ticker": "SPY",
  "timestamp": "2026-03-23T06:34:59.167262",
  "current_price": 595.97,
  "forecast_minutes": 60,
  "technical_indicators": {
    "rsi": 59.03,
    "macd": {
      "line": -1.235,
      "signal": -1.1115,
      "histogram": -0.1235
    },
    "bollinger_bands": {
      "upper": 594.74,
      "middle": 577.26,
      "lower": 559.77
    }
  },
  "bsm_analysis": {
    "greeks": {
      "delta": 0.5391,
      "gamma": 0.010053,
      "theta": -0.3051,
      "vega": 0.6784,
      "rho": 0.2501
    },
    "atm_call_price": 17.03,
    "atm_put_price": 14.47,
    "implied_move": 0.58
  },
  "prediction": {
    "signal": "NEUTRAL",
    "score": -1,
    "confidence": 25.0,
    "reasons": [
      "MACD histogram negative (bearish momentum)"
    ],
    "target_price": 596.06,
    "support": 593.8,
    "resistance": 598.28
  },
  "simulation": {
    "statistics": {
      "mean": 596.0599923163743,
      "std": 3.432115014468057,
      "p05": 590.6377828448008,
      "p25": 593.8001811503934,
      "p50": 595.9344615295438,
      "p75": 598.2847872268711,
      "p95": 601.8418544542375,
      "min": 583.2573826251381,
      "max": 605.8033749165947
    },
    "simulations": 1000,
    "volatility": 0.2311
  }
}