{
  "ticker": "SPY",
  "timestamp": "2026-03-22T16:46:17.554683",
  "current_price": 597.41,
  "forecast_minutes": 60,
  "technical_indicators": {
    "rsi": 47.64,
    "macd": {
      "line": 5.5036,
      "signal": 4.9533,
      "histogram": 0.5504
    },
    "bollinger_bands": {
      "upper": 636.48,
      "middle": 613.52,
      "lower": 590.56
    }
  },
  "bsm_analysis": {
    "greeks": {
      "delta": 0.5409,
      "gamma": 0.011306,
      "theta": -0.2764,
      "vega": 0.6797,
      "rho": 0.253
    },
    "atm_call_price": 15.29,
    "atm_put_price": 12.72,
    "implied_move": 0.5
  },
  "prediction": {
    "signal": "NEUTRAL",
    "score": 1,
    "confidence": 25.0,
    "reasons": [
      "MACD histogram positive (bullish momentum)"
    ],
    "target_price": 597.41,
    "support": 595.53,
    "resistance": 599.53
  },
  "simulation": {
    "statistics": {
      "mean": 597.413331949406,
      "std": 2.9766706463039143,
      "p05": 592.2772240622104,
      "p25": 595.531463003102,
      "p50": 597.4930574805753,
      "p75": 599.5273905117166,
      "p95": 601.9978245478351,
      "min": 587.6835537777472,
      "max": 606.1279493860475
    },
    "simulations": 1000,
    "volatility": 0.2049
  }
}