{
  "ticker": "SPY",
  "timestamp": "2026-04-02T15:38:14.512046",
  "current_price": 593.03,
  "forecast_minutes": 60,
  "technical_indicators": {
    "rsi": 53.85,
    "macd": {
      "line": -4.4551,
      "signal": -4.0095,
      "histogram": -0.4455
    },
    "bollinger_bands": {
      "upper": 601.88,
      "middle": 576.18,
      "lower": 550.49
    }
  },
  "bsm_analysis": {
    "greeks": {
      "delta": 0.5371,
      "gamma": 0.006633,
      "theta": -0.4387,
      "vega": 0.6753,
      "rho": 0.2412
    },
    "atm_call_price": 25.13,
    "atm_put_price": 22.57,
    "implied_move": 0.9
  },
  "prediction": {
    "signal": "NEUTRAL",
    "score": -1,
    "confidence": 25.0,
    "reasons": [
      "MACD histogram negative (bearish momentum)"
    ],
    "target_price": 593.16,
    "support": 589.32,
    "resistance": 596.61
  },
  "simulation": {
    "statistics": {
      "mean": 593.1564263374892,
      "std": 5.321016266546732,
      "p05": 584.8617249507737,
      "p25": 589.3206651740073,
      "p50": 593.0627586899235,
      "p75": 596.6142769629728,
      "p95": 602.2192476681487,
      "min": 573.9717081966236,
      "max": 613.802095132742
    },
    "simulations": 1000,
    "volatility": 0.3522
  }
}