{
  "ticker": "SPY",
  "timestamp": "2026-03-25T12:29:18.836089",
  "current_price": 596.19,
  "forecast_minutes": 60,
  "technical_indicators": {
    "rsi": 78.49,
    "macd": {
      "line": 10.6017,
      "signal": 9.5416,
      "histogram": 1.0602
    },
    "bollinger_bands": {
      "upper": 608.7,
      "middle": 579.52,
      "lower": 550.34
    }
  },
  "bsm_analysis": {
    "greeks": {
      "delta": 0.5517,
      "gamma": 0.016981,
      "theta": -0.1994,
      "vega": 0.6761,
      "rho": 0.2616
    },
    "atm_call_price": 10.61,
    "atm_put_price": 8.05,
    "implied_move": 0.33
  },
  "prediction": {
    "signal": "NEUTRAL",
    "score": -1,
    "confidence": 25.0,
    "reasons": [
      "RSI indicates overbought conditions",
      "MACD histogram positive (bullish momentum)"
    ],
    "target_price": 596.17,
    "support": 594.84,
    "resistance": 597.43
  },
  "simulation": {
    "statistics": {
      "mean": 596.1709489205891,
      "std": 1.972833099819056,
      "p05": 592.9449679129889,
      "p25": 594.8391574164516,
      "p50": 596.2303451635311,
      "p75": 597.4276538518493,
      "p95": 599.3583719288574,
      "min": 589.7537798952156,
      "max": 602.5947166985947
    },
    "simulations": 1000,
    "volatility": 0.1363
  }
}