{
  "ticker": "SPY",
  "timestamp": "2026-03-06T23:27:08.092835",
  "current_price": 596.98,
  "forecast_minutes": 60,
  "technical_indicators": {
    "rsi": 64.46,
    "macd": {
      "line": 0.879,
      "signal": 0.7911,
      "histogram": 0.0879
    },
    "bollinger_bands": {
      "upper": 596.13,
      "middle": 584.11,
      "lower": 572.09
    }
  },
  "bsm_analysis": {
    "greeks": {
      "delta": 0.5502,
      "gamma": 0.016262,
      "theta": -0.2062,
      "vega": 0.6774,
      "rho": 0.2609
    },
    "atm_call_price": 11.03,
    "atm_put_price": 8.46,
    "implied_move": 0.35
  },
  "prediction": {
    "signal": "NEUTRAL",
    "score": 1,
    "confidence": 25.0,
    "reasons": [
      "MACD histogram positive (bullish momentum)"
    ],
    "target_price": 597.01,
    "support": 595.62,
    "resistance": 598.33
  },
  "simulation": {
    "statistics": {
      "mean": 597.0055795595059,
      "std": 2.081789408948479,
      "p05": 593.4561636190781,
      "p25": 595.6209832628892,
      "p50": 597.0879354603023,
      "p75": 598.3291433067081,
      "p95": 600.2492574900416,
      "min": 591.209872420509,
      "max": 603.4901709306997
    },
    "simulations": 1000,
    "volatility": 0.1422
  }
}