{
  "ticker": "SPY",
  "timestamp": "2026-03-01T13:31:04.609815",
  "current_price": 595.08,
  "forecast_minutes": 60,
  "technical_indicators": {
    "rsi": 67.93,
    "macd": {
      "line": -4.6801,
      "signal": -4.2121,
      "histogram": -0.468
    },
    "bollinger_bands": {
      "upper": 589.29,
      "middle": 549.95,
      "lower": 510.6
    }
  },
  "bsm_analysis": {
    "greeks": {
      "delta": 0.5384,
      "gamma": 0.005482,
      "theta": -0.5211,
      "vega": 0.6775,
      "rho": 0.2386
    },
    "atm_call_price": 30.12,
    "atm_put_price": 27.55,
    "implied_move": 1.05
  },
  "prediction": {
    "signal": "NEUTRAL",
    "score": -1,
    "confidence": 25.0,
    "reasons": [
      "MACD histogram negative (bearish momentum)"
    ],
    "target_price": 595.27,
    "support": 591.02,
    "resistance": 599.12
  },
  "simulation": {
    "statistics": {
      "mean": 595.2705861670282,
      "std": 6.26495601952745,
      "p05": 585.021105862118,
      "p25": 591.0237355050857,
      "p50": 595.1196911906648,
      "p75": 599.1208545065125,
      "p95": 606.2740519982016,
      "min": 577.8976716698465,
      "max": 615.5612538931887
    },
    "simulations": 1000,
    "volatility": 0.4246
  }
}