{
  "ticker": "SPY",
  "timestamp": "2026-04-07T06:47:46.849871",
  "current_price": 593.99,
  "forecast_minutes": 60,
  "technical_indicators": {
    "rsi": 52.93,
    "macd": {
      "line": 2.3066,
      "signal": 2.076,
      "histogram": 0.2307
    },
    "bollinger_bands": {
      "upper": 596.37,
      "middle": 575.33,
      "lower": 554.29
    }
  },
  "bsm_analysis": {
    "greeks": {
      "delta": 0.5474,
      "gamma": 0.014958,
      "theta": -0.2199,
      "vega": 0.6746,
      "rho": 0.2575
    },
    "atm_call_price": 11.87,
    "atm_put_price": 9.31,
    "implied_move": 0.38
  },
  "prediction": {
    "signal": "NEUTRAL",
    "score": 1,
    "confidence": 25.0,
    "reasons": [
      "MACD histogram positive (bullish momentum)"
    ],
    "target_price": 594.01,
    "support": 592.45,
    "resistance": 595.56
  },
  "simulation": {
    "statistics": {
      "mean": 594.011902841188,
      "std": 2.264648035366911,
      "p05": 590.3464504102795,
      "p25": 592.4529937948421,
      "p50": 594.0219136551125,
      "p75": 595.5595243280909,
      "p95": 597.6788645360153,
      "min": 587.6218643006144,
      "max": 602.0696642430928
    },
    "simulations": 1000,
    "volatility": 0.1555
  }
}