{
  "ticker": "SPY",
  "timestamp": "2026-02-14T15:36:54.808073",
  "current_price": 596.81,
  "forecast_minutes": 60,
  "technical_indicators": {
    "rsi": 50.38,
    "macd": {
      "line": -4.6169,
      "signal": -4.1552,
      "histogram": -0.4617
    },
    "bollinger_bands": {
      "upper": 606.91,
      "middle": 589.56,
      "lower": 572.21
    }
  },
  "bsm_analysis": {
    "greeks": {
      "delta": 0.5395,
      "gamma": 0.010306,
      "theta": -0.2988,
      "vega": 0.6792,
      "rho": 0.2509
    },
    "atm_call_price": 16.65,
    "atm_put_price": 14.08,
    "implied_move": 0.54
  },
  "prediction": {
    "signal": "NEUTRAL",
    "score": -1,
    "confidence": 25.0,
    "reasons": [
      "MACD histogram negative (bearish momentum)"
    ],
    "target_price": 596.79,
    "support": 594.57,
    "resistance": 599.02
  },
  "simulation": {
    "statistics": {
      "mean": 596.7864665093477,
      "std": 3.2262208667434806,
      "p05": 591.6590377695197,
      "p25": 594.5650715008339,
      "p50": 596.6619002819982,
      "p75": 599.0180361100792,
      "p95": 602.2823911557443,
      "min": 587.1132736104747,
      "max": 607.0648427929734
    },
    "simulations": 1000,
    "volatility": 0.2251
  }
}