{
  "ticker": "SPY",
  "timestamp": "2026-02-19T15:54:58.699717",
  "current_price": 594.79,
  "forecast_minutes": 60,
  "technical_indicators": {
    "rsi": 55.15,
    "macd": {
      "line": 10.8198,
      "signal": 9.7378,
      "histogram": 1.082
    },
    "bollinger_bands": {
      "upper": 629.55,
      "middle": 598.4,
      "lower": 567.25
    }
  },
  "bsm_analysis": {
    "greeks": {
      "delta": 0.5371,
      "gamma": 0.007797,
      "theta": -0.3801,
      "vega": 0.6773,
      "rho": 0.2448
    },
    "atm_call_price": 21.58,
    "atm_put_price": 19.02,
    "implied_move": 0.75
  },
  "prediction": {
    "signal": "NEUTRAL",
    "score": 1,
    "confidence": 25.0,
    "reasons": [
      "MACD histogram positive (bullish momentum)"
    ],
    "target_price": 594.77,
    "support": 591.93,
    "resistance": 597.73
  },
  "simulation": {
    "statistics": {
      "mean": 594.7674196408617,
      "std": 4.4680321974217705,
      "p05": 587.0274647520364,
      "p25": 591.9265393269623,
      "p50": 594.7538687232943,
      "p75": 597.734565427902,
      "p95": 601.8849626351016,
      "min": 582.3341463334635,
      "max": 609.633454198016
    },
    "simulations": 1000,
    "volatility": 0.2988
  }
}