{
  "ticker": "SPY",
  "timestamp": "2026-04-10T10:38:55.918747",
  "current_price": 595.62,
  "forecast_minutes": 60,
  "technical_indicators": {
    "rsi": 69.3,
    "macd": {
      "line": 2.0081,
      "signal": 1.8072,
      "histogram": 0.2008
    },
    "bollinger_bands": {
      "upper": 574.13,
      "middle": 548.72,
      "lower": 523.31
    }
  },
  "bsm_analysis": {
    "greeks": {
      "delta": 0.5371,
      "gamma": 0.006769,
      "theta": -0.4309,
      "vega": 0.6783,
      "rho": 0.2427
    },
    "atm_call_price": 24.65,
    "atm_put_price": 22.09,
    "implied_move": 0.87
  },
  "prediction": {
    "signal": "NEUTRAL",
    "score": 1,
    "confidence": 25.0,
    "reasons": [
      "MACD histogram positive (bullish momentum)"
    ],
    "target_price": 595.35,
    "support": 592.05,
    "resistance": 598.91
  },
  "simulation": {
    "statistics": {
      "mean": 595.3450767681755,
      "std": 5.19181846208788,
      "p05": 586.9294984245065,
      "p25": 592.0474055435002,
      "p50": 595.3625708018756,
      "p75": 598.906509790439,
      "p95": 603.481236460885,
      "min": 576.0503647983845,
      "max": 613.1706579278598
    },
    "simulations": 1000,
    "volatility": 0.3436
  }
}