{
  "ticker": "SPY",
  "timestamp": "2026-02-08T21:45:57.131218",
  "current_price": 593.06,
  "forecast_minutes": 60,
  "technical_indicators": {
    "rsi": 55.28,
    "macd": {
      "line": -2.8317,
      "signal": -2.5485,
      "histogram": -0.2832
    },
    "bollinger_bands": {
      "upper": 594.51,
      "middle": 575.25,
      "lower": 556.0
    }
  },
  "bsm_analysis": {
    "greeks": {
      "delta": 0.541,
      "gamma": 0.011399,
      "theta": -0.2742,
      "vega": 0.6747,
      "rho": 0.2512
    },
    "atm_call_price": 15.17,
    "atm_put_price": 12.62,
    "implied_move": 0.52
  },
  "prediction": {
    "signal": "NEUTRAL",
    "score": -1,
    "confidence": 25.0,
    "reasons": [
      "MACD histogram negative (bearish momentum)"
    ],
    "target_price": 593.04,
    "support": 591.04,
    "resistance": 594.94
  },
  "simulation": {
    "statistics": {
      "mean": 593.0438441893577,
      "std": 3.06387460434915,
      "p05": 588.0197818208483,
      "p25": 591.03511008804,
      "p50": 593.0415100662474,
      "p75": 594.9444739542075,
      "p95": 598.1838005028416,
      "min": 583.6985215455112,
      "max": 602.6179836130254
    },
    "simulations": 1000,
    "volatility": 0.2048
  }
}