{
  "ticker": "SPY",
  "timestamp": "2026-03-30T05:35:05.665695",
  "current_price": 595.63,
  "forecast_minutes": 60,
  "technical_indicators": {
    "rsi": 60.06,
    "macd": {
      "line": -6.4518,
      "signal": -5.8066,
      "histogram": -0.6452
    },
    "bollinger_bands": {
      "upper": 595.41,
      "middle": 561.32,
      "lower": 527.22
    }
  },
  "bsm_analysis": {
    "greeks": {
      "delta": 0.5392,
      "gamma": 0.005096,
      "theta": -0.5571,
      "vega": 0.678,
      "rho": 0.2374
    },
    "atm_call_price": 32.29,
    "atm_put_price": 29.73,
    "implied_move": 1.12
  },
  "prediction": {
    "signal": "NEUTRAL",
    "score": -1,
    "confidence": 25.0,
    "reasons": [
      "MACD histogram negative (bearish momentum)"
    ],
    "target_price": 595.62,
    "support": 591.03,
    "resistance": 600.21
  },
  "simulation": {
    "statistics": {
      "mean": 595.6231697438087,
      "std": 6.682021469079365,
      "p05": 585.0124941466303,
      "p25": 591.0307817213233,
      "p50": 595.3147305476202,
      "p75": 600.2089008506091,
      "p95": 607.0973280393761,
      "min": 576.8385915212784,
      "max": 618.1674950488703
    },
    "simulations": 1000,
    "volatility": 0.4563
  }
}