{
  "ticker": "SPY",
  "timestamp": "2026-04-07T19:33:13.047938",
  "current_price": 595.77,
  "forecast_minutes": 60,
  "technical_indicators": {
    "rsi": 58.84,
    "macd": {
      "line": -9.5601,
      "signal": -8.6041,
      "histogram": -0.956
    },
    "bollinger_bands": {
      "upper": 597.4,
      "middle": 553.47,
      "lower": 509.54
    }
  },
  "bsm_analysis": {
    "greeks": {
      "delta": 0.5468,
      "gamma": 0.0035,
      "theta": -0.7876,
      "vega": 0.6767,
      "rho": 0.2297
    },
    "atm_call_price": 46.28,
    "atm_put_price": 43.72,
    "implied_move": 1.6
  },
  "prediction": {
    "signal": "NEUTRAL",
    "score": -1,
    "confidence": 25.0,
    "reasons": [
      "MACD histogram negative (bearish momentum)"
    ],
    "target_price": 596.14,
    "support": 589.85,
    "resistance": 602.29
  },
  "simulation": {
    "statistics": {
      "mean": 596.1405281966715,
      "std": 9.539751798325621,
      "p05": 581.1796761370074,
      "p25": 589.8526252202785,
      "p50": 595.8474588440673,
      "p75": 602.290536218846,
      "p95": 611.4020570685709,
      "min": 561.8700287367058,
      "max": 627.6798033017169
    },
    "simulations": 1000,
    "volatility": 0.6627
  }
}