{
  "ticker": "SPY",
  "timestamp": "2026-04-05T17:58:25.897685",
  "current_price": 593.81,
  "forecast_minutes": 60,
  "technical_indicators": {
    "rsi": 53.59,
    "macd": {
      "line": 4.126,
      "signal": 3.7134,
      "histogram": 0.4126
    },
    "bollinger_bands": {
      "upper": 609.57,
      "middle": 594.79,
      "lower": 580.01
    }
  },
  "bsm_analysis": {
    "greeks": {
      "delta": 0.5436,
      "gamma": 0.012941,
      "theta": -0.247,
      "vega": 0.6751,
      "rho": 0.2542
    },
    "atm_call_price": 13.52,
    "atm_put_price": 10.96,
    "implied_move": 0.46
  },
  "prediction": {
    "signal": "NEUTRAL",
    "score": 1,
    "confidence": 25.0,
    "reasons": [
      "MACD histogram positive (bullish momentum)"
    ],
    "target_price": 593.65,
    "support": 591.86,
    "resistance": 595.38
  },
  "simulation": {
    "statistics": {
      "mean": 593.6539009503917,
      "std": 2.712598802804411,
      "p05": 589.0486161416495,
      "p25": 591.8599766398909,
      "p50": 593.6318256934586,
      "p75": 595.3765045951909,
      "p95": 598.0867987496929,
      "min": 584.5805397322924,
      "max": 604.894343163371
    },
    "simulations": 1000,
    "volatility": 0.18
  }
}