{
  "ticker": "SPY",
  "timestamp": "2026-04-02T19:35:39.360562",
  "current_price": 593.74,
  "forecast_minutes": 60,
  "technical_indicators": {
    "rsi": 48.97,
    "macd": {
      "line": 3.4129,
      "signal": 3.0716,
      "histogram": 0.3413
    },
    "bollinger_bands": {
      "upper": 607.89,
      "middle": 595.61,
      "lower": 583.33
    }
  },
  "bsm_analysis": {
    "greeks": {
      "delta": 0.5505,
      "gamma": 0.016482,
      "theta": -0.2038,
      "vega": 0.6736,
      "rho": 0.2597
    },
    "atm_call_price": 10.89,
    "atm_put_price": 8.33,
    "implied_move": 0.36
  },
  "prediction": {
    "signal": "NEUTRAL",
    "score": 1,
    "confidence": 25.0,
    "reasons": [
      "MACD histogram positive (bullish momentum)"
    ],
    "target_price": 593.68,
    "support": 592.27,
    "resistance": 595.18
  },
  "simulation": {
    "statistics": {
      "mean": 593.6760579170659,
      "std": 2.114486843222308,
      "p05": 590.2429845020941,
      "p25": 592.2702171374723,
      "p50": 593.5859362306967,
      "p75": 595.1783596920642,
      "p95": 597.1344844447806,
      "min": 587.3954323167359,
      "max": 599.9921193398869
    },
    "simulations": 1000,
    "volatility": 0.1411
  }
}