{
  "ticker": "SPY",
  "timestamp": "2026-02-24T22:00:41.579601",
  "current_price": 595.96,
  "forecast_minutes": 60,
  "technical_indicators": {
    "rsi": 42.52,
    "macd": {
      "line": -1.7471,
      "signal": -1.5724,
      "histogram": -0.1747
    },
    "bollinger_bands": {
      "upper": 609.71,
      "middle": 601.9,
      "lower": 594.1
    }
  },
  "bsm_analysis": {
    "greeks": {
      "delta": 0.5692,
      "gamma": 0.024589,
      "theta": -0.1523,
      "vega": 0.6713,
      "rho": 0.2725
    },
    "atm_call_price": 7.73,
    "atm_put_price": 5.16,
    "implied_move": 0.23
  },
  "prediction": {
    "signal": "NEUTRAL",
    "score": -1,
    "confidence": 25.0,
    "reasons": [
      "MACD histogram negative (bearish momentum)"
    ],
    "target_price": 596.02,
    "support": 595.08,
    "resistance": 596.86
  },
  "simulation": {
    "statistics": {
      "mean": 596.0240452641476,
      "std": 1.3584854380878075,
      "p05": 593.7740206688027,
      "p25": 595.0808634888201,
      "p50": 596.0722503698871,
      "p75": 596.8606397527883,
      "p95": 598.2877868306173,
      "min": 591.9503466867332,
      "max": 600.8862484290061
    },
    "simulations": 1000,
    "volatility": 0.0935
  }
}