{
  "ticker": "SPY",
  "timestamp": "2026-03-27T11:05:41.846845",
  "current_price": 594.99,
  "forecast_minutes": 60,
  "technical_indicators": {
    "rsi": 35.18,
    "macd": {
      "line": -0.2698,
      "signal": -0.2428,
      "histogram": -0.027
    },
    "bollinger_bands": {
      "upper": 619.33,
      "middle": 598.92,
      "lower": 578.51
    }
  },
  "bsm_analysis": {
    "greeks": {
      "delta": 0.5505,
      "gamma": 0.016461,
      "theta": -0.2041,
      "vega": 0.675,
      "rho": 0.2603
    },
    "atm_call_price": 10.9,
    "atm_put_price": 8.34,
    "implied_move": 0.35
  },
  "prediction": {
    "signal": "NEUTRAL",
    "score": -1,
    "confidence": 25.0,
    "reasons": [
      "MACD histogram negative (bearish momentum)"
    ],
    "target_price": 594.95,
    "support": 593.44,
    "resistance": 596.36
  },
  "simulation": {
    "statistics": {
      "mean": 594.9521054575021,
      "std": 2.0646092414536605,
      "p05": 591.7606208609287,
      "p25": 593.436296443763,
      "p50": 594.8911175382555,
      "p75": 596.3566601581979,
      "p95": 598.4511717198827,
      "min": 588.5977108436724,
      "max": 601.3042159098457
    },
    "simulations": 1000,
    "volatility": 0.1409
  }
}