{
  "ticker": "SPY",
  "timestamp": "2026-03-27T01:16:57.185538",
  "current_price": 594.97,
  "forecast_minutes": 60,
  "technical_indicators": {
    "rsi": 38.37,
    "macd": {
      "line": 2.2333,
      "signal": 2.01,
      "histogram": 0.2233
    },
    "bollinger_bands": {
      "upper": 636.59,
      "middle": 618.52,
      "lower": 600.45
    }
  },
  "bsm_analysis": {
    "greeks": {
      "delta": 0.5378,
      "gamma": 0.008885,
      "theta": -0.3391,
      "vega": 0.6774,
      "rho": 0.2473
    },
    "atm_call_price": 19.1,
    "atm_put_price": 16.54,
    "implied_move": 0.65
  },
  "prediction": {
    "signal": "NEUTRAL",
    "score": 1,
    "confidence": 25.0,
    "reasons": [
      "MACD histogram positive (bullish momentum)"
    ],
    "target_price": 595.15,
    "support": 592.48,
    "resistance": 597.79
  },
  "simulation": {
    "statistics": {
      "mean": 595.1532867984026,
      "std": 3.8581093706159066,
      "p05": 588.993975417049,
      "p25": 592.4755334413585,
      "p50": 595.2236485140775,
      "p75": 597.7895850731645,
      "p95": 601.364270207664,
      "min": 581.2740472838141,
      "max": 606.6015311058243
    },
    "simulations": 1000,
    "volatility": 0.262
  }
}