{
  "ticker": "SPY",
  "timestamp": "2026-03-11T12:50:02.289793",
  "current_price": 595.28,
  "forecast_minutes": 60,
  "technical_indicators": {
    "rsi": 60.39,
    "macd": {
      "line": -0.5215,
      "signal": -0.4694,
      "histogram": -0.0522
    },
    "bollinger_bands": {
      "upper": 587.22,
      "middle": 572.38,
      "lower": 557.53
    }
  },
  "bsm_analysis": {
    "greeks": {
      "delta": 0.5376,
      "gamma": 0.008622,
      "theta": -0.3481,
      "vega": 0.6778,
      "rho": 0.2469
    },
    "atm_call_price": 19.64,
    "atm_put_price": 17.08,
    "implied_move": 0.69
  },
  "prediction": {
    "signal": "NEUTRAL",
    "score": -1,
    "confidence": 25.0,
    "reasons": [
      "MACD histogram negative (bearish momentum)"
    ],
    "target_price": 595.51,
    "support": 592.74,
    "resistance": 598.17
  },
  "simulation": {
    "statistics": {
      "mean": 595.5052502910856,
      "std": 4.096717636564453,
      "p05": 588.7685843824228,
      "p25": 592.7377874007707,
      "p50": 595.4378501239605,
      "p75": 598.1689677311867,
      "p95": 602.479315089654,
      "min": 582.5474163071212,
      "max": 607.2256211941217
    },
    "simulations": 1000,
    "volatility": 0.2699
  }
}