{
  "ticker": "SPY",
  "timestamp": "2026-03-21T18:30:20.975864",
  "current_price": 597.52,
  "forecast_minutes": 60,
  "technical_indicators": {
    "rsi": 55.85,
    "macd": {
      "line": 0.7869,
      "signal": 0.7083,
      "histogram": 0.0787
    },
    "bollinger_bands": {
      "upper": 605.94,
      "middle": 587.82,
      "lower": 569.69
    }
  },
  "bsm_analysis": {
    "greeks": {
      "delta": 0.54,
      "gamma": 0.010656,
      "theta": -0.2905,
      "vega": 0.68,
      "rho": 0.2519
    },
    "atm_call_price": 16.15,
    "atm_put_price": 13.58,
    "implied_move": 0.54
  },
  "prediction": {
    "signal": "NEUTRAL",
    "score": 1,
    "confidence": 25.0,
    "reasons": [
      "MACD histogram positive (bullish momentum)"
    ],
    "target_price": 597.61,
    "support": 595.46,
    "resistance": 599.75
  },
  "simulation": {
    "statistics": {
      "mean": 597.6104538584701,
      "std": 3.2222966614890893,
      "p05": 592.377246386585,
      "p25": 595.462321737646,
      "p50": 597.654567219387,
      "p75": 599.7460340677958,
      "p95": 602.9316735961647,
      "min": 587.2510205993739,
      "max": 610.5346040776236
    },
    "simulations": 1000,
    "volatility": 0.2175
  }
}