{
  "ticker": "SPY",
  "timestamp": "2026-02-24T14:34:20.714470",
  "current_price": 597.22,
  "forecast_minutes": 60,
  "technical_indicators": {
    "rsi": 71.28,
    "macd": {
      "line": 3.8301,
      "signal": 3.4471,
      "histogram": 0.383
    },
    "bollinger_bands": {
      "upper": 591.22,
      "middle": 575.82,
      "lower": 560.41
    }
  },
  "bsm_analysis": {
    "greeks": {
      "delta": 0.5419,
      "gamma": 0.011896,
      "theta": -0.265,
      "vega": 0.6793,
      "rho": 0.254
    },
    "atm_call_price": 14.6,
    "atm_put_price": 12.03,
    "implied_move": 0.47
  },
  "prediction": {
    "signal": "NEUTRAL",
    "score": -1,
    "confidence": 25.0,
    "reasons": [
      "RSI indicates overbought conditions",
      "MACD histogram positive (bullish momentum)"
    ],
    "target_price": 597.31,
    "support": 595.32,
    "resistance": 599.25
  },
  "simulation": {
    "statistics": {
      "mean": 597.3138805081917,
      "std": 2.8295759791428248,
      "p05": 592.8006482128465,
      "p25": 595.3245548506163,
      "p50": 597.2954999922692,
      "p75": 599.2476255976366,
      "p95": 601.8856062351401,
      "min": 587.9225765385173,
      "max": 606.5854260183639
    },
    "simulations": 1000,
    "volatility": 0.1948
  }
}