{
  "ticker": "SPY",
  "timestamp": "2026-02-28T09:43:43.271100",
  "current_price": 597.96,
  "forecast_minutes": 60,
  "technical_indicators": {
    "rsi": 46.89,
    "macd": {
      "line": 13.8249,
      "signal": 12.4424,
      "histogram": 1.3825
    },
    "bollinger_bands": {
      "upper": 678.62,
      "middle": 625.2,
      "lower": 571.79
    }
  },
  "bsm_analysis": {
    "greeks": {
      "delta": 0.5377,
      "gamma": 0.00586,
      "theta": -0.4908,
      "vega": 0.6808,
      "rho": 0.241
    },
    "atm_call_price": 28.27,
    "atm_put_price": 25.7,
    "implied_move": 1.0
  },
  "prediction": {
    "signal": "NEUTRAL",
    "score": 1,
    "confidence": 25.0,
    "reasons": [
      "MACD histogram positive (bullish momentum)"
    ],
    "target_price": 598.28,
    "support": 594.22,
    "resistance": 602.38
  },
  "simulation": {
    "statistics": {
      "mean": 598.2817276272077,
      "std": 5.952102172568816,
      "p05": 588.7532085480346,
      "p25": 594.217677074545,
      "p50": 597.92192461486,
      "p75": 602.3795645393051,
      "p95": 608.2743858843485,
      "min": 580.6326968420709,
      "max": 615.9734325361437
    },
    "simulations": 1000,
    "volatility": 0.3953
  }
}