{
  "ticker": "SPY",
  "timestamp": "2026-03-13T18:16:55.877929",
  "current_price": 593.9,
  "forecast_minutes": 60,
  "technical_indicators": {
    "rsi": 60.88,
    "macd": {
      "line": 1.4483,
      "signal": 1.3035,
      "histogram": 0.1448
    },
    "bollinger_bands": {
      "upper": 594.49,
      "middle": 582.9,
      "lower": 571.31
    }
  },
  "bsm_analysis": {
    "greeks": {
      "delta": 0.5434,
      "gamma": 0.01284,
      "theta": -0.2486,
      "vega": 0.6752,
      "rho": 0.2541
    },
    "atm_call_price": 13.62,
    "atm_put_price": 11.06,
    "implied_move": 0.45
  },
  "prediction": {
    "signal": "NEUTRAL",
    "score": 1,
    "confidence": 25.0,
    "reasons": [
      "MACD histogram positive (bullish momentum)"
    ],
    "target_price": 593.86,
    "support": 592.05,
    "resistance": 595.68
  },
  "simulation": {
    "statistics": {
      "mean": 593.8551214737669,
      "std": 2.681680159646932,
      "p05": 589.5821333079872,
      "p25": 592.0511709367304,
      "p50": 593.8024583634326,
      "p75": 595.6798605009237,
      "p95": 598.3904000653775,
      "min": 586.4050056452888,
      "max": 603.4639851745503
    },
    "simulations": 1000,
    "volatility": 0.1814
  }
}