{
  "ticker": "SPY",
  "timestamp": "2026-03-21T14:58:10.755699",
  "current_price": 596.92,
  "forecast_minutes": 60,
  "technical_indicators": {
    "rsi": 77.46,
    "macd": {
      "line": 4.4476,
      "signal": 4.0028,
      "histogram": 0.4448
    },
    "bollinger_bands": {
      "upper": 558.9,
      "middle": 523.93,
      "lower": 488.96
    }
  },
  "bsm_analysis": {
    "greeks": {
      "delta": 0.5453,
      "gamma": 0.003706,
      "theta": -0.7471,
      "vega": 0.6783,
      "rho": 0.2315
    },
    "atm_call_price": 43.82,
    "atm_put_price": 41.25,
    "implied_move": 1.49
  },
  "prediction": {
    "signal": "NEUTRAL",
    "score": -1,
    "confidence": 25.0,
    "reasons": [
      "RSI indicates overbought conditions",
      "MACD histogram positive (bullish momentum)"
    ],
    "target_price": 597.21,
    "support": 591.4,
    "resistance": 602.88
  },
  "simulation": {
    "statistics": {
      "mean": 597.2078604864464,
      "std": 8.899018841875193,
      "p05": 582.6419374668176,
      "p25": 591.3987846374663,
      "p50": 597.0827075599839,
      "p75": 602.8773776657035,
      "p95": 611.7780019949759,
      "min": 573.2338906415328,
      "max": 627.8342283404578
    },
    "simulations": 1000,
    "volatility": 0.625
  }
}