{
  "ticker": "SPY",
  "timestamp": "2026-04-02T03:22:50.081235",
  "current_price": 594.47,
  "forecast_minutes": 60,
  "technical_indicators": {
    "rsi": 50.04,
    "macd": {
      "line": -7.1453,
      "signal": -6.4308,
      "histogram": -0.7145
    },
    "bollinger_bands": {
      "upper": 611.53,
      "middle": 586.18,
      "lower": 560.83
    }
  },
  "bsm_analysis": {
    "greeks": {
      "delta": 0.5384,
      "gamma": 0.00946,
      "theta": -0.3213,
      "vega": 0.6768,
      "rho": 0.2483
    },
    "atm_call_price": 18.02,
    "atm_put_price": 15.46,
    "implied_move": 0.6
  },
  "prediction": {
    "signal": "NEUTRAL",
    "score": -1,
    "confidence": 25.0,
    "reasons": [
      "MACD histogram negative (bearish momentum)"
    ],
    "target_price": 594.49,
    "support": 591.97,
    "resistance": 596.85
  },
  "simulation": {
    "statistics": {
      "mean": 594.4939720546016,
      "std": 3.5871776046402055,
      "p05": 588.7915504871384,
      "p25": 591.9686255393353,
      "p50": 594.5289651481305,
      "p75": 596.8545723837991,
      "p95": 600.2723522826079,
      "min": 580.7056162152929,
      "max": 608.0589993452516
    },
    "simulations": 1000,
    "volatility": 0.2463
  }
}