{
  "ticker": "SPY",
  "timestamp": "2026-03-06T16:16:08.400272",
  "current_price": 595.02,
  "forecast_minutes": 60,
  "technical_indicators": {
    "rsi": 55.24,
    "macd": {
      "line": -3.8554,
      "signal": -3.4699,
      "histogram": -0.3855
    },
    "bollinger_bands": {
      "upper": 603.28,
      "middle": 579.93,
      "lower": 556.58
    }
  },
  "bsm_analysis": {
    "greeks": {
      "delta": 0.5386,
      "gamma": 0.009626,
      "theta": -0.3165,
      "vega": 0.6774,
      "rho": 0.2488
    },
    "atm_call_price": 17.73,
    "atm_put_price": 15.17,
    "implied_move": 0.59
  },
  "prediction": {
    "signal": "NEUTRAL",
    "score": -1,
    "confidence": 25.0,
    "reasons": [
      "MACD histogram negative (bearish momentum)"
    ],
    "target_price": 595.09,
    "support": 592.76,
    "resistance": 597.29
  },
  "simulation": {
    "statistics": {
      "mean": 595.0861331174737,
      "std": 3.4862467003514284,
      "p05": 589.6067618119702,
      "p25": 592.7604830661295,
      "p50": 595.0187216304619,
      "p75": 597.294538991965,
      "p95": 601.0095079840868,
      "min": 583.5218286920708,
      "max": 607.6634384639843
    },
    "simulations": 1000,
    "volatility": 0.2418
  }
}