{
  "ticker": "SPY",
  "timestamp": "2026-03-14T08:47:43.227555",
  "current_price": 595.59,
  "forecast_minutes": 60,
  "technical_indicators": {
    "rsi": 56.85,
    "macd": {
      "line": 6.5889,
      "signal": 5.93,
      "histogram": 0.6589
    },
    "bollinger_bands": {
      "upper": 620.5,
      "middle": 597.76,
      "lower": 575.01
    }
  },
  "bsm_analysis": {
    "greeks": {
      "delta": 0.5415,
      "gamma": 0.011675,
      "theta": -0.269,
      "vega": 0.6775,
      "rho": 0.2529
    },
    "atm_call_price": 14.85,
    "atm_put_price": 12.28,
    "implied_move": 0.49
  },
  "prediction": {
    "signal": "NEUTRAL",
    "score": 1,
    "confidence": 25.0,
    "reasons": [
      "MACD histogram positive (bullish momentum)"
    ],
    "target_price": 595.49,
    "support": 593.47,
    "resistance": 597.53
  },
  "simulation": {
    "statistics": {
      "mean": 595.4906386194888,
      "std": 2.9265441364934346,
      "p05": 590.7076285735812,
      "p25": 593.4738826263806,
      "p50": 595.4337667754435,
      "p75": 597.5307354138771,
      "p95": 600.2513424245617,
      "min": 586.2119110091551,
      "max": 606.3055632114797
    },
    "simulations": 1000,
    "volatility": 0.199
  }
}