{
  "ticker": "SPY",
  "timestamp": "2026-03-12T21:32:27.062849",
  "current_price": 595.79,
  "forecast_minutes": 60,
  "technical_indicators": {
    "rsi": 31.46,
    "macd": {
      "line": 1.226,
      "signal": 1.1034,
      "histogram": 0.1226
    },
    "bollinger_bands": {
      "upper": 649.8,
      "middle": 628.01,
      "lower": 606.22
    }
  },
  "bsm_analysis": {
    "greeks": {
      "delta": 0.5371,
      "gamma": 0.007556,
      "theta": -0.3909,
      "vega": 0.6785,
      "rho": 0.2447
    },
    "atm_call_price": 22.23,
    "atm_put_price": 19.66,
    "implied_move": 0.73
  },
  "prediction": {
    "signal": "NEUTRAL",
    "score": 1,
    "confidence": 25.0,
    "reasons": [
      "MACD histogram positive (bullish momentum)"
    ],
    "target_price": 596.0,
    "support": 592.89,
    "resistance": 598.97
  },
  "simulation": {
    "statistics": {
      "mean": 596.0030128370928,
      "std": 4.374239962986385,
      "p05": 588.8736073316213,
      "p25": 592.8899242838643,
      "p50": 595.9988928271964,
      "p75": 598.9678727108404,
      "p95": 603.164530369332,
      "min": 583.0022483974226,
      "max": 609.970155541615
    },
    "simulations": 1000,
    "volatility": 0.3078
  }
}