{
  "ticker": "SPY",
  "timestamp": "2026-03-02T20:32:23.739082",
  "current_price": 597.28,
  "forecast_minutes": 60,
  "technical_indicators": {
    "rsi": 61.55,
    "macd": {
      "line": -4.7665,
      "signal": -4.2898,
      "histogram": -0.4766
    },
    "bollinger_bands": {
      "upper": 604.74,
      "middle": 580.44,
      "lower": 556.13
    }
  },
  "bsm_analysis": {
    "greeks": {
      "delta": 0.5371,
      "gamma": 0.007769,
      "theta": -0.3815,
      "vega": 0.6802,
      "rho": 0.2459
    },
    "atm_call_price": 21.66,
    "atm_put_price": 19.09,
    "implied_move": 0.74
  },
  "prediction": {
    "signal": "NEUTRAL",
    "score": -1,
    "confidence": 25.0,
    "reasons": [
      "MACD histogram negative (bearish momentum)"
    ],
    "target_price": 597.33,
    "support": 594.28,
    "resistance": 600.19
  },
  "simulation": {
    "statistics": {
      "mean": 597.3325494194438,
      "std": 4.405125538013967,
      "p05": 590.6762971039404,
      "p25": 594.2837765171339,
      "p50": 597.153052993569,
      "p75": 600.1890530886095,
      "p95": 604.9000917949849,
      "min": 584.4574779651983,
      "max": 613.7932734579922
    },
    "simulations": 1000,
    "volatility": 0.2986
  }
}