{
  "ticker": "SPY",
  "timestamp": "2026-03-05T01:13:28.613299",
  "current_price": 595.04,
  "forecast_minutes": 60,
  "technical_indicators": {
    "rsi": 68.7,
    "macd": {
      "line": 5.5298,
      "signal": 4.9768,
      "histogram": 0.553
    },
    "bollinger_bands": {
      "upper": 595.6,
      "middle": 578.78,
      "lower": 561.96
    }
  },
  "bsm_analysis": {
    "greeks": {
      "delta": 0.553,
      "gamma": 0.017609,
      "theta": -0.1938,
      "vega": 0.6746,
      "rho": 0.262
    },
    "atm_call_price": 10.28,
    "atm_put_price": 7.72,
    "implied_move": 0.31
  },
  "prediction": {
    "signal": "NEUTRAL",
    "score": 1,
    "confidence": 25.0,
    "reasons": [
      "MACD histogram positive (bullish momentum)"
    ],
    "target_price": 595.07,
    "support": 593.72,
    "resistance": 596.36
  },
  "simulation": {
    "statistics": {
      "mean": 595.0686658135016,
      "std": 1.8324052656640635,
      "p05": 592.1323421814517,
      "p25": 593.7246626559014,
      "p50": 595.0689015452722,
      "p75": 596.3576763163386,
      "p95": 598.1208743401602,
      "min": 589.941367594561,
      "max": 600.8289192716802
    },
    "simulations": 1000,
    "volatility": 0.1316
  }
}