{
  "ticker": "SPY",
  "timestamp": "2026-03-12T16:09:30.776272",
  "current_price": 595.16,
  "forecast_minutes": 60,
  "technical_indicators": {
    "rsi": 65.92,
    "macd": {
      "line": 1.9839,
      "signal": 1.7855,
      "histogram": 0.1984
    },
    "bollinger_bands": {
      "upper": 586.07,
      "middle": 569.96,
      "lower": 553.85
    }
  },
  "bsm_analysis": {
    "greeks": {
      "delta": 0.5372,
      "gamma": 0.008055,
      "theta": -0.3694,
      "vega": 0.6777,
      "rho": 0.2456
    },
    "atm_call_price": 20.93,
    "atm_put_price": 18.37,
    "implied_move": 0.73
  },
  "prediction": {
    "signal": "NEUTRAL",
    "score": 1,
    "confidence": 25.0,
    "reasons": [
      "MACD histogram positive (bullish momentum)"
    ],
    "target_price": 595.19,
    "support": 592.38,
    "resistance": 598.31
  },
  "simulation": {
    "statistics": {
      "mean": 595.1910651915728,
      "std": 4.347342460367567,
      "p05": 588.0709295175469,
      "p25": 592.3755523301628,
      "p50": 595.2448916384274,
      "p75": 598.3135336142324,
      "p95": 602.2121653425136,
      "min": 582.3598099483629,
      "max": 608.110589138822
    },
    "simulations": 1000,
    "volatility": 0.289
  }
}