{
  "ticker": "SPY",
  "timestamp": "2026-02-08T22:09:48.417340",
  "current_price": 592.95,
  "forecast_minutes": 60,
  "technical_indicators": {
    "rsi": 66.04,
    "macd": {
      "line": 6.3772,
      "signal": 5.7395,
      "histogram": 0.6377
    },
    "bollinger_bands": {
      "upper": 608.94,
      "middle": 588.42,
      "lower": 567.9
    }
  },
  "bsm_analysis": {
    "greeks": {
      "delta": 0.5458,
      "gamma": 0.014172,
      "theta": -0.2295,
      "vega": 0.6737,
      "rho": 0.2558
    },
    "atm_call_price": 12.45,
    "atm_put_price": 9.9,
    "implied_move": 0.4
  },
  "prediction": {
    "signal": "NEUTRAL",
    "score": 1,
    "confidence": 25.0,
    "reasons": [
      "MACD histogram positive (bullish momentum)"
    ],
    "target_price": 593.01,
    "support": 591.37,
    "resistance": 594.6
  },
  "simulation": {
    "statistics": {
      "mean": 593.0115285153995,
      "std": 2.391950656316991,
      "p05": 589.1931239577275,
      "p25": 591.3720350663557,
      "p50": 593.0175964844119,
      "p75": 594.6040199543503,
      "p95": 596.9699207530695,
      "min": 584.5847157740947,
      "max": 600.3581688835603
    },
    "simulations": 1000,
    "volatility": 0.1645
  }
}