{
  "ticker": "SPY",
  "timestamp": "2026-03-31T09:40:50.457348",
  "current_price": 592.57,
  "forecast_minutes": 60,
  "technical_indicators": {
    "rsi": 45.19,
    "macd": {
      "line": -1.4523,
      "signal": -1.307,
      "histogram": -0.1452
    },
    "bollinger_bands": {
      "upper": 603.23,
      "middle": 590.86,
      "lower": 578.49
    }
  },
  "bsm_analysis": {
    "greeks": {
      "delta": 0.557,
      "gamma": 0.019513,
      "theta": -0.1793,
      "vega": 0.6708,
      "rho": 0.2636
    },
    "atm_call_price": 9.39,
    "atm_put_price": 6.84,
    "implied_move": 0.3
  },
  "prediction": {
    "signal": "NEUTRAL",
    "score": -1,
    "confidence": 25.0,
    "reasons": [
      "MACD histogram negative (bearish momentum)"
    ],
    "target_price": 592.61,
    "support": 591.45,
    "resistance": 593.8
  },
  "simulation": {
    "statistics": {
      "mean": 592.6076092774427,
      "std": 1.7511987401919242,
      "p05": 589.6601403578305,
      "p25": 591.4476282211696,
      "p50": 592.6425439594265,
      "p75": 593.799448998933,
      "p95": 595.601960789254,
      "min": 586.5100975693846,
      "max": 598.2304132570712
    },
    "simulations": 1000,
    "volatility": 0.1191
  }
}