{
  "ticker": "SPY",
  "timestamp": "2026-03-28T20:56:12.821088",
  "current_price": 597.74,
  "forecast_minutes": 60,
  "technical_indicators": {
    "rsi": 44.62,
    "macd": {
      "line": 0.0965,
      "signal": 0.0868,
      "histogram": 0.0096
    },
    "bollinger_bands": {
      "upper": 619.92,
      "middle": 605.38,
      "lower": 590.85
    }
  },
  "bsm_analysis": {
    "greeks": {
      "delta": 0.5567,
      "gamma": 0.01918,
      "theta": -0.182,
      "vega": 0.6768,
      "rho": 0.2656
    },
    "atm_call_price": 9.55,
    "atm_put_price": 6.97,
    "implied_move": 0.29
  },
  "prediction": {
    "signal": "NEUTRAL",
    "score": 1,
    "confidence": 25.0,
    "reasons": [
      "MACD histogram positive (bullish momentum)"
    ],
    "target_price": 597.72,
    "support": 596.56,
    "resistance": 598.91
  },
  "simulation": {
    "statistics": {
      "mean": 597.7199662631288,
      "std": 1.7376945813320264,
      "p05": 594.7628341208955,
      "p25": 596.556382301673,
      "p50": 597.7534682643513,
      "p75": 598.9113297382416,
      "p95": 600.5196190511526,
      "min": 591.5875066229946,
      "max": 603.078710586041
    },
    "simulations": 1000,
    "volatility": 0.1201
  }
}