{
  "ticker": "SPY",
  "timestamp": "2026-03-24T17:35:56.893682",
  "current_price": 593.81,
  "forecast_minutes": 60,
  "technical_indicators": {
    "rsi": 67.05,
    "macd": {
      "line": 2.0221,
      "signal": 1.8199,
      "histogram": 0.2022
    },
    "bollinger_bands": {
      "upper": 580.38,
      "middle": 557.44,
      "lower": 534.49
    }
  },
  "bsm_analysis": {
    "greeks": {
      "delta": 0.5371,
      "gamma": 0.007772,
      "theta": -0.3811,
      "vega": 0.6762,
      "rho": 0.2444
    },
    "atm_call_price": 21.64,
    "atm_put_price": 19.09,
    "implied_move": 0.76
  },
  "prediction": {
    "signal": "NEUTRAL",
    "score": 1,
    "confidence": 25.0,
    "reasons": [
      "MACD histogram positive (bullish momentum)"
    ],
    "target_price": 593.55,
    "support": 590.54,
    "resistance": 596.58
  },
  "simulation": {
    "statistics": {
      "mean": 593.5530702817973,
      "std": 4.516426535545633,
      "p05": 586.2882042823343,
      "p25": 590.5356061513403,
      "p50": 593.4500880909598,
      "p75": 596.579833462968,
      "p95": 601.2117397086415,
      "min": 579.4287045801448,
      "max": 607.9679369910449
    },
    "simulations": 1000,
    "volatility": 0.3002
  }
}