{
  "ticker": "SPY",
  "timestamp": "2026-02-17T20:57:20.607619",
  "current_price": 593.26,
  "forecast_minutes": 60,
  "technical_indicators": {
    "rsi": 54.22,
    "macd": {
      "line": 9.1764,
      "signal": 8.2588,
      "histogram": 0.9176
    },
    "bollinger_bands": {
      "upper": 635.82,
      "middle": 601.73,
      "lower": 567.64
    }
  },
  "bsm_analysis": {
    "greeks": {
      "delta": 0.5374,
      "gamma": 0.008324,
      "theta": -0.3588,
      "vega": 0.6755,
      "rho": 0.2454
    },
    "atm_call_price": 20.29,
    "atm_put_price": 17.74,
    "implied_move": 0.7
  },
  "prediction": {
    "signal": "NEUTRAL",
    "score": 1,
    "confidence": 25.0,
    "reasons": [
      "MACD histogram positive (bullish momentum)"
    ],
    "target_price": 592.99,
    "support": 590.09,
    "resistance": 595.92
  },
  "simulation": {
    "statistics": {
      "mean": 592.9898192102573,
      "std": 4.145181280981299,
      "p05": 586.2642230772738,
      "p25": 590.0913033927636,
      "p50": 592.9323455528136,
      "p75": 595.921676435086,
      "p95": 599.5736405254557,
      "min": 578.0882704834422,
      "max": 603.526957523568
    },
    "simulations": 1000,
    "volatility": 0.2805
  }
}