{
  "ticker": "SPY",
  "timestamp": "2026-03-28T17:47:43.293628",
  "current_price": 596.36,
  "forecast_minutes": 60,
  "technical_indicators": {
    "rsi": 66.78,
    "macd": {
      "line": 5.8833,
      "signal": 5.295,
      "histogram": 0.5883
    },
    "bollinger_bands": {
      "upper": 589.28,
      "middle": 570.19,
      "lower": 551.1
    }
  },
  "bsm_analysis": {
    "greeks": {
      "delta": 0.5404,
      "gamma": 0.010952,
      "theta": -0.2838,
      "vega": 0.6786,
      "rho": 0.2519
    },
    "atm_call_price": 15.75,
    "atm_put_price": 13.18,
    "implied_move": 0.51
  },
  "prediction": {
    "signal": "NEUTRAL",
    "score": 1,
    "confidence": 25.0,
    "reasons": [
      "MACD histogram positive (bullish momentum)"
    ],
    "target_price": 596.34,
    "support": 594.28,
    "resistance": 598.42
  },
  "simulation": {
    "statistics": {
      "mean": 596.3355505854042,
      "std": 3.064664429779481,
      "p05": 591.2447834802731,
      "p25": 594.2765852410149,
      "p50": 596.3689729090581,
      "p75": 598.4240848801959,
      "p95": 601.4308922414194,
      "min": 587.2394140740865,
      "max": 606.9842293237017
    },
    "simulations": 1000,
    "volatility": 0.212
  }
}