{
  "ticker": "SPY",
  "timestamp": "2026-03-21T01:17:44.686004",
  "current_price": 597.79,
  "forecast_minutes": 60,
  "technical_indicators": {
    "rsi": 68.33,
    "macd": {
      "line": 11.5015,
      "signal": 10.3513,
      "histogram": 1.1501
    },
    "bollinger_bands": {
      "upper": 608.72,
      "middle": 569.07,
      "lower": 529.41
    }
  },
  "bsm_analysis": {
    "greeks": {
      "delta": 0.54,
      "gamma": 0.010675,
      "theta": -0.2901,
      "vega": 0.6803,
      "rho": 0.2521
    },
    "atm_call_price": 16.12,
    "atm_put_price": 13.55,
    "implied_move": 0.53
  },
  "prediction": {
    "signal": "NEUTRAL",
    "score": 1,
    "confidence": 25.0,
    "reasons": [
      "MACD histogram positive (bullish momentum)"
    ],
    "target_price": 597.91,
    "support": 595.75,
    "resistance": 600.05
  },
  "simulation": {
    "statistics": {
      "mean": 597.9057371376164,
      "std": 3.1426898220074753,
      "p05": 592.7923796336556,
      "p25": 595.7466956748273,
      "p50": 597.8878365116013,
      "p75": 600.0450453599216,
      "p95": 603.0380777060964,
      "min": 589.6601564042337,
      "max": 608.5564571109193
    },
    "simulations": 1000,
    "volatility": 0.217
  }
}