{
  "ticker": "SPY",
  "timestamp": "2026-03-21T19:26:29.158385",
  "current_price": 592.1,
  "forecast_minutes": 60,
  "technical_indicators": {
    "rsi": 50.35,
    "macd": {
      "line": -1.974,
      "signal": -1.7766,
      "histogram": -0.1974
    },
    "bollinger_bands": {
      "upper": 599.55,
      "middle": 582.19,
      "lower": 564.83
    }
  },
  "bsm_analysis": {
    "greeks": {
      "delta": 0.5412,
      "gamma": 0.011573,
      "theta": -0.2707,
      "vega": 0.6736,
      "rho": 0.2511
    },
    "atm_call_price": 14.96,
    "atm_put_price": 12.41,
    "implied_move": 0.49
  },
  "prediction": {
    "signal": "NEUTRAL",
    "score": -1,
    "confidence": 25.0,
    "reasons": [
      "MACD histogram negative (bearish momentum)"
    ],
    "target_price": 591.97,
    "support": 589.87,
    "resistance": 593.97
  },
  "simulation": {
    "statistics": {
      "mean": 591.9746065817625,
      "std": 2.9090540705073096,
      "p05": 587.1487502459257,
      "p25": 589.8693751737126,
      "p50": 592.0477862565747,
      "p75": 593.9682242812612,
      "p95": 596.8425489882533,
      "min": 582.3246180809566,
      "max": 600.8735665333846
    },
    "simulations": 1000,
    "volatility": 0.202
  }
}