{
  "ticker": "SPY",
  "timestamp": "2026-03-14T21:56:47.112771",
  "current_price": 594.03,
  "forecast_minutes": 60,
  "technical_indicators": {
    "rsi": 59.93,
    "macd": {
      "line": -0.7705,
      "signal": -0.6934,
      "histogram": -0.077
    },
    "bollinger_bands": {
      "upper": 583.74,
      "middle": 565.62,
      "lower": 547.51
    }
  },
  "bsm_analysis": {
    "greeks": {
      "delta": 0.5372,
      "gamma": 0.006593,
      "theta": -0.4411,
      "vega": 0.6765,
      "rho": 0.2415
    },
    "atm_call_price": 25.27,
    "atm_put_price": 22.72,
    "implied_move": 0.88
  },
  "prediction": {
    "signal": "NEUTRAL",
    "score": -1,
    "confidence": 25.0,
    "reasons": [
      "MACD histogram negative (bearish momentum)"
    ],
    "target_price": 594.02,
    "support": 590.33,
    "resistance": 597.52
  },
  "simulation": {
    "statistics": {
      "mean": 594.0212875235667,
      "std": 5.219988874605253,
      "p05": 585.1715465672833,
      "p25": 590.3298926519392,
      "p50": 594.1826089247556,
      "p75": 597.5200854700097,
      "p95": 602.3389337819007,
      "min": 578.1003025061855,
      "max": 610.7730875259638
    },
    "simulations": 1000,
    "volatility": 0.3538
  }
}