{
  "ticker": "SPY",
  "timestamp": "2026-03-10T23:27:00.814766",
  "current_price": 596.43,
  "forecast_minutes": 60,
  "technical_indicators": {
    "rsi": 61.08,
    "macd": {
      "line": -8.526,
      "signal": -7.6734,
      "histogram": -0.8526
    },
    "bollinger_bands": {
      "upper": 595.85,
      "middle": 553.32,
      "lower": 510.8
    }
  },
  "bsm_analysis": {
    "greeks": {
      "delta": 0.5403,
      "gamma": 0.004716,
      "theta": -0.5981,
      "vega": 0.6787,
      "rho": 0.2363
    },
    "atm_call_price": 34.77,
    "atm_put_price": 32.21,
    "implied_move": 1.2
  },
  "prediction": {
    "signal": "NEUTRAL",
    "score": -1,
    "confidence": 25.0,
    "reasons": [
      "MACD histogram negative (bearish momentum)"
    ],
    "target_price": 596.17,
    "support": 591.19,
    "resistance": 600.79
  },
  "simulation": {
    "statistics": {
      "mean": 596.1729728505384,
      "std": 7.1750912287283795,
      "p05": 584.7017616092365,
      "p25": 591.193658246177,
      "p50": 596.2566321691152,
      "p75": 600.787714127126,
      "p95": 608.3204188280525,
      "min": 571.3736473887999,
      "max": 620.2601018888225
    },
    "simulations": 1000,
    "volatility": 0.4922
  }
}