{
  "ticker": "SPY",
  "timestamp": "2026-02-27T12:50:21.374294",
  "current_price": 593.83,
  "forecast_minutes": 60,
  "technical_indicators": {
    "rsi": 53.45,
    "macd": {
      "line": -1.2738,
      "signal": -1.1465,
      "histogram": -0.1274
    },
    "bollinger_bands": {
      "upper": 600.84,
      "middle": 586.18,
      "lower": 571.53
    }
  },
  "bsm_analysis": {
    "greeks": {
      "delta": 0.5413,
      "gamma": 0.011592,
      "theta": -0.2705,
      "vega": 0.6755,
      "rho": 0.2519
    },
    "atm_call_price": 14.94,
    "atm_put_price": 12.38,
    "implied_move": 0.49
  },
  "prediction": {
    "signal": "NEUTRAL",
    "score": -1,
    "confidence": 25.0,
    "reasons": [
      "MACD histogram negative (bearish momentum)"
    ],
    "target_price": 593.89,
    "support": 591.98,
    "resistance": 595.82
  },
  "simulation": {
    "statistics": {
      "mean": 593.8851040134991,
      "std": 2.934816536589738,
      "p05": 589.1442682944771,
      "p25": 591.9788501559428,
      "p50": 593.8080710722459,
      "p75": 595.8248816734027,
      "p95": 598.7139356651306,
      "min": 585.6437249736572,
      "max": 603.2860775684354
    },
    "simulations": 1000,
    "volatility": 0.2011
  }
}