{
  "ticker": "SPY",
  "timestamp": "2026-02-22T18:01:01.209105",
  "current_price": 592.55,
  "forecast_minutes": 60,
  "technical_indicators": {
    "rsi": 73.37,
    "macd": {
      "line": 2.7508,
      "signal": 2.4757,
      "histogram": 0.2751
    },
    "bollinger_bands": {
      "upper": 575.26,
      "middle": 557.47,
      "lower": 539.68
    }
  },
  "bsm_analysis": {
    "greeks": {
      "delta": 0.537,
      "gamma": 0.0075,
      "theta": -0.3932,
      "vega": 0.6748,
      "rho": 0.2432
    },
    "atm_call_price": 22.38,
    "atm_put_price": 19.82,
    "implied_move": 0.78
  },
  "prediction": {
    "signal": "NEUTRAL",
    "score": -1,
    "confidence": 25.0,
    "reasons": [
      "RSI indicates overbought conditions",
      "MACD histogram positive (bullish momentum)"
    ],
    "target_price": 592.47,
    "support": 589.28,
    "resistance": 595.44
  },
  "simulation": {
    "statistics": {
      "mean": 592.4730933519298,
      "std": 4.606216481523132,
      "p05": 584.7323048908426,
      "p25": 589.2758197440702,
      "p50": 592.4341863690418,
      "p75": 595.442260938112,
      "p95": 600.4350308321036,
      "min": 579.6821068277119,
      "max": 609.9914015593039
    },
    "simulations": 1000,
    "volatility": 0.3118
  }
}