{
  "ticker": "SPY",
  "timestamp": "2026-02-15T11:57:04.484237",
  "current_price": 592.06,
  "forecast_minutes": 60,
  "technical_indicators": {
    "rsi": 61.58,
    "macd": {
      "line": -0.7366,
      "signal": -0.6629,
      "histogram": -0.0737
    },
    "bollinger_bands": {
      "upper": 592.67,
      "middle": 568.81,
      "lower": 544.94
    }
  },
  "bsm_analysis": {
    "greeks": {
      "delta": 0.537,
      "gamma": 0.006908,
      "theta": -0.423,
      "vega": 0.6742,
      "rho": 0.2415
    },
    "atm_call_price": 24.18,
    "atm_put_price": 21.63,
    "implied_move": 0.83
  },
  "prediction": {
    "signal": "NEUTRAL",
    "score": -1,
    "confidence": 25.0,
    "reasons": [
      "MACD histogram negative (bearish momentum)"
    ],
    "target_price": 591.93,
    "support": 588.79,
    "resistance": 595.17
  },
  "simulation": {
    "statistics": {
      "mean": 591.9278711381311,
      "std": 4.908790908663501,
      "p05": 584.0406953548907,
      "p25": 588.7945402737741,
      "p50": 591.7403448113027,
      "p75": 595.1670690902226,
      "p95": 599.5485407084913,
      "min": 575.7594374475765,
      "max": 607.5881959399305
    },
    "simulations": 1000,
    "volatility": 0.3388
  }
}