{
  "ticker": "SPY",
  "timestamp": "2026-02-08T08:12:08.924580",
  "current_price": 592.39,
  "forecast_minutes": 60,
  "technical_indicators": {
    "rsi": 47.47,
    "macd": {
      "line": 1.1729,
      "signal": 1.0556,
      "histogram": 0.1173
    },
    "bollinger_bands": {
      "upper": 616.91,
      "middle": 597.61,
      "lower": 578.31
    }
  },
  "bsm_analysis": {
    "greeks": {
      "delta": 0.5473,
      "gamma": 0.014965,
      "theta": -0.2197,
      "vega": 0.6728,
      "rho": 0.2567
    },
    "atm_call_price": 11.86,
    "atm_put_price": 9.31,
    "implied_move": 0.38
  },
  "prediction": {
    "signal": "NEUTRAL",
    "score": 1,
    "confidence": 25.0,
    "reasons": [
      "MACD histogram positive (bullish momentum)"
    ],
    "target_price": 592.56,
    "support": 591.03,
    "resistance": 594.06
  },
  "simulation": {
    "statistics": {
      "mean": 592.5570073363416,
      "std": 2.2791992817056763,
      "p05": 589.0740397507514,
      "p25": 591.0319600858495,
      "p50": 592.4680502097372,
      "p75": 594.0575887634358,
      "p95": 596.4329152330463,
      "min": 585.4307116728486,
      "max": 601.3639189376476
    },
    "simulations": 1000,
    "volatility": 0.1559
  }
}