{
  "ticker": "SPY",
  "timestamp": "2026-03-15T22:26:46.801462",
  "current_price": 596.91,
  "forecast_minutes": 60,
  "technical_indicators": {
    "rsi": 64.02,
    "macd": {
      "line": 7.0382,
      "signal": 6.3344,
      "histogram": 0.7038
    },
    "bollinger_bands": {
      "upper": 615.97,
      "middle": 594.52,
      "lower": 573.06
    }
  },
  "bsm_analysis": {
    "greeks": {
      "delta": 0.5446,
      "gamma": 0.013462,
      "theta": -0.2395,
      "vega": 0.6784,
      "rho": 0.2565
    },
    "atm_call_price": 13.05,
    "atm_put_price": 10.48,
    "implied_move": 0.42
  },
  "prediction": {
    "signal": "NEUTRAL",
    "score": 1,
    "confidence": 25.0,
    "reasons": [
      "MACD histogram positive (bullish momentum)"
    ],
    "target_price": 596.8,
    "support": 595.09,
    "resistance": 598.41
  },
  "simulation": {
    "statistics": {
      "mean": 596.7976127464735,
      "std": 2.5086707967644797,
      "p05": 592.5812025986036,
      "p25": 595.0940798687951,
      "p50": 596.725539168742,
      "p75": 598.4093851141783,
      "p95": 600.9655635335912,
      "min": 589.9356122402326,
      "max": 605.43951623412
    },
    "simulations": 1000,
    "volatility": 0.1721
  }
}