{
  "ticker": "SPY",
  "timestamp": "2026-03-12T18:33:36.184309",
  "current_price": 596.79,
  "forecast_minutes": 60,
  "technical_indicators": {
    "rsi": 59.81,
    "macd": {
      "line": 10.0151,
      "signal": 9.0136,
      "histogram": 1.0015
    },
    "bollinger_bands": {
      "upper": 621.18,
      "middle": 590.36,
      "lower": 559.55
    }
  },
  "bsm_analysis": {
    "greeks": {
      "delta": 0.5393,
      "gamma": 0.010188,
      "theta": -0.3017,
      "vega": 0.6793,
      "rho": 0.2507
    },
    "atm_call_price": 16.83,
    "atm_put_price": 14.26,
    "implied_move": 0.56
  },
  "prediction": {
    "signal": "NEUTRAL",
    "score": 1,
    "confidence": 25.0,
    "reasons": [
      "MACD histogram positive (bullish momentum)"
    ],
    "target_price": 596.67,
    "support": 594.34,
    "resistance": 598.8
  },
  "simulation": {
    "statistics": {
      "mean": 596.6692478173404,
      "std": 3.3309207036010022,
      "p05": 591.2325051456735,
      "p25": 594.338557294645,
      "p50": 596.5766312625485,
      "p75": 598.8047614037164,
      "p95": 602.1279651886061,
      "min": 585.622908936921,
      "max": 606.5572062308999
    },
    "simulations": 1000,
    "volatility": 0.2278
  }
}