{
  "ticker": "SPY",
  "timestamp": "2026-04-06T00:04:33.001917",
  "current_price": 597.05,
  "forecast_minutes": 60,
  "technical_indicators": {
    "rsi": 58.99,
    "macd": {
      "line": -4.4228,
      "signal": -3.9805,
      "histogram": -0.4423
    },
    "bollinger_bands": {
      "upper": 596.88,
      "middle": 573.05,
      "lower": 549.22
    }
  },
  "bsm_analysis": {
    "greeks": {
      "delta": 0.537,
      "gamma": 0.00725,
      "theta": -0.4055,
      "vega": 0.6799,
      "rho": 0.2445
    },
    "atm_call_price": 23.11,
    "atm_put_price": 20.54,
    "implied_move": 0.78
  },
  "prediction": {
    "signal": "NEUTRAL",
    "score": -1,
    "confidence": 25.0,
    "reasons": [
      "MACD histogram negative (bearish momentum)"
    ],
    "target_price": 596.89,
    "support": 593.6,
    "resistance": 600.18
  },
  "simulation": {
    "statistics": {
      "mean": 596.888755292803,
      "std": 4.667418392169167,
      "p05": 589.354872418319,
      "p25": 593.5993599573715,
      "p50": 596.943614963172,
      "p75": 600.1776903595038,
      "p95": 604.6923607655892,
      "min": 582.7989722287903,
      "max": 610.5580051699702
    },
    "simulations": 1000,
    "volatility": 0.3201
  }
}