{
  "ticker": "SPY",
  "timestamp": "2026-03-21T20:09:10.850731",
  "current_price": 596.9,
  "forecast_minutes": 60,
  "technical_indicators": {
    "rsi": 56.77,
    "macd": {
      "line": 0.1877,
      "signal": 0.169,
      "histogram": 0.0188
    },
    "bollinger_bands": {
      "upper": 597.49,
      "middle": 584.68,
      "lower": 571.88
    }
  },
  "bsm_analysis": {
    "greeks": {
      "delta": 0.54,
      "gamma": 0.010704,
      "theta": -0.2894,
      "vega": 0.6793,
      "rho": 0.2517
    },
    "atm_call_price": 16.08,
    "atm_put_price": 13.51,
    "implied_move": 0.53
  },
  "prediction": {
    "signal": "NEUTRAL",
    "score": 1,
    "confidence": 25.0,
    "reasons": [
      "MACD histogram positive (bullish momentum)"
    ],
    "target_price": 596.83,
    "support": 594.66,
    "resistance": 598.98
  },
  "simulation": {
    "statistics": {
      "mean": 596.8309079837012,
      "std": 3.172918308014702,
      "p05": 591.6072472839656,
      "p25": 594.6572877573445,
      "p50": 596.7993098503546,
      "p75": 598.9788946703793,
      "p95": 602.2180083522348,
      "min": 585.7393327757798,
      "max": 606.1908542312215
    },
    "simulations": 1000,
    "volatility": 0.2167
  }
}