{
  "ticker": "SPY",
  "timestamp": "2026-02-10T12:02:06.443350",
  "current_price": 594.96,
  "forecast_minutes": 60,
  "technical_indicators": {
    "rsi": 65.35,
    "macd": {
      "line": 5.0545,
      "signal": 4.549,
      "histogram": 0.5054
    },
    "bollinger_bands": {
      "upper": 599.94,
      "middle": 585.38,
      "lower": 570.82
    }
  },
  "bsm_analysis": {
    "greeks": {
      "delta": 0.5574,
      "gamma": 0.019589,
      "theta": -0.179,
      "vega": 0.6734,
      "rho": 0.2649
    },
    "atm_call_price": 9.37,
    "atm_put_price": 6.81,
    "implied_move": 0.28
  },
  "prediction": {
    "signal": "NEUTRAL",
    "score": 1,
    "confidence": 25.0,
    "reasons": [
      "MACD histogram positive (bullish momentum)"
    ],
    "target_price": 594.97,
    "support": 593.84,
    "resistance": 596.07
  },
  "simulation": {
    "statistics": {
      "mean": 594.9745025191496,
      "std": 1.6684207547421699,
      "p05": 592.1342466681953,
      "p25": 593.841776245285,
      "p50": 594.9791878641936,
      "p75": 596.0714132432604,
      "p95": 597.6741512808037,
      "min": 589.6306287543406,
      "max": 600.1982273542591
    },
    "simulations": 1000,
    "volatility": 0.1182
  }
}