{
  "ticker": "SPY",
  "timestamp": "2026-03-24T17:10:19.431315",
  "current_price": 596.8,
  "forecast_minutes": 60,
  "technical_indicators": {
    "rsi": 62.55,
    "macd": {
      "line": 0.3814,
      "signal": 0.3433,
      "histogram": 0.0381
    },
    "bollinger_bands": {
      "upper": 596.33,
      "middle": 577.94,
      "lower": 559.56
    }
  },
  "bsm_analysis": {
    "greeks": {
      "delta": 0.5451,
      "gamma": 0.013708,
      "theta": -0.236,
      "vega": 0.6782,
      "rho": 0.2568
    },
    "atm_call_price": 12.84,
    "atm_put_price": 10.27,
    "implied_move": 0.42
  },
  "prediction": {
    "signal": "NEUTRAL",
    "score": 1,
    "confidence": 25.0,
    "reasons": [
      "MACD histogram positive (bullish momentum)"
    ],
    "target_price": 596.9,
    "support": 595.22,
    "resistance": 598.62
  },
  "simulation": {
    "statistics": {
      "mean": 596.8970960159585,
      "std": 2.4858486297394453,
      "p05": 592.8763288027949,
      "p25": 595.2169568609668,
      "p50": 596.8388385580826,
      "p75": 598.6211338197716,
      "p95": 600.8780655849209,
      "min": 590.2926542071164,
      "max": 608.4690559833352
    },
    "simulations": 1000,
    "volatility": 0.169
  }
}