{
  "ticker": "SPY",
  "timestamp": "2026-02-21T09:03:34.315402",
  "current_price": 595.43,
  "forecast_minutes": 60,
  "technical_indicators": {
    "rsi": 54.06,
    "macd": {
      "line": -3.6726,
      "signal": -3.3053,
      "histogram": -0.3673
    },
    "bollinger_bands": {
      "upper": 604.9,
      "middle": 582.97,
      "lower": 561.04
    }
  },
  "bsm_analysis": {
    "greeks": {
      "delta": 0.5388,
      "gamma": 0.009832,
      "theta": -0.3109,
      "vega": 0.6778,
      "rho": 0.2494
    },
    "atm_call_price": 17.39,
    "atm_put_price": 14.82,
    "implied_move": 0.6
  },
  "prediction": {
    "signal": "NEUTRAL",
    "score": -1,
    "confidence": 25.0,
    "reasons": [
      "MACD histogram negative (bearish momentum)"
    ],
    "target_price": 595.54,
    "support": 593.04,
    "resistance": 597.95
  },
  "simulation": {
    "statistics": {
      "mean": 595.535225950788,
      "std": 3.5978410716934364,
      "p05": 589.6352856313828,
      "p25": 593.0390736860729,
      "p50": 595.4979299791617,
      "p75": 597.9451991333702,
      "p95": 601.5068391930532,
      "min": 583.112941840127,
      "max": 608.4136080783655
    },
    "simulations": 1000,
    "volatility": 0.2366
  }
}