{
  "ticker": "SPY",
  "timestamp": "2026-02-22T15:36:21.824924",
  "current_price": 592.4,
  "forecast_minutes": 60,
  "technical_indicators": {
    "rsi": 49.62,
    "macd": {
      "line": 3.9791,
      "signal": 3.5812,
      "histogram": 0.3979
    },
    "bollinger_bands": {
      "upper": 627.39,
      "middle": 604.83,
      "lower": 582.26
    }
  },
  "bsm_analysis": {
    "greeks": {
      "delta": 0.5436,
      "gamma": 0.013006,
      "theta": -0.2459,
      "vega": 0.6735,
      "rho": 0.2536
    },
    "atm_call_price": 13.45,
    "atm_put_price": 10.9,
    "implied_move": 0.45
  },
  "prediction": {
    "signal": "NEUTRAL",
    "score": 1,
    "confidence": 25.0,
    "reasons": [
      "MACD histogram positive (bullish momentum)"
    ],
    "target_price": 592.4,
    "support": 590.63,
    "resistance": 594.11
  },
  "simulation": {
    "statistics": {
      "mean": 592.3959138185744,
      "std": 2.6543682330269927,
      "p05": 588.100847549468,
      "p25": 590.6305557844407,
      "p50": 592.4035773812211,
      "p75": 594.1073824820655,
      "p95": 596.9035264603585,
      "min": 583.7431831254778,
      "max": 603.6239156735589
    },
    "simulations": 1000,
    "volatility": 0.1795
  }
}