{
  "ticker": "SPY",
  "timestamp": "2026-03-29T08:21:43.439982",
  "current_price": 597.81,
  "forecast_minutes": 60,
  "technical_indicators": {
    "rsi": 47.55,
    "macd": {
      "line": -0.2507,
      "signal": -0.2256,
      "histogram": -0.0251
    },
    "bollinger_bands": {
      "upper": 616.61,
      "middle": 601.12,
      "lower": 585.64
    }
  },
  "bsm_analysis": {
    "greeks": {
      "delta": 0.5417,
      "gamma": 0.011748,
      "theta": -0.2678,
      "vega": 0.68,
      "rho": 0.254
    },
    "atm_call_price": 14.77,
    "atm_put_price": 12.19,
    "implied_move": 0.51
  },
  "prediction": {
    "signal": "NEUTRAL",
    "score": -1,
    "confidence": 25.0,
    "reasons": [
      "MACD histogram negative (bearish momentum)"
    ],
    "target_price": 597.9,
    "support": 595.91,
    "resistance": 599.82
  },
  "simulation": {
    "statistics": {
      "mean": 597.9048085262652,
      "std": 3.0539188915176987,
      "p05": 592.7466349445074,
      "p25": 595.9058934607649,
      "p50": 597.9051165663028,
      "p75": 599.8167704152936,
      "p95": 603.1125947171344,
      "min": 587.8630964535288,
      "max": 608.1952185218382
    },
    "simulations": 1000,
    "volatility": 0.1971
  }
}