{
  "ticker": "SPY",
  "timestamp": "2026-04-12T12:27:57.994543",
  "current_price": 597.94,
  "forecast_minutes": 60,
  "technical_indicators": {
    "rsi": 63.61,
    "macd": {
      "line": -5.6842,
      "signal": -5.1158,
      "histogram": -0.5684
    },
    "bollinger_bands": {
      "upper": 590.42,
      "middle": 553.01,
      "lower": 515.59
    }
  },
  "bsm_analysis": {
    "greeks": {
      "delta": 0.5423,
      "gamma": 0.004198,
      "theta": -0.6659,
      "vega": 0.68,
      "rho": 0.2346
    },
    "atm_call_price": 38.88,
    "atm_put_price": 36.31,
    "implied_move": 1.41
  },
  "prediction": {
    "signal": "NEUTRAL",
    "score": -1,
    "confidence": 25.0,
    "reasons": [
      "MACD histogram negative (bearish momentum)"
    ],
    "target_price": 598.15,
    "support": 592.35,
    "resistance": 604.1
  },
  "simulation": {
    "statistics": {
      "mean": 598.1464244937445,
      "std": 8.425824481719472,
      "p05": 584.1519938613269,
      "p25": 592.3463422452469,
      "p50": 598.1675751373361,
      "p75": 604.1018153824817,
      "p95": 611.9434764373303,
      "min": 574.4547142944563,
      "max": 626.8674328523232
    },
    "simulations": 1000,
    "volatility": 0.5513
  }
}