{
  "ticker": "SPY",
  "timestamp": "2026-04-13T23:50:15.498778",
  "current_price": 592.25,
  "forecast_minutes": 60,
  "technical_indicators": {
    "rsi": 31.02,
    "macd": {
      "line": -4.9214,
      "signal": -4.4293,
      "histogram": -0.4921
    },
    "bollinger_bands": {
      "upper": 635.53,
      "middle": 614.9,
      "lower": 594.27
    }
  },
  "bsm_analysis": {
    "greeks": {
      "delta": 0.5435,
      "gamma": 0.012914,
      "theta": -0.2473,
      "vega": 0.6734,
      "rho": 0.2534
    },
    "atm_call_price": 13.54,
    "atm_put_price": 10.99,
    "implied_move": 0.45
  },
  "prediction": {
    "signal": "NEUTRAL",
    "score": -1,
    "confidence": 25.0,
    "reasons": [
      "MACD histogram negative (bearish momentum)"
    ],
    "target_price": 592.22,
    "support": 590.5,
    "resistance": 593.92
  },
  "simulation": {
    "statistics": {
      "mean": 592.2197115554364,
      "std": 2.6650531237418664,
      "p05": 587.9981763194469,
      "p25": 590.4996025671173,
      "p50": 592.2158169386697,
      "p75": 593.9218803832662,
      "p95": 596.926911494847,
      "min": 584.4402522306458,
      "max": 600.7534889002519
    },
    "simulations": 1000,
    "volatility": 0.1809
  }
}