{
  "ticker": "SPY",
  "timestamp": "2026-02-28T13:29:16.224622",
  "current_price": 595.11,
  "forecast_minutes": 60,
  "technical_indicators": {
    "rsi": 76.86,
    "macd": {
      "line": 5.1256,
      "signal": 4.6131,
      "histogram": 0.5126
    },
    "bollinger_bands": {
      "upper": 572.12,
      "middle": 549.2,
      "lower": 526.29
    }
  },
  "bsm_analysis": {
    "greeks": {
      "delta": 0.5372,
      "gamma": 0.006471,
      "theta": -0.4486,
      "vega": 0.6777,
      "rho": 0.2416
    },
    "atm_call_price": 25.73,
    "atm_put_price": 23.16,
    "implied_move": 0.88
  },
  "prediction": {
    "signal": "NEUTRAL",
    "score": -1,
    "confidence": 25.0,
    "reasons": [
      "RSI indicates overbought conditions",
      "MACD histogram positive (bullish momentum)"
    ],
    "target_price": 595.08,
    "support": 591.45,
    "resistance": 598.75
  },
  "simulation": {
    "statistics": {
      "mean": 595.0847155221682,
      "std": 5.219390172508924,
      "p05": 586.7892906163567,
      "p25": 591.4477890682846,
      "p50": 595.0202259941657,
      "p75": 598.7458066942058,
      "p95": 604.1066516171171,
      "min": 580.2772542820284,
      "max": 611.2314027591295
    },
    "simulations": 1000,
    "volatility": 0.3598
  }
}