{
  "ticker": "SPY",
  "timestamp": "2026-04-03T03:33:51.035205",
  "current_price": 592.1,
  "forecast_minutes": 60,
  "technical_indicators": {
    "rsi": 48.95,
    "macd": {
      "line": 2.8146,
      "signal": 2.5331,
      "histogram": 0.2815
    },
    "bollinger_bands": {
      "upper": 600.72,
      "middle": 585.73,
      "lower": 570.73
    }
  },
  "bsm_analysis": {
    "greeks": {
      "delta": 0.5462,
      "gamma": 0.014414,
      "theta": -0.2263,
      "vega": 0.6727,
      "rho": 0.2557
    },
    "atm_call_price": 12.26,
    "atm_put_price": 9.72,
    "implied_move": 0.41
  },
  "prediction": {
    "signal": "NEUTRAL",
    "score": 1,
    "confidence": 25.0,
    "reasons": [
      "MACD histogram positive (bullish momentum)"
    ],
    "target_price": 592.02,
    "support": 590.3,
    "resistance": 593.7
  },
  "simulation": {
    "statistics": {
      "mean": 592.0249792295117,
      "std": 2.452218531583186,
      "p05": 588.1700788966294,
      "p25": 590.3019545422624,
      "p50": 592.0865128467526,
      "p75": 593.6983887150817,
      "p95": 595.9770319189587,
      "min": 584.2115959153457,
      "max": 601.0238503029457
    },
    "simulations": 1000,
    "volatility": 0.162
  }
}