{
  "ticker": "SPY",
  "timestamp": "2026-03-02T08:00:27.038304",
  "current_price": 594.8,
  "forecast_minutes": 60,
  "technical_indicators": {
    "rsi": 65.1,
    "macd": {
      "line": -6.1379,
      "signal": -5.5241,
      "histogram": -0.6138
    },
    "bollinger_bands": {
      "upper": 587.15,
      "middle": 543.33,
      "lower": 499.5
    }
  },
  "bsm_analysis": {
    "greeks": {
      "delta": 0.5409,
      "gamma": 0.004562,
      "theta": -0.6164,
      "vega": 0.6767,
      "rho": 0.2349
    },
    "atm_call_price": 35.89,
    "atm_put_price": 33.33,
    "implied_move": 1.24
  },
  "prediction": {
    "signal": "NEUTRAL",
    "score": -1,
    "confidence": 25.0,
    "reasons": [
      "MACD histogram negative (bearish momentum)"
    ],
    "target_price": 594.8,
    "support": 589.64,
    "resistance": 599.72
  },
  "simulation": {
    "statistics": {
      "mean": 594.8019342043104,
      "std": 7.359378922395157,
      "p05": 582.7826350566446,
      "p25": 589.6386746081054,
      "p50": 594.7116237935735,
      "p75": 599.7243526084512,
      "p95": 607.106942259684,
      "min": 570.3429419064386,
      "max": 617.9369620376848
    },
    "simulations": 1000,
    "volatility": 0.5101
  }
}