{
  "ticker": "SPY",
  "timestamp": "2026-03-26T10:09:28.981210",
  "current_price": 593.65,
  "forecast_minutes": 60,
  "technical_indicators": {
    "rsi": 71.99,
    "macd": {
      "line": -0.7621,
      "signal": -0.6859,
      "histogram": -0.0762
    },
    "bollinger_bands": {
      "upper": 583.1,
      "middle": 558.82,
      "lower": 534.54
    }
  },
  "bsm_analysis": {
    "greeks": {
      "delta": 0.5373,
      "gamma": 0.008096,
      "theta": -0.3676,
      "vega": 0.676,
      "rho": 0.245
    },
    "atm_call_price": 20.83,
    "atm_put_price": 18.27,
    "implied_move": 0.7
  },
  "prediction": {
    "signal": "BEARISH",
    "score": -3,
    "confidence": 75.0,
    "reasons": [
      "RSI indicates overbought conditions",
      "MACD histogram negative (bearish momentum)"
    ],
    "target_price": 593.93,
    "support": 591.09,
    "resistance": 596.53
  },
  "simulation": {
    "statistics": {
      "mean": 593.9336953533665,
      "std": 4.152433551507059,
      "p05": 586.891576570111,
      "p25": 591.0882569055259,
      "p50": 594.0594482766061,
      "p75": 596.5253664190118,
      "p95": 600.690987498575,
      "min": 583.787881457522,
      "max": 608.8169330077039
    },
    "simulations": 1000,
    "volatility": 0.2883
  }
}