{
  "ticker": "SPY",
  "timestamp": "2026-04-08T14:22:20.092708",
  "current_price": 593.12,
  "forecast_minutes": 60,
  "technical_indicators": {
    "rsi": 29.79,
    "macd": {
      "line": 2.3969,
      "signal": 2.1572,
      "histogram": 0.2397
    },
    "bollinger_bands": {
      "upper": 647.55,
      "middle": 625.69,
      "lower": 603.83
    }
  },
  "bsm_analysis": {
    "greeks": {
      "delta": 0.5371,
      "gamma": 0.006663,
      "theta": -0.4369,
      "vega": 0.6754,
      "rho": 0.2413
    },
    "atm_call_price": 25.02,
    "atm_put_price": 22.47,
    "implied_move": 0.87
  },
  "prediction": {
    "signal": "BULLISH",
    "score": 3,
    "confidence": 75.0,
    "reasons": [
      "RSI indicates oversold conditions",
      "MACD histogram positive (bullish momentum)"
    ],
    "target_price": 592.96,
    "support": 589.54,
    "resistance": 596.46
  },
  "simulation": {
    "statistics": {
      "mean": 592.9590414037634,
      "std": 5.136466041043997,
      "p05": 584.9962550749717,
      "p25": 589.5416609071422,
      "p50": 592.8362079082785,
      "p75": 596.45733193071,
      "p95": 601.3063790592147,
      "min": 573.8578894924156,
      "max": 610.2491248244418
    },
    "simulations": 1000,
    "volatility": 0.3506
  }
}