{
  "ticker": "SPY",
  "timestamp": "2026-04-03T09:10:00.505468",
  "current_price": 596.68,
  "forecast_minutes": 60,
  "technical_indicators": {
    "rsi": 59.54,
    "macd": {
      "line": 0.7237,
      "signal": 0.6513,
      "histogram": 0.0724
    },
    "bollinger_bands": {
      "upper": 592.35,
      "middle": 575.97,
      "lower": 559.59
    }
  },
  "bsm_analysis": {
    "greeks": {
      "delta": 0.5447,
      "gamma": 0.013523,
      "theta": -0.2386,
      "vega": 0.6781,
      "rho": 0.2565
    },
    "atm_call_price": 13.0,
    "atm_put_price": 10.43,
    "implied_move": 0.42
  },
  "prediction": {
    "signal": "NEUTRAL",
    "score": 1,
    "confidence": 25.0,
    "reasons": [
      "MACD histogram positive (bullish momentum)"
    ],
    "target_price": 596.73,
    "support": 595.06,
    "resistance": 598.36
  },
  "simulation": {
    "statistics": {
      "mean": 596.731288106409,
      "std": 2.4818204394761225,
      "p05": 592.7578205496444,
      "p25": 595.0574286821025,
      "p50": 596.6435696958605,
      "p75": 598.3632657515647,
      "p95": 600.8440145643748,
      "min": 589.8310789798797,
      "max": 604.6358550592522
    },
    "simulations": 1000,
    "volatility": 0.1714
  }
}