{
  "ticker": "SPY",
  "timestamp": "2026-03-31T20:53:23.637990",
  "current_price": 593.81,
  "forecast_minutes": 60,
  "technical_indicators": {
    "rsi": 46.37,
    "macd": {
      "line": 2.4868,
      "signal": 2.2381,
      "histogram": 0.2487
    },
    "bollinger_bands": {
      "upper": 616.4,
      "middle": 602.08,
      "lower": 587.77
    }
  },
  "bsm_analysis": {
    "greeks": {
      "delta": 0.5428,
      "gamma": 0.012527,
      "theta": -0.2537,
      "vega": 0.6752,
      "rho": 0.2535
    },
    "atm_call_price": 13.92,
    "atm_put_price": 11.37,
    "implied_move": 0.46
  },
  "prediction": {
    "signal": "NEUTRAL",
    "score": 1,
    "confidence": 25.0,
    "reasons": [
      "MACD histogram positive (bullish momentum)"
    ],
    "target_price": 593.9,
    "support": 592.02,
    "resistance": 595.87
  },
  "simulation": {
    "statistics": {
      "mean": 593.8954324499085,
      "std": 2.739754067674862,
      "p05": 589.1265515324361,
      "p25": 592.0218177161569,
      "p50": 593.9743084597997,
      "p75": 595.8710173319852,
      "p95": 598.2501072647947,
      "min": 586.4817385839976,
      "max": 602.1246442807432
    },
    "simulations": 1000,
    "volatility": 0.186
  }
}