{
  "ticker": "SPY",
  "timestamp": "2026-03-23T19:35:27.202563",
  "current_price": 597.02,
  "forecast_minutes": 60,
  "technical_indicators": {
    "rsi": 55.22,
    "macd": {
      "line": -1.5275,
      "signal": -1.3748,
      "histogram": -0.1528
    },
    "bollinger_bands": {
      "upper": 605.7,
      "middle": 592.67,
      "lower": 579.64
    }
  },
  "bsm_analysis": {
    "greeks": {
      "delta": 0.5504,
      "gamma": 0.016343,
      "theta": -0.2054,
      "vega": 0.6774,
      "rho": 0.2611
    },
    "atm_call_price": 10.98,
    "atm_put_price": 8.41,
    "implied_move": 0.34
  },
  "prediction": {
    "signal": "NEUTRAL",
    "score": -1,
    "confidence": 25.0,
    "reasons": [
      "MACD histogram negative (bearish momentum)"
    ],
    "target_price": 596.97,
    "support": 595.55,
    "resistance": 598.38
  },
  "simulation": {
    "statistics": {
      "mean": 596.9743300263523,
      "std": 2.0298368496462356,
      "p05": 593.5795781570663,
      "p25": 595.5496217166327,
      "p50": 596.975691901559,
      "p75": 598.3785017365954,
      "p95": 600.2755954451541,
      "min": 590.4152198503181,
      "max": 603.1493924805822
    },
    "simulations": 1000,
    "volatility": 0.1415
  }
}