{
  "ticker": "SPY",
  "timestamp": "2026-03-31T20:01:36.149135",
  "current_price": 597.21,
  "forecast_minutes": 60,
  "technical_indicators": {
    "rsi": 50.6,
    "macd": {
      "line": 9.1475,
      "signal": 8.2327,
      "histogram": 0.9147
    },
    "bollinger_bands": {
      "upper": 643.4,
      "middle": 611.95,
      "lower": 580.51
    }
  },
  "bsm_analysis": {
    "greeks": {
      "delta": 0.537,
      "gamma": 0.007267,
      "theta": -0.4047,
      "vega": 0.6801,
      "rho": 0.2446
    },
    "atm_call_price": 23.06,
    "atm_put_price": 20.49,
    "implied_move": 0.8
  },
  "prediction": {
    "signal": "NEUTRAL",
    "score": 1,
    "confidence": 25.0,
    "reasons": [
      "MACD histogram positive (bullish momentum)"
    ],
    "target_price": 597.15,
    "support": 593.88,
    "resistance": 600.41
  },
  "simulation": {
    "statistics": {
      "mean": 597.1465389559362,
      "std": 4.761036779772836,
      "p05": 589.3961532022583,
      "p25": 593.8805779035719,
      "p50": 597.1047866177998,
      "p75": 600.4096990086304,
      "p95": 604.8510743864733,
      "min": 580.8707916128665,
      "max": 612.4826757022357
    },
    "simulations": 1000,
    "volatility": 0.3193
  }
}