{
  "ticker": "SPY",
  "timestamp": "2026-03-09T13:34:35.863406",
  "current_price": 594.88,
  "forecast_minutes": 60,
  "technical_indicators": {
    "rsi": 30.98,
    "macd": {
      "line": -5.4123,
      "signal": -4.8711,
      "histogram": -0.5412
    },
    "bollinger_bands": {
      "upper": 654.13,
      "middle": 626.27,
      "lower": 598.4
    }
  },
  "bsm_analysis": {
    "greeks": {
      "delta": 0.5443,
      "gamma": 0.013301,
      "theta": -0.2416,
      "vega": 0.6762,
      "rho": 0.2553
    },
    "atm_call_price": 13.19,
    "atm_put_price": 10.63,
    "implied_move": 0.43
  },
  "prediction": {
    "signal": "NEUTRAL",
    "score": -1,
    "confidence": 25.0,
    "reasons": [
      "MACD histogram negative (bearish momentum)"
    ],
    "target_price": 594.81,
    "support": 593.09,
    "resistance": 596.55
  },
  "simulation": {
    "statistics": {
      "mean": 594.8080295169209,
      "std": 2.5670981015729732,
      "p05": 590.4496138704872,
      "p25": 593.092548030753,
      "p50": 594.8608248176853,
      "p75": 596.5466515785598,
      "p95": 598.9712712444702,
      "min": 586.7020497501985,
      "max": 603.2016797656843
    },
    "simulations": 1000,
    "volatility": 0.1748
  }
}