{
  "ticker": "SPY",
  "timestamp": "2026-03-23T11:33:09.296054",
  "current_price": 595.91,
  "forecast_minutes": 60,
  "technical_indicators": {
    "rsi": 62.55,
    "macd": {
      "line": 3.691,
      "signal": 3.3219,
      "histogram": 0.3691
    },
    "bollinger_bands": {
      "upper": 603.95,
      "middle": 586.95,
      "lower": 569.95
    }
  },
  "bsm_analysis": {
    "greeks": {
      "delta": 0.5453,
      "gamma": 0.013862,
      "theta": -0.2338,
      "vega": 0.6771,
      "rho": 0.2567
    },
    "atm_call_price": 12.71,
    "atm_put_price": 10.14,
    "implied_move": 0.43
  },
  "prediction": {
    "signal": "NEUTRAL",
    "score": 1,
    "confidence": 25.0,
    "reasons": [
      "MACD histogram positive (bullish momentum)"
    ],
    "target_price": 596.07,
    "support": 594.46,
    "resistance": 597.79
  },
  "simulation": {
    "statistics": {
      "mean": 596.0680528018172,
      "std": 2.559426030763564,
      "p05": 591.7702093558315,
      "p25": 594.461705335916,
      "p50": 596.0927791406086,
      "p75": 597.7907617406728,
      "p95": 600.241034420631,
      "min": 587.7906090447748,
      "max": 603.3432078695374
    },
    "simulations": 1000,
    "volatility": 0.1674
  }
}