{
  "ticker": "SPY",
  "timestamp": "2026-03-20T14:31:48.707351",
  "current_price": 595.68,
  "forecast_minutes": 60,
  "technical_indicators": {
    "rsi": 38.6,
    "macd": {
      "line": 5.7701,
      "signal": 5.1931,
      "histogram": 0.577
    },
    "bollinger_bands": {
      "upper": 666.44,
      "middle": 633.76,
      "lower": 601.09
    }
  },
  "bsm_analysis": {
    "greeks": {
      "delta": 0.538,
      "gamma": 0.005695,
      "theta": -0.5035,
      "vega": 0.6782,
      "rho": 0.2395
    },
    "atm_call_price": 29.05,
    "atm_put_price": 26.48,
    "implied_move": 1.02
  },
  "prediction": {
    "signal": "NEUTRAL",
    "score": 1,
    "confidence": 25.0,
    "reasons": [
      "MACD histogram positive (bullish momentum)"
    ],
    "target_price": 595.5,
    "support": 591.49,
    "resistance": 599.66
  },
  "simulation": {
    "statistics": {
      "mean": 595.5015473026888,
      "std": 6.09275373294833,
      "p05": 585.4057336850021,
      "p25": 591.4860651508573,
      "p50": 595.563257331344,
      "p75": 599.6634402873171,
      "p95": 605.4991047412847,
      "min": 575.6997544864877,
      "max": 619.4601865015135
    },
    "simulations": 1000,
    "volatility": 0.4084
  }
}