{
  "ticker": "SPY",
  "timestamp": "2026-02-08T12:14:21.777123",
  "current_price": 597.89,
  "forecast_minutes": 60,
  "technical_indicators": {
    "rsi": 63.56,
    "macd": {
      "line": -3.7319,
      "signal": -3.3587,
      "histogram": -0.3732
    },
    "bollinger_bands": {
      "upper": 593.27,
      "middle": 561.5,
      "lower": 529.72
    }
  },
  "bsm_analysis": {
    "greeks": {
      "delta": 0.5372,
      "gamma": 0.007916,
      "theta": -0.3753,
      "vega": 0.6809,
      "rho": 0.2465
    },
    "atm_call_price": 21.28,
    "atm_put_price": 18.71,
    "implied_move": 0.73
  },
  "prediction": {
    "signal": "NEUTRAL",
    "score": -1,
    "confidence": 25.0,
    "reasons": [
      "MACD histogram negative (bearish momentum)"
    ],
    "target_price": 597.83,
    "support": 595.02,
    "resistance": 600.76
  },
  "simulation": {
    "statistics": {
      "mean": 597.8292566036856,
      "std": 4.364689795560643,
      "p05": 590.1299012170437,
      "p25": 595.0216185723084,
      "p50": 597.8508206984,
      "p75": 600.7551978371741,
      "p95": 604.807675340175,
      "min": 584.4612708974523,
      "max": 610.1431616969314
    },
    "simulations": 1000,
    "volatility": 0.2927
  }
}