{
  "ticker": "SPY",
  "timestamp": "2026-03-20T21:54:57.752743",
  "current_price": 597.24,
  "forecast_minutes": 60,
  "technical_indicators": {
    "rsi": 44.98,
    "macd": {
      "line": -0.9991,
      "signal": -0.8992,
      "histogram": -0.0999
    },
    "bollinger_bands": {
      "upper": 612.24,
      "middle": 599.15,
      "lower": 586.06
    }
  },
  "bsm_analysis": {
    "greeks": {
      "delta": 0.5426,
      "gamma": 0.012304,
      "theta": -0.2577,
      "vega": 0.6792,
      "rho": 0.2547
    },
    "atm_call_price": 14.16,
    "atm_put_price": 11.59,
    "implied_move": 0.46
  },
  "prediction": {
    "signal": "NEUTRAL",
    "score": -1,
    "confidence": 25.0,
    "reasons": [
      "MACD histogram negative (bearish momentum)"
    ],
    "target_price": 597.08,
    "support": 595.32,
    "resistance": 598.91
  },
  "simulation": {
    "statistics": {
      "mean": 597.0762267625182,
      "std": 2.737453900656426,
      "p05": 592.5442706227375,
      "p25": 595.3170959909475,
      "p50": 597.0990486775079,
      "p75": 598.9130713571645,
      "p95": 601.5203757493764,
      "min": 585.9052142272113,
      "max": 605.430763742833
    },
    "simulations": 1000,
    "volatility": 0.1883
  }
}