{
  "ticker": "SPY",
  "timestamp": "2026-04-14T05:28:51.753791",
  "current_price": 595.38,
  "forecast_minutes": 60,
  "technical_indicators": {
    "rsi": 36.71,
    "macd": {
      "line": 7.5162,
      "signal": 6.7646,
      "histogram": 0.7516
    },
    "bollinger_bands": {
      "upper": 660.33,
      "middle": 624.25,
      "lower": 588.17
    }
  },
  "bsm_analysis": {
    "greeks": {
      "delta": 0.5379,
      "gamma": 0.005737,
      "theta": -0.5001,
      "vega": 0.6779,
      "rho": 0.2395
    },
    "atm_call_price": 28.84,
    "atm_put_price": 26.28,
    "implied_move": 1.0
  },
  "prediction": {
    "signal": "NEUTRAL",
    "score": 1,
    "confidence": 25.0,
    "reasons": [
      "MACD histogram positive (bullish momentum)"
    ],
    "target_price": 595.58,
    "support": 591.6,
    "resistance": 599.79
  },
  "simulation": {
    "statistics": {
      "mean": 595.5773188444585,
      "std": 5.974071030009841,
      "p05": 585.2072929009312,
      "p25": 591.6020629894678,
      "p50": 595.6756527395964,
      "p75": 599.7926198028839,
      "p95": 605.1883068366067,
      "min": 575.0018088368901,
      "max": 616.3589062452648
    },
    "simulations": 1000,
    "volatility": 0.4056
  }
}