{
  "ticker": "SPY",
  "timestamp": "2026-03-14T16:48:05.224307",
  "current_price": 597.53,
  "forecast_minutes": 60,
  "technical_indicators": {
    "rsi": 59.19,
    "macd": {
      "line": 1.3108,
      "signal": 1.1797,
      "histogram": 0.1311
    },
    "bollinger_bands": {
      "upper": 590.71,
      "middle": 573.16,
      "lower": 555.61
    }
  },
  "bsm_analysis": {
    "greeks": {
      "delta": 0.5395,
      "gamma": 0.010316,
      "theta": -0.2986,
      "vega": 0.6801,
      "rho": 0.2513
    },
    "atm_call_price": 16.64,
    "atm_put_price": 14.06,
    "implied_move": 0.55
  },
  "prediction": {
    "signal": "NEUTRAL",
    "score": 1,
    "confidence": 25.0,
    "reasons": [
      "MACD histogram positive (bullish momentum)"
    ],
    "target_price": 597.78,
    "support": 595.68,
    "resistance": 600.0
  },
  "simulation": {
    "statistics": {
      "mean": 597.7761891354097,
      "std": 3.279194176597502,
      "p05": 592.4504798349316,
      "p25": 595.6841370941889,
      "p50": 597.6823662682689,
      "p75": 600.002378708795,
      "p95": 603.4140272788773,
      "min": 586.8898772017413,
      "max": 608.6090731783394
    },
    "simulations": 1000,
    "volatility": 0.2246
  }
}