{
  "ticker": "SPY",
  "timestamp": "2026-03-22T08:13:40.954693",
  "current_price": 592.27,
  "forecast_minutes": 60,
  "technical_indicators": {
    "rsi": 35.53,
    "macd": {
      "line": -1.362,
      "signal": -1.2258,
      "histogram": -0.1362
    },
    "bollinger_bands": {
      "upper": 634.84,
      "middle": 616.82,
      "lower": 598.8
    }
  },
  "bsm_analysis": {
    "greeks": {
      "delta": 0.5384,
      "gamma": 0.009449,
      "theta": -0.3214,
      "vega": 0.6743,
      "rho": 0.2473
    },
    "atm_call_price": 18.03,
    "atm_put_price": 15.48,
    "implied_move": 0.62
  },
  "prediction": {
    "signal": "NEUTRAL",
    "score": -1,
    "confidence": 25.0,
    "reasons": [
      "MACD histogram negative (bearish momentum)"
    ],
    "target_price": 592.17,
    "support": 589.83,
    "resistance": 594.39
  },
  "simulation": {
    "statistics": {
      "mean": 592.1659937782618,
      "std": 3.6592837554433633,
      "p05": 586.2495037617102,
      "p25": 589.8324092468441,
      "p50": 592.177931591265,
      "p75": 594.3915503471566,
      "p95": 598.2142837415446,
      "min": 578.378822875093,
      "max": 604.1687050448936
    },
    "simulations": 1000,
    "volatility": 0.2475
  }
}