{
  "ticker": "SPY",
  "timestamp": "2026-04-01T23:46:38.467783",
  "current_price": 597.84,
  "forecast_minutes": 60,
  "technical_indicators": {
    "rsi": 70.44,
    "macd": {
      "line": -0.9502,
      "signal": -0.8552,
      "histogram": -0.095
    },
    "bollinger_bands": {
      "upper": 585.59,
      "middle": 566.63,
      "lower": 547.66
    }
  },
  "bsm_analysis": {
    "greeks": {
      "delta": 0.5376,
      "gamma": 0.008504,
      "theta": -0.3525,
      "vega": 0.6807,
      "rho": 0.2478
    },
    "atm_call_price": 19.9,
    "atm_put_price": 17.33,
    "implied_move": 0.66
  },
  "prediction": {
    "signal": "BEARISH",
    "score": -3,
    "confidence": 75.0,
    "reasons": [
      "RSI indicates overbought conditions",
      "MACD histogram negative (bearish momentum)"
    ],
    "target_price": 597.89,
    "support": 595.15,
    "resistance": 600.57
  },
  "simulation": {
    "statistics": {
      "mean": 597.8919530136005,
      "std": 3.9337243828756026,
      "p05": 591.2854588118768,
      "p25": 595.1461233335076,
      "p50": 597.9030021170386,
      "p75": 600.5707759859996,
      "p95": 604.4689414670223,
      "min": 586.8999073952136,
      "max": 610.6653758513635
    },
    "simulations": 1000,
    "volatility": 0.2725
  }
}