{
  "ticker": "SPY",
  "timestamp": "2026-03-04T00:37:23.305590",
  "current_price": 593.2,
  "forecast_minutes": 60,
  "technical_indicators": {
    "rsi": 62.35,
    "macd": {
      "line": 8.0929,
      "signal": 7.2836,
      "histogram": 0.8093
    },
    "bollinger_bands": {
      "upper": 625.02,
      "middle": 593.97,
      "lower": 562.91
    }
  },
  "bsm_analysis": {
    "greeks": {
      "delta": 0.5397,
      "gamma": 0.010539,
      "theta": -0.2929,
      "vega": 0.6751,
      "rho": 0.2497
    },
    "atm_call_price": 16.3,
    "atm_put_price": 13.75,
    "implied_move": 0.53
  },
  "prediction": {
    "signal": "NEUTRAL",
    "score": 1,
    "confidence": 25.0,
    "reasons": [
      "MACD histogram positive (bullish momentum)"
    ],
    "target_price": 593.1,
    "support": 591.08,
    "resistance": 595.29
  },
  "simulation": {
    "statistics": {
      "mean": 593.1040069569207,
      "std": 3.140139099463098,
      "p05": 587.9117912620023,
      "p25": 591.0812807651005,
      "p50": 593.0051451948702,
      "p75": 595.2901305462457,
      "p95": 598.3633784966445,
      "min": 582.1531216287555,
      "max": 603.5873660376466
    },
    "simulations": 1000,
    "volatility": 0.2215
  }
}