{
  "ticker": "SPY",
  "timestamp": "2026-02-14T23:00:02.130414",
  "current_price": 596.79,
  "forecast_minutes": 60,
  "technical_indicators": {
    "rsi": 39.07,
    "macd": {
      "line": 1.9579,
      "signal": 1.7621,
      "histogram": 0.1958
    },
    "bollinger_bands": {
      "upper": 631.54,
      "middle": 614.62,
      "lower": 597.7
    }
  },
  "bsm_analysis": {
    "greeks": {
      "delta": 0.5373,
      "gamma": 0.008156,
      "theta": -0.3655,
      "vega": 0.6796,
      "rho": 0.2466
    },
    "atm_call_price": 20.69,
    "atm_put_price": 18.12,
    "implied_move": 0.7
  },
  "prediction": {
    "signal": "NEUTRAL",
    "score": 1,
    "confidence": 25.0,
    "reasons": [
      "MACD histogram positive (bullish momentum)"
    ],
    "target_price": 596.67,
    "support": 593.77,
    "resistance": 599.41
  },
  "simulation": {
    "statistics": {
      "mean": 596.6670597310239,
      "std": 4.149217965546233,
      "p05": 590.0440948339296,
      "p25": 593.7711494589842,
      "p50": 596.7339614772714,
      "p75": 599.4144421746711,
      "p95": 603.6456127240615,
      "min": 584.4620249905308,
      "max": 610.4704384452926
    },
    "simulations": 1000,
    "volatility": 0.2846
  }
}