{
  "ticker": "SPY",
  "timestamp": "2026-03-09T15:37:57.014919",
  "current_price": 594.22,
  "forecast_minutes": 60,
  "technical_indicators": {
    "rsi": 47.64,
    "macd": {
      "line": 0.279,
      "signal": 0.2511,
      "histogram": 0.0279
    },
    "bollinger_bands": {
      "upper": 607.66,
      "middle": 599.02,
      "lower": 590.38
    }
  },
  "bsm_analysis": {
    "greeks": {
      "delta": 0.5552,
      "gamma": 0.018625,
      "theta": -0.1857,
      "vega": 0.6731,
      "rho": 0.2631
    },
    "atm_call_price": 9.79,
    "atm_put_price": 7.23,
    "implied_move": 0.31
  },
  "prediction": {
    "signal": "NEUTRAL",
    "score": 1,
    "confidence": 25.0,
    "reasons": [
      "MACD histogram positive (bullish momentum)"
    ],
    "target_price": 594.16,
    "support": 592.86,
    "resistance": 595.42
  },
  "simulation": {
    "statistics": {
      "mean": 594.1564396266602,
      "std": 1.8257339676028739,
      "p05": 591.102500396895,
      "p25": 592.8637658687783,
      "p50": 594.1922490579414,
      "p75": 595.4242747679544,
      "p95": 597.1946709964357,
      "min": 588.7059958803937,
      "max": 599.9044038845685
    },
    "simulations": 1000,
    "volatility": 0.1245
  }
}