{
  "ticker": "SPY",
  "timestamp": "2026-03-11T08:48:28.425841",
  "current_price": 596.97,
  "forecast_minutes": 60,
  "technical_indicators": {
    "rsi": 45.14,
    "macd": {
      "line": 7.9994,
      "signal": 7.1995,
      "histogram": 0.7999
    },
    "bollinger_bands": {
      "upper": 642.41,
      "middle": 612.69,
      "lower": 582.97
    }
  },
  "bsm_analysis": {
    "greeks": {
      "delta": 0.537,
      "gamma": 0.007078,
      "theta": -0.4143,
      "vega": 0.6798,
      "rho": 0.2441
    },
    "atm_call_price": 23.64,
    "atm_put_price": 21.07,
    "implied_move": 0.83
  },
  "prediction": {
    "signal": "NEUTRAL",
    "score": 1,
    "confidence": 25.0,
    "reasons": [
      "MACD histogram positive (bullish momentum)"
    ],
    "target_price": 597.16,
    "support": 593.86,
    "resistance": 600.33
  },
  "simulation": {
    "statistics": {
      "mean": 597.1574372692029,
      "std": 4.961273584675574,
      "p05": 589.2615424165318,
      "p25": 593.861801241106,
      "p50": 597.1065800998147,
      "p75": 600.3335422726902,
      "p95": 605.5721199117667,
      "min": 581.9287389304428,
      "max": 611.0509990664088
    },
    "simulations": 1000,
    "volatility": 0.3279
  }
}