{
  "ticker": "SPY",
  "timestamp": "2026-03-28T14:32:48.652725",
  "current_price": 594.67,
  "forecast_minutes": 60,
  "technical_indicators": {
    "rsi": 44.41,
    "macd": {
      "line": 5.7612,
      "signal": 5.1851,
      "histogram": 0.5761
    },
    "bollinger_bands": {
      "upper": 630.66,
      "middle": 606.46,
      "lower": 582.26
    }
  },
  "bsm_analysis": {
    "greeks": {
      "delta": 0.5405,
      "gamma": 0.011077,
      "theta": -0.281,
      "vega": 0.6766,
      "rho": 0.2514
    },
    "atm_call_price": 15.58,
    "atm_put_price": 13.02,
    "implied_move": 0.53
  },
  "prediction": {
    "signal": "NEUTRAL",
    "score": 1,
    "confidence": 25.0,
    "reasons": [
      "MACD histogram positive (bullish momentum)"
    ],
    "target_price": 594.58,
    "support": 592.46,
    "resistance": 596.68
  },
  "simulation": {
    "statistics": {
      "mean": 594.5763785247519,
      "std": 3.165674044959068,
      "p05": 589.4356286381056,
      "p25": 592.4590152052624,
      "p50": 594.5668620649305,
      "p75": 596.6772530650672,
      "p95": 599.8221198645836,
      "min": 585.2340626853734,
      "max": 605.5287514029485
    },
    "simulations": 1000,
    "volatility": 0.2102
  }
}