{
  "ticker": "SPY",
  "timestamp": "2026-02-16T10:34:52.254028",
  "current_price": 595.2,
  "forecast_minutes": 60,
  "technical_indicators": {
    "rsi": 71.64,
    "macd": {
      "line": 1.7962,
      "signal": 1.6166,
      "histogram": 0.1796
    },
    "bollinger_bands": {
      "upper": 588.16,
      "middle": 573.94,
      "lower": 559.72
    }
  },
  "bsm_analysis": {
    "greeks": {
      "delta": 0.5396,
      "gamma": 0.010412,
      "theta": -0.2961,
      "vega": 0.6774,
      "rho": 0.2504
    },
    "atm_call_price": 16.49,
    "atm_put_price": 13.93,
    "implied_move": 0.56
  },
  "prediction": {
    "signal": "NEUTRAL",
    "score": -1,
    "confidence": 25.0,
    "reasons": [
      "RSI indicates overbought conditions",
      "MACD histogram positive (bullish momentum)"
    ],
    "target_price": 595.35,
    "support": 593.16,
    "resistance": 597.45
  },
  "simulation": {
    "statistics": {
      "mean": 595.3481325903616,
      "std": 3.3552219285992404,
      "p05": 589.8548524303516,
      "p25": 593.1614756795618,
      "p50": 595.4269852273125,
      "p75": 597.4545030589279,
      "p95": 601.0805981447912,
      "min": 584.9700504571618,
      "max": 605.1165252131817
    },
    "simulations": 1000,
    "volatility": 0.2234
  }
}