{
  "ticker": "SPY",
  "timestamp": "2026-02-10T10:35:46.658791",
  "current_price": 594.99,
  "forecast_minutes": 60,
  "technical_indicators": {
    "rsi": 58.9,
    "macd": {
      "line": -3.4881,
      "signal": -3.1393,
      "histogram": -0.3488
    },
    "bollinger_bands": {
      "upper": 608.97,
      "middle": 586.73,
      "lower": 564.49
    }
  },
  "bsm_analysis": {
    "greeks": {
      "delta": 0.5468,
      "gamma": 0.01463,
      "theta": -0.2239,
      "vega": 0.6758,
      "rho": 0.2574
    },
    "atm_call_price": 12.11,
    "atm_put_price": 9.55,
    "implied_move": 0.4
  },
  "prediction": {
    "signal": "NEUTRAL",
    "score": -1,
    "confidence": 25.0,
    "reasons": [
      "MACD histogram negative (bearish momentum)"
    ],
    "target_price": 595.09,
    "support": 593.45,
    "resistance": 596.78
  },
  "simulation": {
    "statistics": {
      "mean": 595.0913419228566,
      "std": 2.3701987341114363,
      "p05": 591.2052563446638,
      "p25": 593.4456145373312,
      "p50": 595.0932705252694,
      "p75": 596.7784717781403,
      "p95": 598.9378135018737,
      "min": 587.8719859997547,
      "max": 603.0861388925763
    },
    "simulations": 1000,
    "volatility": 0.1588
  }
}