{
  "ticker": "SPY",
  "timestamp": "2026-02-21T20:53:26.284323",
  "current_price": 593.8,
  "forecast_minutes": 60,
  "technical_indicators": {
    "rsi": 65.54,
    "macd": {
      "line": 1.961,
      "signal": 1.7649,
      "histogram": 0.1961
    },
    "bollinger_bands": {
      "upper": 589.97,
      "middle": 575.48,
      "lower": 560.98
    }
  },
  "bsm_analysis": {
    "greeks": {
      "delta": 0.5404,
      "gamma": 0.011026,
      "theta": -0.282,
      "vega": 0.6757,
      "rho": 0.2509
    },
    "atm_call_price": 15.64,
    "atm_put_price": 13.09,
    "implied_move": 0.52
  },
  "prediction": {
    "signal": "NEUTRAL",
    "score": 1,
    "confidence": 25.0,
    "reasons": [
      "MACD histogram positive (bullish momentum)"
    ],
    "target_price": 593.88,
    "support": 591.73,
    "resistance": 595.94
  },
  "simulation": {
    "statistics": {
      "mean": 593.8755140002633,
      "std": 3.107913464972661,
      "p05": 588.9272397977111,
      "p25": 591.7344754617534,
      "p50": 593.9138240408447,
      "p75": 595.9388060224459,
      "p95": 598.9167174865437,
      "min": 584.4675766809924,
      "max": 604.8599005287168
    },
    "simulations": 1000,
    "volatility": 0.2115
  }
}