{
  "ticker": "SPY",
  "timestamp": "2026-02-28T16:26:28.836340",
  "current_price": 596.55,
  "forecast_minutes": 60,
  "technical_indicators": {
    "rsi": 43.69,
    "macd": {
      "line": 2.1755,
      "signal": 1.9579,
      "histogram": 0.2175
    },
    "bollinger_bands": {
      "upper": 618.22,
      "middle": 605.14,
      "lower": 592.05
    }
  },
  "bsm_analysis": {
    "greeks": {
      "delta": 0.548,
      "gamma": 0.015171,
      "theta": -0.2177,
      "vega": 0.6774,
      "rho": 0.259
    },
    "atm_call_price": 11.73,
    "atm_put_price": 9.16,
    "implied_move": 0.38
  },
  "prediction": {
    "signal": "NEUTRAL",
    "score": 1,
    "confidence": 25.0,
    "reasons": [
      "MACD histogram positive (bullish momentum)"
    ],
    "target_price": 596.53,
    "support": 595.15,
    "resistance": 598.1
  },
  "simulation": {
    "statistics": {
      "mean": 596.5296622832802,
      "std": 2.2403448940011774,
      "p05": 592.7246457609976,
      "p25": 595.14734928093,
      "p50": 596.4866090101232,
      "p75": 598.0955081920572,
      "p95": 600.2917224472119,
      "min": 589.1972087116089,
      "max": 603.5075299037682
    },
    "simulations": 1000,
    "volatility": 0.1526
  }
}