{
  "ticker": "SPY",
  "timestamp": "2026-03-31T12:02:12.866967",
  "current_price": 594.52,
  "forecast_minutes": 60,
  "technical_indicators": {
    "rsi": 61.94,
    "macd": {
      "line": 2.2461,
      "signal": 2.0215,
      "histogram": 0.2246
    },
    "bollinger_bands": {
      "upper": 587.73,
      "middle": 573.82,
      "lower": 559.9
    }
  },
  "bsm_analysis": {
    "greeks": {
      "delta": 0.5465,
      "gamma": 0.014475,
      "theta": -0.2257,
      "vega": 0.6754,
      "rho": 0.257
    },
    "atm_call_price": 12.22,
    "atm_put_price": 9.66,
    "implied_move": 0.41
  },
  "prediction": {
    "signal": "NEUTRAL",
    "score": 1,
    "confidence": 25.0,
    "reasons": [
      "MACD histogram positive (bullish momentum)"
    ],
    "target_price": 594.48,
    "support": 592.88,
    "resistance": 596.16
  },
  "simulation": {
    "statistics": {
      "mean": 594.4762998030628,
      "std": 2.4211510344525946,
      "p05": 590.4633312366782,
      "p25": 592.8786767537937,
      "p50": 594.4960057183068,
      "p75": 596.1586552101222,
      "p95": 598.1790799780516,
      "min": 586.7912749753958,
      "max": 602.2092133129656
    },
    "simulations": 1000,
    "volatility": 0.1606
  }
}