{
  "ticker": "SPY",
  "timestamp": "2026-02-20T04:59:22.482941",
  "current_price": 593.36,
  "forecast_minutes": 60,
  "technical_indicators": {
    "rsi": 36.89,
    "macd": {
      "line": 2.2694,
      "signal": 2.0425,
      "histogram": 0.2269
    },
    "bollinger_bands": {
      "upper": 661.98,
      "middle": 631.25,
      "lower": 600.52
    }
  },
  "bsm_analysis": {
    "greeks": {
      "delta": 0.5374,
      "gamma": 0.006226,
      "theta": -0.4643,
      "vega": 0.6757,
      "rho": 0.2402
    },
    "atm_call_price": 26.68,
    "atm_put_price": 24.13,
    "implied_move": 0.92
  },
  "prediction": {
    "signal": "NEUTRAL",
    "score": 1,
    "confidence": 25.0,
    "reasons": [
      "MACD histogram positive (bullish momentum)"
    ],
    "target_price": 593.5,
    "support": 589.86,
    "resistance": 597.14
  },
  "simulation": {
    "statistics": {
      "mean": 593.5004884032951,
      "std": 5.444896421520927,
      "p05": 584.9915997872537,
      "p25": 589.8590919331211,
      "p50": 593.0488507804075,
      "p75": 597.1378361125198,
      "p95": 602.7872324821152,
      "min": 577.5600194537237,
      "max": 612.9345264529468
    },
    "simulations": 1000,
    "volatility": 0.375
  }
}