{
  "ticker": "SPY",
  "timestamp": "2026-04-04T04:54:18.272897",
  "current_price": 593.06,
  "forecast_minutes": 60,
  "technical_indicators": {
    "rsi": 54.98,
    "macd": {
      "line": 3.0144,
      "signal": 2.7129,
      "histogram": 0.3014
    },
    "bollinger_bands": {
      "upper": 600.22,
      "middle": 586.65,
      "lower": 573.08
    }
  },
  "bsm_analysis": {
    "greeks": {
      "delta": 0.5552,
      "gamma": 0.018687,
      "theta": -0.1852,
      "vega": 0.6718,
      "rho": 0.2626
    },
    "atm_call_price": 9.75,
    "atm_put_price": 7.2,
    "implied_move": 0.3
  },
  "prediction": {
    "signal": "NEUTRAL",
    "score": 1,
    "confidence": 25.0,
    "reasons": [
      "MACD histogram positive (bullish momentum)"
    ],
    "target_price": 593.06,
    "support": 591.84,
    "resistance": 594.25
  },
  "simulation": {
    "statistics": {
      "mean": 593.0571383402271,
      "std": 1.7801241916645154,
      "p05": 590.171041790231,
      "p25": 591.840658839473,
      "p50": 593.0510438521816,
      "p75": 594.2482386305019,
      "p95": 595.9904307317719,
      "min": 586.2948299493313,
      "max": 598.7485332678647
    },
    "simulations": 1000,
    "volatility": 0.1244
  }
}