{
  "ticker": "SPY",
  "timestamp": "2026-04-01T19:39:21.029432",
  "current_price": 593.13,
  "forecast_minutes": 60,
  "technical_indicators": {
    "rsi": 55.42,
    "macd": {
      "line": -5.3275,
      "signal": -4.7948,
      "histogram": -0.5328
    },
    "bollinger_bands": {
      "upper": 596.2,
      "middle": 557.83,
      "lower": 519.46
    }
  },
  "bsm_analysis": {
    "greeks": {
      "delta": 0.5396,
      "gamma": 0.004954,
      "theta": -0.5715,
      "vega": 0.675,
      "rho": 0.2358
    },
    "atm_call_price": 33.17,
    "atm_put_price": 30.62,
    "implied_move": 1.14
  },
  "prediction": {
    "signal": "NEUTRAL",
    "score": -1,
    "confidence": 25.0,
    "reasons": [
      "MACD histogram negative (bearish momentum)"
    ],
    "target_price": 593.01,
    "support": 588.7,
    "resistance": 597.04
  },
  "simulation": {
    "statistics": {
      "mean": 593.0147769364062,
      "std": 6.749054175708748,
      "p05": 582.0961775999007,
      "p25": 588.7049799417714,
      "p50": 593.0920275656406,
      "p75": 597.0446788647203,
      "p95": 603.998768303713,
      "min": 571.7157290951465,
      "max": 619.0784397335409
    },
    "simulations": 1000,
    "volatility": 0.4713
  }
}