{
  "ticker": "SPY",
  "timestamp": "2026-03-16T02:41:17.616778",
  "current_price": 595.69,
  "forecast_minutes": 60,
  "technical_indicators": {
    "rsi": 44.33,
    "macd": {
      "line": 5.9332,
      "signal": 5.3399,
      "histogram": 0.5933
    },
    "bollinger_bands": {
      "upper": 625.92,
      "middle": 601.56,
      "lower": 577.2
    }
  },
  "bsm_analysis": {
    "greeks": {
      "delta": 0.5493,
      "gamma": 0.015869,
      "theta": -0.21,
      "vega": 0.6761,
      "rho": 0.2597
    },
    "atm_call_price": 11.27,
    "atm_put_price": 8.7,
    "implied_move": 0.37
  },
  "prediction": {
    "signal": "NEUTRAL",
    "score": 1,
    "confidence": 25.0,
    "reasons": [
      "MACD histogram positive (bullish momentum)"
    ],
    "target_price": 595.68,
    "support": 594.17,
    "resistance": 597.07
  },
  "simulation": {
    "statistics": {
      "mean": 595.6750516325893,
      "std": 2.1928473036836875,
      "p05": 592.0159882590516,
      "p25": 594.1709943758693,
      "p50": 595.6560656039967,
      "p75": 597.0746967244093,
      "p95": 599.369916258498,
      "min": 589.0634814858836,
      "max": 601.9789442877512
    },
    "simulations": 1000,
    "volatility": 0.1461
  }
}