{
  "ticker": "SPY",
  "timestamp": "2026-04-11T05:48:37.252993",
  "current_price": 594.44,
  "forecast_minutes": 60,
  "technical_indicators": {
    "rsi": 62.46,
    "macd": {
      "line": 0.0309,
      "signal": 0.0278,
      "histogram": 0.0031
    },
    "bollinger_bands": {
      "upper": 579.21,
      "middle": 560.83,
      "lower": 542.45
    }
  },
  "bsm_analysis": {
    "greeks": {
      "delta": 0.5371,
      "gamma": 0.00683,
      "theta": -0.4274,
      "vega": 0.6769,
      "rho": 0.2423
    },
    "atm_call_price": 24.45,
    "atm_put_price": 21.89,
    "implied_move": 0.84
  },
  "prediction": {
    "signal": "NEUTRAL",
    "score": 1,
    "confidence": 25.0,
    "reasons": [
      "MACD histogram positive (bullish momentum)"
    ],
    "target_price": 594.66,
    "support": 591.19,
    "resistance": 598.07
  },
  "simulation": {
    "statistics": {
      "mean": 594.6622228429623,
      "std": 4.965396453254025,
      "p05": 586.9342193161579,
      "p25": 591.1867341767033,
      "p50": 594.480361874627,
      "p75": 598.0713014499692,
      "p95": 603.2310648674402,
      "min": 579.5487786622284,
      "max": 612.0731555917413
    },
    "simulations": 1000,
    "volatility": 0.3413
  }
}