{
  "ticker": "SPY",
  "timestamp": "2026-03-03T12:50:02.793141",
  "current_price": 594.59,
  "forecast_minutes": 60,
  "technical_indicators": {
    "rsi": 55.12,
    "macd": {
      "line": -6.1327,
      "signal": -5.5194,
      "histogram": -0.6133
    },
    "bollinger_bands": {
      "upper": 610.63,
      "middle": 583.31,
      "lower": 556.0
    }
  },
  "bsm_analysis": {
    "greeks": {
      "delta": 0.5375,
      "gamma": 0.008492,
      "theta": -0.3527,
      "vega": 0.677,
      "rho": 0.2463
    },
    "atm_call_price": 19.92,
    "atm_put_price": 17.36,
    "implied_move": 0.68
  },
  "prediction": {
    "signal": "NEUTRAL",
    "score": -1,
    "confidence": 25.0,
    "reasons": [
      "MACD histogram negative (bearish momentum)"
    ],
    "target_price": 594.57,
    "support": 592.04,
    "resistance": 597.48
  },
  "simulation": {
    "statistics": {
      "mean": 594.5691087009781,
      "std": 4.0506725039431295,
      "p05": 587.8750237480986,
      "p25": 592.0437217871804,
      "p50": 594.408366999689,
      "p75": 597.4787036903481,
      "p95": 600.8899916105681,
      "min": 580.9552462450418,
      "max": 608.3935749338257
    },
    "simulations": 1000,
    "volatility": 0.2744
  }
}