{
  "ticker": "SPY",
  "timestamp": "2026-03-14T22:27:14.814424",
  "current_price": 596.62,
  "forecast_minutes": 60,
  "technical_indicators": {
    "rsi": 68.13,
    "macd": {
      "line": -6.6065,
      "signal": -5.9459,
      "histogram": -0.6607
    },
    "bollinger_bands": {
      "upper": 581.37,
      "middle": 534.15,
      "lower": 486.93
    }
  },
  "bsm_analysis": {
    "greeks": {
      "delta": 0.5501,
      "gamma": 0.00315,
      "theta": -0.8688,
      "vega": 0.677,
      "rho": 0.2276
    },
    "atm_call_price": 51.23,
    "atm_put_price": 48.66,
    "implied_move": 1.82
  },
  "prediction": {
    "signal": "NEUTRAL",
    "score": -1,
    "confidence": 25.0,
    "reasons": [
      "MACD histogram negative (bearish momentum)"
    ],
    "target_price": 597.05,
    "support": 589.85,
    "resistance": 604.22
  },
  "simulation": {
    "statistics": {
      "mean": 597.0539369580084,
      "std": 10.841660507739546,
      "p05": 578.6707212085213,
      "p25": 589.8483892201982,
      "p50": 597.0680186361153,
      "p75": 604.2197594230154,
      "p95": 614.8565036874174,
      "min": 558.0028693414873,
      "max": 642.6296217340749
    },
    "simulations": 1000,
    "volatility": 0.7347
  }
}