{
  "ticker": "SPY",
  "timestamp": "2026-04-01T22:16:33.155244",
  "current_price": 592.46,
  "forecast_minutes": 60,
  "technical_indicators": {
    "rsi": 67.47,
    "macd": {
      "line": 1.1585,
      "signal": 1.0427,
      "histogram": 0.1159
    },
    "bollinger_bands": {
      "upper": 578.07,
      "middle": 559.56,
      "lower": 541.05
    }
  },
  "bsm_analysis": {
    "greeks": {
      "delta": 0.5372,
      "gamma": 0.007998,
      "theta": -0.3715,
      "vega": 0.6747,
      "rho": 0.2443
    },
    "atm_call_price": 21.07,
    "atm_put_price": 18.51,
    "implied_move": 0.71
  },
  "prediction": {
    "signal": "NEUTRAL",
    "score": 1,
    "confidence": 25.0,
    "reasons": [
      "MACD histogram positive (bullish momentum)"
    ],
    "target_price": 592.53,
    "support": 589.79,
    "resistance": 595.11
  },
  "simulation": {
    "statistics": {
      "mean": 592.5337645548899,
      "std": 4.18621730495015,
      "p05": 585.4182415091636,
      "p25": 589.7860651901677,
      "p50": 592.4285497561148,
      "p75": 595.1110773815308,
      "p95": 599.5581184484622,
      "min": 580.6848060125839,
      "max": 604.3453912345527
    },
    "simulations": 1000,
    "volatility": 0.2924
  }
}