{
  "ticker": "SPY",
  "timestamp": "2026-03-08T11:25:52.307915",
  "current_price": 594.22,
  "forecast_minutes": 60,
  "technical_indicators": {
    "rsi": 71.97,
    "macd": {
      "line": 1.2867,
      "signal": 1.158,
      "histogram": 0.1287
    },
    "bollinger_bands": {
      "upper": 580.58,
      "middle": 564.78,
      "lower": 548.98
    }
  },
  "bsm_analysis": {
    "greeks": {
      "delta": 0.5415,
      "gamma": 0.011737,
      "theta": -0.2677,
      "vega": 0.6759,
      "rho": 0.2523
    },
    "atm_call_price": 14.77,
    "atm_put_price": 12.22,
    "implied_move": 0.49
  },
  "prediction": {
    "signal": "NEUTRAL",
    "score": -1,
    "confidence": 25.0,
    "reasons": [
      "RSI indicates overbought conditions",
      "MACD histogram positive (bullish momentum)"
    ],
    "target_price": 594.26,
    "support": 592.41,
    "resistance": 596.27
  },
  "simulation": {
    "statistics": {
      "mean": 594.2585241114248,
      "std": 2.9010493682744642,
      "p05": 589.4079977255134,
      "p25": 592.4127883104052,
      "p50": 594.2351096913319,
      "p75": 596.267967395561,
      "p95": 598.940817924583,
      "min": 583.6630655632814,
      "max": 603.4221281314624
    },
    "simulations": 1000,
    "volatility": 0.1984
  }
}