{
  "ticker": "SPY",
  "timestamp": "2026-02-22T17:44:11.129214",
  "current_price": 594.87,
  "forecast_minutes": 60,
  "technical_indicators": {
    "rsi": 54.01,
    "macd": {
      "line": 1.7852,
      "signal": 1.6067,
      "histogram": 0.1785
    },
    "bollinger_bands": {
      "upper": 605.41,
      "middle": 592.42,
      "lower": 579.44
    }
  },
  "bsm_analysis": {
    "greeks": {
      "delta": 0.5474,
      "gamma": 0.014963,
      "theta": -0.2199,
      "vega": 0.6755,
      "rho": 0.2579
    },
    "atm_call_price": 11.87,
    "atm_put_price": 9.31,
    "implied_move": 0.39
  },
  "prediction": {
    "signal": "NEUTRAL",
    "score": 1,
    "confidence": 25.0,
    "reasons": [
      "MACD histogram positive (bullish momentum)"
    ],
    "target_price": 594.92,
    "support": 593.37,
    "resistance": 596.46
  },
  "simulation": {
    "statistics": {
      "mean": 594.9188933020442,
      "std": 2.3214097433396788,
      "p05": 591.2125861429969,
      "p25": 593.3746898977479,
      "p50": 594.9070804856485,
      "p75": 596.463181947099,
      "p95": 598.8622504050409,
      "min": 587.5855102988013,
      "max": 601.6731951711317
    },
    "simulations": 1000,
    "volatility": 0.1552
  }
}