{
  "ticker": "SPY",
  "timestamp": "2026-04-04T13:29:59.353532",
  "current_price": 595.78,
  "forecast_minutes": 60,
  "technical_indicators": {
    "rsi": 55.49,
    "macd": {
      "line": -3.5216,
      "signal": -3.1694,
      "histogram": -0.3522
    },
    "bollinger_bands": {
      "upper": 597.99,
      "middle": 579.14,
      "lower": 560.29
    }
  },
  "bsm_analysis": {
    "greeks": {
      "delta": 0.5371,
      "gamma": 0.007566,
      "theta": -0.3904,
      "vega": 0.6785,
      "rho": 0.2447
    },
    "atm_call_price": 22.2,
    "atm_put_price": 19.63,
    "implied_move": 0.76
  },
  "prediction": {
    "signal": "NEUTRAL",
    "score": -1,
    "confidence": 25.0,
    "reasons": [
      "MACD histogram negative (bearish momentum)"
    ],
    "target_price": 595.83,
    "support": 592.85,
    "resistance": 598.82
  },
  "simulation": {
    "statistics": {
      "mean": 595.8317934993194,
      "std": 4.510060047633275,
      "p05": 588.6920406132461,
      "p25": 592.8498525592845,
      "p50": 595.6836136689093,
      "p75": 598.8204008015667,
      "p95": 603.4712590409878,
      "min": 578.0498618973425,
      "max": 610.0692985849512
    },
    "simulations": 1000,
    "volatility": 0.3074
  }
}