{
  "ticker": "SPY",
  "timestamp": "2026-03-24T02:00:21.763183",
  "current_price": 595.3,
  "forecast_minutes": 60,
  "technical_indicators": {
    "rsi": 45.32,
    "macd": {
      "line": 3.3778,
      "signal": 3.04,
      "histogram": 0.3378
    },
    "bollinger_bands": {
      "upper": 618.22,
      "middle": 603.14,
      "lower": 588.06
    }
  },
  "bsm_analysis": {
    "greeks": {
      "delta": 0.5453,
      "gamma": 0.013838,
      "theta": -0.2341,
      "vega": 0.6765,
      "rho": 0.2563
    },
    "atm_call_price": 12.73,
    "atm_put_price": 10.17,
    "implied_move": 0.42
  },
  "prediction": {
    "signal": "NEUTRAL",
    "score": 1,
    "confidence": 25.0,
    "reasons": [
      "MACD histogram positive (bullish momentum)"
    ],
    "target_price": 595.15,
    "support": 593.58,
    "resistance": 596.73
  },
  "simulation": {
    "statistics": {
      "mean": 595.1512453635127,
      "std": 2.5003851552599747,
      "p05": 590.9767797176598,
      "p25": 593.5817519630648,
      "p50": 595.0486500983732,
      "p75": 596.7349445789912,
      "p95": 599.1704254389924,
      "min": 587.2755273230883,
      "max": 603.5212738230024
    },
    "simulations": 1000,
    "volatility": 0.1678
  }
}