{
  "ticker": "SPY",
  "timestamp": "2026-04-06T16:02:04.829575",
  "current_price": 594.27,
  "forecast_minutes": 60,
  "technical_indicators": {
    "rsi": 49.28,
    "macd": {
      "line": 4.3932,
      "signal": 3.9539,
      "histogram": 0.4393
    },
    "bollinger_bands": {
      "upper": 604.2,
      "middle": 588.73,
      "lower": 573.27
    }
  },
  "bsm_analysis": {
    "greeks": {
      "delta": 0.5491,
      "gamma": 0.01581,
      "theta": -0.2106,
      "vega": 0.6745,
      "rho": 0.2589
    },
    "atm_call_price": 11.3,
    "atm_put_price": 8.74,
    "implied_move": 0.37
  },
  "prediction": {
    "signal": "NEUTRAL",
    "score": 1,
    "confidence": 25.0,
    "reasons": [
      "MACD histogram positive (bullish momentum)"
    ],
    "target_price": 594.35,
    "support": 592.85,
    "resistance": 595.81
  },
  "simulation": {
    "statistics": {
      "mean": 594.3539112233881,
      "std": 2.1877065424861772,
      "p05": 590.7962306699711,
      "p25": 592.8466313277128,
      "p50": 594.3562812251184,
      "p75": 595.8116802359563,
      "p95": 598.0071947218568,
      "min": 587.7682649577384,
      "max": 602.316646758726
    },
    "simulations": 1000,
    "volatility": 0.147
  }
}