{
  "ticker": "SPY",
  "timestamp": "2026-04-02T01:13:26.262394",
  "current_price": 597.67,
  "forecast_minutes": 60,
  "technical_indicators": {
    "rsi": 65.15,
    "macd": {
      "line": 0.02,
      "signal": 0.018,
      "histogram": 0.002
    },
    "bollinger_bands": {
      "upper": 604.17,
      "middle": 590.12,
      "lower": 576.08
    }
  },
  "bsm_analysis": {
    "greeks": {
      "delta": 0.5535,
      "gamma": 0.017779,
      "theta": -0.1926,
      "vega": 0.6774,
      "rho": 0.2635
    },
    "atm_call_price": 10.2,
    "atm_put_price": 7.62,
    "implied_move": 0.33
  },
  "prediction": {
    "signal": "NEUTRAL",
    "score": 1,
    "confidence": 25.0,
    "reasons": [
      "MACD histogram positive (bullish momentum)"
    ],
    "target_price": 597.58,
    "support": 596.31,
    "resistance": 598.91
  },
  "simulation": {
    "statistics": {
      "mean": 597.580114635716,
      "std": 1.9452195812356556,
      "p05": 594.203294026213,
      "p25": 596.3131030828737,
      "p50": 597.6018913805702,
      "p75": 598.9121154208785,
      "p95": 600.7734084527242,
      "min": 592.0795597278799,
      "max": 603.290523656052
    },
    "simulations": 1000,
    "volatility": 0.1298
  }
}