{
  "ticker": "SPY",
  "timestamp": "2026-03-15T21:43:21.191272",
  "current_price": 597.53,
  "forecast_minutes": 60,
  "technical_indicators": {
    "rsi": 64.03,
    "macd": {
      "line": -0.8037,
      "signal": -0.7233,
      "histogram": -0.0804
    },
    "bollinger_bands": {
      "upper": 596.37,
      "middle": 575.51,
      "lower": 554.64
    }
  },
  "bsm_analysis": {
    "greeks": {
      "delta": 0.5394,
      "gamma": 0.010242,
      "theta": -0.3004,
      "vega": 0.6801,
      "rho": 0.2512
    },
    "atm_call_price": 16.75,
    "atm_put_price": 14.18,
    "implied_move": 0.57
  },
  "prediction": {
    "signal": "NEUTRAL",
    "score": -1,
    "confidence": 25.0,
    "reasons": [
      "MACD histogram negative (bearish momentum)"
    ],
    "target_price": 597.6,
    "support": 595.31,
    "resistance": 600.08
  },
  "simulation": {
    "statistics": {
      "mean": 597.5976625711836,
      "std": 3.380205475364145,
      "p05": 592.146599591104,
      "p25": 595.3128693617919,
      "p50": 597.4899082809014,
      "p75": 600.0788005162265,
      "p95": 602.9735932742362,
      "min": 586.591048108446,
      "max": 608.0291176071762
    },
    "simulations": 1000,
    "volatility": 0.2263
  }
}