{
  "ticker": "SPY",
  "timestamp": "2026-04-05T21:37:13.611533",
  "current_price": 595.52,
  "forecast_minutes": 60,
  "technical_indicators": {
    "rsi": 58.77,
    "macd": {
      "line": -3.9579,
      "signal": -3.5621,
      "histogram": -0.3958
    },
    "bollinger_bands": {
      "upper": 594.71,
      "middle": 570.69,
      "lower": 546.68
    }
  },
  "bsm_analysis": {
    "greeks": {
      "delta": 0.5371,
      "gamma": 0.007824,
      "theta": -0.379,
      "vega": 0.6782,
      "rho": 0.2452
    },
    "atm_call_price": 21.51,
    "atm_put_price": 18.95,
    "implied_move": 0.74
  },
  "prediction": {
    "signal": "NEUTRAL",
    "score": -1,
    "confidence": 25.0,
    "reasons": [
      "MACD histogram negative (bearish momentum)"
    ],
    "target_price": 595.47,
    "support": 592.39,
    "resistance": 598.49
  },
  "simulation": {
    "statistics": {
      "mean": 595.4689430492203,
      "std": 4.3937717906501526,
      "p05": 588.3320425885969,
      "p25": 592.389075090354,
      "p50": 595.4700175327486,
      "p75": 598.4863963898781,
      "p95": 602.9824219982119,
      "min": 583.2309157233958,
      "max": 608.5441027673991
    },
    "simulations": 1000,
    "volatility": 0.2974
  }
}