{
  "ticker": "SPY",
  "timestamp": "2026-04-01T20:54:57.659530",
  "current_price": 595.48,
  "forecast_minutes": 60,
  "technical_indicators": {
    "rsi": 44.17,
    "macd": {
      "line": 7.1688,
      "signal": 6.4519,
      "histogram": 0.7169
    },
    "bollinger_bands": {
      "upper": 650.16,
      "middle": 616.95,
      "lower": 583.74
    }
  },
  "bsm_analysis": {
    "greeks": {
      "delta": 0.5374,
      "gamma": 0.00835,
      "theta": -0.358,
      "vega": 0.6781,
      "rho": 0.2464
    },
    "atm_call_price": 20.24,
    "atm_put_price": 17.68,
    "implied_move": 0.73
  },
  "prediction": {
    "signal": "NEUTRAL",
    "score": 1,
    "confidence": 25.0,
    "reasons": [
      "MACD histogram positive (bullish momentum)"
    ],
    "target_price": 595.58,
    "support": 592.86,
    "resistance": 598.41
  },
  "simulation": {
    "statistics": {
      "mean": 595.57980540262,
      "std": 4.327443249494144,
      "p05": 588.0917416107143,
      "p25": 592.8633870668783,
      "p50": 595.7362959703796,
      "p75": 598.4061867976976,
      "p95": 602.5171648306489,
      "min": 581.2274020353168,
      "max": 608.7781414903623
    },
    "simulations": 1000,
    "volatility": 0.2786
  }
}