{
  "ticker": "SPY",
  "timestamp": "2026-03-10T03:07:04.418839",
  "current_price": 592.06,
  "forecast_minutes": 60,
  "technical_indicators": {
    "rsi": 42.21,
    "macd": {
      "line": -1.7853,
      "signal": -1.6068,
      "histogram": -0.1785
    },
    "bollinger_bands": {
      "upper": 601.02,
      "middle": 592.57,
      "lower": 584.12
    }
  },
  "bsm_analysis": {
    "greeks": {
      "delta": 0.5514,
      "gamma": 0.016965,
      "theta": -0.1992,
      "vega": 0.6715,
      "rho": 0.2596
    },
    "atm_call_price": 10.61,
    "atm_put_price": 8.06,
    "implied_move": 0.34
  },
  "prediction": {
    "signal": "NEUTRAL",
    "score": -1,
    "confidence": 25.0,
    "reasons": [
      "MACD histogram negative (bearish momentum)"
    ],
    "target_price": 592.07,
    "support": 590.72,
    "resistance": 593.4
  },
  "simulation": {
    "statistics": {
      "mean": 592.0720988170744,
      "std": 2.0025693308400783,
      "p05": 588.862329043972,
      "p25": 590.7209622778141,
      "p50": 592.0925204748991,
      "p75": 593.3987779493654,
      "p95": 595.3583113132432,
      "min": 583.5881509654388,
      "max": 599.4689968638946
    },
    "simulations": 1000,
    "volatility": 0.1374
  }
}