{
  "ticker": "SPY",
  "timestamp": "2026-02-27T07:34:37.665249",
  "current_price": 595.32,
  "forecast_minutes": 60,
  "technical_indicators": {
    "rsi": 73.58,
    "macd": {
      "line": 4.1312,
      "signal": 3.7181,
      "histogram": 0.4131
    },
    "bollinger_bands": {
      "upper": 585.58,
      "middle": 564.69,
      "lower": 543.79
    }
  },
  "bsm_analysis": {
    "greeks": {
      "delta": 0.5377,
      "gamma": 0.008763,
      "theta": -0.3433,
      "vega": 0.6778,
      "rho": 0.2472
    },
    "atm_call_price": 19.35,
    "atm_put_price": 16.78,
    "implied_move": 0.65
  },
  "prediction": {
    "signal": "NEUTRAL",
    "score": -1,
    "confidence": 25.0,
    "reasons": [
      "RSI indicates overbought conditions",
      "MACD histogram positive (bullish momentum)"
    ],
    "target_price": 595.31,
    "support": 592.86,
    "resistance": 597.72
  },
  "simulation": {
    "statistics": {
      "mean": 595.3118240997591,
      "std": 3.868951124504748,
      "p05": 588.8234087474456,
      "p25": 592.8649930307564,
      "p50": 595.3581304018744,
      "p75": 597.7172624330792,
      "p95": 601.4573298274702,
      "min": 581.709568671578,
      "max": 609.1437622947465
    },
    "simulations": 1000,
    "volatility": 0.2655
  }
}