{
  "ticker": "SPY",
  "timestamp": "2026-03-11T10:48:13.520119",
  "current_price": 596.9,
  "forecast_minutes": 60,
  "technical_indicators": {
    "rsi": 51.33,
    "macd": {
      "line": 4.7094,
      "signal": 4.2384,
      "histogram": 0.4709
    },
    "bollinger_bands": {
      "upper": 615.87,
      "middle": 599.73,
      "lower": 583.59
    }
  },
  "bsm_analysis": {
    "greeks": {
      "delta": 0.5479,
      "gamma": 0.015157,
      "theta": -0.2178,
      "vega": 0.6778,
      "rho": 0.2592
    },
    "atm_call_price": 11.74,
    "atm_put_price": 9.17,
    "implied_move": 0.38
  },
  "prediction": {
    "signal": "NEUTRAL",
    "score": 1,
    "confidence": 25.0,
    "reasons": [
      "MACD histogram positive (bullish momentum)"
    ],
    "target_price": 596.9,
    "support": 595.36,
    "resistance": 598.36
  },
  "simulation": {
    "statistics": {
      "mean": 596.8992053779142,
      "std": 2.2886974604281867,
      "p05": 593.2127673530033,
      "p25": 595.3594183613483,
      "p50": 596.8659747728834,
      "p75": 598.3570116418775,
      "p95": 600.8210954480422,
      "min": 588.8309066444492,
      "max": 604.0350401244144
    },
    "simulations": 1000,
    "volatility": 0.1527
  }
}