{
  "ticker": "SPY",
  "timestamp": "2026-03-30T04:43:37.302755",
  "current_price": 594.31,
  "forecast_minutes": 60,
  "technical_indicators": {
    "rsi": 56.63,
    "macd": {
      "line": -0.9272,
      "signal": -0.8345,
      "histogram": -0.0927
    },
    "bollinger_bands": {
      "upper": 597.44,
      "middle": 583.21,
      "lower": 568.98
    }
  },
  "bsm_analysis": {
    "greeks": {
      "delta": 0.5427,
      "gamma": 0.012428,
      "theta": -0.2554,
      "vega": 0.6758,
      "rho": 0.2536
    },
    "atm_call_price": 14.02,
    "atm_put_price": 11.46,
    "implied_move": 0.46
  },
  "prediction": {
    "signal": "NEUTRAL",
    "score": -1,
    "confidence": 25.0,
    "reasons": [
      "MACD histogram negative (bearish momentum)"
    ],
    "target_price": 594.33,
    "support": 592.53,
    "resistance": 596.14
  },
  "simulation": {
    "statistics": {
      "mean": 594.3274344862256,
      "std": 2.720963220060675,
      "p05": 589.9773125946684,
      "p25": 592.529663061606,
      "p50": 594.3034999124533,
      "p75": 596.1421846729559,
      "p95": 598.7302001496101,
      "min": 585.7579715260357,
      "max": 603.7357281964605
    },
    "simulations": 1000,
    "volatility": 0.1873
  }
}