{
  "ticker": "SPY",
  "timestamp": "2026-03-10T07:51:55.178797",
  "current_price": 595.29,
  "forecast_minutes": 60,
  "technical_indicators": {
    "rsi": 41.5,
    "macd": {
      "line": -8.0177,
      "signal": -7.216,
      "histogram": -0.8018
    },
    "bollinger_bands": {
      "upper": 617.94,
      "middle": 588.89,
      "lower": 559.83
    }
  },
  "bsm_analysis": {
    "greeks": {
      "delta": 0.5371,
      "gamma": 0.007621,
      "theta": -0.3879,
      "vega": 0.6779,
      "rho": 0.2447
    },
    "atm_call_price": 22.05,
    "atm_put_price": 19.49,
    "implied_move": 0.75
  },
  "prediction": {
    "signal": "NEUTRAL",
    "score": -1,
    "confidence": 25.0,
    "reasons": [
      "MACD histogram negative (bearish momentum)"
    ],
    "target_price": 595.38,
    "support": 592.35,
    "resistance": 598.3
  },
  "simulation": {
    "statistics": {
      "mean": 595.3767878334518,
      "std": 4.462193362687648,
      "p05": 588.0748411577583,
      "p25": 592.3516970249044,
      "p50": 595.3801361957071,
      "p75": 598.3017758284136,
      "p95": 602.692824499269,
      "min": 582.4025160949762,
      "max": 608.4285339332197
    },
    "simulations": 1000,
    "volatility": 0.3054
  }
}