{
  "ticker": "SPY",
  "timestamp": "2026-02-28T08:45:07.681310",
  "current_price": 592.11,
  "forecast_minutes": 60,
  "technical_indicators": {
    "rsi": 59.25,
    "macd": {
      "line": -3.9912,
      "signal": -3.592,
      "histogram": -0.3991
    },
    "bollinger_bands": {
      "upper": 587.51,
      "middle": 554.85,
      "lower": 522.19
    }
  },
  "bsm_analysis": {
    "greeks": {
      "delta": 0.5377,
      "gamma": 0.005949,
      "theta": -0.4837,
      "vega": 0.6742,
      "rho": 0.2388
    },
    "atm_call_price": 27.86,
    "atm_put_price": 25.31,
    "implied_move": 0.92
  },
  "prediction": {
    "signal": "NEUTRAL",
    "score": -1,
    "confidence": 25.0,
    "reasons": [
      "MACD histogram negative (bearish momentum)"
    ],
    "target_price": 592.12,
    "support": 588.25,
    "resistance": 595.95
  },
  "simulation": {
    "statistics": {
      "mean": 592.1176418811015,
      "std": 5.46115921361548,
      "p05": 583.0953168964484,
      "p25": 588.2521404560933,
      "p50": 592.0378904145091,
      "p75": 595.9504658812027,
      "p95": 600.9210928195339,
      "min": 575.2933680666603,
      "max": 608.38187670509
    },
    "simulations": 1000,
    "volatility": 0.3933
  }
}