{
  "ticker": "SPY",
  "timestamp": "2026-03-08T08:47:35.945277",
  "current_price": 595.83,
  "forecast_minutes": 60,
  "technical_indicators": {
    "rsi": 50.62,
    "macd": {
      "line": -3.1307,
      "signal": -2.8176,
      "histogram": -0.3131
    },
    "bollinger_bands": {
      "upper": 612.85,
      "middle": 589.3,
      "lower": 565.74
    }
  },
  "bsm_analysis": {
    "greeks": {
      "delta": 0.5378,
      "gamma": 0.008856,
      "theta": -0.3402,
      "vega": 0.6784,
      "rho": 0.2476
    },
    "atm_call_price": 19.16,
    "atm_put_price": 16.59,
    "implied_move": 0.66
  },
  "prediction": {
    "signal": "NEUTRAL",
    "score": -1,
    "confidence": 25.0,
    "reasons": [
      "MACD histogram negative (bearish momentum)"
    ],
    "target_price": 595.83,
    "support": 593.3,
    "resistance": 598.33
  },
  "simulation": {
    "statistics": {
      "mean": 595.8282260507159,
      "std": 3.9311062225042197,
      "p05": 589.4321545479097,
      "p25": 593.29632910295,
      "p50": 595.8430663574006,
      "p75": 598.3314800735466,
      "p95": 602.6939116457016,
      "min": 583.7114416945486,
      "max": 610.0856543958458
    },
    "simulations": 1000,
    "volatility": 0.2625
  }
}