{
  "ticker": "SPY",
  "timestamp": "2026-03-06T13:28:05.690636",
  "current_price": 594.35,
  "forecast_minutes": 60,
  "technical_indicators": {
    "rsi": 65.35,
    "macd": {
      "line": 1.2176,
      "signal": 1.0959,
      "histogram": 0.1218
    },
    "bollinger_bands": {
      "upper": 575.33,
      "middle": 550.22,
      "lower": 525.11
    }
  },
  "bsm_analysis": {
    "greeks": {
      "delta": 0.5383,
      "gamma": 0.005514,
      "theta": -0.5183,
      "vega": 0.6766,
      "rho": 0.2384
    },
    "atm_call_price": 29.95,
    "atm_put_price": 27.39,
    "implied_move": 1.06
  },
  "prediction": {
    "signal": "NEUTRAL",
    "score": 1,
    "confidence": 25.0,
    "reasons": [
      "MACD histogram positive (bullish momentum)"
    ],
    "target_price": 594.69,
    "support": 590.22,
    "resistance": 598.96
  },
  "simulation": {
    "statistics": {
      "mean": 594.691921382685,
      "std": 6.302057532454323,
      "p05": 584.4815679999017,
      "p25": 590.2241721018429,
      "p50": 594.6544273850002,
      "p75": 598.961130722591,
      "p95": 605.1301723838185,
      "min": 577.9030073287123,
      "max": 616.4939971618683
    },
    "simulations": 1000,
    "volatility": 0.4226
  }
}