{
  "ticker": "SPY",
  "timestamp": "2026-03-02T11:57:30.599046",
  "current_price": 595.0,
  "forecast_minutes": 60,
  "technical_indicators": {
    "rsi": 52.07,
    "macd": {
      "line": 3.4473,
      "signal": 3.1026,
      "histogram": 0.3447
    },
    "bollinger_bands": {
      "upper": 616.12,
      "middle": 601.62,
      "lower": 587.13
    }
  },
  "bsm_analysis": {
    "greeks": {
      "delta": 0.5559,
      "gamma": 0.018936,
      "theta": -0.1835,
      "vega": 0.6738,
      "rho": 0.2639
    },
    "atm_call_price": 9.65,
    "atm_put_price": 7.09,
    "implied_move": 0.31
  },
  "prediction": {
    "signal": "NEUTRAL",
    "score": 1,
    "confidence": 25.0,
    "reasons": [
      "MACD histogram positive (bullish momentum)"
    ],
    "target_price": 595.1,
    "support": 593.91,
    "resistance": 596.28
  },
  "simulation": {
    "statistics": {
      "mean": 595.1035672456278,
      "std": 1.81839317306068,
      "p05": 592.107814104617,
      "p25": 593.9120808395751,
      "p50": 595.1830963933942,
      "p75": 596.2770400232811,
      "p95": 598.0998323323491,
      "min": 588.9173278476236,
      "max": 601.0054869930242
    },
    "simulations": 1000,
    "volatility": 0.1223
  }
}