{
  "ticker": "SPY",
  "timestamp": "2026-03-26T15:10:50.659883",
  "current_price": 595.66,
  "forecast_minutes": 60,
  "technical_indicators": {
    "rsi": 74.18,
    "macd": {
      "line": 3.2163,
      "signal": 2.8946,
      "histogram": 0.3216
    },
    "bollinger_bands": {
      "upper": 584.81,
      "middle": 562.67,
      "lower": 540.53
    }
  },
  "bsm_analysis": {
    "greeks": {
      "delta": 0.5393,
      "gamma": 0.010217,
      "theta": -0.3009,
      "vega": 0.678,
      "rho": 0.2503
    },
    "atm_call_price": 16.78,
    "atm_put_price": 14.22,
    "implied_move": 0.56
  },
  "prediction": {
    "signal": "NEUTRAL",
    "score": -1,
    "confidence": 25.0,
    "reasons": [
      "RSI indicates overbought conditions",
      "MACD histogram positive (bullish momentum)"
    ],
    "target_price": 595.51,
    "support": 593.15,
    "resistance": 597.74
  },
  "simulation": {
    "statistics": {
      "mean": 595.5111033455158,
      "std": 3.312676137230058,
      "p05": 590.1521217630665,
      "p25": 593.14746435782,
      "p50": 595.4721472066656,
      "p75": 597.7391149964551,
      "p95": 600.833792770712,
      "min": 583.6373530635387,
      "max": 607.1988012827329
    },
    "simulations": 1000,
    "volatility": 0.2276
  }
}