{
  "ticker": "SPY",
  "timestamp": "2026-03-17T15:41:10.099758",
  "current_price": 593.37,
  "forecast_minutes": 60,
  "technical_indicators": {
    "rsi": 43.36,
    "macd": {
      "line": -8.0923,
      "signal": -7.2831,
      "histogram": -0.8092
    },
    "bollinger_bands": {
      "upper": 616.81,
      "middle": 582.93,
      "lower": 549.05
    }
  },
  "bsm_analysis": {
    "greeks": {
      "delta": 0.5386,
      "gamma": 0.009672,
      "theta": -0.3151,
      "vega": 0.6755,
      "rho": 0.2482
    },
    "atm_call_price": 17.65,
    "atm_put_price": 15.09,
    "implied_move": 0.59
  },
  "prediction": {
    "signal": "NEUTRAL",
    "score": -1,
    "confidence": 25.0,
    "reasons": [
      "MACD histogram negative (bearish momentum)"
    ],
    "target_price": 593.43,
    "support": 591.06,
    "resistance": 595.81
  },
  "simulation": {
    "statistics": {
      "mean": 593.4261083021657,
      "std": 3.4774174388604373,
      "p05": 587.8323833924438,
      "p25": 591.0601073560001,
      "p50": 593.2437185012723,
      "p75": 595.8057449407851,
      "p95": 599.5121947206395,
      "min": 582.5291030886905,
      "max": 604.8386219471652
    },
    "simulations": 1000,
    "volatility": 0.2413
  }
}