{
  "ticker": "SPY",
  "timestamp": "2026-03-09T08:26:04.072594",
  "current_price": 597.91,
  "forecast_minutes": 60,
  "technical_indicators": {
    "rsi": 52.26,
    "macd": {
      "line": 9.9156,
      "signal": 8.9241,
      "histogram": 0.9916
    },
    "bollinger_bands": {
      "upper": 639.22,
      "middle": 604.39,
      "lower": 569.56
    }
  },
  "bsm_analysis": {
    "greeks": {
      "delta": 0.5423,
      "gamma": 0.012104,
      "theta": -0.2613,
      "vega": 0.68,
      "rho": 0.2547
    },
    "atm_call_price": 14.37,
    "atm_put_price": 11.8,
    "implied_move": 0.48
  },
  "prediction": {
    "signal": "NEUTRAL",
    "score": 1,
    "confidence": 25.0,
    "reasons": [
      "MACD histogram positive (bullish momentum)"
    ],
    "target_price": 597.84,
    "support": 595.9,
    "resistance": 599.82
  },
  "simulation": {
    "statistics": {
      "mean": 597.8449927279682,
      "std": 2.8511810810547575,
      "p05": 593.1268947210153,
      "p25": 595.8967604487684,
      "p50": 597.8032902335464,
      "p75": 599.8170921508303,
      "p95": 602.4650977987429,
      "min": 588.446340341358,
      "max": 608.5324160760632
    },
    "simulations": 1000,
    "volatility": 0.1912
  }
}