{
  "ticker": "SPY",
  "timestamp": "2026-04-11T16:56:10.813753",
  "current_price": 592.91,
  "forecast_minutes": 60,
  "technical_indicators": {
    "rsi": 70.01,
    "macd": {
      "line": 5.3055,
      "signal": 4.7749,
      "histogram": 0.5305
    },
    "bollinger_bands": {
      "upper": 590.05,
      "middle": 573.11,
      "lower": 556.18
    }
  },
  "bsm_analysis": {
    "greeks": {
      "delta": 0.549,
      "gamma": 0.015793,
      "theta": -0.2106,
      "vega": 0.673,
      "rho": 0.2583
    },
    "atm_call_price": 11.31,
    "atm_put_price": 8.75,
    "implied_move": 0.36
  },
  "prediction": {
    "signal": "NEUTRAL",
    "score": -1,
    "confidence": 25.0,
    "reasons": [
      "RSI indicates overbought conditions",
      "MACD histogram positive (bullish momentum)"
    ],
    "target_price": 592.95,
    "support": 591.53,
    "resistance": 594.3
  },
  "simulation": {
    "statistics": {
      "mean": 592.9532849617551,
      "std": 2.1309677721881854,
      "p05": 589.5262552507751,
      "p25": 591.5329041379375,
      "p50": 592.9300832295538,
      "p75": 594.3026368941237,
      "p95": 596.5447915804167,
      "min": 584.4147226256224,
      "max": 600.1054187651222
    },
    "simulations": 1000,
    "volatility": 0.1475
  }
}