{
  "ticker": "SPY",
  "timestamp": "2026-03-01T14:42:10.044620",
  "current_price": 593.49,
  "forecast_minutes": 60,
  "technical_indicators": {
    "rsi": 71.93,
    "macd": {
      "line": 5.6304,
      "signal": 5.0674,
      "histogram": 0.563
    },
    "bollinger_bands": {
      "upper": 590.25,
      "middle": 571.92,
      "lower": 553.59
    }
  },
  "bsm_analysis": {
    "greeks": {
      "delta": 0.546,
      "gamma": 0.014252,
      "theta": -0.2285,
      "vega": 0.6743,
      "rho": 0.2561
    },
    "atm_call_price": 12.39,
    "atm_put_price": 9.84,
    "implied_move": 0.4
  },
  "prediction": {
    "signal": "NEUTRAL",
    "score": -1,
    "confidence": 25.0,
    "reasons": [
      "RSI indicates overbought conditions",
      "MACD histogram positive (bullish momentum)"
    ],
    "target_price": 593.46,
    "support": 591.88,
    "resistance": 594.99
  },
  "simulation": {
    "statistics": {
      "mean": 593.459249867411,
      "std": 2.359483334101444,
      "p05": 589.6373177150128,
      "p25": 591.8785757913128,
      "p50": 593.4171477113628,
      "p75": 594.9854458724865,
      "p95": 597.4235470774419,
      "min": 585.634732643875,
      "max": 600.7867993873593
    },
    "simulations": 1000,
    "volatility": 0.1634
  }
}