{
  "ticker": "SPY",
  "timestamp": "2026-03-31T20:29:43.261644",
  "current_price": 593.62,
  "forecast_minutes": 60,
  "technical_indicators": {
    "rsi": 49.24,
    "macd": {
      "line": 0.5334,
      "signal": 0.4801,
      "histogram": 0.0533
    },
    "bollinger_bands": {
      "upper": 600.42,
      "middle": 588.6,
      "lower": 576.78
    }
  },
  "bsm_analysis": {
    "greeks": {
      "delta": 0.5482,
      "gamma": 0.015389,
      "theta": -0.215,
      "vega": 0.674,
      "rho": 0.258
    },
    "atm_call_price": 11.57,
    "atm_put_price": 9.02,
    "implied_move": 0.36
  },
  "prediction": {
    "signal": "NEUTRAL",
    "score": 1,
    "confidence": 25.0,
    "reasons": [
      "MACD histogram positive (bullish momentum)"
    ],
    "target_price": 593.71,
    "support": 592.28,
    "resistance": 595.2
  },
  "simulation": {
    "statistics": {
      "mean": 593.7096982004277,
      "std": 2.1596360157111554,
      "p05": 590.2137086535706,
      "p25": 592.2832889569668,
      "p50": 593.706881448047,
      "p75": 595.1952626428363,
      "p95": 597.299460001146,
      "min": 586.9415128296326,
      "max": 600.4550346294212
    },
    "simulations": 1000,
    "volatility": 0.1512
  }
}