{
  "ticker": "SPY",
  "timestamp": "2026-02-09T22:16:44.851412",
  "current_price": 595.38,
  "forecast_minutes": 60,
  "technical_indicators": {
    "rsi": 76.7,
    "macd": {
      "line": 2.3681,
      "signal": 2.1313,
      "histogram": 0.2368
    },
    "bollinger_bands": {
      "upper": 572.71,
      "middle": 549.42,
      "lower": 526.13
    }
  },
  "bsm_analysis": {
    "greeks": {
      "delta": 0.537,
      "gamma": 0.006978,
      "theta": -0.4194,
      "vega": 0.678,
      "rho": 0.2431
    },
    "atm_call_price": 23.96,
    "atm_put_price": 21.39,
    "implied_move": 0.85
  },
  "prediction": {
    "signal": "NEUTRAL",
    "score": -1,
    "confidence": 25.0,
    "reasons": [
      "RSI indicates overbought conditions",
      "MACD histogram positive (bullish momentum)"
    ],
    "target_price": 595.42,
    "support": 592.14,
    "resistance": 598.68
  },
  "simulation": {
    "statistics": {
      "mean": 595.422889835201,
      "std": 5.037458566112013,
      "p05": 587.5105415767018,
      "p25": 592.1375413742269,
      "p50": 595.2894476937092,
      "p75": 598.6794186522563,
      "p95": 603.690709334253,
      "min": 579.4038113322557,
      "max": 613.9605536470119
    },
    "simulations": 1000,
    "volatility": 0.3335
  }
}