{
  "ticker": "SPY",
  "timestamp": "2026-02-16T06:41:13.278221",
  "current_price": 592.18,
  "forecast_minutes": 60,
  "technical_indicators": {
    "rsi": 65.07,
    "macd": {
      "line": 3.3575,
      "signal": 3.0218,
      "histogram": 0.3358
    },
    "bollinger_bands": {
      "upper": 585.42,
      "middle": 571.62,
      "lower": 557.82
    }
  },
  "bsm_analysis": {
    "greeks": {
      "delta": 0.5452,
      "gamma": 0.013876,
      "theta": -0.2333,
      "vega": 0.6729,
      "rho": 0.2549
    },
    "atm_call_price": 12.69,
    "atm_put_price": 10.14,
    "implied_move": 0.41
  },
  "prediction": {
    "signal": "NEUTRAL",
    "score": 1,
    "confidence": 25.0,
    "reasons": [
      "MACD histogram positive (bullish momentum)"
    ],
    "target_price": 592.22,
    "support": 590.57,
    "resistance": 593.91
  },
  "simulation": {
    "statistics": {
      "mean": 592.2223675408599,
      "std": 2.4289820906303903,
      "p05": 588.365266212052,
      "p25": 590.5719427009914,
      "p50": 592.1072849629459,
      "p75": 593.9087763325964,
      "p95": 596.271025341713,
      "min": 585.121253960756,
      "max": 600.6698947133019
    },
    "simulations": 1000,
    "volatility": 0.1683
  }
}