{
  "ticker": "SPY",
  "timestamp": "2026-03-21T10:57:40.888522",
  "current_price": 595.02,
  "forecast_minutes": 60,
  "technical_indicators": {
    "rsi": 41.9,
    "macd": {
      "line": 5.4853,
      "signal": 4.9367,
      "histogram": 0.5485
    },
    "bollinger_bands": {
      "upper": 645.5,
      "middle": 615.85,
      "lower": 586.2
    }
  },
  "bsm_analysis": {
    "greeks": {
      "delta": 0.5381,
      "gamma": 0.00913,
      "theta": -0.3313,
      "vega": 0.6774,
      "rho": 0.2478
    },
    "atm_call_price": 18.62,
    "atm_put_price": 16.06,
    "implied_move": 0.64
  },
  "prediction": {
    "signal": "NEUTRAL",
    "score": 1,
    "confidence": 25.0,
    "reasons": [
      "MACD histogram positive (bullish momentum)"
    ],
    "target_price": 594.83,
    "support": 592.17,
    "resistance": 597.34
  },
  "simulation": {
    "statistics": {
      "mean": 594.8252752515848,
      "std": 3.7927491985481305,
      "p05": 588.6744332701793,
      "p25": 592.1745522916367,
      "p50": 594.8426201834196,
      "p75": 597.3362781331117,
      "p95": 601.1166419815557,
      "min": 583.528147552767,
      "max": 609.2688520850842
    },
    "simulations": 1000,
    "volatility": 0.255
  }
}