{
  "ticker": "SPY",
  "timestamp": "2026-04-15T18:44:11.743178",
  "current_price": 592.69,
  "forecast_minutes": 60,
  "technical_indicators": {
    "rsi": 51.58,
    "macd": {
      "line": -4.6385,
      "signal": -4.1746,
      "histogram": -0.4638
    },
    "bollinger_bands": {
      "upper": 608.52,
      "middle": 589.84,
      "lower": 571.15
    }
  },
  "bsm_analysis": {
    "greeks": {
      "delta": 0.542,
      "gamma": 0.012055,
      "theta": -0.2617,
      "vega": 0.6741,
      "rho": 0.2522
    },
    "atm_call_price": 14.41,
    "atm_put_price": 11.86,
    "implied_move": 0.47
  },
  "prediction": {
    "signal": "NEUTRAL",
    "score": -1,
    "confidence": 25.0,
    "reasons": [
      "MACD histogram negative (bearish momentum)"
    ],
    "target_price": 592.64,
    "support": 590.68,
    "resistance": 594.56
  },
  "simulation": {
    "statistics": {
      "mean": 592.6412767569325,
      "std": 2.761537426342138,
      "p05": 588.1007979740655,
      "p25": 590.6800657979898,
      "p50": 592.7399957461147,
      "p75": 594.5598833433555,
      "p95": 597.1996267982938,
      "min": 582.472350979279,
      "max": 601.2939945638772
    },
    "simulations": 1000,
    "volatility": 0.1937
  }
}