{
  "ticker": "SPY",
  "timestamp": "2026-02-13T11:55:22.146471",
  "current_price": 593.38,
  "forecast_minutes": 60,
  "technical_indicators": {
    "rsi": 58.11,
    "macd": {
      "line": 8.1288,
      "signal": 7.3159,
      "histogram": 0.8129
    },
    "bollinger_bands": {
      "upper": 622.47,
      "middle": 596.24,
      "lower": 570.02
    }
  },
  "bsm_analysis": {
    "greeks": {
      "delta": 0.5396,
      "gamma": 0.010451,
      "theta": -0.295,
      "vega": 0.6753,
      "rho": 0.2497
    },
    "atm_call_price": 16.43,
    "atm_put_price": 13.87,
    "implied_move": 0.56
  },
  "prediction": {
    "signal": "NEUTRAL",
    "score": 1,
    "confidence": 25.0,
    "reasons": [
      "MACD histogram positive (bullish momentum)"
    ],
    "target_price": 593.39,
    "support": 591.08,
    "resistance": 595.59
  },
  "simulation": {
    "statistics": {
      "mean": 593.3924275620499,
      "std": 3.349572421852204,
      "p05": 587.8293246973446,
      "p25": 591.0825798030262,
      "p50": 593.4503286495908,
      "p75": 595.5898295156629,
      "p95": 599.1697421515335,
      "min": 583.2189094957585,
      "max": 604.0780344068401
    },
    "simulations": 1000,
    "volatility": 0.2233
  }
}