{
  "ticker": "SPY",
  "timestamp": "2026-03-30T13:56:21.808438",
  "current_price": 593.21,
  "forecast_minutes": 60,
  "technical_indicators": {
    "rsi": 67.03,
    "macd": {
      "line": 3.5021,
      "signal": 3.1519,
      "histogram": 0.3502
    },
    "bollinger_bands": {
      "upper": 587.71,
      "middle": 570.24,
      "lower": 552.77
    }
  },
  "bsm_analysis": {
    "greeks": {
      "delta": 0.5409,
      "gamma": 0.011346,
      "theta": -0.2753,
      "vega": 0.6749,
      "rho": 0.2512
    },
    "atm_call_price": 15.24,
    "atm_put_price": 12.68,
    "implied_move": 0.52
  },
  "prediction": {
    "signal": "NEUTRAL",
    "score": 1,
    "confidence": 25.0,
    "reasons": [
      "MACD histogram positive (bullish momentum)"
    ],
    "target_price": 593.3,
    "support": 591.27,
    "resistance": 595.34
  },
  "simulation": {
    "statistics": {
      "mean": 593.2963803570866,
      "std": 3.07404377093847,
      "p05": 587.9737825947842,
      "p25": 591.271389522459,
      "p50": 593.3062436336652,
      "p75": 595.3366899754469,
      "p95": 598.5281087011064,
      "min": 584.1686530771412,
      "max": 603.4042998568037
    },
    "simulations": 1000,
    "volatility": 0.2057
  }
}