{
  "ticker": "SPY",
  "timestamp": "2026-03-18T06:31:08.219351",
  "current_price": 592.44,
  "forecast_minutes": 60,
  "technical_indicators": {
    "rsi": 31.41,
    "macd": {
      "line": -1.4073,
      "signal": -1.2666,
      "histogram": -0.1407
    },
    "bollinger_bands": {
      "upper": 631.72,
      "middle": 615.23,
      "lower": 598.74
    }
  },
  "bsm_analysis": {
    "greeks": {
      "delta": 0.5492,
      "gamma": 0.015904,
      "theta": -0.2094,
      "vega": 0.6724,
      "rho": 0.2582
    },
    "atm_call_price": 11.24,
    "atm_put_price": 8.69,
    "implied_move": 0.36
  },
  "prediction": {
    "signal": "NEUTRAL",
    "score": -1,
    "confidence": 25.0,
    "reasons": [
      "MACD histogram negative (bearish momentum)"
    ],
    "target_price": 592.47,
    "support": 590.99,
    "resistance": 593.84
  },
  "simulation": {
    "statistics": {
      "mean": 592.4667592623009,
      "std": 2.143355331372185,
      "p05": 588.9219022092069,
      "p25": 590.9892400213155,
      "p50": 592.5320177278793,
      "p75": 593.8352069575535,
      "p95": 596.0886372294731,
      "min": 585.1235864632589,
      "max": 598.891476840506
    },
    "simulations": 1000,
    "volatility": 0.1466
  }
}