{
  "ticker": "SPY",
  "timestamp": "2026-02-20T11:19:54.311984",
  "current_price": 594.81,
  "forecast_minutes": 60,
  "technical_indicators": {
    "rsi": 57.06,
    "macd": {
      "line": -4.5046,
      "signal": -4.0542,
      "histogram": -0.4505
    },
    "bollinger_bands": {
      "upper": 593.16,
      "middle": 570.18,
      "lower": 547.2
    }
  },
  "bsm_analysis": {
    "greeks": {
      "delta": 0.537,
      "gamma": 0.007213,
      "theta": -0.4072,
      "vega": 0.6774,
      "rho": 0.2434
    },
    "atm_call_price": 23.22,
    "atm_put_price": 20.66,
    "implied_move": 0.79
  },
  "prediction": {
    "signal": "NEUTRAL",
    "score": -1,
    "confidence": 25.0,
    "reasons": [
      "MACD histogram negative (bearish momentum)"
    ],
    "target_price": 594.81,
    "support": 591.41,
    "resistance": 598.1
  },
  "simulation": {
    "statistics": {
      "mean": 594.8124405832726,
      "std": 4.680293097030044,
      "p05": 587.3376523067274,
      "p25": 591.4091254681548,
      "p50": 594.769982222119,
      "p75": 598.1025983954254,
      "p95": 602.4720418038778,
      "min": 579.5665557735689,
      "max": 611.6156176959478
    },
    "simulations": 1000,
    "volatility": 0.323
  }
}