{
  "ticker": "SPY",
  "timestamp": "2026-03-02T20:13:59.460866",
  "current_price": 595.72,
  "forecast_minutes": 60,
  "technical_indicators": {
    "rsi": 63.11,
    "macd": {
      "line": -4.9923,
      "signal": -4.4931,
      "histogram": -0.4992
    },
    "bollinger_bands": {
      "upper": 577.71,
      "middle": 534.0,
      "lower": 490.29
    }
  },
  "bsm_analysis": {
    "greeks": {
      "delta": 0.5471,
      "gamma": 0.003469,
      "theta": -0.7942,
      "vega": 0.6766,
      "rho": 0.2295
    },
    "atm_call_price": 46.69,
    "atm_put_price": 44.12,
    "implied_move": 1.7
  },
  "prediction": {
    "signal": "NEUTRAL",
    "score": -1,
    "confidence": 25.0,
    "reasons": [
      "MACD histogram negative (bearish momentum)"
    ],
    "target_price": 595.98,
    "support": 588.79,
    "resistance": 602.78
  },
  "simulation": {
    "statistics": {
      "mean": 595.9798178077749,
      "std": 10.155183063530076,
      "p05": 579.4672654304918,
      "p25": 588.7860050589709,
      "p50": 596.072370561141,
      "p75": 602.7762470633227,
      "p95": 612.7999910575749,
      "min": 560.9729089109284,
      "max": 626.0269682401719
    },
    "simulations": 1000,
    "volatility": 0.6687
  }
}