{
  "ticker": "SPY",
  "timestamp": "2026-02-14T17:13:35.644517",
  "current_price": 597.61,
  "forecast_minutes": 60,
  "technical_indicators": {
    "rsi": 66.7,
    "macd": {
      "line": 5.3863,
      "signal": 4.8477,
      "histogram": 0.5386
    },
    "bollinger_bands": {
      "upper": 590.46,
      "middle": 564.65,
      "lower": 538.83
    }
  },
  "bsm_analysis": {
    "greeks": {
      "delta": 0.5385,
      "gamma": 0.009466,
      "theta": -0.3213,
      "vega": 0.6803,
      "rho": 0.2497
    },
    "atm_call_price": 18.01,
    "atm_put_price": 15.44,
    "implied_move": 0.62
  },
  "prediction": {
    "signal": "NEUTRAL",
    "score": 1,
    "confidence": 25.0,
    "reasons": [
      "MACD histogram positive (bullish momentum)"
    ],
    "target_price": 597.62,
    "support": 595.19,
    "resistance": 600.2
  },
  "simulation": {
    "statistics": {
      "mean": 597.6240078232123,
      "std": 3.6996494330392413,
      "p05": 591.4956998201721,
      "p25": 595.1918250369225,
      "p50": 597.7444609035334,
      "p75": 600.2032400440048,
      "p95": 603.8455512364368,
      "min": 585.5634304733502,
      "max": 608.018010070685
    },
    "simulations": 1000,
    "volatility": 0.2449
  }
}