{
  "ticker": "SPY",
  "timestamp": "2026-03-20T23:11:46.489925",
  "current_price": 594.9,
  "forecast_minutes": 60,
  "technical_indicators": {
    "rsi": 43.98,
    "macd": {
      "line": -5.1016,
      "signal": -4.5914,
      "histogram": -0.5102
    },
    "bollinger_bands": {
      "upper": 611.56,
      "middle": 588.64,
      "lower": 565.72
    }
  },
  "bsm_analysis": {
    "greeks": {
      "delta": 0.538,
      "gamma": 0.009084,
      "theta": -0.3327,
      "vega": 0.6773,
      "rho": 0.2477
    },
    "atm_call_price": 18.71,
    "atm_put_price": 16.15,
    "implied_move": 0.64
  },
  "prediction": {
    "signal": "NEUTRAL",
    "score": -1,
    "confidence": 25.0,
    "reasons": [
      "MACD histogram negative (bearish momentum)"
    ],
    "target_price": 595.06,
    "support": 592.64,
    "resistance": 597.56
  },
  "simulation": {
    "statistics": {
      "mean": 595.0597055534057,
      "std": 3.782947554439308,
      "p05": 588.70952106909,
      "p25": 592.6360175307515,
      "p50": 595.0631617548906,
      "p75": 597.5602045427781,
      "p95": 601.3975611503303,
      "min": 583.2441412522171,
      "max": 609.5847995960941
    },
    "simulations": 1000,
    "volatility": 0.2563
  }
}