{
  "ticker": "SPY",
  "timestamp": "2026-04-02T00:40:32.859137",
  "current_price": 594.31,
  "forecast_minutes": 60,
  "technical_indicators": {
    "rsi": 46.9,
    "macd": {
      "line": 0.9785,
      "signal": 0.8807,
      "histogram": 0.0979
    },
    "bollinger_bands": {
      "upper": 625.36,
      "middle": 606.71,
      "lower": 588.06
    }
  },
  "bsm_analysis": {
    "greeks": {
      "delta": 0.5468,
      "gamma": 0.014646,
      "theta": -0.2236,
      "vega": 0.6751,
      "rho": 0.2572
    },
    "atm_call_price": 12.1,
    "atm_put_price": 9.54,
    "implied_move": 0.39
  },
  "prediction": {
    "signal": "NEUTRAL",
    "score": 1,
    "confidence": 25.0,
    "reasons": [
      "MACD histogram positive (bullish momentum)"
    ],
    "target_price": 594.34,
    "support": 592.86,
    "resistance": 595.83
  },
  "simulation": {
    "statistics": {
      "mean": 594.342945306243,
      "std": 2.3180894213339807,
      "p05": 590.5348091695721,
      "p25": 592.860980501355,
      "p50": 594.2449604162791,
      "p75": 595.8338180375898,
      "p95": 598.2324773596893,
      "min": 586.8349800363114,
      "max": 602.3842414282165
    },
    "simulations": 1000,
    "volatility": 0.1588
  }
}