{
  "ticker": "SPY",
  "timestamp": "2026-03-25T09:35:28.771967",
  "current_price": 595.65,
  "forecast_minutes": 60,
  "technical_indicators": {
    "rsi": 56.6,
    "macd": {
      "line": -6.0735,
      "signal": -5.4662,
      "histogram": -0.6074
    },
    "bollinger_bands": {
      "upper": 599.89,
      "middle": 568.63,
      "lower": 537.38
    }
  },
  "bsm_analysis": {
    "greeks": {
      "delta": 0.5371,
      "gamma": 0.006796,
      "theta": -0.4294,
      "vega": 0.6783,
      "rho": 0.2427
    },
    "atm_call_price": 24.56,
    "atm_put_price": 22.0,
    "implied_move": 0.83
  },
  "prediction": {
    "signal": "NEUTRAL",
    "score": -1,
    "confidence": 25.0,
    "reasons": [
      "MACD histogram negative (bearish momentum)"
    ],
    "target_price": 595.45,
    "support": 591.87,
    "resistance": 598.97
  },
  "simulation": {
    "statistics": {
      "mean": 595.449497580131,
      "std": 4.9568714416969835,
      "p05": 587.3684398199119,
      "p25": 591.868135755689,
      "p50": 595.3555229594222,
      "p75": 598.9710640634945,
      "p95": 603.2756801143686,
      "min": 581.4574433369601,
      "max": 612.8544664304026
    },
    "simulations": 1000,
    "volatility": 0.3423
  }
}