{
  "ticker": "SPY",
  "timestamp": "2026-02-23T19:13:49.732285",
  "current_price": 596.28,
  "forecast_minutes": 60,
  "technical_indicators": {
    "rsi": 35.43,
    "macd": {
      "line": -3.1074,
      "signal": -2.7967,
      "histogram": -0.3107
    },
    "bollinger_bands": {
      "upper": 626.74,
      "middle": 609.9,
      "lower": 593.06
    }
  },
  "bsm_analysis": {
    "greeks": {
      "delta": 0.5442,
      "gamma": 0.013228,
      "theta": -0.2428,
      "vega": 0.6778,
      "rho": 0.2558
    },
    "atm_call_price": 13.26,
    "atm_put_price": 10.69,
    "implied_move": 0.45
  },
  "prediction": {
    "signal": "NEUTRAL",
    "score": -1,
    "confidence": 25.0,
    "reasons": [
      "MACD histogram negative (bearish momentum)"
    ],
    "target_price": 596.26,
    "support": 594.41,
    "resistance": 598.17
  },
  "simulation": {
    "statistics": {
      "mean": 596.2600883094303,
      "std": 2.6631003780892644,
      "p05": 591.8230340650489,
      "p25": 594.4136140842426,
      "p50": 596.2706522853068,
      "p75": 598.1703031083586,
      "p95": 600.5005713114649,
      "min": 587.414226653741,
      "max": 604.307388234914
    },
    "simulations": 1000,
    "volatility": 0.1753
  }
}