{
  "ticker": "SPY",
  "timestamp": "2026-02-23T13:43:00.157984",
  "current_price": 596.34,
  "forecast_minutes": 60,
  "technical_indicators": {
    "rsi": 45.18,
    "macd": {
      "line": -5.6071,
      "signal": -5.0464,
      "histogram": -0.5607
    },
    "bollinger_bands": {
      "upper": 621.82,
      "middle": 597.69,
      "lower": 573.55
    }
  },
  "bsm_analysis": {
    "greeks": {
      "delta": 0.5416,
      "gamma": 0.011737,
      "theta": -0.2679,
      "vega": 0.6783,
      "rho": 0.2533
    },
    "atm_call_price": 14.78,
    "atm_put_price": 12.21,
    "implied_move": 0.47
  },
  "prediction": {
    "signal": "NEUTRAL",
    "score": -1,
    "confidence": 25.0,
    "reasons": [
      "MACD histogram negative (bearish momentum)"
    ],
    "target_price": 596.3,
    "support": 594.38,
    "resistance": 598.24
  },
  "simulation": {
    "statistics": {
      "mean": 596.2990839145567,
      "std": 2.8121813874270867,
      "p05": 591.6926539848931,
      "p25": 594.3800972184222,
      "p50": 596.2714260506621,
      "p75": 598.2385288728485,
      "p95": 600.9715231087933,
      "min": 587.6667222871337,
      "max": 604.7791451682475
    },
    "simulations": 1000,
    "volatility": 0.1977
  }
}