{
  "ticker": "SPY",
  "timestamp": "2026-03-07T17:39:53.121359",
  "current_price": 595.39,
  "forecast_minutes": 60,
  "technical_indicators": {
    "rsi": 79.85,
    "macd": {
      "line": 5.9333,
      "signal": 5.34,
      "histogram": 0.5933
    },
    "bollinger_bands": {
      "upper": 596.15,
      "middle": 574.04,
      "lower": 551.94
    }
  },
  "bsm_analysis": {
    "greeks": {
      "delta": 0.5458,
      "gamma": 0.014127,
      "theta": -0.2302,
      "vega": 0.6765,
      "rho": 0.2568
    },
    "atm_call_price": 12.5,
    "atm_put_price": 9.93,
    "implied_move": 0.41
  },
  "prediction": {
    "signal": "NEUTRAL",
    "score": -1,
    "confidence": 25.0,
    "reasons": [
      "RSI indicates overbought conditions",
      "MACD histogram positive (bullish momentum)"
    ],
    "target_price": 595.43,
    "support": 593.86,
    "resistance": 596.97
  },
  "simulation": {
    "statistics": {
      "mean": 595.4322043002744,
      "std": 2.4250621981619784,
      "p05": 591.3603517567366,
      "p25": 593.8615697130167,
      "p50": 595.4289012391699,
      "p75": 596.9717678260215,
      "p95": 599.3705527351932,
      "min": 587.9564937813387,
      "max": 603.928779440485
    },
    "simulations": 1000,
    "volatility": 0.1643
  }
}