{
  "ticker": "SPY",
  "timestamp": "2026-03-17T09:06:27.161249",
  "current_price": 593.73,
  "forecast_minutes": 60,
  "technical_indicators": {
    "rsi": 70.84,
    "macd": {
      "line": 2.0892,
      "signal": 1.8803,
      "histogram": 0.2089
    },
    "bollinger_bands": {
      "upper": 574.82,
      "middle": 551.96,
      "lower": 529.1
    }
  },
  "bsm_analysis": {
    "greeks": {
      "delta": 0.5372,
      "gamma": 0.006442,
      "theta": -0.4503,
      "vega": 0.6761,
      "rho": 0.2409
    },
    "atm_call_price": 25.83,
    "atm_put_price": 23.28,
    "implied_move": 0.91
  },
  "prediction": {
    "signal": "NEUTRAL",
    "score": -1,
    "confidence": 25.0,
    "reasons": [
      "RSI indicates overbought conditions",
      "MACD histogram positive (bullish momentum)"
    ],
    "target_price": 593.68,
    "support": 590.14,
    "resistance": 597.4
  },
  "simulation": {
    "statistics": {
      "mean": 593.6827925904519,
      "std": 5.426853007501519,
      "p05": 584.9130639925031,
      "p25": 590.1361582601842,
      "p50": 593.6072806785025,
      "p75": 597.3983910126332,
      "p95": 602.9195523880206,
      "min": 576.7358388829092,
      "max": 611.9789479153193
    },
    "simulations": 1000,
    "volatility": 0.3622
  }
}