{
  "ticker": "SPY",
  "timestamp": "2026-03-03T14:49:11.327243",
  "current_price": 595.89,
  "forecast_minutes": 60,
  "technical_indicators": {
    "rsi": 58.06,
    "macd": {
      "line": -6.1413,
      "signal": -5.5272,
      "histogram": -0.6141
    },
    "bollinger_bands": {
      "upper": 603.15,
      "middle": 570.53,
      "lower": 537.92
    }
  },
  "bsm_analysis": {
    "greeks": {
      "delta": 0.537,
      "gamma": 0.007159,
      "theta": -0.41,
      "vega": 0.6786,
      "rho": 0.2438
    },
    "atm_call_price": 23.39,
    "atm_put_price": 20.82,
    "implied_move": 0.82
  },
  "prediction": {
    "signal": "NEUTRAL",
    "score": -1,
    "confidence": 25.0,
    "reasons": [
      "MACD histogram negative (bearish momentum)"
    ],
    "target_price": 596.0,
    "support": 592.82,
    "resistance": 599.08
  },
  "simulation": {
    "statistics": {
      "mean": 595.999249570418,
      "std": 4.908576426221181,
      "p05": 588.1154317092188,
      "p25": 592.8201760787015,
      "p50": 595.8972920277411,
      "p75": 599.0826474533233,
      "p95": 604.5152234125532,
      "min": 580.9407550247357,
      "max": 612.0626633852276
    },
    "simulations": 1000,
    "volatility": 0.3248
  }
}