{
  "ticker": "SPY",
  "timestamp": "2026-04-01T19:10:41.479978",
  "current_price": 593.52,
  "forecast_minutes": 60,
  "technical_indicators": {
    "rsi": 71.41,
    "macd": {
      "line": 5.687,
      "signal": 5.1183,
      "histogram": 0.5687
    },
    "bollinger_bands": {
      "upper": 593.58,
      "middle": 574.84,
      "lower": 556.09
    }
  },
  "bsm_analysis": {
    "greeks": {
      "delta": 0.5503,
      "gamma": 0.016391,
      "theta": -0.2047,
      "vega": 0.6734,
      "rho": 0.2595
    },
    "atm_call_price": 10.94,
    "atm_put_price": 8.39,
    "implied_move": 0.34
  },
  "prediction": {
    "signal": "NEUTRAL",
    "score": -1,
    "confidence": 25.0,
    "reasons": [
      "RSI indicates overbought conditions",
      "MACD histogram positive (bullish momentum)"
    ],
    "target_price": 593.56,
    "support": 592.23,
    "resistance": 594.92
  },
  "simulation": {
    "statistics": {
      "mean": 593.5603347234178,
      "std": 2.027271645129768,
      "p05": 590.263801178059,
      "p25": 592.2267577233957,
      "p50": 593.4984001131065,
      "p75": 594.9237792796289,
      "p95": 596.9049850440855,
      "min": 587.4956934540219,
      "max": 601.1403521995398
    },
    "simulations": 1000,
    "volatility": 0.1419
  }
}