{
  "ticker": "SPY",
  "timestamp": "2026-03-30T19:27:50.146741",
  "current_price": 592.66,
  "forecast_minutes": 60,
  "technical_indicators": {
    "rsi": 51.43,
    "macd": {
      "line": 13.0458,
      "signal": 11.7412,
      "histogram": 1.3046
    },
    "bollinger_bands": {
      "upper": 655.52,
      "middle": 609.57,
      "lower": 563.63
    }
  },
  "bsm_analysis": {
    "greeks": {
      "delta": 0.5376,
      "gamma": 0.006032,
      "theta": -0.4777,
      "vega": 0.6748,
      "rho": 0.2393
    },
    "atm_call_price": 27.49,
    "atm_put_price": 24.94,
    "implied_move": 1.0
  },
  "prediction": {
    "signal": "NEUTRAL",
    "score": 1,
    "confidence": 25.0,
    "reasons": [
      "MACD histogram positive (bullish momentum)"
    ],
    "target_price": 592.41,
    "support": 588.51,
    "resistance": 596.39
  },
  "simulation": {
    "statistics": {
      "mean": 592.4110016213425,
      "std": 5.926749840244506,
      "p05": 582.3857524937379,
      "p25": 588.5129583346131,
      "p50": 592.2537380465765,
      "p75": 596.3949112589256,
      "p95": 602.0121149861336,
      "min": 575.815871725972,
      "max": 611.6154454527488
    },
    "simulations": 1000,
    "volatility": 0.3875
  }
}