{
  "ticker": "SPY",
  "timestamp": "2026-02-14T20:59:48.383296",
  "current_price": 596.53,
  "forecast_minutes": 60,
  "technical_indicators": {
    "rsi": 56.61,
    "macd": {
      "line": 3.1004,
      "signal": 2.7904,
      "histogram": 0.31
    },
    "bollinger_bands": {
      "upper": 598.06,
      "middle": 584.61,
      "lower": 571.16
    }
  },
  "bsm_analysis": {
    "greeks": {
      "delta": 0.5487,
      "gamma": 0.015543,
      "theta": -0.2136,
      "vega": 0.6772,
      "rho": 0.2596
    },
    "atm_call_price": 11.48,
    "atm_put_price": 8.91,
    "implied_move": 0.35
  },
  "prediction": {
    "signal": "NEUTRAL",
    "score": 1,
    "confidence": 25.0,
    "reasons": [
      "MACD histogram positive (bullish momentum)"
    ],
    "target_price": 596.65,
    "support": 595.21,
    "resistance": 598.18
  },
  "simulation": {
    "statistics": {
      "mean": 596.6458063161257,
      "std": 2.110499744491177,
      "p05": 593.1776797235744,
      "p25": 595.2080790288406,
      "p50": 596.6721730931847,
      "p75": 598.1770476303454,
      "p95": 600.008942527418,
      "min": 590.421304330634,
      "max": 602.5753727792292
    },
    "simulations": 1000,
    "volatility": 0.149
  }
}