{
  "ticker": "SPY",
  "timestamp": "2026-03-07T14:54:16.593281",
  "current_price": 597.06,
  "forecast_minutes": 60,
  "technical_indicators": {
    "rsi": 58.13,
    "macd": {
      "line": -1.1216,
      "signal": -1.0094,
      "histogram": -0.1122
    },
    "bollinger_bands": {
      "upper": 601.53,
      "middle": 592.25,
      "lower": 582.97
    }
  },
  "bsm_analysis": {
    "greeks": {
      "delta": 0.554,
      "gamma": 0.018007,
      "theta": -0.1907,
      "vega": 0.6766,
      "rho": 0.2636
    },
    "atm_call_price": 10.08,
    "atm_put_price": 7.51,
    "implied_move": 0.31
  },
  "prediction": {
    "signal": "NEUTRAL",
    "score": -1,
    "confidence": 25.0,
    "reasons": [
      "MACD histogram negative (bearish momentum)"
    ],
    "target_price": 597.16,
    "support": 595.89,
    "resistance": 598.38
  },
  "simulation": {
    "statistics": {
      "mean": 597.1582564530512,
      "std": 1.8765524037048793,
      "p05": 594.1413196557936,
      "p25": 595.8900889779794,
      "p50": 597.1119157921923,
      "p75": 598.3778485865519,
      "p95": 600.274248926902,
      "min": 591.0222092189857,
      "max": 603.4381042080554
    },
    "simulations": 1000,
    "volatility": 0.1282
  }
}