{
  "ticker": "SPY",
  "timestamp": "2026-02-10T03:36:45.930037",
  "current_price": 597.58,
  "forecast_minutes": 60,
  "technical_indicators": {
    "rsi": 63.0,
    "macd": {
      "line": 0.4732,
      "signal": 0.4259,
      "histogram": 0.0473
    },
    "bollinger_bands": {
      "upper": 589.17,
      "middle": 571.11,
      "lower": 553.05
    }
  },
  "bsm_analysis": {
    "greeks": {
      "delta": 0.5371,
      "gamma": 0.006742,
      "theta": -0.4327,
      "vega": 0.6805,
      "rho": 0.2434
    },
    "atm_call_price": 24.75,
    "atm_put_price": 22.18,
    "implied_move": 0.82
  },
  "prediction": {
    "signal": "NEUTRAL",
    "score": 1,
    "confidence": 25.0,
    "reasons": [
      "MACD histogram positive (bullish momentum)"
    ],
    "target_price": 597.8,
    "support": 594.67,
    "resistance": 600.95
  },
  "simulation": {
    "statistics": {
      "mean": 597.7990258158572,
      "std": 4.899600181383932,
      "p05": 589.4879747212448,
      "p25": 594.6665038242287,
      "p50": 597.7406138795026,
      "p75": 600.950941626673,
      "p95": 606.034529344924,
      "min": 584.0398529796154,
      "max": 613.9038827339436
    },
    "simulations": 1000,
    "volatility": 0.3439
  }
}