{
  "ticker": "SPY",
  "timestamp": "2026-03-19T14:34:38.304094",
  "current_price": 595.1,
  "forecast_minutes": 60,
  "technical_indicators": {
    "rsi": 34.36,
    "macd": {
      "line": -0.4727,
      "signal": -0.4254,
      "histogram": -0.0473
    },
    "bollinger_bands": {
      "upper": 637.13,
      "middle": 618.32,
      "lower": 599.52
    }
  },
  "bsm_analysis": {
    "greeks": {
      "delta": 0.5394,
      "gamma": 0.010277,
      "theta": -0.2994,
      "vega": 0.6773,
      "rho": 0.2501
    },
    "atm_call_price": 16.69,
    "atm_put_price": 14.13,
    "implied_move": 0.56
  },
  "prediction": {
    "signal": "NEUTRAL",
    "score": -1,
    "confidence": 25.0,
    "reasons": [
      "MACD histogram negative (bearish momentum)"
    ],
    "target_price": 595.12,
    "support": 592.9,
    "resistance": 597.35
  },
  "simulation": {
    "statistics": {
      "mean": 595.1202864007167,
      "std": 3.3314223200064426,
      "p05": 589.7142837135344,
      "p25": 592.9003778784094,
      "p50": 595.1239183039963,
      "p75": 597.3529378290596,
      "p95": 600.6436231792533,
      "min": 582.9383576257597,
      "max": 606.1944213690655
    },
    "simulations": 1000,
    "volatility": 0.2264
  }
}