{
  "ticker": "SPY",
  "timestamp": "2026-02-08T20:26:49.581073",
  "current_price": 593.23,
  "forecast_minutes": 60,
  "technical_indicators": {
    "rsi": 37.44,
    "macd": {
      "line": -1.9122,
      "signal": -1.721,
      "histogram": -0.1912
    },
    "bollinger_bands": {
      "upper": 627.37,
      "middle": 612.96,
      "lower": 598.55
    }
  },
  "bsm_analysis": {
    "greeks": {
      "delta": 0.5426,
      "gamma": 0.012423,
      "theta": -0.2554,
      "vega": 0.6746,
      "rho": 0.2531
    },
    "atm_call_price": 14.03,
    "atm_put_price": 11.47,
    "implied_move": 0.46
  },
  "prediction": {
    "signal": "NEUTRAL",
    "score": -1,
    "confidence": 25.0,
    "reasons": [
      "MACD histogram negative (bearish momentum)"
    ],
    "target_price": 593.26,
    "support": 591.3,
    "resistance": 594.97
  },
  "simulation": {
    "statistics": {
      "mean": 593.2624980777547,
      "std": 2.7569487052506783,
      "p05": 588.5750837924705,
      "p25": 591.3043198257882,
      "p50": 593.3136194764372,
      "p75": 594.9703452443791,
      "p95": 597.7901882805662,
      "min": 585.2379799120909,
      "max": 601.5434448509187
    },
    "simulations": 1000,
    "volatility": 0.1877
  }
}