{
  "ticker": "SPY",
  "timestamp": "2026-03-28T11:55:18.786394",
  "current_price": 594.85,
  "forecast_minutes": 60,
  "technical_indicators": {
    "rsi": 73.44,
    "macd": {
      "line": 0.5346,
      "signal": 0.4812,
      "histogram": 0.0535
    },
    "bollinger_bands": {
      "upper": 573.12,
      "middle": 546.88,
      "lower": 520.65
    }
  },
  "bsm_analysis": {
    "greeks": {
      "delta": 0.5383,
      "gamma": 0.005533,
      "theta": -0.5167,
      "vega": 0.6772,
      "rho": 0.2386
    },
    "atm_call_price": 29.85,
    "atm_put_price": 27.29,
    "implied_move": 1.0
  },
  "prediction": {
    "signal": "NEUTRAL",
    "score": -1,
    "confidence": 25.0,
    "reasons": [
      "RSI indicates overbought conditions",
      "MACD histogram positive (bullish momentum)"
    ],
    "target_price": 594.83,
    "support": 590.71,
    "resistance": 599.19
  },
  "simulation": {
    "statistics": {
      "mean": 594.8263419811486,
      "std": 5.9668570089758965,
      "p05": 584.868166654523,
      "p25": 590.7087277142426,
      "p50": 594.7896321265536,
      "p75": 599.1884488398489,
      "p95": 604.1796868029536,
      "min": 575.9337473880034,
      "max": 611.360525721619
    },
    "simulations": 1000,
    "volatility": 0.4208
  }
}