{
  "ticker": "SPY",
  "timestamp": "2026-02-24T04:32:43.788838",
  "current_price": 595.79,
  "forecast_minutes": 60,
  "technical_indicators": {
    "rsi": 63.93,
    "macd": {
      "line": 0.6623,
      "signal": 0.596,
      "histogram": 0.0662
    },
    "bollinger_bands": {
      "upper": 585.42,
      "middle": 574.08,
      "lower": 562.74
    }
  },
  "bsm_analysis": {
    "greeks": {
      "delta": 0.5422,
      "gamma": 0.012107,
      "theta": -0.261,
      "vega": 0.6776,
      "rho": 0.2537
    },
    "atm_call_price": 14.36,
    "atm_put_price": 11.8,
    "implied_move": 0.46
  },
  "prediction": {
    "signal": "NEUTRAL",
    "score": 1,
    "confidence": 25.0,
    "reasons": [
      "MACD histogram positive (bullish momentum)"
    ],
    "target_price": 595.93,
    "support": 594.0,
    "resistance": 597.78
  },
  "simulation": {
    "statistics": {
      "mean": 595.9289278668797,
      "std": 2.750691447460904,
      "p05": 591.5906435933783,
      "p25": 594.0042626481088,
      "p50": 595.7635160464896,
      "p75": 597.7759365890042,
      "p95": 600.5718113700691,
      "min": 586.3359920300724,
      "max": 603.4279342656283
    },
    "simulations": 1000,
    "volatility": 0.1918
  }
}