{
  "ticker": "SPY",
  "timestamp": "2026-03-19T16:37:24.776353",
  "current_price": 595.4,
  "forecast_minutes": 60,
  "technical_indicators": {
    "rsi": 52.69,
    "macd": {
      "line": -6.6001,
      "signal": -5.9401,
      "histogram": -0.66
    },
    "bollinger_bands": {
      "upper": 605.82,
      "middle": 569.75,
      "lower": 533.67
    }
  },
  "bsm_analysis": {
    "greeks": {
      "delta": 0.537,
      "gamma": 0.006919,
      "theta": -0.4226,
      "vega": 0.678,
      "rho": 0.243
    },
    "atm_call_price": 24.15,
    "atm_put_price": 21.59,
    "implied_move": 0.81
  },
  "prediction": {
    "signal": "NEUTRAL",
    "score": -1,
    "confidence": 25.0,
    "reasons": [
      "MACD histogram negative (bearish momentum)"
    ],
    "target_price": 595.33,
    "support": 592.14,
    "resistance": 598.57
  },
  "simulation": {
    "statistics": {
      "mean": 595.332734028548,
      "std": 4.822572200780028,
      "p05": 587.1366339395805,
      "p25": 592.1420784617956,
      "p50": 595.366208118882,
      "p75": 598.5664937631456,
      "p95": 603.3320353313317,
      "min": 577.290184351254,
      "max": 613.7858004521631
    },
    "simulations": 1000,
    "volatility": 0.3364
  }
}