{
  "ticker": "SPY",
  "timestamp": "2026-03-15T13:48:47.990813",
  "current_price": 596.58,
  "forecast_minutes": 60,
  "technical_indicators": {
    "rsi": 41.81,
    "macd": {
      "line": -6.4527,
      "signal": -5.8074,
      "histogram": -0.6453
    },
    "bollinger_bands": {
      "upper": 620.04,
      "middle": 596.75,
      "lower": 573.47
    }
  },
  "bsm_analysis": {
    "greeks": {
      "delta": 0.54,
      "gamma": 0.010707,
      "theta": -0.2893,
      "vega": 0.6789,
      "rho": 0.2516
    },
    "atm_call_price": 16.08,
    "atm_put_price": 13.51,
    "implied_move": 0.52
  },
  "prediction": {
    "signal": "NEUTRAL",
    "score": -1,
    "confidence": 25.0,
    "reasons": [
      "MACD histogram negative (bearish momentum)"
    ],
    "target_price": 596.66,
    "support": 594.56,
    "resistance": 598.74
  },
  "simulation": {
    "statistics": {
      "mean": 596.6606515148949,
      "std": 3.1213432014716633,
      "p05": 591.6102779806857,
      "p25": 594.556270765778,
      "p50": 596.5880082295948,
      "p75": 598.7409045055233,
      "p95": 601.9337369243024,
      "min": 588.1030615389401,
      "max": 605.0072861271235
    },
    "simulations": 1000,
    "volatility": 0.2168
  }
}