{
  "ticker": "SPY",
  "timestamp": "2026-03-15T12:16:50.693720",
  "current_price": 593.65,
  "forecast_minutes": 60,
  "technical_indicators": {
    "rsi": 56.78,
    "macd": {
      "line": 13.2398,
      "signal": 11.9159,
      "histogram": 1.324
    },
    "bollinger_bands": {
      "upper": 651.34,
      "middle": 605.09,
      "lower": 558.84
    }
  },
  "bsm_analysis": {
    "greeks": {
      "delta": 0.5378,
      "gamma": 0.005839,
      "theta": -0.492,
      "vega": 0.6759,
      "rho": 0.2391
    },
    "atm_call_price": 28.36,
    "atm_put_price": 25.8,
    "implied_move": 1.02
  },
  "prediction": {
    "signal": "NEUTRAL",
    "score": 1,
    "confidence": 25.0,
    "reasons": [
      "MACD histogram positive (bullish momentum)"
    ],
    "target_price": 593.89,
    "support": 589.96,
    "resistance": 597.97
  },
  "simulation": {
    "statistics": {
      "mean": 593.8944745191512,
      "std": 6.054402287490853,
      "p05": 584.188166229298,
      "p25": 589.9590432631842,
      "p50": 593.578378715519,
      "p75": 597.9718901536974,
      "p95": 603.9095868468287,
      "min": 574.1954619554714,
      "max": 612.4618488738248
    },
    "simulations": 1000,
    "volatility": 0.3996
  }
}