{
  "ticker": "SPY",
  "timestamp": "2026-02-23T03:15:40.475170",
  "current_price": 597.3,
  "forecast_minutes": 60,
  "technical_indicators": {
    "rsi": 59.36,
    "macd": {
      "line": -2.7623,
      "signal": -2.4861,
      "histogram": -0.2762
    },
    "bollinger_bands": {
      "upper": 596.19,
      "middle": 567.9,
      "lower": 539.62
    }
  },
  "bsm_analysis": {
    "greeks": {
      "delta": 0.537,
      "gamma": 0.007243,
      "theta": -0.4059,
      "vega": 0.6802,
      "rho": 0.2446
    },
    "atm_call_price": 23.13,
    "atm_put_price": 20.56,
    "implied_move": 0.79
  },
  "prediction": {
    "signal": "NEUTRAL",
    "score": -1,
    "confidence": 25.0,
    "reasons": [
      "MACD histogram negative (bearish momentum)"
    ],
    "target_price": 597.41,
    "support": 594.25,
    "resistance": 600.45
  },
  "simulation": {
    "statistics": {
      "mean": 597.4071212553284,
      "std": 4.6890620634669355,
      "p05": 589.6706569185197,
      "p25": 594.2456680706456,
      "p50": 597.4797650678427,
      "p75": 600.4505493019776,
      "p95": 605.528705320711,
      "min": 583.1460441209127,
      "max": 609.4716973807476
    },
    "simulations": 1000,
    "volatility": 0.3203
  }
}