{
  "ticker": "SPY",
  "timestamp": "2026-03-27T09:36:13.947066",
  "current_price": 593.55,
  "forecast_minutes": 60,
  "technical_indicators": {
    "rsi": 66.9,
    "macd": {
      "line": -3.6047,
      "signal": -3.2442,
      "histogram": -0.3605
    },
    "bollinger_bands": {
      "upper": 584.39,
      "middle": 557.32,
      "lower": 530.26
    }
  },
  "bsm_analysis": {
    "greeks": {
      "delta": 0.5381,
      "gamma": 0.005655,
      "theta": -0.5065,
      "vega": 0.6758,
      "rho": 0.2385
    },
    "atm_call_price": 29.24,
    "atm_put_price": 26.68,
    "implied_move": 1.01
  },
  "prediction": {
    "signal": "NEUTRAL",
    "score": -1,
    "confidence": 25.0,
    "reasons": [
      "MACD histogram negative (bearish momentum)"
    ],
    "target_price": 593.64,
    "support": 589.7,
    "resistance": 597.48
  },
  "simulation": {
    "statistics": {
      "mean": 593.6407965143458,
      "std": 5.96531262275279,
      "p05": 584.3428230825238,
      "p25": 589.7043701961486,
      "p50": 593.6137852002726,
      "p75": 597.4779416781627,
      "p95": 603.4385457000507,
      "min": 571.6700538815364,
      "max": 614.0619092532919
    },
    "simulations": 1000,
    "volatility": 0.4127
  }
}