{
  "ticker": "SPY",
  "timestamp": "2026-02-26T21:15:51.615086",
  "current_price": 593.68,
  "forecast_minutes": 60,
  "technical_indicators": {
    "rsi": 50.77,
    "macd": {
      "line": 8.0859,
      "signal": 7.2773,
      "histogram": 0.8086
    },
    "bollinger_bands": {
      "upper": 628.87,
      "middle": 595.85,
      "lower": 562.83
    }
  },
  "bsm_analysis": {
    "greeks": {
      "delta": 0.538,
      "gamma": 0.009095,
      "theta": -0.3323,
      "vega": 0.6759,
      "rho": 0.2472
    },
    "atm_call_price": 18.69,
    "atm_put_price": 16.13,
    "implied_move": 0.61
  },
  "prediction": {
    "signal": "NEUTRAL",
    "score": 1,
    "confidence": 25.0,
    "reasons": [
      "MACD histogram positive (bullish momentum)"
    ],
    "target_price": 593.65,
    "support": 591.18,
    "resistance": 595.96
  },
  "simulation": {
    "statistics": {
      "mean": 593.6529399066251,
      "std": 3.6058052030748287,
      "p05": 587.8358985835952,
      "p25": 591.1753526177212,
      "p50": 593.6546511526744,
      "p75": 595.9636596927246,
      "p95": 599.603189090788,
      "min": 581.2689294391314,
      "max": 608.0125219543326
    },
    "simulations": 1000,
    "volatility": 0.2565
  }
}