{
  "ticker": "SPY",
  "timestamp": "2026-02-08T16:48:02.324913",
  "current_price": 592.23,
  "forecast_minutes": 60,
  "technical_indicators": {
    "rsi": 46.57,
    "macd": {
      "line": 2.2279,
      "signal": 2.0051,
      "histogram": 0.2228
    },
    "bollinger_bands": {
      "upper": 601.43,
      "middle": 586.89,
      "lower": 572.36
    }
  },
  "bsm_analysis": {
    "greeks": {
      "delta": 0.5503,
      "gamma": 0.016429,
      "theta": -0.2042,
      "vega": 0.672,
      "rho": 0.2589
    },
    "atm_call_price": 10.92,
    "atm_put_price": 8.37,
    "implied_move": 0.35
  },
  "prediction": {
    "signal": "NEUTRAL",
    "score": 1,
    "confidence": 25.0,
    "reasons": [
      "MACD histogram positive (bullish momentum)"
    ],
    "target_price": 592.25,
    "support": 590.91,
    "resistance": 593.58
  },
  "simulation": {
    "statistics": {
      "mean": 592.2464321581219,
      "std": 2.0728106175315637,
      "p05": 588.8291804162923,
      "p25": 590.911408253971,
      "p50": 592.1947977345023,
      "p75": 593.5765479799627,
      "p95": 595.6212182254943,
      "min": 586.0857967918388,
      "max": 600.8261176630708
    },
    "simulations": 1000,
    "volatility": 0.1419
  }
}