{
  "ticker": "SPY",
  "timestamp": "2026-03-07T21:07:47.131313",
  "current_price": 595.22,
  "forecast_minutes": 60,
  "technical_indicators": {
    "rsi": 54.74,
    "macd": {
      "line": -0.7068,
      "signal": -0.6361,
      "histogram": -0.0707
    },
    "bollinger_bands": {
      "upper": 599.68,
      "middle": 583.48,
      "lower": 567.29
    }
  },
  "bsm_analysis": {
    "greeks": {
      "delta": 0.5435,
      "gamma": 0.012869,
      "theta": -0.2483,
      "vega": 0.6767,
      "rho": 0.2547
    },
    "atm_call_price": 13.59,
    "atm_put_price": 11.03,
    "implied_move": 0.45
  },
  "prediction": {
    "signal": "NEUTRAL",
    "score": -1,
    "confidence": 25.0,
    "reasons": [
      "MACD histogram negative (bearish momentum)"
    ],
    "target_price": 595.28,
    "support": 593.39,
    "resistance": 597.14
  },
  "simulation": {
    "statistics": {
      "mean": 595.2779219898134,
      "std": 2.6997893949959777,
      "p05": 590.7643979580434,
      "p25": 593.3903703667055,
      "p50": 595.305844416492,
      "p75": 597.1359580898887,
      "p95": 599.6724035965019,
      "min": 586.8270087761555,
      "max": 602.8854537693128
    },
    "simulations": 1000,
    "volatility": 0.1806
  }
}