{
  "ticker": "SPY",
  "timestamp": "2026-02-27T08:00:32.674678",
  "current_price": 593.71,
  "forecast_minutes": 60,
  "technical_indicators": {
    "rsi": 62.89,
    "macd": {
      "line": -2.136,
      "signal": -1.9224,
      "histogram": -0.2136
    },
    "bollinger_bands": {
      "upper": 590.98,
      "middle": 564.55,
      "lower": 538.11
    }
  },
  "bsm_analysis": {
    "greeks": {
      "delta": 0.5371,
      "gamma": 0.007623,
      "theta": -0.3877,
      "vega": 0.6761,
      "rho": 0.244
    },
    "atm_call_price": 22.04,
    "atm_put_price": 19.48,
    "implied_move": 0.75
  },
  "prediction": {
    "signal": "NEUTRAL",
    "score": -1,
    "confidence": 25.0,
    "reasons": [
      "MACD histogram negative (bearish momentum)"
    ],
    "target_price": 593.89,
    "support": 590.96,
    "resistance": 596.97
  },
  "simulation": {
    "statistics": {
      "mean": 593.8854783597747,
      "std": 4.44226143341185,
      "p05": 586.6519514462545,
      "p25": 590.9632893266576,
      "p50": 593.7894571137977,
      "p75": 596.9743819098163,
      "p95": 600.8588387111828,
      "min": 577.9477342278008,
      "max": 609.4389595371284
    },
    "simulations": 1000,
    "volatility": 0.3062
  }
}