{
  "ticker": "SPY",
  "timestamp": "2026-03-01T05:40:24.820204",
  "current_price": 593.65,
  "forecast_minutes": 60,
  "technical_indicators": {
    "rsi": 42.04,
    "macd": {
      "line": 0.7668,
      "signal": 0.6901,
      "histogram": 0.0767
    },
    "bollinger_bands": {
      "upper": 615.25,
      "middle": 605.12,
      "lower": 594.99
    }
  },
  "bsm_analysis": {
    "greeks": {
      "delta": 0.5484,
      "gamma": 0.015462,
      "theta": -0.2142,
      "vega": 0.674,
      "rho": 0.2581
    },
    "atm_call_price": 11.52,
    "atm_put_price": 8.97,
    "implied_move": 0.38
  },
  "prediction": {
    "signal": "NEUTRAL",
    "score": 1,
    "confidence": 25.0,
    "reasons": [
      "MACD histogram positive (bullish momentum)"
    ],
    "target_price": 593.63,
    "support": 592.13,
    "resistance": 595.11
  },
  "simulation": {
    "statistics": {
      "mean": 593.6307801933333,
      "std": 2.238309374192181,
      "p05": 589.8777629357504,
      "p25": 592.1322851099089,
      "p50": 593.6599083196891,
      "p75": 595.112799114465,
      "p95": 597.4092571209748,
      "min": 586.8569788699579,
      "max": 601.1664269487218
    },
    "simulations": 1000,
    "volatility": 0.1505
  }
}