{
  "ticker": "SPY",
  "timestamp": "2026-02-08T13:09:22.291065",
  "current_price": 593.46,
  "forecast_minutes": 60,
  "technical_indicators": {
    "rsi": 39.95,
    "macd": {
      "line": 6.4328,
      "signal": 5.7895,
      "histogram": 0.6433
    },
    "bollinger_bands": {
      "upper": 651.79,
      "middle": 616.73,
      "lower": 581.67
    }
  },
  "bsm_analysis": {
    "greeks": {
      "delta": 0.5381,
      "gamma": 0.009148,
      "theta": -0.3306,
      "vega": 0.6757,
      "rho": 0.2472
    },
    "atm_call_price": 18.59,
    "atm_put_price": 16.03,
    "implied_move": 0.63
  },
  "prediction": {
    "signal": "NEUTRAL",
    "score": 1,
    "confidence": 25.0,
    "reasons": [
      "MACD histogram positive (bullish momentum)"
    ],
    "target_price": 593.37,
    "support": 590.76,
    "resistance": 595.89
  },
  "simulation": {
    "statistics": {
      "mean": 593.3735940523437,
      "std": 3.731841886996911,
      "p05": 587.4744600378809,
      "p25": 590.7554289344866,
      "p50": 593.2845167189728,
      "p75": 595.894356752098,
      "p95": 599.6403582313745,
      "min": 582.2313243979673,
      "max": 606.967588565833
    },
    "simulations": 1000,
    "volatility": 0.2552
  }
}