{
  "ticker": "SPY",
  "timestamp": "2026-03-18T15:10:43.155346",
  "current_price": 593.86,
  "forecast_minutes": 60,
  "technical_indicators": {
    "rsi": 57.98,
    "macd": {
      "line": -0.0018,
      "signal": -0.0016,
      "histogram": -0.0002
    },
    "bollinger_bands": {
      "upper": 599.28,
      "middle": 590.77,
      "lower": 582.27
    }
  },
  "bsm_analysis": {
    "greeks": {
      "delta": 0.5567,
      "gamma": 0.019314,
      "theta": -0.1808,
      "vega": 0.6724,
      "rho": 0.2639
    },
    "atm_call_price": 9.48,
    "atm_put_price": 6.92,
    "implied_move": 0.3
  },
  "prediction": {
    "signal": "NEUTRAL",
    "score": -1,
    "confidence": 25.0,
    "reasons": [
      "MACD histogram negative (bearish momentum)"
    ],
    "target_price": 593.94,
    "support": 592.72,
    "resistance": 595.23
  },
  "simulation": {
    "statistics": {
      "mean": 593.93536566664,
      "std": 1.7718450585636447,
      "p05": 590.9556754265483,
      "p25": 592.7211243045167,
      "p50": 593.9104665430589,
      "p75": 595.225579455741,
      "p95": 596.6393541577372,
      "min": 588.0628685602445,
      "max": 599.6202495984638
    },
    "simulations": 1000,
    "volatility": 0.1201
  }
}