{
  "ticker": "SPY",
  "timestamp": "2026-03-11T11:45:28.981625",
  "current_price": 594.05,
  "forecast_minutes": 60,
  "technical_indicators": {
    "rsi": 62.92,
    "macd": {
      "line": 4.6794,
      "signal": 4.2115,
      "histogram": 0.4679
    },
    "bollinger_bands": {
      "upper": 593.95,
      "middle": 578.93,
      "lower": 563.92
    }
  },
  "bsm_analysis": {
    "greeks": {
      "delta": 0.5405,
      "gamma": 0.011068,
      "theta": -0.2811,
      "vega": 0.6759,
      "rho": 0.2511
    },
    "atm_call_price": 15.59,
    "atm_put_price": 13.03,
    "implied_move": 0.51
  },
  "prediction": {
    "signal": "NEUTRAL",
    "score": 1,
    "confidence": 25.0,
    "reasons": [
      "MACD histogram positive (bullish momentum)"
    ],
    "target_price": 594.13,
    "support": 592.1,
    "resistance": 596.21
  },
  "simulation": {
    "statistics": {
      "mean": 594.1288048490641,
      "std": 3.0322529426400564,
      "p05": 588.9633634395926,
      "p25": 592.1004709966164,
      "p50": 594.0978663211838,
      "p75": 596.2075241779842,
      "p95": 599.1727317800056,
      "min": 584.7562349521046,
      "max": 602.5440024064335
    },
    "simulations": 1000,
    "volatility": 0.2106
  }
}