{
  "ticker": "SPY",
  "timestamp": "2026-03-14T22:58:16.141215",
  "current_price": 597.79,
  "forecast_minutes": 60,
  "technical_indicators": {
    "rsi": 78.0,
    "macd": {
      "line": 5.5383,
      "signal": 4.9844,
      "histogram": 0.5538
    },
    "bollinger_bands": {
      "upper": 587.24,
      "middle": 568.21,
      "lower": 549.18
    }
  },
  "bsm_analysis": {
    "greeks": {
      "delta": 0.5468,
      "gamma": 0.014589,
      "theta": -0.2246,
      "vega": 0.679,
      "rho": 0.2587
    },
    "atm_call_price": 12.15,
    "atm_put_price": 9.57,
    "implied_move": 0.39
  },
  "prediction": {
    "signal": "NEUTRAL",
    "score": -1,
    "confidence": 25.0,
    "reasons": [
      "RSI indicates overbought conditions",
      "MACD histogram positive (bullish momentum)"
    ],
    "target_price": 597.71,
    "support": 596.18,
    "resistance": 599.14
  },
  "simulation": {
    "statistics": {
      "mean": 597.7118952379398,
      "std": 2.315190343696433,
      "p05": 594.0318848454255,
      "p25": 596.1787863443956,
      "p50": 597.6691046875958,
      "p75": 599.137677333986,
      "p95": 601.6725303666293,
      "min": 589.289727596766,
      "max": 605.1659238986834
    },
    "simulations": 1000,
    "volatility": 0.1585
  }
}