{
  "ticker": "SPY",
  "timestamp": "2026-02-27T10:48:21.016353",
  "current_price": 594.5,
  "forecast_minutes": 60,
  "technical_indicators": {
    "rsi": 35.71,
    "macd": {
      "line": -2.0927,
      "signal": -1.8834,
      "histogram": -0.2093
    },
    "bollinger_bands": {
      "upper": 656.9,
      "middle": 635.54,
      "lower": 614.19
    }
  },
  "bsm_analysis": {
    "greeks": {
      "delta": 0.5371,
      "gamma": 0.007657,
      "theta": -0.3862,
      "vega": 0.677,
      "rho": 0.2444
    },
    "atm_call_price": 21.95,
    "atm_put_price": 19.39,
    "implied_move": 0.73
  },
  "prediction": {
    "signal": "NEUTRAL",
    "score": -1,
    "confidence": 25.0,
    "reasons": [
      "MACD histogram negative (bearish momentum)"
    ],
    "target_price": 594.52,
    "support": 591.63,
    "resistance": 597.45
  },
  "simulation": {
    "statistics": {
      "mean": 594.5172638661141,
      "std": 4.343934466826988,
      "p05": 587.4727020691896,
      "p25": 591.6297399648919,
      "p50": 594.5326327197486,
      "p75": 597.4521961919936,
      "p95": 601.5456011522182,
      "min": 581.2829837512712,
      "max": 607.9442921786996
    },
    "simulations": 1000,
    "volatility": 0.3044
  }
}