{
  "ticker": "SPY",
  "timestamp": "2026-03-16T06:58:42.016522",
  "current_price": 594.91,
  "forecast_minutes": 60,
  "technical_indicators": {
    "rsi": 69.26,
    "macd": {
      "line": 2.7684,
      "signal": 2.4915,
      "histogram": 0.2768
    },
    "bollinger_bands": {
      "upper": 583.82,
      "middle": 565.81,
      "lower": 547.8
    }
  },
  "bsm_analysis": {
    "greeks": {
      "delta": 0.5393,
      "gamma": 0.010234,
      "theta": -0.3004,
      "vega": 0.6771,
      "rho": 0.2499
    },
    "atm_call_price": 16.75,
    "atm_put_price": 14.19,
    "implied_move": 0.56
  },
  "prediction": {
    "signal": "NEUTRAL",
    "score": 1,
    "confidence": 25.0,
    "reasons": [
      "MACD histogram positive (bullish momentum)"
    ],
    "target_price": 594.89,
    "support": 592.55,
    "resistance": 597.06
  },
  "simulation": {
    "statistics": {
      "mean": 594.8896086874443,
      "std": 3.3374161227021135,
      "p05": 589.5937152132938,
      "p25": 592.5524677363845,
      "p50": 594.9399632733627,
      "p75": 597.0640730736332,
      "p95": 600.6790656135809,
      "min": 585.0824159577479,
      "max": 604.5730389588682
    },
    "simulations": 1000,
    "volatility": 0.2274
  }
}