{
  "ticker": "SPY",
  "timestamp": "2026-03-20T02:40:09.442716",
  "current_price": 593.81,
  "forecast_minutes": 60,
  "technical_indicators": {
    "rsi": 71.06,
    "macd": {
      "line": -1.5528,
      "signal": -1.3975,
      "histogram": -0.1553
    },
    "bollinger_bands": {
      "upper": 570.0,
      "middle": 538.81,
      "lower": 507.61
    }
  },
  "bsm_analysis": {
    "greeks": {
      "delta": 0.5414,
      "gamma": 0.004448,
      "theta": -0.6309,
      "vega": 0.6755,
      "rho": 0.234
    },
    "atm_call_price": 36.77,
    "atm_put_price": 34.21,
    "implied_move": 1.33
  },
  "prediction": {
    "signal": "BEARISH",
    "score": -3,
    "confidence": 75.0,
    "reasons": [
      "RSI indicates overbought conditions",
      "MACD histogram negative (bearish momentum)"
    ],
    "target_price": 593.65,
    "support": 588.54,
    "resistance": 598.86
  },
  "simulation": {
    "statistics": {
      "mean": 593.652264393894,
      "std": 7.894443819038712,
      "p05": 580.3722419360255,
      "p25": 588.5393271381635,
      "p50": 593.4247251309051,
      "p75": 598.8578015524815,
      "p95": 606.7357608588172,
      "min": 566.739692870206,
      "max": 618.4184366692542
    },
    "simulations": 1000,
    "volatility": 0.524
  }
}