{
  "ticker": "SPY",
  "timestamp": "2026-03-15T16:56:54.931325",
  "current_price": 594.75,
  "forecast_minutes": 60,
  "technical_indicators": {
    "rsi": 37.68,
    "macd": {
      "line": 3.4267,
      "signal": 3.084,
      "histogram": 0.3427
    },
    "bollinger_bands": {
      "upper": 676.67,
      "middle": 637.49,
      "lower": 598.32
    }
  },
  "bsm_analysis": {
    "greeks": {
      "delta": 0.537,
      "gamma": 0.007059,
      "theta": -0.4151,
      "vega": 0.6773,
      "rho": 0.243
    },
    "atm_call_price": 23.7,
    "atm_put_price": 21.14,
    "implied_move": 0.89
  },
  "prediction": {
    "signal": "NEUTRAL",
    "score": 1,
    "confidence": 25.0,
    "reasons": [
      "MACD histogram positive (bullish momentum)"
    ],
    "target_price": 594.86,
    "support": 591.28,
    "resistance": 598.23
  },
  "simulation": {
    "statistics": {
      "mean": 594.8641144795893,
      "std": 5.279869685078733,
      "p05": 586.5596807400661,
      "p25": 591.2767139834032,
      "p50": 594.9073187420021,
      "p75": 598.2336847011941,
      "p95": 603.7264521239549,
      "min": 578.8242862723991,
      "max": 610.8250197782552
    },
    "simulations": 1000,
    "volatility": 0.33
  }
}