{
  "ticker": "SPY",
  "timestamp": "2026-03-04T12:18:42.926918",
  "current_price": 592.11,
  "forecast_minutes": 60,
  "technical_indicators": {
    "rsi": 57.86,
    "macd": {
      "line": -5.3875,
      "signal": -4.8488,
      "histogram": -0.5388
    },
    "bollinger_bands": {
      "upper": 587.16,
      "middle": 562.38,
      "lower": 537.59
    }
  },
  "bsm_analysis": {
    "greeks": {
      "delta": 0.5376,
      "gamma": 0.006084,
      "theta": -0.474,
      "vega": 0.6742,
      "rho": 0.2392
    },
    "atm_call_price": 27.27,
    "atm_put_price": 24.72,
    "implied_move": 0.95
  },
  "prediction": {
    "signal": "NEUTRAL",
    "score": -1,
    "confidence": 25.0,
    "reasons": [
      "MACD histogram negative (bearish momentum)"
    ],
    "target_price": 592.07,
    "support": 588.38,
    "resistance": 595.96
  },
  "simulation": {
    "statistics": {
      "mean": 592.0679880858917,
      "std": 5.600796577662316,
      "p05": 583.1946857449841,
      "p25": 588.3762909020494,
      "p50": 591.974723094405,
      "p75": 595.9615939677975,
      "p95": 601.3072336267055,
      "min": 572.1312544024547,
      "max": 612.6390249795453
    },
    "simulations": 1000,
    "volatility": 0.3846
  }
}