{
  "ticker": "SPY",
  "timestamp": "2026-03-26T08:09:25.181317",
  "current_price": 595.49,
  "forecast_minutes": 60,
  "technical_indicators": {
    "rsi": 44.88,
    "macd": {
      "line": 5.226,
      "signal": 4.7034,
      "histogram": 0.5226
    },
    "bollinger_bands": {
      "upper": 641.15,
      "middle": 615.95,
      "lower": 590.74
    }
  },
  "bsm_analysis": {
    "greeks": {
      "delta": 0.537,
      "gamma": 0.007007,
      "theta": -0.4179,
      "vega": 0.6781,
      "rho": 0.2432
    },
    "atm_call_price": 23.86,
    "atm_put_price": 21.3,
    "implied_move": 0.83
  },
  "prediction": {
    "signal": "NEUTRAL",
    "score": 1,
    "confidence": 25.0,
    "reasons": [
      "MACD histogram positive (bullish momentum)"
    ],
    "target_price": 595.31,
    "support": 591.82,
    "resistance": 598.52
  },
  "simulation": {
    "statistics": {
      "mean": 595.3148742919406,
      "std": 4.941748191086219,
      "p05": 587.4279059828818,
      "p25": 591.8178862486914,
      "p50": 595.4574561905696,
      "p75": 598.5248766720466,
      "p95": 603.4429886827755,
      "min": 580.6217617134457,
      "max": 609.9740900555415
    },
    "simulations": 1000,
    "volatility": 0.3321
  }
}