{
  "ticker": "SPY",
  "timestamp": "2026-02-13T13:09:20.078566",
  "current_price": 592.34,
  "forecast_minutes": 60,
  "technical_indicators": {
    "rsi": 46.53,
    "macd": {
      "line": 6.5354,
      "signal": 5.8819,
      "histogram": 0.6535
    },
    "bollinger_bands": {
      "upper": 636.21,
      "middle": 608.77,
      "lower": 581.33
    }
  },
  "bsm_analysis": {
    "greeks": {
      "delta": 0.5381,
      "gamma": 0.009241,
      "theta": -0.3276,
      "vega": 0.6744,
      "rho": 0.2469
    },
    "atm_call_price": 18.41,
    "atm_put_price": 15.86,
    "implied_move": 0.62
  },
  "prediction": {
    "signal": "NEUTRAL",
    "score": 1,
    "confidence": 25.0,
    "reasons": [
      "MACD histogram positive (bullish momentum)"
    ],
    "target_price": 592.45,
    "support": 589.97,
    "resistance": 594.82
  },
  "simulation": {
    "statistics": {
      "mean": 592.4469291368081,
      "std": 3.684391900114811,
      "p05": 586.4428352897888,
      "p25": 589.9731511457602,
      "p50": 592.5287541001971,
      "p75": 594.8233960616757,
      "p95": 598.6831533944295,
      "min": 580.7594084378533,
      "max": 602.6710458470058
    },
    "simulations": 1000,
    "volatility": 0.2531
  }
}