{
  "ticker": "SPY",
  "timestamp": "2026-03-29T19:45:24.444509",
  "current_price": 595.64,
  "forecast_minutes": 60,
  "technical_indicators": {
    "rsi": 69.95,
    "macd": {
      "line": -2.6137,
      "signal": -2.3523,
      "histogram": -0.2614
    },
    "bollinger_bands": {
      "upper": 589.07,
      "middle": 556.3,
      "lower": 523.53
    }
  },
  "bsm_analysis": {
    "greeks": {
      "delta": 0.5371,
      "gamma": 0.006668,
      "theta": -0.4368,
      "vega": 0.6783,
      "rho": 0.2424
    },
    "atm_call_price": 25.01,
    "atm_put_price": 22.44,
    "implied_move": 0.83
  },
  "prediction": {
    "signal": "NEUTRAL",
    "score": -1,
    "confidence": 25.0,
    "reasons": [
      "MACD histogram negative (bearish momentum)"
    ],
    "target_price": 595.51,
    "support": 592.02,
    "resistance": 598.98
  },
  "simulation": {
    "statistics": {
      "mean": 595.5131399467977,
      "std": 4.953175706788095,
      "p05": 587.6536312649624,
      "p25": 592.0152035906438,
      "p50": 595.4664166255948,
      "p75": 598.9815402353917,
      "p95": 603.6331207576237,
      "min": 580.5162830083822,
      "max": 614.3710286183433
    },
    "simulations": 1000,
    "volatility": 0.3489
  }
}