{
  "ticker": "SPY",
  "timestamp": "2026-04-13T20:59:35.818269",
  "current_price": 595.59,
  "forecast_minutes": 60,
  "technical_indicators": {
    "rsi": 40.12,
    "macd": {
      "line": -2.294,
      "signal": -2.0646,
      "histogram": -0.2294
    },
    "bollinger_bands": {
      "upper": 627.22,
      "middle": 612.85,
      "lower": 598.48
    }
  },
  "bsm_analysis": {
    "greeks": {
      "delta": 0.5413,
      "gamma": 0.011543,
      "theta": -0.2716,
      "vega": 0.6776,
      "rho": 0.2526
    },
    "atm_call_price": 15.0,
    "atm_put_price": 12.44,
    "implied_move": 0.49
  },
  "prediction": {
    "signal": "NEUTRAL",
    "score": -1,
    "confidence": 25.0,
    "reasons": [
      "MACD histogram negative (bearish momentum)"
    ],
    "target_price": 595.48,
    "support": 593.46,
    "resistance": 597.44
  },
  "simulation": {
    "statistics": {
      "mean": 595.4788180381828,
      "std": 2.8981884376856626,
      "p05": 590.9840975083405,
      "p25": 593.4609247629182,
      "p50": 595.5103956975611,
      "p75": 597.442686247237,
      "p95": 600.3329140345224,
      "min": 585.1114114420822,
      "max": 604.5958402069585
    },
    "simulations": 1000,
    "volatility": 0.2013
  }
}