{
  "ticker": "SPY",
  "timestamp": "2026-03-18T09:06:11.197955",
  "current_price": 592.31,
  "forecast_minutes": 60,
  "technical_indicators": {
    "rsi": 60.93,
    "macd": {
      "line": 7.8347,
      "signal": 7.0512,
      "histogram": 0.7835
    },
    "bollinger_bands": {
      "upper": 605.42,
      "middle": 581.68,
      "lower": 557.94
    }
  },
  "bsm_analysis": {
    "greeks": {
      "delta": 0.5445,
      "gamma": 0.013484,
      "theta": -0.2388,
      "vega": 0.6732,
      "rho": 0.2544
    },
    "atm_call_price": 13.02,
    "atm_put_price": 10.47,
    "implied_move": 0.43
  },
  "prediction": {
    "signal": "NEUTRAL",
    "score": 1,
    "confidence": 25.0,
    "reasons": [
      "MACD histogram positive (bullish momentum)"
    ],
    "target_price": 592.33,
    "support": 590.7,
    "resistance": 594.0
  },
  "simulation": {
    "statistics": {
      "mean": 592.3326461603579,
      "std": 2.574988661598333,
      "p05": 588.1105266384484,
      "p25": 590.699451372089,
      "p50": 592.2624783664446,
      "p75": 594.0009223606352,
      "p95": 596.7692803264742,
      "min": 583.816196679467,
      "max": 600.3795822802867
    },
    "simulations": 1000,
    "volatility": 0.1731
  }
}