{
  "ticker": "SPY",
  "timestamp": "2026-04-03T09:40:01.242534",
  "current_price": 593.6,
  "forecast_minutes": 60,
  "technical_indicators": {
    "rsi": 66.12,
    "macd": {
      "line": 3.0807,
      "signal": 2.7726,
      "histogram": 0.3081
    },
    "bollinger_bands": {
      "upper": 591.5,
      "middle": 581.64,
      "lower": 571.79
    }
  },
  "bsm_analysis": {
    "greeks": {
      "delta": 0.5508,
      "gamma": 0.016613,
      "theta": -0.2026,
      "vega": 0.6734,
      "rho": 0.2598
    },
    "atm_call_price": 10.81,
    "atm_put_price": 8.26,
    "implied_move": 0.35
  },
  "prediction": {
    "signal": "NEUTRAL",
    "score": 1,
    "confidence": 25.0,
    "reasons": [
      "MACD histogram positive (bullish momentum)"
    ],
    "target_price": 593.52,
    "support": 592.06,
    "resistance": 594.88
  },
  "simulation": {
    "statistics": {
      "mean": 593.5171469031843,
      "std": 2.074496949244957,
      "p05": 590.1443943162128,
      "p25": 592.0625568949258,
      "p50": 593.5071120493718,
      "p75": 594.8768444996612,
      "p95": 596.9930261896875,
      "min": 586.5605135750559,
      "max": 600.5225581166849
    },
    "simulations": 1000,
    "volatility": 0.14
  }
}