{
  "ticker": "SPY",
  "timestamp": "2026-03-07T19:50:57.103586",
  "current_price": 593.06,
  "forecast_minutes": 60,
  "technical_indicators": {
    "rsi": 60.05,
    "macd": {
      "line": 9.8305,
      "signal": 8.8475,
      "histogram": 0.9831
    },
    "bollinger_bands": {
      "upper": 632.28,
      "middle": 598.19,
      "lower": 564.1
    }
  },
  "bsm_analysis": {
    "greeks": {
      "delta": 0.5406,
      "gamma": 0.011146,
      "theta": -0.2794,
      "vega": 0.6748,
      "rho": 0.2508
    },
    "atm_call_price": 15.49,
    "atm_put_price": 12.93,
    "implied_move": 0.52
  },
  "prediction": {
    "signal": "NEUTRAL",
    "score": 1,
    "confidence": 25.0,
    "reasons": [
      "MACD histogram positive (bullish momentum)"
    ],
    "target_price": 593.04,
    "support": 590.97,
    "resistance": 595.19
  },
  "simulation": {
    "statistics": {
      "mean": 593.0448996959379,
      "std": 3.1098931402262693,
      "p05": 587.7341698093944,
      "p25": 590.9690248451974,
      "p50": 593.0818678629797,
      "p75": 595.1873130946103,
      "p95": 598.1962869498057,
      "min": 584.0185970497704,
      "max": 603.3801755246781
    },
    "simulations": 1000,
    "volatility": 0.2094
  }
}