{
  "ticker": "SPY",
  "timestamp": "2026-03-23T20:48:00.612699",
  "current_price": 595.54,
  "forecast_minutes": 60,
  "technical_indicators": {
    "rsi": 71.77,
    "macd": {
      "line": 0.817,
      "signal": 0.7353,
      "histogram": 0.0817
    },
    "bollinger_bands": {
      "upper": 581.92,
      "middle": 566.68,
      "lower": 551.45
    }
  },
  "bsm_analysis": {
    "greeks": {
      "delta": 0.5392,
      "gamma": 0.0101,
      "theta": -0.3038,
      "vega": 0.6778,
      "rho": 0.25
    },
    "atm_call_price": 16.96,
    "atm_put_price": 14.4,
    "implied_move": 0.57
  },
  "prediction": {
    "signal": "NEUTRAL",
    "score": -1,
    "confidence": 25.0,
    "reasons": [
      "RSI indicates overbought conditions",
      "MACD histogram positive (bullish momentum)"
    ],
    "target_price": 595.52,
    "support": 593.23,
    "resistance": 597.79
  },
  "simulation": {
    "statistics": {
      "mean": 595.5167894180876,
      "std": 3.3901178514804107,
      "p05": 589.8411533062755,
      "p25": 593.2336590761142,
      "p50": 595.6129125058651,
      "p75": 597.7863554259461,
      "p95": 601.0246247669414,
      "min": 584.68022996276,
      "max": 606.6154919491869
    },
    "simulations": 1000,
    "volatility": 0.2302
  }
}