{
  "ticker": "SPY",
  "timestamp": "2026-02-22T15:00:27.050793",
  "current_price": 592.34,
  "forecast_minutes": 60,
  "technical_indicators": {
    "rsi": 55.92,
    "macd": {
      "line": 5.2969,
      "signal": 4.7672,
      "histogram": 0.5297
    },
    "bollinger_bands": {
      "upper": 611.14,
      "middle": 593.86,
      "lower": 576.59
    }
  },
  "bsm_analysis": {
    "greeks": {
      "delta": 0.5415,
      "gamma": 0.011756,
      "theta": -0.2672,
      "vega": 0.6738,
      "rho": 0.2515
    },
    "atm_call_price": 14.75,
    "atm_put_price": 12.2,
    "implied_move": 0.48
  },
  "prediction": {
    "signal": "NEUTRAL",
    "score": 1,
    "confidence": 25.0,
    "reasons": [
      "MACD histogram positive (bullish momentum)"
    ],
    "target_price": 592.24,
    "support": 590.22,
    "resistance": 594.26
  },
  "simulation": {
    "statistics": {
      "mean": 592.236922654761,
      "std": 2.8641012939235093,
      "p05": 587.693271564809,
      "p25": 590.2221183478757,
      "p50": 592.1709128646899,
      "p75": 594.2618076216323,
      "p95": 597.1190429888678,
      "min": 583.835711118702,
      "max": 601.2764957908751
    },
    "simulations": 1000,
    "volatility": 0.1988
  }
}