{
  "ticker": "SPY",
  "timestamp": "2026-03-19T19:35:00.478667",
  "current_price": 596.18,
  "forecast_minutes": 60,
  "technical_indicators": {
    "rsi": 74.33,
    "macd": {
      "line": 3.9337,
      "signal": 3.5403,
      "histogram": 0.3934
    },
    "bollinger_bands": {
      "upper": 579.64,
      "middle": 560.83,
      "lower": 542.02
    }
  },
  "bsm_analysis": {
    "greeks": {
      "delta": 0.5381,
      "gamma": 0.009165,
      "theta": -0.3303,
      "vega": 0.6788,
      "rho": 0.2484
    },
    "atm_call_price": 18.56,
    "atm_put_price": 15.99,
    "implied_move": 0.6
  },
  "prediction": {
    "signal": "NEUTRAL",
    "score": -1,
    "confidence": 25.0,
    "reasons": [
      "RSI indicates overbought conditions",
      "MACD histogram positive (bullish momentum)"
    ],
    "target_price": 596.34,
    "support": 593.83,
    "resistance": 598.93
  },
  "simulation": {
    "statistics": {
      "mean": 596.3439646709198,
      "std": 3.5927338912322577,
      "p05": 590.2049539947936,
      "p25": 593.8280636486012,
      "p50": 596.3921510752959,
      "p75": 598.9297902920747,
      "p95": 602.060698449905,
      "min": 584.4606597704636,
      "max": 608.1705522623884
    },
    "simulations": 1000,
    "volatility": 0.2535
  }
}