{
  "ticker": "SPY",
  "timestamp": "2026-04-08T12:45:01.485245",
  "current_price": 596.88,
  "forecast_minutes": 60,
  "technical_indicators": {
    "rsi": 42.88,
    "macd": {
      "line": 1.3172,
      "signal": 1.1855,
      "histogram": 0.1317
    },
    "bollinger_bands": {
      "upper": 634.51,
      "middle": 609.75,
      "lower": 584.99
    }
  },
  "bsm_analysis": {
    "greeks": {
      "delta": 0.5432,
      "gamma": 0.012685,
      "theta": -0.2513,
      "vega": 0.6787,
      "rho": 0.2552
    },
    "atm_call_price": 13.77,
    "atm_put_price": 11.2,
    "implied_move": 0.44
  },
  "prediction": {
    "signal": "NEUTRAL",
    "score": 1,
    "confidence": 25.0,
    "reasons": [
      "MACD histogram positive (bullish momentum)"
    ],
    "target_price": 596.88,
    "support": 595.07,
    "resistance": 598.62
  },
  "simulation": {
    "statistics": {
      "mean": 596.8801043387778,
      "std": 2.6450759192459707,
      "p05": 592.5798679901712,
      "p25": 595.0664623890405,
      "p50": 596.9920769399985,
      "p75": 598.6193077995197,
      "p95": 601.1561530498378,
      "min": 589.2651924827876,
      "max": 605.2541526676936
    },
    "simulations": 1000,
    "volatility": 0.1827
  }
}