{
  "ticker": "SPY",
  "timestamp": "2026-02-28T09:54:15.331506",
  "current_price": 594.56,
  "forecast_minutes": 60,
  "technical_indicators": {
    "rsi": 79.23,
    "macd": {
      "line": 7.6275,
      "signal": 6.8648,
      "histogram": 0.7628
    },
    "bollinger_bands": {
      "upper": 581.06,
      "middle": 557.63,
      "lower": 534.19
    }
  },
  "bsm_analysis": {
    "greeks": {
      "delta": 0.5381,
      "gamma": 0.009202,
      "theta": -0.329,
      "vega": 0.6769,
      "rho": 0.2478
    },
    "atm_call_price": 18.49,
    "atm_put_price": 15.93,
    "implied_move": 0.61
  },
  "prediction": {
    "signal": "NEUTRAL",
    "score": -1,
    "confidence": 25.0,
    "reasons": [
      "RSI indicates overbought conditions",
      "MACD histogram positive (bullish momentum)"
    ],
    "target_price": 594.46,
    "support": 592.08,
    "resistance": 597.01
  },
  "simulation": {
    "statistics": {
      "mean": 594.4633170632017,
      "std": 3.6559014550475935,
      "p05": 588.3114781100013,
      "p25": 592.0822860649318,
      "p50": 594.392906449242,
      "p75": 597.0135667003144,
      "p95": 600.268133256172,
      "min": 582.8923662764222,
      "max": 606.7521745870038
    },
    "simulations": 1000,
    "volatility": 0.2532
  }
}