{
  "ticker": "SPY",
  "timestamp": "2026-03-08T13:56:29.335316",
  "current_price": 597.91,
  "forecast_minutes": 60,
  "technical_indicators": {
    "rsi": 63.48,
    "macd": {
      "line": -0.0898,
      "signal": -0.0808,
      "histogram": -0.009
    },
    "bollinger_bands": {
      "upper": 600.15,
      "middle": 572.63,
      "lower": 545.11
    }
  },
  "bsm_analysis": {
    "greeks": {
      "delta": 0.5388,
      "gamma": 0.009755,
      "theta": -0.3132,
      "vega": 0.6806,
      "rho": 0.2504
    },
    "atm_call_price": 17.52,
    "atm_put_price": 14.95,
    "implied_move": 0.59
  },
  "prediction": {
    "signal": "NEUTRAL",
    "score": -1,
    "confidence": 25.0,
    "reasons": [
      "MACD histogram negative (bearish momentum)"
    ],
    "target_price": 597.93,
    "support": 595.65,
    "resistance": 600.27
  },
  "simulation": {
    "statistics": {
      "mean": 597.9272410969185,
      "std": 3.5415404846394463,
      "p05": 592.049556762272,
      "p25": 595.6515247605562,
      "p50": 597.8699514202106,
      "p75": 600.2655783874602,
      "p95": 603.8135733830807,
      "min": 585.7873596035851,
      "max": 608.8297649760201
    },
    "simulations": 1000,
    "volatility": 0.2375
  }
}