{
  "ticker": "SPY",
  "timestamp": "2026-03-24T23:30:23.884084",
  "current_price": 593.03,
  "forecast_minutes": 60,
  "technical_indicators": {
    "rsi": 71.4,
    "macd": {
      "line": 2.133,
      "signal": 1.9197,
      "histogram": 0.2133
    },
    "bollinger_bands": {
      "upper": 574.01,
      "middle": 543.94,
      "lower": 513.87
    }
  },
  "bsm_analysis": {
    "greeks": {
      "delta": 0.537,
      "gamma": 0.007448,
      "theta": -0.3957,
      "vega": 0.6753,
      "rho": 0.2432
    },
    "atm_call_price": 22.53,
    "atm_put_price": 19.97,
    "implied_move": 0.77
  },
  "prediction": {
    "signal": "NEUTRAL",
    "score": -1,
    "confidence": 25.0,
    "reasons": [
      "RSI indicates overbought conditions",
      "MACD histogram positive (bullish momentum)"
    ],
    "target_price": 592.79,
    "support": 589.65,
    "resistance": 595.77
  },
  "simulation": {
    "statistics": {
      "mean": 592.7873577474379,
      "std": 4.591264919014189,
      "p05": 585.1406879469815,
      "p25": 589.651645754684,
      "p50": 592.7049290852974,
      "p75": 595.7684247757409,
      "p95": 600.3648896650622,
      "min": 577.7443484271245,
      "max": 606.312930739978
    },
    "simulations": 1000,
    "volatility": 0.3137
  }
}