{
  "ticker": "SPY",
  "timestamp": "2026-03-11T16:33:57.477724",
  "current_price": 594.27,
  "forecast_minutes": 60,
  "technical_indicators": {
    "rsi": 62.47,
    "macd": {
      "line": -3.989,
      "signal": -3.5901,
      "histogram": -0.3989
    },
    "bollinger_bands": {
      "upper": 594.4,
      "middle": 568.92,
      "lower": 543.44
    }
  },
  "bsm_analysis": {
    "greeks": {
      "delta": 0.537,
      "gamma": 0.007152,
      "theta": -0.4102,
      "vega": 0.6768,
      "rho": 0.2431
    },
    "atm_call_price": 23.4,
    "atm_put_price": 20.85,
    "implied_move": 0.82
  },
  "prediction": {
    "signal": "NEUTRAL",
    "score": -1,
    "confidence": 25.0,
    "reasons": [
      "MACD histogram negative (bearish momentum)"
    ],
    "target_price": 594.34,
    "support": 591.11,
    "resistance": 597.6
  },
  "simulation": {
    "statistics": {
      "mean": 594.3442091273777,
      "std": 4.848556173845614,
      "p05": 586.524435613434,
      "p25": 591.1136497333428,
      "p50": 594.1991357676352,
      "p75": 597.6032240918013,
      "p95": 602.4890885684893,
      "min": 578.5500205442389,
      "max": 609.6875553870811
    },
    "simulations": 1000,
    "volatility": 0.326
  }
}