{
  "ticker": "SPY",
  "timestamp": "2026-03-23T01:15:56.943493",
  "current_price": 594.24,
  "forecast_minutes": 60,
  "technical_indicators": {
    "rsi": 80.45,
    "macd": {
      "line": 2.1379,
      "signal": 1.9241,
      "histogram": 0.2138
    },
    "bollinger_bands": {
      "upper": 600.6,
      "middle": 578.77,
      "lower": 556.95
    }
  },
  "bsm_analysis": {
    "greeks": {
      "delta": 0.5446,
      "gamma": 0.013496,
      "theta": -0.2388,
      "vega": 0.6754,
      "rho": 0.2553
    },
    "atm_call_price": 13.02,
    "atm_put_price": 10.46,
    "implied_move": 0.42
  },
  "prediction": {
    "signal": "NEUTRAL",
    "score": -1,
    "confidence": 25.0,
    "reasons": [
      "RSI indicates overbought conditions",
      "MACD histogram positive (bullish momentum)"
    ],
    "target_price": 594.26,
    "support": 592.57,
    "resistance": 596.0
  },
  "simulation": {
    "statistics": {
      "mean": 594.2597913790672,
      "std": 2.483255470583933,
      "p05": 590.1886724348144,
      "p25": 592.5657153814874,
      "p50": 594.1781449626922,
      "p75": 595.9951573522595,
      "p95": 598.3155570663449,
      "min": 586.4843560094387,
      "max": 602.4663108806684
    },
    "simulations": 1000,
    "volatility": 0.1724
  }
}