{
  "ticker": "SPY",
  "timestamp": "2026-03-29T22:28:27.942967",
  "current_price": 594.08,
  "forecast_minutes": 60,
  "technical_indicators": {
    "rsi": 66.7,
    "macd": {
      "line": -6.71,
      "signal": -6.039,
      "histogram": -0.671
    },
    "bollinger_bands": {
      "upper": 592.39,
      "middle": 546.72,
      "lower": 501.06
    }
  },
  "bsm_analysis": {
    "greeks": {
      "delta": 0.539,
      "gamma": 0.005181,
      "theta": -0.5486,
      "vega": 0.6762,
      "rho": 0.2371
    },
    "atm_call_price": 31.78,
    "atm_put_price": 29.22,
    "implied_move": 1.13
  },
  "prediction": {
    "signal": "NEUTRAL",
    "score": -1,
    "confidence": 25.0,
    "reasons": [
      "MACD histogram negative (bearish momentum)"
    ],
    "target_price": 593.88,
    "support": 589.31,
    "resistance": 598.2
  },
  "simulation": {
    "statistics": {
      "mean": 593.8791291682539,
      "std": 6.704898292996977,
      "p05": 582.5106879734386,
      "p25": 589.3052562598355,
      "p50": 594.0112585912136,
      "p75": 598.195616445288,
      "p95": 604.7702378700671,
      "min": 573.9724935306176,
      "max": 613.441220350129
    },
    "simulations": 1000,
    "volatility": 0.45
  }
}