{
  "ticker": "SPY",
  "timestamp": "2026-02-20T08:03:33.091772",
  "current_price": 597.05,
  "forecast_minutes": 60,
  "technical_indicators": {
    "rsi": 66.6,
    "macd": {
      "line": 1.0628,
      "signal": 0.9565,
      "histogram": 0.1063
    },
    "bollinger_bands": {
      "upper": 573.0,
      "middle": 543.49,
      "lower": 513.98
    }
  },
  "bsm_analysis": {
    "greeks": {
      "delta": 0.5403,
      "gamma": 0.004698,
      "theta": -0.6002,
      "vega": 0.6794,
      "rho": 0.2365
    },
    "atm_call_price": 34.9,
    "atm_put_price": 32.33,
    "implied_move": 1.21
  },
  "prediction": {
    "signal": "NEUTRAL",
    "score": 1,
    "confidence": 25.0,
    "reasons": [
      "MACD histogram positive (bullish momentum)"
    ],
    "target_price": 597.01,
    "support": 592.1,
    "resistance": 601.54
  },
  "simulation": {
    "statistics": {
      "mean": 597.0086360318227,
      "std": 7.205001239712194,
      "p05": 585.1295378326857,
      "p25": 592.0998882779572,
      "p50": 597.0199729355628,
      "p75": 601.5412242706498,
      "p95": 608.9183742536255,
      "min": 574.9366459259871,
      "max": 619.0647221026852
    },
    "simulations": 1000,
    "volatility": 0.4935
  }
}