{
  "ticker": "SPY",
  "timestamp": "2026-03-07T15:51:49.202949",
  "current_price": 596.06,
  "forecast_minutes": 60,
  "technical_indicators": {
    "rsi": 43.78,
    "macd": {
      "line": 3.5153,
      "signal": 3.1638,
      "histogram": 0.3515
    },
    "bollinger_bands": {
      "upper": 624.91,
      "middle": 607.77,
      "lower": 590.63
    }
  },
  "bsm_analysis": {
    "greeks": {
      "delta": 0.5378,
      "gamma": 0.008858,
      "theta": -0.3401,
      "vega": 0.6787,
      "rho": 0.2477
    },
    "atm_call_price": 19.16,
    "atm_put_price": 16.59,
    "implied_move": 0.66
  },
  "prediction": {
    "signal": "NEUTRAL",
    "score": 1,
    "confidence": 25.0,
    "reasons": [
      "MACD histogram positive (bullish momentum)"
    ],
    "target_price": 596.02,
    "support": 593.27,
    "resistance": 598.8
  },
  "simulation": {
    "statistics": {
      "mean": 596.02496398116,
      "std": 3.9088992285331403,
      "p05": 589.98031729219,
      "p25": 593.2710051928534,
      "p50": 596.0700170248531,
      "p75": 598.7991534563116,
      "p95": 602.2290281222589,
      "min": 582.5162445038377,
      "max": 607.0127700571229
    },
    "simulations": 1000,
    "volatility": 0.2624
  }
}