{
  "ticker": "SPY",
  "timestamp": "2026-03-04T11:31:50.520351",
  "current_price": 595.38,
  "forecast_minutes": 60,
  "technical_indicators": {
    "rsi": 79.32,
    "macd": {
      "line": 6.3126,
      "signal": 5.6814,
      "histogram": 0.6313
    },
    "bollinger_bands": {
      "upper": 589.36,
      "middle": 569.12,
      "lower": 548.88
    }
  },
  "bsm_analysis": {
    "greeks": {
      "delta": 0.5411,
      "gamma": 0.011456,
      "theta": -0.2733,
      "vega": 0.6773,
      "rho": 0.2524
    },
    "atm_call_price": 15.11,
    "atm_put_price": 12.54,
    "implied_move": 0.51
  },
  "prediction": {
    "signal": "NEUTRAL",
    "score": -1,
    "confidence": 25.0,
    "reasons": [
      "RSI indicates overbought conditions",
      "MACD histogram positive (bullish momentum)"
    ],
    "target_price": 595.31,
    "support": 593.29,
    "resistance": 597.26
  },
  "simulation": {
    "statistics": {
      "mean": 595.3077207284398,
      "std": 3.0364282530534594,
      "p05": 590.4094877654262,
      "p25": 593.2876099521536,
      "p50": 595.1949359533827,
      "p75": 597.2578441268786,
      "p95": 600.2256818510672,
      "min": 586.7021189457028,
      "max": 607.0171091720994
    },
    "simulations": 1000,
    "volatility": 0.2029
  }
}