{
  "ticker": "SPY",
  "timestamp": "2026-03-28T18:32:35.332155",
  "current_price": 592.42,
  "forecast_minutes": 60,
  "technical_indicators": {
    "rsi": 64.05,
    "macd": {
      "line": 1.264,
      "signal": 1.1376,
      "histogram": 0.1264
    },
    "bollinger_bands": {
      "upper": 600.03,
      "middle": 587.7,
      "lower": 575.38
    }
  },
  "bsm_analysis": {
    "greeks": {
      "delta": 0.5441,
      "gamma": 0.01326,
      "theta": -0.2421,
      "vega": 0.6734,
      "rho": 0.2541
    },
    "atm_call_price": 13.22,
    "atm_put_price": 10.67,
    "implied_move": 0.45
  },
  "prediction": {
    "signal": "NEUTRAL",
    "score": 1,
    "confidence": 25.0,
    "reasons": [
      "MACD histogram positive (bullish momentum)"
    ],
    "target_price": 592.37,
    "support": 590.55,
    "resistance": 594.07
  },
  "simulation": {
    "statistics": {
      "mean": 592.3684300362158,
      "std": 2.652274967578002,
      "p05": 588.1316233937604,
      "p25": 590.5537319539967,
      "p50": 592.3892516295671,
      "p75": 594.0682839323517,
      "p95": 596.9044638868405,
      "min": 584.4066579497764,
      "max": 600.2456601764196
    },
    "simulations": 1000,
    "volatility": 0.1761
  }
}