{
  "ticker": "SPY",
  "timestamp": "2026-02-23T23:48:29.754268",
  "current_price": 594.33,
  "forecast_minutes": 60,
  "technical_indicators": {
    "rsi": 63.24,
    "macd": {
      "line": -4.5104,
      "signal": -4.0594,
      "histogram": -0.451
    },
    "bollinger_bands": {
      "upper": 585.09,
      "middle": 552.94,
      "lower": 520.78
    }
  },
  "bsm_analysis": {
    "greeks": {
      "delta": 0.5385,
      "gamma": 0.00541,
      "theta": -0.5274,
      "vega": 0.6766,
      "rho": 0.238
    },
    "atm_call_price": 30.5,
    "atm_put_price": 27.94,
    "implied_move": 1.05
  },
  "prediction": {
    "signal": "NEUTRAL",
    "score": -1,
    "confidence": 25.0,
    "reasons": [
      "MACD histogram negative (bearish momentum)"
    ],
    "target_price": 594.62,
    "support": 590.44,
    "resistance": 598.68
  },
  "simulation": {
    "statistics": {
      "mean": 594.6176939645537,
      "std": 6.226407056206332,
      "p05": 584.8215271742865,
      "p25": 590.4411305464438,
      "p50": 594.3703338256094,
      "p75": 598.6819163450768,
      "p95": 605.51237355715,
      "min": 577.7783071410346,
      "max": 612.8722648972353
    },
    "simulations": 1000,
    "volatility": 0.4308
  }
}