{
  "ticker": "SPY",
  "timestamp": "2026-02-27T05:14:02.465305",
  "current_price": 596.4,
  "forecast_minutes": 60,
  "technical_indicators": {
    "rsi": 47.79,
    "macd": {
      "line": -1.9876,
      "signal": -1.7889,
      "histogram": -0.1988
    },
    "bollinger_bands": {
      "upper": 612.73,
      "middle": 593.32,
      "lower": 573.92
    }
  },
  "bsm_analysis": {
    "greeks": {
      "delta": 0.5531,
      "gamma": 0.017626,
      "theta": -0.1938,
      "vega": 0.6761,
      "rho": 0.2627
    },
    "atm_call_price": 10.27,
    "atm_put_price": 7.7,
    "implied_move": 0.31
  },
  "prediction": {
    "signal": "NEUTRAL",
    "score": -1,
    "confidence": 25.0,
    "reasons": [
      "MACD histogram negative (bearish momentum)"
    ],
    "target_price": 596.41,
    "support": 595.15,
    "resistance": 597.69
  },
  "simulation": {
    "statistics": {
      "mean": 596.4083234540092,
      "std": 1.8720357689043412,
      "p05": 593.3411860997423,
      "p25": 595.1496947624742,
      "p50": 596.5010958917047,
      "p75": 597.6882767192092,
      "p95": 599.3326567231031,
      "min": 591.0093509798876,
      "max": 602.4482741791577
    },
    "simulations": 1000,
    "volatility": 0.1312
  }
}