{
  "ticker": "SPY",
  "timestamp": "2026-03-01T22:08:44.161538",
  "current_price": 596.14,
  "forecast_minutes": 60,
  "technical_indicators": {
    "rsi": 67.77,
    "macd": {
      "line": 0.3652,
      "signal": 0.3287,
      "histogram": 0.0365
    },
    "bollinger_bands": {
      "upper": 581.83,
      "middle": 561.85,
      "lower": 541.86
    }
  },
  "bsm_analysis": {
    "greeks": {
      "delta": 0.537,
      "gamma": 0.007491,
      "theta": -0.3939,
      "vega": 0.6789,
      "rho": 0.2447
    },
    "atm_call_price": 22.41,
    "atm_put_price": 19.84,
    "implied_move": 0.76
  },
  "prediction": {
    "signal": "NEUTRAL",
    "score": 1,
    "confidence": 25.0,
    "reasons": [
      "MACD histogram positive (bullish momentum)"
    ],
    "target_price": 596.04,
    "support": 592.84,
    "resistance": 599.22
  },
  "simulation": {
    "statistics": {
      "mean": 596.037522266474,
      "std": 4.530377685586058,
      "p05": 588.7743572578188,
      "p25": 592.8429786107929,
      "p50": 596.0504347571119,
      "p75": 599.2222103280494,
      "p95": 603.6009016781751,
      "min": 582.5300883840221,
      "max": 610.8657886125272
    },
    "simulations": 1000,
    "volatility": 0.3103
  }
}