{
  "ticker": "SPY",
  "timestamp": "2026-03-08T07:55:02.847554",
  "current_price": 596.35,
  "forecast_minutes": 60,
  "technical_indicators": {
    "rsi": 54.09,
    "macd": {
      "line": -1.5167,
      "signal": -1.365,
      "histogram": -0.1517
    },
    "bollinger_bands": {
      "upper": 608.39,
      "middle": 594.9,
      "lower": 581.41
    }
  },
  "bsm_analysis": {
    "greeks": {
      "delta": 0.5514,
      "gamma": 0.016832,
      "theta": -0.2007,
      "vega": 0.6764,
      "rho": 0.2615
    },
    "atm_call_price": 10.7,
    "atm_put_price": 8.13,
    "implied_move": 0.35
  },
  "prediction": {
    "signal": "NEUTRAL",
    "score": -1,
    "confidence": 25.0,
    "reasons": [
      "MACD histogram negative (bearish momentum)"
    ],
    "target_price": 596.29,
    "support": 594.95,
    "resistance": 597.68
  },
  "simulation": {
    "statistics": {
      "mean": 596.2911531177335,
      "std": 2.0871515871436515,
      "p05": 592.792190759489,
      "p25": 594.9451491540051,
      "p50": 596.2625238363975,
      "p75": 597.6810070729908,
      "p95": 599.7468678724008,
      "min": 589.701921982487,
      "max": 603.7851862511293
    },
    "simulations": 1000,
    "volatility": 0.1375
  }
}