{
  "ticker": "SPY",
  "timestamp": "2026-03-06T11:43:06.973849",
  "current_price": 592.75,
  "forecast_minutes": 60,
  "technical_indicators": {
    "rsi": 55.44,
    "macd": {
      "line": 2.1322,
      "signal": 1.9189,
      "histogram": 0.2132
    },
    "bollinger_bands": {
      "upper": 603.0,
      "middle": 591.23,
      "lower": 579.46
    }
  },
  "bsm_analysis": {
    "greeks": {
      "delta": 0.5492,
      "gamma": 0.015898,
      "theta": -0.2095,
      "vega": 0.6728,
      "rho": 0.2583
    },
    "atm_call_price": 11.24,
    "atm_put_price": 8.69,
    "implied_move": 0.36
  },
  "prediction": {
    "signal": "NEUTRAL",
    "score": 1,
    "confidence": 25.0,
    "reasons": [
      "MACD histogram positive (bullish momentum)"
    ],
    "target_price": 592.75,
    "support": 591.35,
    "resistance": 594.1
  },
  "simulation": {
    "statistics": {
      "mean": 592.7523370060542,
      "std": 2.145257073748361,
      "p05": 589.0189366124954,
      "p25": 591.349651218582,
      "p50": 592.7862019672154,
      "p75": 594.0967229842827,
      "p95": 596.206315744895,
      "min": 586.1469016186309,
      "max": 600.7301583575799
    },
    "simulations": 1000,
    "volatility": 0.1465
  }
}