{
  "ticker": "SPY",
  "timestamp": "2026-03-16T15:41:07.926727",
  "current_price": 592.86,
  "forecast_minutes": 60,
  "technical_indicators": {
    "rsi": 68.26,
    "macd": {
      "line": -3.9152,
      "signal": -3.5236,
      "histogram": -0.3915
    },
    "bollinger_bands": {
      "upper": 580.93,
      "middle": 551.75,
      "lower": 522.57
    }
  },
  "bsm_analysis": {
    "greeks": {
      "delta": 0.5381,
      "gamma": 0.00566,
      "theta": -0.5061,
      "vega": 0.675,
      "rho": 0.2382
    },
    "atm_call_price": 29.21,
    "atm_put_price": 26.66,
    "implied_move": 1.06
  },
  "prediction": {
    "signal": "NEUTRAL",
    "score": -1,
    "confidence": 25.0,
    "reasons": [
      "MACD histogram negative (bearish momentum)"
    ],
    "target_price": 592.96,
    "support": 588.4,
    "resistance": 597.49
  },
  "simulation": {
    "statistics": {
      "mean": 592.9555060010282,
      "std": 6.3115215655013035,
      "p05": 582.6492011732654,
      "p25": 588.4044773742557,
      "p50": 592.9879900866249,
      "p75": 597.493882630207,
      "p95": 603.335504293261,
      "min": 575.743170206054,
      "max": 615.2472724788884
    },
    "simulations": 1000,
    "volatility": 0.4128
  }
}