{
  "ticker": "SPY",
  "timestamp": "2026-03-24T13:11:32.052666",
  "current_price": 593.89,
  "forecast_minutes": 60,
  "technical_indicators": {
    "rsi": 44.64,
    "macd": {
      "line": 4.6788,
      "signal": 4.2109,
      "histogram": 0.4679
    },
    "bollinger_bands": {
      "upper": 632.54,
      "middle": 609.27,
      "lower": 586.0
    }
  },
  "bsm_analysis": {
    "greeks": {
      "delta": 0.542,
      "gamma": 0.012022,
      "theta": -0.2624,
      "vega": 0.6755,
      "rho": 0.2527
    },
    "atm_call_price": 14.45,
    "atm_put_price": 11.9,
    "implied_move": 0.47
  },
  "prediction": {
    "signal": "NEUTRAL",
    "score": 1,
    "confidence": 25.0,
    "reasons": [
      "MACD histogram positive (bullish momentum)"
    ],
    "target_price": 594.05,
    "support": 592.15,
    "resistance": 595.89
  },
  "simulation": {
    "statistics": {
      "mean": 594.0525610743349,
      "std": 2.8121484916016626,
      "p05": 589.4141928606433,
      "p25": 592.1528677862207,
      "p50": 594.1150258892482,
      "p75": 595.8941920158608,
      "p95": 598.5164521561016,
      "min": 585.6858284377238,
      "max": 605.0270443599128
    },
    "simulations": 1000,
    "volatility": 0.1938
  }
}