{
  "ticker": "SPY",
  "timestamp": "2026-03-29T17:29:56.053013",
  "current_price": 594.1,
  "forecast_minutes": 60,
  "technical_indicators": {
    "rsi": 55.1,
    "macd": {
      "line": 4.7004,
      "signal": 4.2304,
      "histogram": 0.47
    },
    "bollinger_bands": {
      "upper": 601.61,
      "middle": 586.63,
      "lower": 571.64
    }
  },
  "bsm_analysis": {
    "greeks": {
      "delta": 0.5572,
      "gamma": 0.01956,
      "theta": -0.1791,
      "vega": 0.6725,
      "rho": 0.2644
    },
    "atm_call_price": 9.38,
    "atm_put_price": 6.82,
    "implied_move": 0.3
  },
  "prediction": {
    "signal": "NEUTRAL",
    "score": 1,
    "confidence": 25.0,
    "reasons": [
      "MACD histogram positive (bullish momentum)"
    ],
    "target_price": 594.22,
    "support": 593.02,
    "resistance": 595.37
  },
  "simulation": {
    "statistics": {
      "mean": 594.2191452163329,
      "std": 1.7577693844745403,
      "p05": 591.3279938207447,
      "p25": 593.0162220532117,
      "p50": 594.2275191204778,
      "p75": 595.3732820020073,
      "p95": 597.126168253179,
      "min": 588.9371176928156,
      "max": 600.3755091163656
    },
    "simulations": 1000,
    "volatility": 0.1185
  }
}