{
  "ticker": "SPY",
  "timestamp": "2026-03-17T09:36:38.926041",
  "current_price": 592.04,
  "forecast_minutes": 60,
  "technical_indicators": {
    "rsi": 58.05,
    "macd": {
      "line": 4.5718,
      "signal": 4.1146,
      "histogram": 0.4572
    },
    "bollinger_bands": {
      "upper": 615.95,
      "middle": 594.92,
      "lower": 573.9
    }
  },
  "bsm_analysis": {
    "greeks": {
      "delta": 0.5461,
      "gamma": 0.01436,
      "theta": -0.227,
      "vega": 0.6726,
      "rho": 0.2556
    },
    "atm_call_price": 12.31,
    "atm_put_price": 9.76,
    "implied_move": 0.4
  },
  "prediction": {
    "signal": "NEUTRAL",
    "score": 1,
    "confidence": 25.0,
    "reasons": [
      "MACD histogram positive (bullish momentum)"
    ],
    "target_price": 591.97,
    "support": 590.36,
    "resistance": 593.53
  },
  "simulation": {
    "statistics": {
      "mean": 591.9729750847534,
      "std": 2.363946013202472,
      "p05": 587.9869194922826,
      "p25": 590.3575507702574,
      "p50": 591.9872572530192,
      "p75": 593.5295653204358,
      "p95": 595.7888714375651,
      "min": 584.754308764004,
      "max": 601.7390713519816
    },
    "simulations": 1000,
    "volatility": 0.1626
  }
}