{
  "ticker": "SPY",
  "timestamp": "2026-03-10T01:13:22.101295",
  "current_price": 595.48,
  "forecast_minutes": 60,
  "technical_indicators": {
    "rsi": 38.18,
    "macd": {
      "line": -3.3424,
      "signal": -3.0082,
      "histogram": -0.3342
    },
    "bollinger_bands": {
      "upper": 627.88,
      "middle": 611.73,
      "lower": 595.57
    }
  },
  "bsm_analysis": {
    "greeks": {
      "delta": 0.5497,
      "gamma": 0.01605,
      "theta": -0.2082,
      "vega": 0.6758,
      "rho": 0.2599
    },
    "atm_call_price": 11.15,
    "atm_put_price": 8.59,
    "implied_move": 0.36
  },
  "prediction": {
    "signal": "NEUTRAL",
    "score": -1,
    "confidence": 25.0,
    "reasons": [
      "MACD histogram negative (bearish momentum)"
    ],
    "target_price": 595.55,
    "support": 594.07,
    "resistance": 597.1
  },
  "simulation": {
    "statistics": {
      "mean": 595.5471785012535,
      "std": 2.149091857149853,
      "p05": 592.1407296260741,
      "p25": 594.0670813184178,
      "p50": 595.4299214387587,
      "p75": 597.1013889499608,
      "p95": 599.164721678767,
      "min": 586.5750434428121,
      "max": 603.7722987214264
    },
    "simulations": 1000,
    "volatility": 0.1445
  }
}