{
  "ticker": "SPY",
  "timestamp": "2026-02-28T19:37:42.734766",
  "current_price": 594.0,
  "forecast_minutes": 60,
  "technical_indicators": {
    "rsi": 62.2,
    "macd": {
      "line": 0.3178,
      "signal": 0.286,
      "histogram": 0.0318
    },
    "bollinger_bands": {
      "upper": 584.45,
      "middle": 566.33,
      "lower": 548.2
    }
  },
  "bsm_analysis": {
    "greeks": {
      "delta": 0.537,
      "gamma": 0.006902,
      "theta": -0.4234,
      "vega": 0.6765,
      "rho": 0.2423
    },
    "atm_call_price": 24.2,
    "atm_put_price": 21.64,
    "implied_move": 0.84
  },
  "prediction": {
    "signal": "NEUTRAL",
    "score": 1,
    "confidence": 25.0,
    "reasons": [
      "MACD histogram positive (bullish momentum)"
    ],
    "target_price": 594.06,
    "support": 590.83,
    "resistance": 597.36
  },
  "simulation": {
    "statistics": {
      "mean": 594.0631783552839,
      "std": 5.010450443865261,
      "p05": 585.8807541051918,
      "p25": 590.8289152588545,
      "p50": 594.2195370846191,
      "p75": 597.3641522384735,
      "p95": 601.950106615839,
      "min": 578.6606699477634,
      "max": 609.9504901682002
    },
    "simulations": 1000,
    "volatility": 0.3379
  }
}