{
  "ticker": "SPY",
  "timestamp": "2026-03-07T22:08:37.291793",
  "current_price": 597.94,
  "forecast_minutes": 60,
  "technical_indicators": {
    "rsi": 53.3,
    "macd": {
      "line": -0.0901,
      "signal": -0.0811,
      "histogram": -0.009
    },
    "bollinger_bands": {
      "upper": 599.71,
      "middle": 590.65,
      "lower": 581.59
    }
  },
  "bsm_analysis": {
    "greeks": {
      "delta": 0.553,
      "gamma": 0.017528,
      "theta": -0.1947,
      "vega": 0.6778,
      "rho": 0.2633
    },
    "atm_call_price": 10.33,
    "atm_put_price": 7.75,
    "implied_move": 0.32
  },
  "prediction": {
    "signal": "NEUTRAL",
    "score": -1,
    "confidence": 25.0,
    "reasons": [
      "MACD histogram negative (bearish momentum)"
    ],
    "target_price": 598.02,
    "support": 596.67,
    "resistance": 599.43
  },
  "simulation": {
    "statistics": {
      "mean": 598.0203233900322,
      "std": 1.9274968159602703,
      "p05": 595.07498170779,
      "p25": 596.6749687972064,
      "p50": 597.917119472515,
      "p75": 599.4289784711035,
      "p95": 601.1822617098842,
      "min": 589.497518063761,
      "max": 604.6001491072402
    },
    "simulations": 1000,
    "volatility": 0.1316
  }
}