{
  "ticker": "SPY",
  "timestamp": "2026-02-22T17:04:53.114178",
  "current_price": 593.58,
  "forecast_minutes": 60,
  "technical_indicators": {
    "rsi": 53.13,
    "macd": {
      "line": 0.9232,
      "signal": 0.8309,
      "histogram": 0.0923
    },
    "bollinger_bands": {
      "upper": 613.96,
      "middle": 593.15,
      "lower": 572.34
    }
  },
  "bsm_analysis": {
    "greeks": {
      "delta": 0.5374,
      "gamma": 0.00836,
      "theta": -0.3575,
      "vega": 0.6759,
      "rho": 0.2456
    },
    "atm_call_price": 20.21,
    "atm_put_price": 17.66,
    "implied_move": 0.69
  },
  "prediction": {
    "signal": "NEUTRAL",
    "score": 1,
    "confidence": 25.0,
    "reasons": [
      "MACD histogram positive (bullish momentum)"
    ],
    "target_price": 593.65,
    "support": 590.66,
    "resistance": 596.43
  },
  "simulation": {
    "statistics": {
      "mean": 593.6533142761656,
      "std": 4.1024367374193975,
      "p05": 587.3534366403238,
      "p25": 590.6626900255617,
      "p50": 593.6740796735551,
      "p75": 596.4311317329662,
      "p95": 600.520418523576,
      "min": 579.6033905069932,
      "max": 606.2325162048347
    },
    "simulations": 1000,
    "volatility": 0.2792
  }
}