{
  "ticker": "SPY",
  "timestamp": "2026-02-09T23:47:42.116892",
  "current_price": 593.48,
  "forecast_minutes": 60,
  "technical_indicators": {
    "rsi": 36.31,
    "macd": {
      "line": -1.1468,
      "signal": -1.0321,
      "histogram": -0.1147
    },
    "bollinger_bands": {
      "upper": 637.89,
      "middle": 620.16,
      "lower": 602.42
    }
  },
  "bsm_analysis": {
    "greeks": {
      "delta": 0.5398,
      "gamma": 0.010621,
      "theta": -0.291,
      "vega": 0.6754,
      "rho": 0.25
    },
    "atm_call_price": 16.19,
    "atm_put_price": 13.63,
    "implied_move": 0.54
  },
  "prediction": {
    "signal": "NEUTRAL",
    "score": -1,
    "confidence": 25.0,
    "reasons": [
      "MACD histogram negative (bearish momentum)"
    ],
    "target_price": 593.49,
    "support": 591.29,
    "resistance": 595.73
  },
  "simulation": {
    "statistics": {
      "mean": 593.4902298535958,
      "std": 3.1996219380955946,
      "p05": 588.3691477229455,
      "p25": 591.2874033706071,
      "p50": 593.5479421432872,
      "p75": 595.7281780122312,
      "p95": 598.7558933790652,
      "min": 584.0911538858926,
      "max": 602.4548491449765
    },
    "simulations": 1000,
    "volatility": 0.2197
  }
}