{
  "ticker": "SPY",
  "timestamp": "2026-03-11T02:00:03.252655",
  "current_price": 596.88,
  "forecast_minutes": 60,
  "technical_indicators": {
    "rsi": 59.56,
    "macd": {
      "line": -0.3826,
      "signal": -0.3444,
      "histogram": -0.0383
    },
    "bollinger_bands": {
      "upper": 594.51,
      "middle": 583.43,
      "lower": 572.35
    }
  },
  "bsm_analysis": {
    "greeks": {
      "delta": 0.5467,
      "gamma": 0.014542,
      "theta": -0.2251,
      "vega": 0.678,
      "rho": 0.2582
    },
    "atm_call_price": 12.18,
    "atm_put_price": 9.61,
    "implied_move": 0.4
  },
  "prediction": {
    "signal": "NEUTRAL",
    "score": -1,
    "confidence": 25.0,
    "reasons": [
      "MACD histogram negative (bearish momentum)"
    ],
    "target_price": 596.93,
    "support": 595.32,
    "resistance": 598.52
  },
  "simulation": {
    "statistics": {
      "mean": 596.9348088416314,
      "std": 2.364968957823336,
      "p05": 593.1944355096765,
      "p25": 595.3228200994165,
      "p50": 596.9458024695455,
      "p75": 598.5247527578572,
      "p95": 600.9361638496674,
      "min": 588.4886112930095,
      "max": 604.9097379490647
    },
    "simulations": 1000,
    "volatility": 0.1592
  }
}