{
  "ticker": "SPY",
  "timestamp": "2026-03-08T07:43:07.457939",
  "current_price": 593.13,
  "forecast_minutes": 60,
  "technical_indicators": {
    "rsi": 54.14,
    "macd": {
      "line": 1.7907,
      "signal": 1.6116,
      "histogram": 0.1791
    },
    "bollinger_bands": {
      "upper": 600.34,
      "middle": 584.53,
      "lower": 568.73
    }
  },
  "bsm_analysis": {
    "greeks": {
      "delta": 0.5539,
      "gamma": 0.018072,
      "theta": -0.1899,
      "vega": 0.6722,
      "rho": 0.2618
    },
    "atm_call_price": 10.04,
    "atm_put_price": 7.49,
    "implied_move": 0.33
  },
  "prediction": {
    "signal": "NEUTRAL",
    "score": 1,
    "confidence": 25.0,
    "reasons": [
      "MACD histogram positive (bullish momentum)"
    ],
    "target_price": 593.14,
    "support": 591.86,
    "resistance": 594.37
  },
  "simulation": {
    "statistics": {
      "mean": 593.1412649709846,
      "std": 1.93772906416026,
      "p05": 590.0598804651223,
      "p25": 591.860769182197,
      "p50": 593.1197261477721,
      "p75": 594.3682801399661,
      "p95": 596.3992177448297,
      "min": 586.2563125912125,
      "max": 599.8402506631115
    },
    "simulations": 1000,
    "volatility": 0.1286
  }
}