{
  "ticker": "SPY",
  "timestamp": "2026-03-31T07:56:09.116187",
  "current_price": 597.18,
  "forecast_minutes": 60,
  "technical_indicators": {
    "rsi": 43.26,
    "macd": {
      "line": 10.2858,
      "signal": 9.2573,
      "histogram": 1.0286
    },
    "bollinger_bands": {
      "upper": 669.2,
      "middle": 624.52,
      "lower": 579.83
    }
  },
  "bsm_analysis": {
    "greeks": {
      "delta": 0.5371,
      "gamma": 0.00681,
      "theta": -0.4288,
      "vega": 0.6801,
      "rho": 0.2434
    },
    "atm_call_price": 24.52,
    "atm_put_price": 21.95,
    "implied_move": 0.84
  },
  "prediction": {
    "signal": "NEUTRAL",
    "score": 1,
    "confidence": 25.0,
    "reasons": [
      "MACD histogram positive (bullish momentum)"
    ],
    "target_price": 597.19,
    "support": 593.81,
    "resistance": 600.62
  },
  "simulation": {
    "statistics": {
      "mean": 597.1929953084457,
      "std": 5.028207338266056,
      "p05": 588.565090227706,
      "p25": 593.8140565982428,
      "p50": 597.1999427395576,
      "p75": 600.6206422673705,
      "p95": 605.4494109840567,
      "min": 581.1299358669893,
      "max": 613.1585816521217
    },
    "simulations": 1000,
    "volatility": 0.3407
  }
}