{
  "ticker": "SPY",
  "timestamp": "2026-03-10T03:58:25.333871",
  "current_price": 592.54,
  "forecast_minutes": 60,
  "technical_indicators": {
    "rsi": 60.68,
    "macd": {
      "line": -0.8698,
      "signal": -0.7829,
      "histogram": -0.087
    },
    "bollinger_bands": {
      "upper": 594.67,
      "middle": 584.97,
      "lower": 575.27
    }
  },
  "bsm_analysis": {
    "greeks": {
      "delta": 0.5532,
      "gamma": 0.017769,
      "theta": -0.1923,
      "vega": 0.6717,
      "rho": 0.261
    },
    "atm_call_price": 10.19,
    "atm_put_price": 7.64,
    "implied_move": 0.33
  },
  "prediction": {
    "signal": "NEUTRAL",
    "score": -1,
    "confidence": 25.0,
    "reasons": [
      "MACD histogram negative (bearish momentum)"
    ],
    "target_price": 592.6,
    "support": 591.29,
    "resistance": 593.88
  },
  "simulation": {
    "statistics": {
      "mean": 592.6043112536773,
      "std": 1.940760407172488,
      "p05": 589.469526101592,
      "p25": 591.286680382338,
      "p50": 592.6535730550929,
      "p75": 593.883710817619,
      "p95": 595.6900644586948,
      "min": 586.3103830909032,
      "max": 598.3898471913354
    },
    "simulations": 1000,
    "volatility": 0.131
  }
}