{
  "ticker": "SPY",
  "timestamp": "2026-03-04T06:01:46.474393",
  "current_price": 593.52,
  "forecast_minutes": 60,
  "technical_indicators": {
    "rsi": 60.9,
    "macd": {
      "line": 1.5813,
      "signal": 1.4232,
      "histogram": 0.1581
    },
    "bollinger_bands": {
      "upper": 588.02,
      "middle": 575.74,
      "lower": 563.46
    }
  },
  "bsm_analysis": {
    "greeks": {
      "delta": 0.5502,
      "gamma": 0.016326,
      "theta": -0.2053,
      "vega": 0.6735,
      "rho": 0.2594
    },
    "atm_call_price": 10.98,
    "atm_put_price": 8.43,
    "implied_move": 0.36
  },
  "prediction": {
    "signal": "NEUTRAL",
    "score": 1,
    "confidence": 25.0,
    "reasons": [
      "MACD histogram positive (bullish momentum)"
    ],
    "target_price": 593.45,
    "support": 591.86,
    "resistance": 594.99
  },
  "simulation": {
    "statistics": {
      "mean": 593.4482809962004,
      "std": 2.135632528991889,
      "p05": 590.022370167413,
      "p25": 591.8574054335504,
      "p50": 593.4610002369159,
      "p75": 594.9942438866233,
      "p95": 596.8083749153552,
      "min": 587.3323566517238,
      "max": 599.6420702336613
    },
    "simulations": 1000,
    "volatility": 0.1425
  }
}