{
  "ticker": "SPY",
  "timestamp": "2026-03-28T15:14:38.536720",
  "current_price": 594.6,
  "forecast_minutes": 60,
  "technical_indicators": {
    "rsi": 46.44,
    "macd": {
      "line": 5.2893,
      "signal": 4.7603,
      "histogram": 0.5289
    },
    "bollinger_bands": {
      "upper": 641.71,
      "middle": 616.41,
      "lower": 591.1
    }
  },
  "bsm_analysis": {
    "greeks": {
      "delta": 0.5376,
      "gamma": 0.008537,
      "theta": -0.3511,
      "vega": 0.677,
      "rho": 0.2464
    },
    "atm_call_price": 19.82,
    "atm_put_price": 17.26,
    "implied_move": 0.67
  },
  "prediction": {
    "signal": "NEUTRAL",
    "score": 1,
    "confidence": 25.0,
    "reasons": [
      "MACD histogram positive (bullish momentum)"
    ],
    "target_price": 594.64,
    "support": 591.84,
    "resistance": 597.37
  },
  "simulation": {
    "statistics": {
      "mean": 594.6384884044788,
      "std": 4.009243336900902,
      "p05": 588.2383140166803,
      "p25": 591.8370673930023,
      "p50": 594.5065775086568,
      "p75": 597.3699587459721,
      "p95": 601.1523298204326,
      "min": 583.5899184203237,
      "max": 607.9086482607697
    },
    "simulations": 1000,
    "volatility": 0.2729
  }
}