{
  "ticker": "SPY",
  "timestamp": "2026-02-14T11:37:20.840087",
  "current_price": 597.29,
  "forecast_minutes": 60,
  "technical_indicators": {
    "rsi": 56.5,
    "macd": {
      "line": 6.2366,
      "signal": 5.6129,
      "histogram": 0.6237
    },
    "bollinger_bands": {
      "upper": 619.31,
      "middle": 597.55,
      "lower": 575.8
    }
  },
  "bsm_analysis": {
    "greeks": {
      "delta": 0.5481,
      "gamma": 0.015204,
      "theta": -0.2173,
      "vega": 0.6782,
      "rho": 0.2594
    },
    "atm_call_price": 11.71,
    "atm_put_price": 9.13,
    "implied_move": 0.37
  },
  "prediction": {
    "signal": "NEUTRAL",
    "score": 1,
    "confidence": 25.0,
    "reasons": [
      "MACD histogram positive (bullish momentum)"
    ],
    "target_price": 597.34,
    "support": 595.87,
    "resistance": 598.8
  },
  "simulation": {
    "statistics": {
      "mean": 597.3358044986369,
      "std": 2.238661399168869,
      "p05": 593.629060829269,
      "p25": 595.8692601374624,
      "p50": 597.3850318582222,
      "p75": 598.8042455663765,
      "p95": 601.1284692262744,
      "min": 590.1915740650094,
      "max": 604.3229274056155
    },
    "simulations": 1000,
    "volatility": 0.1521
  }
}