{
  "ticker": "SPY",
  "timestamp": "2026-03-22T18:31:04.570723",
  "current_price": 594.2,
  "forecast_minutes": 60,
  "technical_indicators": {
    "rsi": 56.47,
    "macd": {
      "line": 6.7543,
      "signal": 6.0788,
      "histogram": 0.6754
    },
    "bollinger_bands": {
      "upper": 625.26,
      "middle": 597.88,
      "lower": 570.5
    }
  },
  "bsm_analysis": {
    "greeks": {
      "delta": 0.5397,
      "gamma": 0.010505,
      "theta": -0.2938,
      "vega": 0.6762,
      "rho": 0.2501
    },
    "atm_call_price": 16.35,
    "atm_put_price": 13.8,
    "implied_move": 0.56
  },
  "prediction": {
    "signal": "NEUTRAL",
    "score": 1,
    "confidence": 25.0,
    "reasons": [
      "MACD histogram positive (bullish momentum)"
    ],
    "target_price": 594.13,
    "support": 591.89,
    "resistance": 596.4
  },
  "simulation": {
    "statistics": {
      "mean": 594.1310741873808,
      "std": 3.320197147118837,
      "p05": 588.6920907417863,
      "p25": 591.8892773344097,
      "p50": 594.0858812790943,
      "p75": 596.4011227665268,
      "p95": 599.5290319086708,
      "min": 582.4651236348398,
      "max": 605.2493248987097
    },
    "simulations": 1000,
    "volatility": 0.2218
  }
}