{
  "ticker": "SPY",
  "timestamp": "2026-02-19T08:57:55.446727",
  "current_price": 595.8,
  "forecast_minutes": 60,
  "technical_indicators": {
    "rsi": 48.65,
    "macd": {
      "line": 3.0857,
      "signal": 2.7771,
      "histogram": 0.3086
    },
    "bollinger_bands": {
      "upper": 613.71,
      "middle": 594.5,
      "lower": 575.29
    }
  },
  "bsm_analysis": {
    "greeks": {
      "delta": 0.54,
      "gamma": 0.010703,
      "theta": -0.2893,
      "vega": 0.678,
      "rho": 0.2512
    },
    "atm_call_price": 16.08,
    "atm_put_price": 13.51,
    "implied_move": 0.53
  },
  "prediction": {
    "signal": "NEUTRAL",
    "score": 1,
    "confidence": 25.0,
    "reasons": [
      "MACD histogram positive (bullish momentum)"
    ],
    "target_price": 595.81,
    "support": 593.73,
    "resistance": 597.92
  },
  "simulation": {
    "statistics": {
      "mean": 595.8140511972929,
      "std": 3.1740182997906388,
      "p05": 590.8222297613714,
      "p25": 593.7284142857852,
      "p50": 595.7897194464005,
      "p75": 597.9243097213543,
      "p95": 601.1994591765722,
      "min": 586.4361838500224,
      "max": 607.167998229958
    },
    "simulations": 1000,
    "volatility": 0.2171
  }
}