{
  "ticker": "SPY",
  "timestamp": "2026-03-12T11:16:45.261873",
  "current_price": 592.52,
  "forecast_minutes": 60,
  "technical_indicators": {
    "rsi": 70.64,
    "macd": {
      "line": 4.9292,
      "signal": 4.4363,
      "histogram": 0.4929
    },
    "bollinger_bands": {
      "upper": 589.8,
      "middle": 578.06,
      "lower": 566.31
    }
  },
  "bsm_analysis": {
    "greeks": {
      "delta": 0.5483,
      "gamma": 0.015466,
      "theta": -0.2141,
      "vega": 0.6727,
      "rho": 0.2576
    },
    "atm_call_price": 11.52,
    "atm_put_price": 8.97,
    "implied_move": 0.38
  },
  "prediction": {
    "signal": "NEUTRAL",
    "score": -1,
    "confidence": 25.0,
    "reasons": [
      "RSI indicates overbought conditions",
      "MACD histogram positive (bullish momentum)"
    ],
    "target_price": 592.54,
    "support": 591.01,
    "resistance": 594.04
  },
  "simulation": {
    "statistics": {
      "mean": 592.5374649446337,
      "std": 2.271673991717413,
      "p05": 588.7390293957841,
      "p25": 591.0053627966076,
      "p50": 592.6189570740538,
      "p75": 594.0431580260797,
      "p95": 596.2738919543566,
      "min": 585.4553767131925,
      "max": 599.6016547515809
    },
    "simulations": 1000,
    "volatility": 0.1507
  }
}