{
  "ticker": "SPY",
  "timestamp": "2026-03-16T22:14:57.392082",
  "current_price": 592.22,
  "forecast_minutes": 60,
  "technical_indicators": {
    "rsi": 61.79,
    "macd": {
      "line": 1.505,
      "signal": 1.3545,
      "histogram": 0.1505
    },
    "bollinger_bands": {
      "upper": 588.08,
      "middle": 576.74,
      "lower": 565.4
    }
  },
  "bsm_analysis": {
    "greeks": {
      "delta": 0.541,
      "gamma": 0.01143,
      "theta": -0.2735,
      "vega": 0.6738,
      "rho": 0.2509
    },
    "atm_call_price": 15.13,
    "atm_put_price": 12.58,
    "implied_move": 0.5
  },
  "prediction": {
    "signal": "NEUTRAL",
    "score": 1,
    "confidence": 25.0,
    "reasons": [
      "MACD histogram positive (bullish momentum)"
    ],
    "target_price": 592.18,
    "support": 590.2,
    "resistance": 594.22
  },
  "simulation": {
    "statistics": {
      "mean": 592.1759640978565,
      "std": 2.9672254302646004,
      "p05": 587.2733201574157,
      "p25": 590.200442913446,
      "p50": 592.1735785233896,
      "p75": 594.2165622701473,
      "p95": 597.1800905667387,
      "min": 582.7780555516258,
      "max": 603.6254569084881
    },
    "simulations": 1000,
    "volatility": 0.2045
  }
}