{
  "ticker": "SPY",
  "timestamp": "2026-03-18T18:08:28.683953",
  "current_price": 597.56,
  "forecast_minutes": 60,
  "technical_indicators": {
    "rsi": 62.76,
    "macd": {
      "line": 3.1235,
      "signal": 2.8112,
      "histogram": 0.3124
    },
    "bollinger_bands": {
      "upper": 581.28,
      "middle": 559.66,
      "lower": 538.05
    }
  },
  "bsm_analysis": {
    "greeks": {
      "delta": 0.5374,
      "gamma": 0.008307,
      "theta": -0.3598,
      "vega": 0.6804,
      "rho": 0.2472
    },
    "atm_call_price": 20.34,
    "atm_put_price": 17.77,
    "implied_move": 0.7
  },
  "prediction": {
    "signal": "NEUTRAL",
    "score": 1,
    "confidence": 25.0,
    "reasons": [
      "MACD histogram positive (bullish momentum)"
    ],
    "target_price": 597.53,
    "support": 594.78,
    "resistance": 600.25
  },
  "simulation": {
    "statistics": {
      "mean": 597.5276804269599,
      "std": 4.192211064587495,
      "p05": 590.4595235759487,
      "p25": 594.7830319306124,
      "p50": 597.5891879864305,
      "p75": 600.2451474064758,
      "p95": 604.3145918284,
      "min": 584.2924883333759,
      "max": 614.6864267542476
    },
    "simulations": 1000,
    "volatility": 0.2791
  }
}