{
  "ticker": "SPY",
  "timestamp": "2026-04-10T11:34:49.772272",
  "current_price": 597.37,
  "forecast_minutes": 60,
  "technical_indicators": {
    "rsi": 55.98,
    "macd": {
      "line": -0.9874,
      "signal": -0.8887,
      "histogram": -0.0987
    },
    "bollinger_bands": {
      "upper": 605.64,
      "middle": 584.3,
      "lower": 562.97
    }
  },
  "bsm_analysis": {
    "greeks": {
      "delta": 0.5371,
      "gamma": 0.007606,
      "theta": -0.3887,
      "vega": 0.6803,
      "rho": 0.2455
    },
    "atm_call_price": 22.09,
    "atm_put_price": 19.52,
    "implied_move": 0.75
  },
  "prediction": {
    "signal": "NEUTRAL",
    "score": -1,
    "confidence": 25.0,
    "reasons": [
      "MACD histogram negative (bearish momentum)"
    ],
    "target_price": 597.33,
    "support": 594.26,
    "resistance": 600.47
  },
  "simulation": {
    "statistics": {
      "mean": 597.329439416985,
      "std": 4.507094554974241,
      "p05": 590.0661546142995,
      "p25": 594.2638600703393,
      "p50": 597.2155814612282,
      "p75": 600.4666950180741,
      "p95": 604.8883167585315,
      "min": 582.517075596446,
      "max": 611.6267303534904
    },
    "simulations": 1000,
    "volatility": 0.3049
  }
}