{
  "ticker": "SPY",
  "timestamp": "2026-03-08T17:41:34.568708",
  "current_price": 596.81,
  "forecast_minutes": 60,
  "technical_indicators": {
    "rsi": 45.21,
    "macd": {
      "line": -6.9405,
      "signal": -6.2464,
      "histogram": -0.694
    },
    "bollinger_bands": {
      "upper": 612.65,
      "middle": 588.23,
      "lower": 563.81
    }
  },
  "bsm_analysis": {
    "greeks": {
      "delta": 0.539,
      "gamma": 0.009961,
      "theta": -0.3075,
      "vega": 0.6793,
      "rho": 0.2503
    },
    "atm_call_price": 17.18,
    "atm_put_price": 14.61,
    "implied_move": 0.58
  },
  "prediction": {
    "signal": "NEUTRAL",
    "score": -1,
    "confidence": 25.0,
    "reasons": [
      "MACD histogram negative (bearish momentum)"
    ],
    "target_price": 596.91,
    "support": 594.7,
    "resistance": 599.22
  },
  "simulation": {
    "statistics": {
      "mean": 596.910409421772,
      "std": 3.483786939107816,
      "p05": 591.492899302423,
      "p25": 594.6961537723895,
      "p50": 596.7818024642393,
      "p75": 599.2158823569926,
      "p95": 602.7443807961373,
      "min": 585.3502007609219,
      "max": 606.3777946898572
    },
    "simulations": 1000,
    "volatility": 0.2329
  }
}