{
  "ticker": "SPY",
  "timestamp": "2026-03-21T12:32:59.205843",
  "current_price": 597.46,
  "forecast_minutes": 60,
  "technical_indicators": {
    "rsi": 56.62,
    "macd": {
      "line": 8.8159,
      "signal": 7.9343,
      "histogram": 0.8816
    },
    "bollinger_bands": {
      "upper": 620.01,
      "middle": 593.13,
      "lower": 566.24
    }
  },
  "bsm_analysis": {
    "greeks": {
      "delta": 0.5403,
      "gamma": 0.010876,
      "theta": -0.2856,
      "vega": 0.6798,
      "rho": 0.2523
    },
    "atm_call_price": 15.85,
    "atm_put_price": 13.28,
    "implied_move": 0.51
  },
  "prediction": {
    "signal": "NEUTRAL",
    "score": 1,
    "confidence": 25.0,
    "reasons": [
      "MACD histogram positive (bullish momentum)"
    ],
    "target_price": 597.47,
    "support": 595.5,
    "resistance": 599.48
  },
  "simulation": {
    "statistics": {
      "mean": 597.4662383402613,
      "std": 3.0763867873828574,
      "p05": 592.5246192726453,
      "p25": 595.4974792772979,
      "p50": 597.4278686874776,
      "p75": 599.4778329711302,
      "p95": 602.825329981345,
      "min": 585.8079545222357,
      "max": 607.7659969808292
    },
    "simulations": 1000,
    "volatility": 0.2131
  }
}