{
  "ticker": "SPY",
  "timestamp": "2026-03-15T14:14:29.011109",
  "current_price": 592.13,
  "forecast_minutes": 60,
  "technical_indicators": {
    "rsi": 47.84,
    "macd": {
      "line": -1.2391,
      "signal": -1.1152,
      "histogram": -0.1239
    },
    "bollinger_bands": {
      "upper": 612.34,
      "middle": 599.53,
      "lower": 586.71
    }
  },
  "bsm_analysis": {
    "greeks": {
      "delta": 0.5413,
      "gamma": 0.01161,
      "theta": -0.27,
      "vega": 0.6736,
      "rho": 0.2512
    },
    "atm_call_price": 14.92,
    "atm_put_price": 12.37,
    "implied_move": 0.51
  },
  "prediction": {
    "signal": "NEUTRAL",
    "score": -1,
    "confidence": 25.0,
    "reasons": [
      "MACD histogram negative (bearish momentum)"
    ],
    "target_price": 592.13,
    "support": 590.06,
    "resistance": 594.09
  },
  "simulation": {
    "statistics": {
      "mean": 592.1343909652339,
      "std": 2.996447170905213,
      "p05": 587.3337717504858,
      "p25": 590.0605653671205,
      "p50": 592.0220917313897,
      "p75": 594.0885810778593,
      "p95": 597.1654471105171,
      "min": 582.4471933563834,
      "max": 602.065717646144
    },
    "simulations": 1000,
    "volatility": 0.2013
  }
}