{
  "ticker": "SPY",
  "timestamp": "2026-02-25T05:11:09.307757",
  "current_price": 595.29,
  "forecast_minutes": 60,
  "technical_indicators": {
    "rsi": 67.95,
    "macd": {
      "line": 1.1898,
      "signal": 1.0708,
      "histogram": 0.119
    },
    "bollinger_bands": {
      "upper": 599.5,
      "middle": 582.84,
      "lower": 566.19
    }
  },
  "bsm_analysis": {
    "greeks": {
      "delta": 0.5544,
      "gamma": 0.018243,
      "theta": -0.1887,
      "vega": 0.6745,
      "rho": 0.2631
    },
    "atm_call_price": 9.97,
    "atm_put_price": 7.4,
    "implied_move": 0.32
  },
  "prediction": {
    "signal": "NEUTRAL",
    "score": 1,
    "confidence": 25.0,
    "reasons": [
      "MACD histogram positive (bullish momentum)"
    ],
    "target_price": 595.3,
    "support": 594.12,
    "resistance": 596.59
  },
  "simulation": {
    "statistics": {
      "mean": 595.3005585829455,
      "std": 1.8947098383224485,
      "p05": 592.1373672218925,
      "p25": 594.1243599247829,
      "p50": 595.2241784365442,
      "p75": 596.5919440095735,
      "p95": 598.3531984063734,
      "min": 589.3554455730018,
      "max": 601.9160172133087
    },
    "simulations": 1000,
    "volatility": 0.1269
  }
}