{
  "ticker": "SPY",
  "timestamp": "2026-03-15T07:25:42.985581",
  "current_price": 594.56,
  "forecast_minutes": 60,
  "technical_indicators": {
    "rsi": 74.35,
    "macd": {
      "line": 5.4552,
      "signal": 4.9097,
      "histogram": 0.5455
    },
    "bollinger_bands": {
      "upper": 585.05,
      "middle": 559.94,
      "lower": 534.82
    }
  },
  "bsm_analysis": {
    "greeks": {
      "delta": 0.5385,
      "gamma": 0.009546,
      "theta": -0.3188,
      "vega": 0.6768,
      "rho": 0.2485
    },
    "atm_call_price": 17.87,
    "atm_put_price": 15.31,
    "implied_move": 0.6
  },
  "prediction": {
    "signal": "NEUTRAL",
    "score": -1,
    "confidence": 25.0,
    "reasons": [
      "RSI indicates overbought conditions",
      "MACD histogram positive (bullish momentum)"
    ],
    "target_price": 594.76,
    "support": 592.37,
    "resistance": 597.16
  },
  "simulation": {
    "statistics": {
      "mean": 594.7614844603775,
      "std": 3.5841867644727974,
      "p05": 588.9101129129677,
      "p25": 592.3668559667941,
      "p50": 594.8088486728657,
      "p75": 597.1600673066112,
      "p95": 600.5364516172208,
      "min": 582.9164547765337,
      "max": 606.4015140478755
    },
    "simulations": 1000,
    "volatility": 0.244
  }
}