{
  "ticker": "SPY",
  "timestamp": "2026-03-28T11:27:18.678221",
  "current_price": 592.37,
  "forecast_minutes": 60,
  "technical_indicators": {
    "rsi": 55.63,
    "macd": {
      "line": -4.5676,
      "signal": -4.1108,
      "histogram": -0.4568
    },
    "bollinger_bands": {
      "upper": 591.62,
      "middle": 563.08,
      "lower": 534.53
    }
  },
  "bsm_analysis": {
    "greeks": {
      "delta": 0.5372,
      "gamma": 0.006505,
      "theta": -0.4463,
      "vega": 0.6746,
      "rho": 0.2405
    },
    "atm_call_price": 25.59,
    "atm_put_price": 23.04,
    "implied_move": 0.88
  },
  "prediction": {
    "signal": "NEUTRAL",
    "score": -1,
    "confidence": 25.0,
    "reasons": [
      "MACD histogram negative (bearish momentum)"
    ],
    "target_price": 592.6,
    "support": 589.04,
    "resistance": 596.07
  },
  "simulation": {
    "statistics": {
      "mean": 592.599240500238,
      "std": 5.230372983654829,
      "p05": 583.9599476241389,
      "p25": 589.0363423206354,
      "p50": 592.7173434821432,
      "p75": 596.0731693615044,
      "p95": 601.2636988175792,
      "min": 577.7203192787538,
      "max": 609.6980269221725
    },
    "simulations": 1000,
    "volatility": 0.3595
  }
}