{
  "ticker": "SPY",
  "timestamp": "2026-03-24T09:06:41.209612",
  "current_price": 595.58,
  "forecast_minutes": 60,
  "technical_indicators": {
    "rsi": 58.9,
    "macd": {
      "line": -2.3501,
      "signal": -2.1151,
      "histogram": -0.235
    },
    "bollinger_bands": {
      "upper": 592.99,
      "middle": 573.66,
      "lower": 554.33
    }
  },
  "bsm_analysis": {
    "greeks": {
      "delta": 0.537,
      "gamma": 0.006904,
      "theta": -0.4235,
      "vega": 0.6783,
      "rho": 0.243
    },
    "atm_call_price": 24.2,
    "atm_put_price": 21.64,
    "implied_move": 0.84
  },
  "prediction": {
    "signal": "NEUTRAL",
    "score": -1,
    "confidence": 25.0,
    "reasons": [
      "MACD histogram negative (bearish momentum)"
    ],
    "target_price": 595.48,
    "support": 592.09,
    "resistance": 598.9
  },
  "simulation": {
    "statistics": {
      "mean": 595.4811916419894,
      "std": 5.023843999678669,
      "p05": 587.2733291439897,
      "p25": 592.088178519496,
      "p50": 595.4479765963165,
      "p75": 598.9009749349613,
      "p95": 603.7317842114169,
      "min": 579.9245273738973,
      "max": 611.1586929067781
    },
    "simulations": 1000,
    "volatility": 0.337
  }
}