{
  "ticker": "SPY",
  "timestamp": "2026-03-29T23:48:45.572440",
  "current_price": 593.95,
  "forecast_minutes": 60,
  "technical_indicators": {
    "rsi": 53.48,
    "macd": {
      "line": -7.4429,
      "signal": -6.6986,
      "histogram": -0.7443
    },
    "bollinger_bands": {
      "upper": 607.73,
      "middle": 575.63,
      "lower": 543.53
    }
  },
  "bsm_analysis": {
    "greeks": {
      "delta": 0.5389,
      "gamma": 0.005211,
      "theta": -0.5457,
      "vega": 0.6761,
      "rho": 0.2371
    },
    "atm_call_price": 31.61,
    "atm_put_price": 29.05,
    "implied_move": 1.09
  },
  "prediction": {
    "signal": "NEUTRAL",
    "score": -1,
    "confidence": 25.0,
    "reasons": [
      "MACD histogram negative (bearish momentum)"
    ],
    "target_price": 593.58,
    "support": 589.12,
    "resistance": 598.3
  },
  "simulation": {
    "statistics": {
      "mean": 593.5817124687184,
      "std": 6.479579363450235,
      "p05": 583.610993443175,
      "p25": 589.1247772575905,
      "p50": 593.4341886523225,
      "p75": 598.2994299696487,
      "p95": 604.3109105163414,
      "min": 573.9111985961478,
      "max": 618.5728374103062
    },
    "simulations": 1000,
    "volatility": 0.4475
  }
}