{
  "ticker": "SPY",
  "timestamp": "2026-02-12T22:45:17.838687",
  "current_price": 595.64,
  "forecast_minutes": 60,
  "technical_indicators": {
    "rsi": 67.39,
    "macd": {
      "line": 3.9044,
      "signal": 3.514,
      "histogram": 0.3904
    },
    "bollinger_bands": {
      "upper": 604.35,
      "middle": 584.79,
      "lower": 565.23
    }
  },
  "bsm_analysis": {
    "greeks": {
      "delta": 0.5471,
      "gamma": 0.014791,
      "theta": -0.222,
      "vega": 0.6765,
      "rho": 0.258
    },
    "atm_call_price": 11.99,
    "atm_put_price": 9.43,
    "implied_move": 0.38
  },
  "prediction": {
    "signal": "NEUTRAL",
    "score": 1,
    "confidence": 25.0,
    "reasons": [
      "MACD histogram positive (bullish momentum)"
    ],
    "target_price": 595.67,
    "support": 594.02,
    "resistance": 597.3
  },
  "simulation": {
    "statistics": {
      "mean": 595.6689995674295,
      "std": 2.2794962960847607,
      "p05": 591.9202522687847,
      "p25": 594.0226764520025,
      "p50": 595.7321011848522,
      "p75": 597.3033969717508,
      "p95": 599.2443896690577,
      "min": 588.8457100503355,
      "max": 603.5571484928505
    },
    "simulations": 1000,
    "volatility": 0.1568
  }
}