{
  "ticker": "SPY",
  "timestamp": "2026-03-06T17:52:37.900092",
  "current_price": 594.58,
  "forecast_minutes": 60,
  "technical_indicators": {
    "rsi": 58.59,
    "macd": {
      "line": -6.7384,
      "signal": -6.0645,
      "histogram": -0.6738
    },
    "bollinger_bands": {
      "upper": 590.66,
      "middle": 553.59,
      "lower": 516.53
    }
  },
  "bsm_analysis": {
    "greeks": {
      "delta": 0.5407,
      "gamma": 0.00461,
      "theta": -0.6105,
      "vega": 0.6765,
      "rho": 0.235
    },
    "atm_call_price": 35.53,
    "atm_put_price": 32.97,
    "implied_move": 1.25
  },
  "prediction": {
    "signal": "NEUTRAL",
    "score": -1,
    "confidence": 25.0,
    "reasons": [
      "MACD histogram negative (bearish momentum)"
    ],
    "target_price": 594.69,
    "support": 589.54,
    "resistance": 599.7
  },
  "simulation": {
    "statistics": {
      "mean": 594.6935835122094,
      "std": 7.405421573546059,
      "p05": 582.6340641739104,
      "p25": 589.5410568894521,
      "p50": 594.7066417563688,
      "p75": 599.7027987920562,
      "p95": 607.1592894883208,
      "min": 570.1686024087846,
      "max": 616.1293460405833
    },
    "simulations": 1000,
    "volatility": 0.505
  }
}