{
  "ticker": "SPY",
  "timestamp": "2026-04-06T23:07:02.292235",
  "current_price": 596.76,
  "forecast_minutes": 60,
  "technical_indicators": {
    "rsi": 43.55,
    "macd": {
      "line": 0.0194,
      "signal": 0.0175,
      "histogram": 0.0019
    },
    "bollinger_bands": {
      "upper": 608.43,
      "middle": 598.73,
      "lower": 589.03
    }
  },
  "bsm_analysis": {
    "greeks": {
      "delta": 0.5478,
      "gamma": 0.015103,
      "theta": -0.2184,
      "vega": 0.6776,
      "rho": 0.259
    },
    "atm_call_price": 11.77,
    "atm_put_price": 9.2,
    "implied_move": 0.38
  },
  "prediction": {
    "signal": "NEUTRAL",
    "score": 1,
    "confidence": 25.0,
    "reasons": [
      "MACD histogram positive (bullish momentum)"
    ],
    "target_price": 596.9,
    "support": 595.5,
    "resistance": 598.51
  },
  "simulation": {
    "statistics": {
      "mean": 596.896758471069,
      "std": 2.294743921222091,
      "p05": 592.9695634322595,
      "p25": 595.5035468844114,
      "p50": 596.8953496175941,
      "p75": 598.5098408991128,
      "p95": 600.6315848685356,
      "min": 589.7244050543183,
      "max": 603.2455271195931
    },
    "simulations": 1000,
    "volatility": 0.1533
  }
}