{
  "ticker": "SPY",
  "timestamp": "2026-03-05T16:05:00.376997",
  "current_price": 596.34,
  "forecast_minutes": 60,
  "technical_indicators": {
    "rsi": 67.43,
    "macd": {
      "line": 14.4599,
      "signal": 13.0139,
      "histogram": 1.446
    },
    "bollinger_bands": {
      "upper": 630.74,
      "middle": 582.51,
      "lower": 534.28
    }
  },
  "bsm_analysis": {
    "greeks": {
      "delta": 0.538,
      "gamma": 0.009079,
      "theta": -0.333,
      "vega": 0.679,
      "rho": 0.2483
    },
    "atm_call_price": 18.72,
    "atm_put_price": 16.16,
    "implied_move": 0.65
  },
  "prediction": {
    "signal": "NEUTRAL",
    "score": 1,
    "confidence": 25.0,
    "reasons": [
      "MACD histogram positive (bullish momentum)"
    ],
    "target_price": 596.25,
    "support": 593.73,
    "resistance": 598.81
  },
  "simulation": {
    "statistics": {
      "mean": 596.2545243278252,
      "std": 3.8914719595229963,
      "p05": 589.8657736731892,
      "p25": 593.7331922869355,
      "p50": 596.1819535339391,
      "p75": 598.8088963005141,
      "p95": 602.4191430086648,
      "min": 584.2206890577137,
      "max": 610.9900677834132
    },
    "simulations": 1000,
    "volatility": 0.2558
  }
}