{
  "ticker": "SPY",
  "timestamp": "2026-02-16T13:40:35.182130",
  "current_price": 595.25,
  "forecast_minutes": 60,
  "technical_indicators": {
    "rsi": 30.9,
    "macd": {
      "line": -0.3433,
      "signal": -0.3089,
      "histogram": -0.0343
    },
    "bollinger_bands": {
      "upper": 640.04,
      "middle": 621.83,
      "lower": 603.61
    }
  },
  "bsm_analysis": {
    "greeks": {
      "delta": 0.5383,
      "gamma": 0.009334,
      "theta": -0.325,
      "vega": 0.6777,
      "rho": 0.2484
    },
    "atm_call_price": 18.25,
    "atm_put_price": 15.68,
    "implied_move": 0.62
  },
  "prediction": {
    "signal": "NEUTRAL",
    "score": -1,
    "confidence": 25.0,
    "reasons": [
      "MACD histogram negative (bearish momentum)"
    ],
    "target_price": 595.32,
    "support": 592.87,
    "resistance": 597.72
  },
  "simulation": {
    "statistics": {
      "mean": 595.322804952232,
      "std": 3.6858118064376972,
      "p05": 589.0841749517566,
      "p25": 592.866935563087,
      "p50": 595.3280398915385,
      "p75": 597.7228644556749,
      "p95": 601.2117886934302,
      "min": 582.5656553910635,
      "max": 609.5757184803471
    },
    "simulations": 1000,
    "volatility": 0.2493
  }
}