{
  "ticker": "SPY",
  "timestamp": "2026-04-09T19:52:17.067362",
  "current_price": 595.17,
  "forecast_minutes": 60,
  "technical_indicators": {
    "rsi": 64.38,
    "macd": {
      "line": 5.6677,
      "signal": 5.1009,
      "histogram": 0.5668
    },
    "bollinger_bands": {
      "upper": 606.15,
      "middle": 584.24,
      "lower": 562.33
    }
  },
  "bsm_analysis": {
    "greeks": {
      "delta": 0.5417,
      "gamma": 0.011807,
      "theta": -0.2665,
      "vega": 0.677,
      "rho": 0.2529
    },
    "atm_call_price": 14.7,
    "atm_put_price": 12.13,
    "implied_move": 0.48
  },
  "prediction": {
    "signal": "NEUTRAL",
    "score": 1,
    "confidence": 25.0,
    "reasons": [
      "MACD histogram positive (bullish momentum)"
    ],
    "target_price": 595.14,
    "support": 593.15,
    "resistance": 597.05
  },
  "simulation": {
    "statistics": {
      "mean": 595.1442876480785,
      "std": 2.874991129416103,
      "p05": 590.4172750407306,
      "p25": 593.1505557018047,
      "p50": 595.1577019407368,
      "p75": 597.0481126931434,
      "p95": 599.8513688399167,
      "min": 586.2506563785773,
      "max": 604.4662834688559
    },
    "simulations": 1000,
    "volatility": 0.1969
  }
}