{
  "ticker": "SPY",
  "timestamp": "2026-03-28T07:58:25.293865",
  "current_price": 596.78,
  "forecast_minutes": 60,
  "technical_indicators": {
    "rsi": 62.61,
    "macd": {
      "line": 3.6939,
      "signal": 3.3245,
      "histogram": 0.3694
    },
    "bollinger_bands": {
      "upper": 607.15,
      "middle": 582.48,
      "lower": 557.82
    }
  },
  "bsm_analysis": {
    "greeks": {
      "delta": 0.544,
      "gamma": 0.013105,
      "theta": -0.2447,
      "vega": 0.6784,
      "rho": 0.2558
    },
    "atm_call_price": 13.37,
    "atm_put_price": 10.8,
    "implied_move": 0.43
  },
  "prediction": {
    "signal": "NEUTRAL",
    "score": 1,
    "confidence": 25.0,
    "reasons": [
      "MACD histogram positive (bullish momentum)"
    ],
    "target_price": 596.84,
    "support": 595.1,
    "resistance": 598.53
  },
  "simulation": {
    "statistics": {
      "mean": 596.835716083036,
      "std": 2.5914080663370096,
      "p05": 592.6557164454111,
      "p25": 595.1014830889688,
      "p50": 596.8919950710875,
      "p75": 598.5349702482416,
      "p95": 600.8855258002956,
      "min": 587.7305860260193,
      "max": 608.8729357507206
    },
    "simulations": 1000,
    "volatility": 0.1769
  }
}