{
  "ticker": "SPY",
  "timestamp": "2026-02-20T14:06:41.896141",
  "current_price": 595.25,
  "forecast_minutes": 60,
  "technical_indicators": {
    "rsi": 76.0,
    "macd": {
      "line": 2.3211,
      "signal": 2.089,
      "histogram": 0.2321
    },
    "bollinger_bands": {
      "upper": 582.64,
      "middle": 566.22,
      "lower": 549.81
    }
  },
  "bsm_analysis": {
    "greeks": {
      "delta": 0.542,
      "gamma": 0.011976,
      "theta": -0.2634,
      "vega": 0.677,
      "rho": 0.2532
    },
    "atm_call_price": 14.51,
    "atm_put_price": 11.94,
    "implied_move": 0.47
  },
  "prediction": {
    "signal": "NEUTRAL",
    "score": -1,
    "confidence": 25.0,
    "reasons": [
      "RSI indicates overbought conditions",
      "MACD histogram positive (bullish momentum)"
    ],
    "target_price": 595.21,
    "support": 593.29,
    "resistance": 597.15
  },
  "simulation": {
    "statistics": {
      "mean": 595.2093242226156,
      "std": 2.7771128547145096,
      "p05": 590.7638498828086,
      "p25": 593.2870414843536,
      "p50": 595.0830813802231,
      "p75": 597.1461727870399,
      "p95": 599.7232638848506,
      "min": 588.0430629271355,
      "max": 603.3369659102237
    },
    "simulations": 1000,
    "volatility": 0.1941
  }
}