{
  "ticker": "SPY",
  "timestamp": "2026-04-04T15:36:41.391488",
  "current_price": 597.41,
  "forecast_minutes": 60,
  "technical_indicators": {
    "rsi": 66.48,
    "macd": {
      "line": 0.1399,
      "signal": 0.1259,
      "histogram": 0.014
    },
    "bollinger_bands": {
      "upper": 589.44,
      "middle": 568.2,
      "lower": 546.95
    }
  },
  "bsm_analysis": {
    "greeks": {
      "delta": 0.537,
      "gamma": 0.007389,
      "theta": -0.3988,
      "vega": 0.6803,
      "rho": 0.245
    },
    "atm_call_price": 22.71,
    "atm_put_price": 20.13,
    "implied_move": 0.77
  },
  "prediction": {
    "signal": "NEUTRAL",
    "score": 1,
    "confidence": 25.0,
    "reasons": [
      "MACD histogram positive (bullish momentum)"
    ],
    "target_price": 597.44,
    "support": 594.49,
    "resistance": 600.7
  },
  "simulation": {
    "statistics": {
      "mean": 597.4397127051235,
      "std": 4.588407875179772,
      "p05": 589.8220162743951,
      "p25": 594.4925039737922,
      "p50": 597.4874801191095,
      "p75": 600.7012858284297,
      "p95": 604.7118316036582,
      "min": 581.5181315370204,
      "max": 612.6651323278364
    },
    "simulations": 1000,
    "volatility": 0.3139
  }
}