{
  "ticker": "SPY",
  "timestamp": "2026-03-31T19:37:14.259490",
  "current_price": 596.14,
  "forecast_minutes": 60,
  "technical_indicators": {
    "rsi": 49.26,
    "macd": {
      "line": 1.882,
      "signal": 1.6938,
      "histogram": 0.1882
    },
    "bollinger_bands": {
      "upper": 618.01,
      "middle": 604.62,
      "lower": 591.22
    }
  },
  "bsm_analysis": {
    "greeks": {
      "delta": 0.5481,
      "gamma": 0.015263,
      "theta": -0.2166,
      "vega": 0.6769,
      "rho": 0.259
    },
    "atm_call_price": 11.66,
    "atm_put_price": 9.1,
    "implied_move": 0.37
  },
  "prediction": {
    "signal": "NEUTRAL",
    "score": 1,
    "confidence": 25.0,
    "reasons": [
      "MACD histogram positive (bullish momentum)"
    ],
    "target_price": 596.21,
    "support": 594.65,
    "resistance": 597.76
  },
  "simulation": {
    "statistics": {
      "mean": 596.2144984288165,
      "std": 2.2330224158186587,
      "p05": 592.7070638710605,
      "p25": 594.6509642484904,
      "p50": 596.1476176321861,
      "p75": 597.7632638833792,
      "p95": 599.9310524362811,
      "min": 589.3510595764903,
      "max": 603.4176996536145
    },
    "simulations": 1000,
    "volatility": 0.1518
  }
}