{
  "ticker": "SPY",
  "timestamp": "2026-02-27T17:58:31.279717",
  "current_price": 595.84,
  "forecast_minutes": 60,
  "technical_indicators": {
    "rsi": 74.44,
    "macd": {
      "line": 5.5016,
      "signal": 4.9514,
      "histogram": 0.5502
    },
    "bollinger_bands": {
      "upper": 592.6,
      "middle": 574.91,
      "lower": 557.23
    }
  },
  "bsm_analysis": {
    "greeks": {
      "delta": 0.5495,
      "gamma": 0.015959,
      "theta": -0.2091,
      "vega": 0.6762,
      "rho": 0.2599
    },
    "atm_call_price": 11.21,
    "atm_put_price": 8.64,
    "implied_move": 0.37
  },
  "prediction": {
    "signal": "NEUTRAL",
    "score": -1,
    "confidence": 25.0,
    "reasons": [
      "RSI indicates overbought conditions",
      "MACD histogram positive (bullish momentum)"
    ],
    "target_price": 595.85,
    "support": 594.38,
    "resistance": 597.37
  },
  "simulation": {
    "statistics": {
      "mean": 595.854770893769,
      "std": 2.179145849651469,
      "p05": 592.333218574674,
      "p25": 594.3750121762661,
      "p50": 595.7681106182728,
      "p75": 597.368878573291,
      "p95": 599.4049344869055,
      "min": 589.1780370025808,
      "max": 602.4855524043237
    },
    "simulations": 1000,
    "volatility": 0.1452
  }
}