{
  "ticker": "SPY",
  "timestamp": "2026-03-30T07:05:19.769953",
  "current_price": 595.15,
  "forecast_minutes": 60,
  "technical_indicators": {
    "rsi": 60.38,
    "macd": {
      "line": 2.2916,
      "signal": 2.0624,
      "histogram": 0.2292
    },
    "bollinger_bands": {
      "upper": 601.29,
      "middle": 590.66,
      "lower": 580.02
    }
  },
  "bsm_analysis": {
    "greeks": {
      "delta": 0.541,
      "gamma": 0.011389,
      "theta": -0.2746,
      "vega": 0.6771,
      "rho": 0.2522
    },
    "atm_call_price": 15.19,
    "atm_put_price": 12.63,
    "implied_move": 0.49
  },
  "prediction": {
    "signal": "NEUTRAL",
    "score": 1,
    "confidence": 25.0,
    "reasons": [
      "MACD histogram positive (bullish momentum)"
    ],
    "target_price": 595.17,
    "support": 593.18,
    "resistance": 597.05
  },
  "simulation": {
    "statistics": {
      "mean": 595.1703406750099,
      "std": 2.939654167095399,
      "p05": 590.265510370247,
      "p25": 593.181319806371,
      "p50": 595.1132392073091,
      "p75": 597.0549243513885,
      "p95": 600.1685256821613,
      "min": 586.0754712110362,
      "max": 603.1961304716526
    },
    "simulations": 1000,
    "volatility": 0.2042
  }
}