{
  "ticker": "SPY",
  "timestamp": "2026-03-07T09:11:48.925111",
  "current_price": 595.59,
  "forecast_minutes": 60,
  "technical_indicators": {
    "rsi": 67.7,
    "macd": {
      "line": 2.7863,
      "signal": 2.5077,
      "histogram": 0.2786
    },
    "bollinger_bands": {
      "upper": 587.59,
      "middle": 574.93,
      "lower": 562.28
    }
  },
  "bsm_analysis": {
    "greeks": {
      "delta": 0.5414,
      "gamma": 0.011641,
      "theta": -0.2697,
      "vega": 0.6775,
      "rho": 0.2528
    },
    "atm_call_price": 14.89,
    "atm_put_price": 12.32,
    "implied_move": 0.51
  },
  "prediction": {
    "signal": "NEUTRAL",
    "score": 1,
    "confidence": 25.0,
    "reasons": [
      "MACD histogram positive (bullish momentum)"
    ],
    "target_price": 595.64,
    "support": 593.66,
    "resistance": 597.43
  },
  "simulation": {
    "statistics": {
      "mean": 595.6366207485395,
      "std": 3.017578499535765,
      "p05": 590.7866357746931,
      "p25": 593.6576480706706,
      "p50": 595.5779970434724,
      "p75": 597.4287772089102,
      "p95": 600.7050850318038,
      "min": 586.5629443238256,
      "max": 607.1464098754524
    },
    "simulations": 1000,
    "volatility": 0.1996
  }
}