{
  "ticker": "SPY",
  "timestamp": "2026-03-22T14:14:23.680942",
  "current_price": 593.02,
  "forecast_minutes": 60,
  "technical_indicators": {
    "rsi": 57.65,
    "macd": {
      "line": -1.7218,
      "signal": -1.5496,
      "histogram": -0.1722
    },
    "bollinger_bands": {
      "upper": 589.56,
      "middle": 566.71,
      "lower": 543.86
    }
  },
  "bsm_analysis": {
    "greeks": {
      "delta": 0.5371,
      "gamma": 0.007616,
      "theta": -0.3879,
      "vega": 0.6753,
      "rho": 0.2436
    },
    "atm_call_price": 22.06,
    "atm_put_price": 19.5,
    "implied_move": 0.74
  },
  "prediction": {
    "signal": "NEUTRAL",
    "score": -1,
    "confidence": 25.0,
    "reasons": [
      "MACD histogram negative (bearish momentum)"
    ],
    "target_price": 592.95,
    "support": 589.95,
    "resistance": 595.82
  },
  "simulation": {
    "statistics": {
      "mean": 592.9461233865236,
      "std": 4.368262217111121,
      "p05": 585.6635463173826,
      "p25": 589.9511493870206,
      "p50": 592.8764453176775,
      "p75": 595.8215887909673,
      "p95": 599.9623268330001,
      "min": 581.0572178856963,
      "max": 611.5354659451382
    },
    "simulations": 1000,
    "volatility": 0.3068
  }
}