{
  "ticker": "SPY",
  "timestamp": "2026-02-15T09:05:01.600007",
  "current_price": 596.8,
  "forecast_minutes": 60,
  "technical_indicators": {
    "rsi": 32.95,
    "macd": {
      "line": 0.5222,
      "signal": 0.4699,
      "histogram": 0.0522
    },
    "bollinger_bands": {
      "upper": 627.95,
      "middle": 611.7,
      "lower": 595.45
    }
  },
  "bsm_analysis": {
    "greeks": {
      "delta": 0.5423,
      "gamma": 0.012163,
      "theta": -0.2601,
      "vega": 0.6787,
      "rho": 0.2543
    },
    "atm_call_price": 14.31,
    "atm_put_price": 11.74,
    "implied_move": 0.47
  },
  "prediction": {
    "signal": "NEUTRAL",
    "score": 1,
    "confidence": 25.0,
    "reasons": [
      "MACD histogram positive (bullish momentum)"
    ],
    "target_price": 596.75,
    "support": 594.81,
    "resistance": 598.72
  },
  "simulation": {
    "statistics": {
      "mean": 596.7513733619063,
      "std": 2.8265948077892937,
      "p05": 592.0420117490534,
      "p25": 594.8147474287742,
      "p50": 596.7438296189877,
      "p75": 598.7179365550795,
      "p95": 601.2509881649928,
      "min": 587.1256907178029,
      "max": 606.2893238568377
    },
    "simulations": 1000,
    "volatility": 0.1906
  }
}