{
  "ticker": "SPY",
  "timestamp": "2026-02-26T05:31:45.785053",
  "current_price": 594.54,
  "forecast_minutes": 60,
  "technical_indicators": {
    "rsi": 58.81,
    "macd": {
      "line": -1.9672,
      "signal": -1.7704,
      "histogram": -0.1967
    },
    "bollinger_bands": {
      "upper": 590.59,
      "middle": 568.97,
      "lower": 547.36
    }
  },
  "bsm_analysis": {
    "greeks": {
      "delta": 0.5372,
      "gamma": 0.00797,
      "theta": -0.3728,
      "vega": 0.677,
      "rho": 0.2451
    },
    "atm_call_price": 21.14,
    "atm_put_price": 18.58,
    "implied_move": 0.74
  },
  "prediction": {
    "signal": "NEUTRAL",
    "score": -1,
    "confidence": 25.0,
    "reasons": [
      "MACD histogram negative (bearish momentum)"
    ],
    "target_price": 594.38,
    "support": 591.46,
    "resistance": 597.38
  },
  "simulation": {
    "statistics": {
      "mean": 594.375711575819,
      "std": 4.372640118816087,
      "p05": 587.4877493649452,
      "p25": 591.4589629377897,
      "p50": 594.0808183812833,
      "p75": 597.3752633284487,
      "p95": 601.719366684965,
      "min": 581.4046182456889,
      "max": 608.7825460915128
    },
    "simulations": 1000,
    "volatility": 0.2924
  }
}