{
  "ticker": "SPY",
  "timestamp": "2026-04-10T17:08:48.588319",
  "current_price": 593.24,
  "forecast_minutes": 60,
  "technical_indicators": {
    "rsi": 67.02,
    "macd": {
      "line": 4.4777,
      "signal": 4.0299,
      "histogram": 0.4478
    },
    "bollinger_bands": {
      "upper": 597.4,
      "middle": 580.67,
      "lower": 563.94
    }
  },
  "bsm_analysis": {
    "greeks": {
      "delta": 0.5469,
      "gamma": 0.014738,
      "theta": -0.2224,
      "vega": 0.6738,
      "rho": 0.2568
    },
    "atm_call_price": 12.03,
    "atm_put_price": 9.47,
    "implied_move": 0.4
  },
  "prediction": {
    "signal": "NEUTRAL",
    "score": 1,
    "confidence": 25.0,
    "reasons": [
      "MACD histogram positive (bullish momentum)"
    ],
    "target_price": 593.19,
    "support": 591.65,
    "resistance": 594.75
  },
  "simulation": {
    "statistics": {
      "mean": 593.192850119628,
      "std": 2.3651041021113115,
      "p05": 589.1990895759506,
      "p25": 591.6537079984801,
      "p50": 593.0985484527472,
      "p75": 594.7541564984901,
      "p95": 597.070177953963,
      "min": 585.6365538412041,
      "max": 599.7100523564183
    },
    "simulations": 1000,
    "volatility": 0.1581
  }
}