{
  "ticker": "SPY",
  "timestamp": "2026-02-28T21:51:20.701690",
  "current_price": 593.19,
  "forecast_minutes": 60,
  "technical_indicators": {
    "rsi": 50.49,
    "macd": {
      "line": -5.116,
      "signal": -4.6044,
      "histogram": -0.5116
    },
    "bollinger_bands": {
      "upper": 606.9,
      "middle": 586.56,
      "lower": 566.22
    }
  },
  "bsm_analysis": {
    "greeks": {
      "delta": 0.5385,
      "gamma": 0.009541,
      "theta": -0.3188,
      "vega": 0.6753,
      "rho": 0.2478
    },
    "atm_call_price": 17.87,
    "atm_put_price": 15.32,
    "implied_move": 0.6
  },
  "prediction": {
    "signal": "NEUTRAL",
    "score": -1,
    "confidence": 25.0,
    "reasons": [
      "MACD histogram negative (bearish momentum)"
    ],
    "target_price": 593.15,
    "support": 590.68,
    "resistance": 595.41
  },
  "simulation": {
    "statistics": {
      "mean": 593.1455867190891,
      "std": 3.587105722323392,
      "p05": 587.2560837511262,
      "p25": 590.6831933167858,
      "p50": 593.1882106855815,
      "p75": 595.4127364785195,
      "p95": 598.9430043715947,
      "min": 581.201237958973,
      "max": 606.069310471114
    },
    "simulations": 1000,
    "volatility": 0.2447
  }
}