{
  "ticker": "SPY",
  "timestamp": "2026-02-20T09:54:25.852393",
  "current_price": 596.7,
  "forecast_minutes": 60,
  "technical_indicators": {
    "rsi": 54.08,
    "macd": {
      "line": -3.7302,
      "signal": -3.3572,
      "histogram": -0.373
    },
    "bollinger_bands": {
      "upper": 592.33,
      "middle": 561.64,
      "lower": 530.95
    }
  },
  "bsm_analysis": {
    "greeks": {
      "delta": 0.5372,
      "gamma": 0.006421,
      "theta": -0.4519,
      "vega": 0.6795,
      "rho": 0.2422
    },
    "atm_call_price": 25.92,
    "atm_put_price": 23.35,
    "implied_move": 0.9
  },
  "prediction": {
    "signal": "NEUTRAL",
    "score": -1,
    "confidence": 25.0,
    "reasons": [
      "MACD histogram negative (bearish momentum)"
    ],
    "target_price": 596.73,
    "support": 593.07,
    "resistance": 600.4
  },
  "simulation": {
    "statistics": {
      "mean": 596.7332253626392,
      "std": 5.353822515308815,
      "p05": 588.3154014799504,
      "p25": 593.0657003543922,
      "p50": 596.6984797798797,
      "p75": 600.399627841301,
      "p95": 605.541360959768,
      "min": 581.614366079819,
      "max": 616.0992754442892
    },
    "simulations": 1000,
    "volatility": 0.3616
  }
}