{
  "ticker": "SPY",
  "timestamp": "2026-03-01T20:55:06.653077",
  "current_price": 597.62,
  "forecast_minutes": 60,
  "technical_indicators": {
    "rsi": 49.6,
    "macd": {
      "line": -9.2769,
      "signal": -8.3492,
      "histogram": -0.9277
    },
    "bollinger_bands": {
      "upper": 613.47,
      "middle": 574.34,
      "lower": 535.22
    }
  },
  "bsm_analysis": {
    "greeks": {
      "delta": 0.5408,
      "gamma": 0.004572,
      "theta": -0.6154,
      "vega": 0.6799,
      "rho": 0.2362
    },
    "atm_call_price": 35.82,
    "atm_put_price": 33.25,
    "implied_move": 1.22
  },
  "prediction": {
    "signal": "NEUTRAL",
    "score": -1,
    "confidence": 25.0,
    "reasons": [
      "MACD histogram negative (bearish momentum)"
    ],
    "target_price": 597.62,
    "support": 592.68,
    "resistance": 602.34
  },
  "simulation": {
    "statistics": {
      "mean": 597.6226829157646,
      "std": 7.273893150247894,
      "p05": 585.9858591670733,
      "p25": 592.6773669875089,
      "p50": 597.377214801636,
      "p75": 602.3401298121354,
      "p95": 610.028992239866,
      "min": 574.7490087801152,
      "max": 619.5626982081134
    },
    "simulations": 1000,
    "volatility": 0.5066
  }
}