{
  "ticker": "SPY",
  "timestamp": "2026-04-01T20:03:26.090956",
  "current_price": 597.19,
  "forecast_minutes": 60,
  "technical_indicators": {
    "rsi": 48.42,
    "macd": {
      "line": 6.9674,
      "signal": 6.2707,
      "histogram": 0.6967
    },
    "bollinger_bands": {
      "upper": 635.11,
      "middle": 608.47,
      "lower": 581.83
    }
  },
  "bsm_analysis": {
    "greeks": {
      "delta": 0.537,
      "gamma": 0.007363,
      "theta": -0.4,
      "vega": 0.6801,
      "rho": 0.2449
    },
    "atm_call_price": 22.78,
    "atm_put_price": 20.21,
    "implied_move": 0.78
  },
  "prediction": {
    "signal": "NEUTRAL",
    "score": 1,
    "confidence": 25.0,
    "reasons": [
      "MACD histogram positive (bullish momentum)"
    ],
    "target_price": 597.59,
    "support": 594.67,
    "resistance": 600.57
  },
  "simulation": {
    "statistics": {
      "mean": 597.593472622998,
      "std": 4.684589754357237,
      "p05": 589.5945191297509,
      "p25": 594.6666039435888,
      "p50": 597.5688343882314,
      "p75": 600.573249812713,
      "p95": 605.372636501223,
      "min": 583.0753769306308,
      "max": 612.0186293945587
    },
    "simulations": 1000,
    "volatility": 0.3151
  }
}