{
  "ticker": "SPY",
  "timestamp": "2026-04-04T02:53:36.759526",
  "current_price": 595.02,
  "forecast_minutes": 60,
  "technical_indicators": {
    "rsi": 66.48,
    "macd": {
      "line": 2.3652,
      "signal": 2.1287,
      "histogram": 0.2365
    },
    "bollinger_bands": {
      "upper": 597.15,
      "middle": 581.4,
      "lower": 565.65
    }
  },
  "bsm_analysis": {
    "greeks": {
      "delta": 0.5444,
      "gamma": 0.0134,
      "theta": -0.2402,
      "vega": 0.6763,
      "rho": 0.2555
    },
    "atm_call_price": 13.1,
    "atm_put_price": 10.54,
    "implied_move": 0.43
  },
  "prediction": {
    "signal": "NEUTRAL",
    "score": 1,
    "confidence": 25.0,
    "reasons": [
      "MACD histogram positive (bullish momentum)"
    ],
    "target_price": 595.02,
    "support": 593.27,
    "resistance": 596.66
  },
  "simulation": {
    "statistics": {
      "mean": 595.0226203828597,
      "std": 2.5449138445705475,
      "p05": 590.9523658628478,
      "p25": 593.2737456132548,
      "p50": 595.0492813957378,
      "p75": 596.6572484069623,
      "p95": 599.3411092010159,
      "min": 586.4102833003142,
      "max": 602.5780289024337
    },
    "simulations": 1000,
    "volatility": 0.1734
  }
}