{
  "ticker": "SPY",
  "timestamp": "2026-02-27T23:53:03.388762",
  "current_price": 596.56,
  "forecast_minutes": 60,
  "technical_indicators": {
    "rsi": 41.84,
    "macd": {
      "line": 6.0124,
      "signal": 5.4112,
      "histogram": 0.6012
    },
    "bollinger_bands": {
      "upper": 661.0,
      "middle": 626.39,
      "lower": 591.78
    }
  },
  "bsm_analysis": {
    "greeks": {
      "delta": 0.5373,
      "gamma": 0.008185,
      "theta": -0.3644,
      "vega": 0.6793,
      "rho": 0.2465
    },
    "atm_call_price": 20.62,
    "atm_put_price": 18.06,
    "implied_move": 0.7
  },
  "prediction": {
    "signal": "NEUTRAL",
    "score": 1,
    "confidence": 25.0,
    "reasons": [
      "MACD histogram positive (bullish momentum)"
    ],
    "target_price": 596.67,
    "support": 593.94,
    "resistance": 599.35
  },
  "simulation": {
    "statistics": {
      "mean": 596.6679610654709,
      "std": 4.179506633142714,
      "p05": 589.6771661385774,
      "p25": 593.9382827105956,
      "p50": 596.731169314975,
      "p75": 599.3450308630252,
      "p95": 603.4651739013153,
      "min": 583.4538698350568,
      "max": 609.8107726869176
    },
    "simulations": 1000,
    "volatility": 0.2837
  }
}