{
  "ticker": "SPY",
  "timestamp": "2026-04-01T18:35:47.491813",
  "current_price": 595.71,
  "forecast_minutes": 60,
  "technical_indicators": {
    "rsi": 45.21,
    "macd": {
      "line": 8.6428,
      "signal": 7.7785,
      "histogram": 0.8643
    },
    "bollinger_bands": {
      "upper": 671.76,
      "middle": 630.44,
      "lower": 589.13
    }
  },
  "bsm_analysis": {
    "greeks": {
      "delta": 0.5397,
      "gamma": 0.004916,
      "theta": -0.5757,
      "vega": 0.678,
      "rho": 0.2368
    },
    "atm_call_price": 33.42,
    "atm_put_price": 30.85,
    "implied_move": 1.14
  },
  "prediction": {
    "signal": "NEUTRAL",
    "score": 1,
    "confidence": 25.0,
    "reasons": [
      "MACD histogram positive (bullish momentum)"
    ],
    "target_price": 595.62,
    "support": 590.98,
    "resistance": 599.88
  },
  "simulation": {
    "statistics": {
      "mean": 595.6168731321494,
      "std": 6.776466857176378,
      "p05": 583.8216316531477,
      "p25": 590.9834368081579,
      "p50": 595.880232761782,
      "p75": 599.8751222769312,
      "p95": 607.1080126618814,
      "min": 575.137115786712,
      "max": 616.0145661106062
    },
    "simulations": 1000,
    "volatility": 0.4728
  }
}