{
  "ticker": "SPY",
  "timestamp": "2026-03-26T21:55:16.946713",
  "current_price": 596.44,
  "forecast_minutes": 60,
  "technical_indicators": {
    "rsi": 57.85,
    "macd": {
      "line": 0.9834,
      "signal": 0.8851,
      "histogram": 0.0983
    },
    "bollinger_bands": {
      "upper": 597.36,
      "middle": 584.89,
      "lower": 572.43
    }
  },
  "bsm_analysis": {
    "greeks": {
      "delta": 0.5465,
      "gamma": 0.01442,
      "theta": -0.2266,
      "vega": 0.6775,
      "rho": 0.2578
    },
    "atm_call_price": 12.27,
    "atm_put_price": 9.7,
    "implied_move": 0.41
  },
  "prediction": {
    "signal": "NEUTRAL",
    "score": 1,
    "confidence": 25.0,
    "reasons": [
      "MACD histogram positive (bullish momentum)"
    ],
    "target_price": 596.43,
    "support": 594.77,
    "resistance": 598.04
  },
  "simulation": {
    "statistics": {
      "mean": 596.4298015398056,
      "std": 2.438537887708863,
      "p05": 592.6433270684684,
      "p25": 594.7726886718488,
      "p50": 596.3480586297537,
      "p75": 598.0433350264789,
      "p95": 600.4975002918433,
      "min": 588.3691814850619,
      "max": 604.8165977191799
    },
    "simulations": 1000,
    "volatility": 0.1607
  }
}