{
  "ticker": "SPY",
  "timestamp": "2026-02-21T16:40:59.308694",
  "current_price": 594.94,
  "forecast_minutes": 60,
  "technical_indicators": {
    "rsi": 71.69,
    "macd": {
      "line": 10.8873,
      "signal": 9.7985,
      "histogram": 1.0887
    },
    "bollinger_bands": {
      "upper": 615.87,
      "middle": 583.76,
      "lower": 551.66
    }
  },
  "bsm_analysis": {
    "greeks": {
      "delta": 0.5478,
      "gamma": 0.015134,
      "theta": -0.2179,
      "vega": 0.6756,
      "rho": 0.2582
    },
    "atm_call_price": 11.75,
    "atm_put_price": 9.19,
    "implied_move": 0.38
  },
  "prediction": {
    "signal": "NEUTRAL",
    "score": -1,
    "confidence": 25.0,
    "reasons": [
      "RSI indicates overbought conditions",
      "MACD histogram positive (bullish momentum)"
    ],
    "target_price": 594.99,
    "support": 593.43,
    "resistance": 596.5
  },
  "simulation": {
    "statistics": {
      "mean": 594.9894488738349,
      "std": 2.2400065308294037,
      "p05": 591.4810612846113,
      "p25": 593.4287006145012,
      "p50": 594.9769008045839,
      "p75": 596.4954649886417,
      "p95": 598.7807107217462,
      "min": 587.9570794503231,
      "max": 602.3757565695948
    },
    "simulations": 1000,
    "volatility": 0.1534
  }
}