{
  "ticker": "SPY",
  "timestamp": "2026-02-22T15:59:34.504017",
  "current_price": 596.8,
  "forecast_minutes": 60,
  "technical_indicators": {
    "rsi": 35.14,
    "macd": {
      "line": 1.4136,
      "signal": 1.2722,
      "histogram": 0.1414
    },
    "bollinger_bands": {
      "upper": 627.04,
      "middle": 610.06,
      "lower": 593.09
    }
  },
  "bsm_analysis": {
    "greeks": {
      "delta": 0.5526,
      "gamma": 0.017384,
      "theta": -0.1959,
      "vega": 0.6766,
      "rho": 0.2625
    },
    "atm_call_price": 10.4,
    "atm_put_price": 7.83,
    "implied_move": 0.32
  },
  "prediction": {
    "signal": "NEUTRAL",
    "score": 1,
    "confidence": 25.0,
    "reasons": [
      "MACD histogram positive (bullish momentum)"
    ],
    "target_price": 596.8,
    "support": 595.47,
    "resistance": 598.12
  },
  "simulation": {
    "statistics": {
      "mean": 596.802849894369,
      "std": 1.8974269636239718,
      "p05": 593.6732490997181,
      "p25": 595.4700784780795,
      "p50": 596.8417960533486,
      "p75": 598.1186830573124,
      "p95": 599.908756034039,
      "min": 589.7903736943675,
      "max": 603.0546777201025
    },
    "simulations": 1000,
    "volatility": 0.133
  }
}