{
  "ticker": "SPY",
  "timestamp": "2026-04-13T21:57:30.014879",
  "current_price": 595.12,
  "forecast_minutes": 60,
  "technical_indicators": {
    "rsi": 68.4,
    "macd": {
      "line": 0.8507,
      "signal": 0.7656,
      "histogram": 0.0851
    },
    "bollinger_bands": {
      "upper": 582.2,
      "middle": 564.31,
      "lower": 546.42
    }
  },
  "bsm_analysis": {
    "greeks": {
      "delta": 0.537,
      "gamma": 0.00723,
      "theta": -0.4064,
      "vega": 0.6777,
      "rho": 0.2436
    },
    "atm_call_price": 23.17,
    "atm_put_price": 20.61,
    "implied_move": 0.82
  },
  "prediction": {
    "signal": "NEUTRAL",
    "score": 1,
    "confidence": 25.0,
    "reasons": [
      "MACD histogram positive (bullish momentum)"
    ],
    "target_price": 595.15,
    "support": 592.01,
    "resistance": 598.33
  },
  "simulation": {
    "statistics": {
      "mean": 595.1480027398702,
      "std": 4.8653430410969944,
      "p05": 587.1827015516781,
      "p25": 592.0124694414393,
      "p50": 595.3538926974361,
      "p75": 598.3349914043835,
      "p95": 603.3362125998993,
      "min": 579.681237240203,
      "max": 609.1131659300585
    },
    "simulations": 1000,
    "volatility": 0.322
  }
}