{
  "ticker": "SPY",
  "timestamp": "2026-03-28T13:50:16.885172",
  "current_price": 594.85,
  "forecast_minutes": 60,
  "technical_indicators": {
    "rsi": 61.66,
    "macd": {
      "line": -0.073,
      "signal": -0.0657,
      "histogram": -0.0073
    },
    "bollinger_bands": {
      "upper": 590.45,
      "middle": 574.37,
      "lower": 558.29
    }
  },
  "bsm_analysis": {
    "greeks": {
      "delta": 0.5376,
      "gamma": 0.008571,
      "theta": -0.3499,
      "vega": 0.6773,
      "rho": 0.2466
    },
    "atm_call_price": 19.75,
    "atm_put_price": 17.19,
    "implied_move": 0.65
  },
  "prediction": {
    "signal": "NEUTRAL",
    "score": -1,
    "confidence": 25.0,
    "reasons": [
      "MACD histogram negative (bearish momentum)"
    ],
    "target_price": 594.94,
    "support": 592.45,
    "resistance": 597.56
  },
  "simulation": {
    "statistics": {
      "mean": 594.9393576496021,
      "std": 3.8660523328455016,
      "p05": 588.4633048201698,
      "p25": 592.4516812243714,
      "p50": 594.9143760204547,
      "p75": 597.5560665752168,
      "p95": 601.2044614532122,
      "min": 581.43094974473,
      "max": 606.0737774021237
    },
    "simulations": 1000,
    "volatility": 0.2717
  }
}