{
  "ticker": "SPY",
  "timestamp": "2026-03-23T23:56:20.850873",
  "current_price": 595.79,
  "forecast_minutes": 60,
  "technical_indicators": {
    "rsi": 56.51,
    "macd": {
      "line": 2.1169,
      "signal": 1.9052,
      "histogram": 0.2117
    },
    "bollinger_bands": {
      "upper": 593.75,
      "middle": 579.46,
      "lower": 565.16
    }
  },
  "bsm_analysis": {
    "greeks": {
      "delta": 0.5399,
      "gamma": 0.010607,
      "theta": -0.2915,
      "vega": 0.678,
      "rho": 0.251
    },
    "atm_call_price": 16.21,
    "atm_put_price": 13.65,
    "implied_move": 0.57
  },
  "prediction": {
    "signal": "NEUTRAL",
    "score": 1,
    "confidence": 25.0,
    "reasons": [
      "MACD histogram positive (bullish momentum)"
    ],
    "target_price": 595.78,
    "support": 593.55,
    "resistance": 598.04
  },
  "simulation": {
    "statistics": {
      "mean": 595.7780399493947,
      "std": 3.375672109476135,
      "p05": 590.2206193781012,
      "p25": 593.5532065216083,
      "p50": 595.7233259563977,
      "p75": 598.0424414822828,
      "p95": 601.270241069411,
      "min": 585.8687850645691,
      "max": 607.8356181459948
    },
    "simulations": 1000,
    "volatility": 0.2191
  }
}