{
  "ticker": "SPY",
  "timestamp": "2026-03-11T00:35:28.228405",
  "current_price": 594.88,
  "forecast_minutes": 60,
  "technical_indicators": {
    "rsi": 33.93,
    "macd": {
      "line": -1.2145,
      "signal": -1.093,
      "histogram": -0.1214
    },
    "bollinger_bands": {
      "upper": 637.44,
      "middle": 616.88,
      "lower": 596.32
    }
  },
  "bsm_analysis": {
    "greeks": {
      "delta": 0.5378,
      "gamma": 0.008887,
      "theta": -0.3391,
      "vega": 0.6773,
      "rho": 0.2473
    },
    "atm_call_price": 19.1,
    "atm_put_price": 16.54,
    "implied_move": 0.64
  },
  "prediction": {
    "signal": "NEUTRAL",
    "score": -1,
    "confidence": 25.0,
    "reasons": [
      "MACD histogram negative (bearish momentum)"
    ],
    "target_price": 594.95,
    "support": 592.4,
    "resistance": 597.54
  },
  "simulation": {
    "statistics": {
      "mean": 594.9484887865702,
      "std": 3.7823849552333044,
      "p05": 588.8737487814049,
      "p25": 592.3957443359873,
      "p50": 594.7331719842192,
      "p75": 597.5356394638808,
      "p95": 601.3712833926651,
      "min": 584.4359113365299,
      "max": 608.8821685562693
    },
    "simulations": 1000,
    "volatility": 0.262
  }
}