{
  "ticker": "SPY",
  "timestamp": "2026-03-20T22:10:33.420178",
  "current_price": 597.07,
  "forecast_minutes": 60,
  "technical_indicators": {
    "rsi": 51.42,
    "macd": {
      "line": -3.6084,
      "signal": -3.2475,
      "histogram": -0.3608
    },
    "bollinger_bands": {
      "upper": 603.68,
      "middle": 584.89,
      "lower": 566.11
    }
  },
  "bsm_analysis": {
    "greeks": {
      "delta": 0.542,
      "gamma": 0.011938,
      "theta": -0.2642,
      "vega": 0.6791,
      "rho": 0.254
    },
    "atm_call_price": 14.55,
    "atm_put_price": 11.98,
    "implied_move": 0.46
  },
  "prediction": {
    "signal": "NEUTRAL",
    "score": -1,
    "confidence": 25.0,
    "reasons": [
      "MACD histogram negative (bearish momentum)"
    ],
    "target_price": 597.07,
    "support": 595.19,
    "resistance": 598.93
  },
  "simulation": {
    "statistics": {
      "mean": 597.0710447382887,
      "std": 2.7643971069341933,
      "p05": 592.6113067478287,
      "p25": 595.1860858813253,
      "p50": 597.1763389891148,
      "p75": 598.9314480955102,
      "p95": 601.5565128994834,
      "min": 588.4962656640216,
      "max": 605.4888108553846
    },
    "simulations": 1000,
    "volatility": 0.1941
  }
}