{
  "ticker": "SPY",
  "timestamp": "2026-04-02T15:09:28.372479",
  "current_price": 593.0,
  "forecast_minutes": 60,
  "technical_indicators": {
    "rsi": 32.8,
    "macd": {
      "line": 0.0641,
      "signal": 0.0577,
      "histogram": 0.0064
    },
    "bollinger_bands": {
      "upper": 637.34,
      "middle": 615.26,
      "lower": 593.18
    }
  },
  "bsm_analysis": {
    "greeks": {
      "delta": 0.5405,
      "gamma": 0.011112,
      "theta": -0.2801,
      "vega": 0.6747,
      "rho": 0.2507
    },
    "atm_call_price": 15.53,
    "atm_put_price": 12.98,
    "implied_move": 0.52
  },
  "prediction": {
    "signal": "NEUTRAL",
    "score": 1,
    "confidence": 25.0,
    "reasons": [
      "MACD histogram positive (bullish momentum)"
    ],
    "target_price": 593.02,
    "support": 590.89,
    "resistance": 595.07
  },
  "simulation": {
    "statistics": {
      "mean": 593.0245339279278,
      "std": 3.0887535058474582,
      "p05": 588.0556742909598,
      "p25": 590.888968608656,
      "p50": 592.9993371381001,
      "p75": 595.0652587544705,
      "p95": 598.2010138650401,
      "min": 582.2893554037595,
      "max": 602.2299019090959
    },
    "simulations": 1000,
    "volatility": 0.2101
  }
}