{
  "ticker": "SPY",
  "timestamp": "2026-03-23T05:13:55.837887",
  "current_price": 593.8,
  "forecast_minutes": 60,
  "technical_indicators": {
    "rsi": 57.17,
    "macd": {
      "line": 5.2517,
      "signal": 4.7265,
      "histogram": 0.5252
    },
    "bollinger_bands": {
      "upper": 612.41,
      "middle": 595.59,
      "lower": 578.77
    }
  },
  "bsm_analysis": {
    "greeks": {
      "delta": 0.5494,
      "gamma": 0.015951,
      "theta": -0.2091,
      "vega": 0.6739,
      "rho": 0.2589
    },
    "atm_call_price": 11.21,
    "atm_put_price": 8.65,
    "implied_move": 0.36
  },
  "prediction": {
    "signal": "NEUTRAL",
    "score": 1,
    "confidence": 25.0,
    "reasons": [
      "MACD histogram positive (bullish momentum)"
    ],
    "target_price": 593.84,
    "support": 592.44,
    "resistance": 595.45
  },
  "simulation": {
    "statistics": {
      "mean": 593.8407293207376,
      "std": 2.1448781649661472,
      "p05": 590.123598132224,
      "p25": 592.4360460460788,
      "p50": 593.793205827521,
      "p75": 595.4495586886588,
      "p95": 597.2613655710627,
      "min": 587.8312794680462,
      "max": 599.4740851066678
    },
    "simulations": 1000,
    "volatility": 0.1458
  }
}