{
  "ticker": "SPY",
  "timestamp": "2026-03-21T21:26:17.573928",
  "current_price": 593.92,
  "forecast_minutes": 60,
  "technical_indicators": {
    "rsi": 63.98,
    "macd": {
      "line": -3.3378,
      "signal": -3.004,
      "histogram": -0.3338
    },
    "bollinger_bands": {
      "upper": 586.58,
      "middle": 557.14,
      "lower": 527.7
    }
  },
  "bsm_analysis": {
    "greeks": {
      "delta": 0.5382,
      "gamma": 0.005597,
      "theta": -0.5113,
      "vega": 0.6762,
      "rho": 0.2384
    },
    "atm_call_price": 29.52,
    "atm_put_price": 26.97,
    "implied_move": 1.06
  },
  "prediction": {
    "signal": "NEUTRAL",
    "score": -1,
    "confidence": 25.0,
    "reasons": [
      "MACD histogram negative (bearish momentum)"
    ],
    "target_price": 594.11,
    "support": 590.19,
    "resistance": 598.36
  },
  "simulation": {
    "statistics": {
      "mean": 594.1074352995184,
      "std": 6.266504704707953,
      "p05": 584.0046850551381,
      "p25": 590.1913614311236,
      "p50": 593.9140389780559,
      "p75": 598.3591625288182,
      "p95": 604.7053725464715,
      "min": 573.9538435130951,
      "max": 611.0754846010348
    },
    "simulations": 1000,
    "volatility": 0.4167
  }
}