{
  "ticker": "SPY",
  "timestamp": "2026-02-08T17:10:44.554587",
  "current_price": 594.73,
  "forecast_minutes": 60,
  "technical_indicators": {
    "rsi": 70.16,
    "macd": {
      "line": 2.7458,
      "signal": 2.4712,
      "histogram": 0.2746
    },
    "bollinger_bands": {
      "upper": 574.06,
      "middle": 551.18,
      "lower": 528.29
    }
  },
  "bsm_analysis": {
    "greeks": {
      "delta": 0.537,
      "gamma": 0.007197,
      "theta": -0.408,
      "vega": 0.6773,
      "rho": 0.2434
    },
    "atm_call_price": 23.27,
    "atm_put_price": 20.71,
    "implied_move": 0.79
  },
  "prediction": {
    "signal": "NEUTRAL",
    "score": -1,
    "confidence": 25.0,
    "reasons": [
      "RSI indicates overbought conditions",
      "MACD histogram positive (bullish momentum)"
    ],
    "target_price": 594.71,
    "support": 591.37,
    "resistance": 597.93
  },
  "simulation": {
    "statistics": {
      "mean": 594.7147410982099,
      "std": 4.726781447840338,
      "p05": 586.434860035698,
      "p25": 591.3697431508756,
      "p50": 594.9286955817831,
      "p75": 597.9332805151112,
      "p95": 602.448280860623,
      "min": 578.0862956818823,
      "max": 609.6497602402676
    },
    "simulations": 1000,
    "volatility": 0.3237
  }
}