{
  "ticker": "SPY",
  "timestamp": "2026-03-21T12:14:26.507591",
  "current_price": 594.94,
  "forecast_minutes": 60,
  "technical_indicators": {
    "rsi": 58.73,
    "macd": {
      "line": 2.5328,
      "signal": 2.2795,
      "histogram": 0.2533
    },
    "bollinger_bands": {
      "upper": 605.53,
      "middle": 592.49,
      "lower": 579.44
    }
  },
  "bsm_analysis": {
    "greeks": {
      "delta": 0.5481,
      "gamma": 0.015274,
      "theta": -0.2164,
      "vega": 0.6755,
      "rho": 0.2584
    },
    "atm_call_price": 11.65,
    "atm_put_price": 9.09,
    "implied_move": 0.38
  },
  "prediction": {
    "signal": "NEUTRAL",
    "score": 1,
    "confidence": 25.0,
    "reasons": [
      "MACD histogram positive (bullish momentum)"
    ],
    "target_price": 594.89,
    "support": 593.35,
    "resistance": 596.55
  },
  "simulation": {
    "statistics": {
      "mean": 594.8941785085874,
      "std": 2.285354522540014,
      "p05": 591.209425652841,
      "p25": 593.3508362923209,
      "p50": 594.9484453736967,
      "p75": 596.5533780437114,
      "p95": 598.5322810291676,
      "min": 586.0426470253793,
      "max": 601.2332951813326
    },
    "simulations": 1000,
    "volatility": 0.152
  }
}