{
  "ticker": "SPY",
  "timestamp": "2026-04-03T11:50:02.372985",
  "current_price": 595.76,
  "forecast_minutes": 60,
  "technical_indicators": {
    "rsi": 69.84,
    "macd": {
      "line": 2.0454,
      "signal": 1.8409,
      "histogram": 0.2045
    },
    "bollinger_bands": {
      "upper": 597.09,
      "middle": 586.22,
      "lower": 575.34
    }
  },
  "bsm_analysis": {
    "greeks": {
      "delta": 0.5476,
      "gamma": 0.015016,
      "theta": -0.2194,
      "vega": 0.6765,
      "rho": 0.2584
    },
    "atm_call_price": 11.83,
    "atm_put_price": 9.27,
    "implied_move": 0.39
  },
  "prediction": {
    "signal": "NEUTRAL",
    "score": 1,
    "confidence": 25.0,
    "reasons": [
      "MACD histogram positive (bullish momentum)"
    ],
    "target_price": 595.86,
    "support": 594.32,
    "resistance": 597.48
  },
  "simulation": {
    "statistics": {
      "mean": 595.8584200302425,
      "std": 2.299433574733838,
      "p05": 591.9671251746342,
      "p25": 594.3192187305222,
      "p50": 595.8914772572194,
      "p75": 597.4812371489872,
      "p95": 599.5157256627313,
      "min": 588.7459817856185,
      "max": 603.7331991013982
    },
    "simulations": 1000,
    "volatility": 0.1544
  }
}