{
  "ticker": "SPY",
  "timestamp": "2026-03-31T07:18:46.043368",
  "current_price": 595.87,
  "forecast_minutes": 60,
  "technical_indicators": {
    "rsi": 56.05,
    "macd": {
      "line": -0.1069,
      "signal": -0.0962,
      "histogram": -0.0107
    },
    "bollinger_bands": {
      "upper": 614.49,
      "middle": 601.55,
      "lower": 588.6
    }
  },
  "bsm_analysis": {
    "greeks": {
      "delta": 0.5393,
      "gamma": 0.010151,
      "theta": -0.3026,
      "vega": 0.6782,
      "rho": 0.2502
    },
    "atm_call_price": 16.88,
    "atm_put_price": 14.32,
    "implied_move": 0.55
  },
  "prediction": {
    "signal": "NEUTRAL",
    "score": -1,
    "confidence": 25.0,
    "reasons": [
      "MACD histogram negative (bearish momentum)"
    ],
    "target_price": 595.85,
    "support": 593.52,
    "resistance": 598.04
  },
  "simulation": {
    "statistics": {
      "mean": 595.850874053293,
      "std": 3.3035888691703,
      "p05": 590.4225579223985,
      "p25": 593.5188679244998,
      "p50": 595.9303429435504,
      "p75": 598.0440446499717,
      "p95": 601.1508007236513,
      "min": 584.2211237925281,
      "max": 606.9002354426062
    },
    "simulations": 1000,
    "volatility": 0.2289
  }
}