{
  "ticker": "SPY",
  "timestamp": "2026-03-14T20:57:43.362029",
  "current_price": 593.49,
  "forecast_minutes": 60,
  "technical_indicators": {
    "rsi": 66.14,
    "macd": {
      "line": -1.2034,
      "signal": -1.083,
      "histogram": -0.1203
    },
    "bollinger_bands": {
      "upper": 584.26,
      "middle": 562.13,
      "lower": 540.0
    }
  },
  "bsm_analysis": {
    "greeks": {
      "delta": 0.537,
      "gamma": 0.007114,
      "theta": -0.4121,
      "vega": 0.6759,
      "rho": 0.2426
    },
    "atm_call_price": 23.52,
    "atm_put_price": 20.97,
    "implied_move": 0.85
  },
  "prediction": {
    "signal": "NEUTRAL",
    "score": -1,
    "confidence": 25.0,
    "reasons": [
      "MACD histogram negative (bearish momentum)"
    ],
    "target_price": 593.32,
    "support": 589.76,
    "resistance": 596.8
  },
  "simulation": {
    "statistics": {
      "mean": 593.318212170789,
      "std": 5.056627926682471,
      "p05": 585.0372269157871,
      "p25": 589.7645928834947,
      "p50": 593.3961980576994,
      "p75": 596.802670902909,
      "p95": 601.5172749512623,
      "min": 576.839792200623,
      "max": 611.4334487496067
    },
    "simulations": 1000,
    "volatility": 0.3282
  }
}