{
  "ticker": "SPY",
  "timestamp": "2026-03-09T23:27:40.307166",
  "current_price": 597.74,
  "forecast_minutes": 60,
  "technical_indicators": {
    "rsi": 38.9,
    "macd": {
      "line": 5.4633,
      "signal": 4.917,
      "histogram": 0.5463
    },
    "bollinger_bands": {
      "upper": 643.36,
      "middle": 614.44,
      "lower": 585.52
    }
  },
  "bsm_analysis": {
    "greeks": {
      "delta": 0.5402,
      "gamma": 0.010805,
      "theta": -0.2872,
      "vega": 0.6802,
      "rho": 0.2523
    },
    "atm_call_price": 15.94,
    "atm_put_price": 13.37,
    "implied_move": 0.54
  },
  "prediction": {
    "signal": "NEUTRAL",
    "score": 1,
    "confidence": 25.0,
    "reasons": [
      "MACD histogram positive (bullish momentum)"
    ],
    "target_price": 597.92,
    "support": 595.63,
    "resistance": 600.3
  },
  "simulation": {
    "statistics": {
      "mean": 597.9175026803833,
      "std": 3.251224162051841,
      "p05": 592.5482579643925,
      "p25": 595.6345509162462,
      "p50": 597.9260892149805,
      "p75": 600.3011282976626,
      "p95": 602.9833235892087,
      "min": 587.3015979018405,
      "max": 608.208862110478
    },
    "simulations": 1000,
    "volatility": 0.2144
  }
}