{
  "ticker": "SPY",
  "timestamp": "2026-02-28T05:28:30.829918",
  "current_price": 594.53,
  "forecast_minutes": 60,
  "technical_indicators": {
    "rsi": 56.93,
    "macd": {
      "line": -3.9562,
      "signal": -3.5606,
      "histogram": -0.3956
    },
    "bollinger_bands": {
      "upper": 598.19,
      "middle": 575.96,
      "lower": 553.74
    }
  },
  "bsm_analysis": {
    "greeks": {
      "delta": 0.5388,
      "gamma": 0.009831,
      "theta": -0.3108,
      "vega": 0.6768,
      "rho": 0.249
    },
    "atm_call_price": 17.39,
    "atm_put_price": 14.83,
    "implied_move": 0.58
  },
  "prediction": {
    "signal": "NEUTRAL",
    "score": -1,
    "confidence": 25.0,
    "reasons": [
      "MACD histogram negative (bearish momentum)"
    ],
    "target_price": 594.59,
    "support": 592.3,
    "resistance": 597.04
  },
  "simulation": {
    "statistics": {
      "mean": 594.5934533382318,
      "std": 3.4395171678836283,
      "p05": 588.983875443251,
      "p25": 592.3024828333041,
      "p50": 594.5460981269746,
      "p75": 597.0443800189296,
      "p95": 600.0360527117444,
      "min": 581.6914812109027,
      "max": 604.8268535649723
    },
    "simulations": 1000,
    "volatility": 0.2369
  }
}