{
  "ticker": "SPY",
  "timestamp": "2026-02-25T20:47:25.037373",
  "current_price": 597.62,
  "forecast_minutes": 60,
  "technical_indicators": {
    "rsi": 39.77,
    "macd": {
      "line": -0.492,
      "signal": -0.4428,
      "histogram": -0.0492
    },
    "bollinger_bands": {
      "upper": 613.08,
      "middle": 604.03,
      "lower": 594.98
    }
  },
  "bsm_analysis": {
    "greeks": {
      "delta": 0.5499,
      "gamma": 0.016097,
      "theta": -0.2079,
      "vega": 0.6782,
      "rho": 0.261
    },
    "atm_call_price": 11.13,
    "atm_put_price": 8.56,
    "implied_move": 0.35
  },
  "prediction": {
    "signal": "NEUTRAL",
    "score": -1,
    "confidence": 25.0,
    "reasons": [
      "MACD histogram negative (bearish momentum)"
    ],
    "target_price": 597.7,
    "support": 596.29,
    "resistance": 599.09
  },
  "simulation": {
    "statistics": {
      "mean": 597.702722212822,
      "std": 2.0801097151280703,
      "p05": 594.3705274844563,
      "p25": 596.2907984832702,
      "p50": 597.733820071517,
      "p75": 599.0913880779472,
      "p95": 601.102821274827,
      "min": 590.4968390096692,
      "max": 603.6151345327426
    },
    "simulations": 1000,
    "volatility": 0.1435
  }
}