{
  "ticker": "SPY",
  "timestamp": "2026-04-05T09:57:34.610579",
  "current_price": 593.56,
  "forecast_minutes": 60,
  "technical_indicators": {
    "rsi": 54.32,
    "macd": {
      "line": 2.7386,
      "signal": 2.4648,
      "histogram": 0.2739
    },
    "bollinger_bands": {
      "upper": 599.85,
      "middle": 580.88,
      "lower": 561.92
    }
  },
  "bsm_analysis": {
    "greeks": {
      "delta": 0.5403,
      "gamma": 0.010963,
      "theta": -0.2833,
      "vega": 0.6754,
      "rho": 0.2507
    },
    "atm_call_price": 15.72,
    "atm_put_price": 13.17,
    "implied_move": 0.53
  },
  "prediction": {
    "signal": "NEUTRAL",
    "score": 1,
    "confidence": 25.0,
    "reasons": [
      "MACD histogram positive (bullish momentum)"
    ],
    "target_price": 593.68,
    "support": 591.57,
    "resistance": 595.7
  },
  "simulation": {
    "statistics": {
      "mean": 593.6762384640474,
      "std": 3.1205402533417668,
      "p05": 588.4874293505898,
      "p25": 591.5663937704309,
      "p50": 593.6896422409986,
      "p75": 595.6980130582932,
      "p95": 598.843446820741,
      "min": 584.0392637894204,
      "max": 605.771167140849
    },
    "simulations": 1000,
    "volatility": 0.2127
  }
}