{
  "ticker": "SPY",
  "timestamp": "2026-02-08T07:05:38.709138",
  "current_price": 597.91,
  "forecast_minutes": 60,
  "technical_indicators": {
    "rsi": 75.76,
    "macd": {
      "line": 10.2505,
      "signal": 9.2255,
      "histogram": 1.0251
    },
    "bollinger_bands": {
      "upper": 587.53,
      "middle": 559.13,
      "lower": 530.73
    }
  },
  "bsm_analysis": {
    "greeks": {
      "delta": 0.5385,
      "gamma": 0.009473,
      "theta": -0.3211,
      "vega": 0.6807,
      "rho": 0.2498
    },
    "atm_call_price": 18.0,
    "atm_put_price": 15.43,
    "implied_move": 0.58
  },
  "prediction": {
    "signal": "NEUTRAL",
    "score": -1,
    "confidence": 25.0,
    "reasons": [
      "RSI indicates overbought conditions",
      "MACD histogram positive (bullish momentum)"
    ],
    "target_price": 597.84,
    "support": 595.42,
    "resistance": 600.24
  },
  "simulation": {
    "statistics": {
      "mean": 597.8402041499385,
      "std": 3.439238828370429,
      "p05": 592.30370810454,
      "p25": 595.4174214072708,
      "p50": 597.795358718183,
      "p75": 600.2404370849798,
      "p95": 603.4237344036774,
      "min": 587.2506825049087,
      "max": 609.5431084455946
    },
    "simulations": 1000,
    "volatility": 0.2445
  }
}