{
  "ticker": "SPY",
  "timestamp": "2026-03-01T05:13:53.773839",
  "current_price": 597.32,
  "forecast_minutes": 60,
  "technical_indicators": {
    "rsi": 60.05,
    "macd": {
      "line": 4.4825,
      "signal": 4.0342,
      "histogram": 0.4482
    },
    "bollinger_bands": {
      "upper": 621.64,
      "middle": 598.74,
      "lower": 575.84
    }
  },
  "bsm_analysis": {
    "greeks": {
      "delta": 0.5454,
      "gamma": 0.013842,
      "theta": -0.2342,
      "vega": 0.6788,
      "rho": 0.2573
    },
    "atm_call_price": 12.73,
    "atm_put_price": 10.16,
    "implied_move": 0.41
  },
  "prediction": {
    "signal": "NEUTRAL",
    "score": 1,
    "confidence": 25.0,
    "reasons": [
      "MACD histogram positive (bullish momentum)"
    ],
    "target_price": 597.34,
    "support": 595.73,
    "resistance": 599.03
  },
  "simulation": {
    "statistics": {
      "mean": 597.3358322111324,
      "std": 2.4369012979907896,
      "p05": 593.3398610499219,
      "p25": 595.7291795700819,
      "p50": 597.3747193078964,
      "p75": 599.0252781182061,
      "p95": 601.1439871877742,
      "min": 589.1669227648624,
      "max": 605.2169892582248
    },
    "simulations": 1000,
    "volatility": 0.1672
  }
}