{
  "ticker": "SPY",
  "timestamp": "2026-03-25T22:47:18.471664",
  "current_price": 593.33,
  "forecast_minutes": 60,
  "technical_indicators": {
    "rsi": 60.99,
    "macd": {
      "line": 2.9776,
      "signal": 2.6798,
      "histogram": 0.2978
    },
    "bollinger_bands": {
      "upper": 596.06,
      "middle": 581.88,
      "lower": 567.69
    }
  },
  "bsm_analysis": {
    "greeks": {
      "delta": 0.5586,
      "gamma": 0.020175,
      "theta": -0.175,
      "vega": 0.6713,
      "rho": 0.2649
    },
    "atm_call_price": 9.13,
    "atm_put_price": 6.58,
    "implied_move": 0.28
  },
  "prediction": {
    "signal": "NEUTRAL",
    "score": 1,
    "confidence": 25.0,
    "reasons": [
      "MACD histogram positive (bullish momentum)"
    ],
    "target_price": 593.33,
    "support": 592.32,
    "resistance": 594.4
  },
  "simulation": {
    "statistics": {
      "mean": 593.3257677417281,
      "std": 1.6470265300586036,
      "p05": 590.6349457248148,
      "p25": 592.3226911079913,
      "p50": 593.370191689195,
      "p75": 594.3999475929326,
      "p95": 596.0228336925248,
      "min": 588.1724811898688,
      "max": 598.5903594450618
    },
    "simulations": 1000,
    "volatility": 0.115
  }
}