{
  "ticker": "SPY",
  "timestamp": "2026-02-25T08:32:01.353027",
  "current_price": 593.84,
  "forecast_minutes": 60,
  "technical_indicators": {
    "rsi": 68.33,
    "macd": {
      "line": -2.4234,
      "signal": -2.1811,
      "histogram": -0.2423
    },
    "bollinger_bands": {
      "upper": 576.76,
      "middle": 545.49,
      "lower": 514.22
    }
  },
  "bsm_analysis": {
    "greeks": {
      "delta": 0.5401,
      "gamma": 0.004783,
      "theta": -0.5902,
      "vega": 0.6758,
      "rho": 0.2354
    },
    "atm_call_price": 34.31,
    "atm_put_price": 31.75,
    "implied_move": 1.22
  },
  "prediction": {
    "signal": "NEUTRAL",
    "score": -1,
    "confidence": 25.0,
    "reasons": [
      "MACD histogram negative (bearish momentum)"
    ],
    "target_price": 594.2,
    "support": 589.07,
    "resistance": 599.52
  },
  "simulation": {
    "statistics": {
      "mean": 594.2039356235127,
      "std": 7.25750830279783,
      "p05": 581.7306309522205,
      "p25": 589.0745021480149,
      "p50": 594.5343531547674,
      "p75": 599.5234420504435,
      "p95": 605.1914964501324,
      "min": 573.6639125777936,
      "max": 618.1947328959675
    },
    "simulations": 1000,
    "volatility": 0.4875
  }
}