{
  "ticker": "SPY",
  "timestamp": "2026-03-25T09:06:17.026762",
  "current_price": 594.82,
  "forecast_minutes": 60,
  "technical_indicators": {
    "rsi": 42.18,
    "macd": {
      "line": 1.7756,
      "signal": 1.5981,
      "histogram": 0.1776
    },
    "bollinger_bands": {
      "upper": 646.58,
      "middle": 623.1,
      "lower": 599.62
    }
  },
  "bsm_analysis": {
    "greeks": {
      "delta": 0.5372,
      "gamma": 0.006466,
      "theta": -0.4489,
      "vega": 0.6774,
      "rho": 0.2415
    },
    "atm_call_price": 25.75,
    "atm_put_price": 23.18,
    "implied_move": 0.89
  },
  "prediction": {
    "signal": "NEUTRAL",
    "score": 1,
    "confidence": 25.0,
    "reasons": [
      "MACD histogram positive (bullish momentum)"
    ],
    "target_price": 594.98,
    "support": 591.35,
    "resistance": 598.51
  },
  "simulation": {
    "statistics": {
      "mean": 594.977672382524,
      "std": 5.2910649172084625,
      "p05": 585.9505874058402,
      "p25": 591.3468829831204,
      "p50": 594.9643431481211,
      "p75": 598.5062958081886,
      "p95": 603.9349555594606,
      "min": 579.9934495674408,
      "max": 611.5020806689703
    },
    "simulations": 1000,
    "volatility": 0.3602
  }
}