{
  "ticker": "SPY",
  "timestamp": "2026-03-11T08:21:44.297383",
  "current_price": 597.16,
  "forecast_minutes": 60,
  "technical_indicators": {
    "rsi": 37.91,
    "macd": {
      "line": 7.8976,
      "signal": 7.1078,
      "histogram": 0.7898
    },
    "bollinger_bands": {
      "upper": 658.51,
      "middle": 623.43,
      "lower": 588.35
    }
  },
  "bsm_analysis": {
    "greeks": {
      "delta": 0.537,
      "gamma": 0.007359,
      "theta": -0.4002,
      "vega": 0.68,
      "rho": 0.2448
    },
    "atm_call_price": 22.79,
    "atm_put_price": 20.22,
    "implied_move": 0.78
  },
  "prediction": {
    "signal": "NEUTRAL",
    "score": 1,
    "confidence": 25.0,
    "reasons": [
      "MACD histogram positive (bullish momentum)"
    ],
    "target_price": 597.3,
    "support": 594.03,
    "resistance": 600.4
  },
  "simulation": {
    "statistics": {
      "mean": 597.3030959246375,
      "std": 4.6415883471636,
      "p05": 589.5070735508866,
      "p25": 594.0343393697058,
      "p50": 597.3672336830475,
      "p75": 600.4004779302654,
      "p95": 604.9268497896824,
      "min": 581.8049759413856,
      "max": 612.0681479481913
    },
    "simulations": 1000,
    "volatility": 0.3153
  }
}