{
  "ticker": "SPY",
  "timestamp": "2026-02-26T08:02:22.268044",
  "current_price": 594.84,
  "forecast_minutes": 60,
  "technical_indicators": {
    "rsi": 67.65,
    "macd": {
      "line": 0.8777,
      "signal": 0.7899,
      "histogram": 0.0878
    },
    "bollinger_bands": {
      "upper": 581.16,
      "middle": 559.39,
      "lower": 537.61
    }
  },
  "bsm_analysis": {
    "greeks": {
      "delta": 0.5376,
      "gamma": 0.008561,
      "theta": -0.3503,
      "vega": 0.6773,
      "rho": 0.2466
    },
    "atm_call_price": 19.77,
    "atm_put_price": 17.21,
    "implied_move": 0.66
  },
  "prediction": {
    "signal": "NEUTRAL",
    "score": 1,
    "confidence": 25.0,
    "reasons": [
      "MACD histogram positive (bullish momentum)"
    ],
    "target_price": 594.81,
    "support": 592.05,
    "resistance": 597.38
  },
  "simulation": {
    "statistics": {
      "mean": 594.8059930150976,
      "std": 3.9293105288012695,
      "p05": 588.4116269453201,
      "p25": 592.0516851088289,
      "p50": 594.6588937802326,
      "p75": 597.3801213786296,
      "p95": 601.4158798150238,
      "min": 583.8596701955961,
      "max": 607.7549502645726
    },
    "simulations": 1000,
    "volatility": 0.2721
  }
}