{
  "ticker": "SPY",
  "timestamp": "2026-03-08T02:00:25.311898",
  "current_price": 594.37,
  "forecast_minutes": 60,
  "technical_indicators": {
    "rsi": 30.4,
    "macd": {
      "line": -3.3677,
      "signal": -3.0309,
      "histogram": -0.3368
    },
    "bollinger_bands": {
      "upper": 622.4,
      "middle": 608.64,
      "lower": 594.89
    }
  },
  "bsm_analysis": {
    "greeks": {
      "delta": 0.5579,
      "gamma": 0.019841,
      "theta": -0.1772,
      "vega": 0.6726,
      "rho": 0.2649
    },
    "atm_call_price": 9.26,
    "atm_put_price": 6.71,
    "implied_move": 0.29
  },
  "prediction": {
    "signal": "NEUTRAL",
    "score": -1,
    "confidence": 25.0,
    "reasons": [
      "MACD histogram negative (bearish momentum)"
    ],
    "target_price": 594.37,
    "support": 593.19,
    "resistance": 595.48
  },
  "simulation": {
    "statistics": {
      "mean": 594.3651823993868,
      "std": 1.749432229686096,
      "p05": 591.4040736813869,
      "p25": 593.1922596534487,
      "p50": 594.4505915369989,
      "p75": 595.4802337013502,
      "p95": 597.2871470963393,
      "min": 589.4640725481471,
      "max": 599.4885814497309
    },
    "simulations": 1000,
    "volatility": 0.1168
  }
}