{
  "ticker": "SPY",
  "timestamp": "2026-03-14T09:56:04.558194",
  "current_price": 595.41,
  "forecast_minutes": 60,
  "technical_indicators": {
    "rsi": 58.84,
    "macd": {
      "line": -3.6109,
      "signal": -3.2498,
      "histogram": -0.3611
    },
    "bollinger_bands": {
      "upper": 589.14,
      "middle": 569.49,
      "lower": 549.84
    }
  },
  "bsm_analysis": {
    "greeks": {
      "delta": 0.537,
      "gamma": 0.00753,
      "theta": -0.392,
      "vega": 0.6781,
      "rho": 0.2445
    },
    "atm_call_price": 22.3,
    "atm_put_price": 19.74,
    "implied_move": 0.77
  },
  "prediction": {
    "signal": "NEUTRAL",
    "score": -1,
    "confidence": 25.0,
    "reasons": [
      "MACD histogram negative (bearish momentum)"
    ],
    "target_price": 595.48,
    "support": 592.24,
    "resistance": 598.71
  },
  "simulation": {
    "statistics": {
      "mean": 595.4824988765638,
      "std": 4.605412719514731,
      "p05": 588.0501506009168,
      "p25": 592.2406647008129,
      "p50": 595.4111479907732,
      "p75": 598.7146382488863,
      "p95": 603.0443474683309,
      "min": 581.2061331279181,
      "max": 609.6002164497129
    },
    "simulations": 1000,
    "volatility": 0.309
  }
}