{
  "ticker": "SPY",
  "timestamp": "2026-03-01T06:04:22.341219",
  "current_price": 592.27,
  "forecast_minutes": 60,
  "technical_indicators": {
    "rsi": 58.8,
    "macd": {
      "line": -6.1977,
      "signal": -5.5779,
      "histogram": -0.6198
    },
    "bollinger_bands": {
      "upper": 601.98,
      "middle": 568.8,
      "lower": 535.62
    }
  },
  "bsm_analysis": {
    "greeks": {
      "delta": 0.537,
      "gamma": 0.007328,
      "theta": -0.4013,
      "vega": 0.6745,
      "rho": 0.2426
    },
    "atm_call_price": 22.87,
    "atm_put_price": 20.32,
    "implied_move": 0.8
  },
  "prediction": {
    "signal": "NEUTRAL",
    "score": -1,
    "confidence": 25.0,
    "reasons": [
      "MACD histogram negative (bearish momentum)"
    ],
    "target_price": 592.29,
    "support": 588.92,
    "resistance": 595.51
  },
  "simulation": {
    "statistics": {
      "mean": 592.2889614037413,
      "std": 4.742999091989148,
      "p05": 584.7253114459678,
      "p25": 588.9161388935249,
      "p50": 592.1763484059163,
      "p75": 595.505530827563,
      "p95": 600.3058035924794,
      "min": 578.4466181171473,
      "max": 605.3122539983242
    },
    "simulations": 1000,
    "volatility": 0.3192
  }
}