{
  "ticker": "SPY",
  "timestamp": "2026-03-01T01:17:31.612358",
  "current_price": 593.7,
  "forecast_minutes": 60,
  "technical_indicators": {
    "rsi": 63.63,
    "macd": {
      "line": 0.0277,
      "signal": 0.0249,
      "histogram": 0.0028
    },
    "bollinger_bands": {
      "upper": 579.89,
      "middle": 561.92,
      "lower": 543.95
    }
  },
  "bsm_analysis": {
    "greeks": {
      "delta": 0.5371,
      "gamma": 0.006836,
      "theta": -0.427,
      "vega": 0.6761,
      "rho": 0.242
    },
    "atm_call_price": 24.42,
    "atm_put_price": 21.87,
    "implied_move": 0.83
  },
  "prediction": {
    "signal": "NEUTRAL",
    "score": 1,
    "confidence": 25.0,
    "reasons": [
      "MACD histogram positive (bullish momentum)"
    ],
    "target_price": 593.89,
    "support": 590.65,
    "resistance": 597.12
  },
  "simulation": {
    "statistics": {
      "mean": 593.8912139246867,
      "std": 4.902473449880879,
      "p05": 585.8994882849898,
      "p25": 590.6510255594987,
      "p50": 593.8418421784942,
      "p75": 597.1171462955133,
      "p95": 601.967756031103,
      "min": 576.5185199040421,
      "max": 608.690064520115
    },
    "simulations": 1000,
    "volatility": 0.3414
  }
}