{
  "ticker": "SPY",
  "timestamp": "2026-04-07T08:15:17.633655",
  "current_price": 592.04,
  "forecast_minutes": 60,
  "technical_indicators": {
    "rsi": 73.94,
    "macd": {
      "line": -1.9535,
      "signal": -1.7581,
      "histogram": -0.1953
    },
    "bollinger_bands": {
      "upper": 578.73,
      "middle": 550.8,
      "lower": 522.87
    }
  },
  "bsm_analysis": {
    "greeks": {
      "delta": 0.5382,
      "gamma": 0.005624,
      "theta": -0.5089,
      "vega": 0.674,
      "rho": 0.2377
    },
    "atm_call_price": 29.39,
    "atm_put_price": 26.84,
    "implied_move": 1.02
  },
  "prediction": {
    "signal": "BEARISH",
    "score": -3,
    "confidence": 75.0,
    "reasons": [
      "RSI indicates overbought conditions",
      "MACD histogram negative (bearish momentum)"
    ],
    "target_price": 592.22,
    "support": 588.06,
    "resistance": 596.48
  },
  "simulation": {
    "statistics": {
      "mean": 592.2239412716825,
      "std": 6.0632552060247695,
      "p05": 582.5596438378354,
      "p25": 588.0641089625306,
      "p50": 592.1905256159637,
      "p75": 596.4814690746093,
      "p95": 602.0964645639878,
      "min": 570.9027031841932,
      "max": 614.1846729055213
    },
    "simulations": 1000,
    "volatility": 0.416
  }
}