{
  "ticker": "SPY",
  "timestamp": "2026-03-30T06:20:12.738542",
  "current_price": 592.99,
  "forecast_minutes": 60,
  "technical_indicators": {
    "rsi": 57.69,
    "macd": {
      "line": -7.3107,
      "signal": -6.5797,
      "histogram": -0.7311
    },
    "bollinger_bands": {
      "upper": 600.63,
      "middle": 567.12,
      "lower": 533.62
    }
  },
  "bsm_analysis": {
    "greeks": {
      "delta": 0.5376,
      "gamma": 0.006047,
      "theta": -0.4767,
      "vega": 0.6752,
      "rho": 0.2395
    },
    "atm_call_price": 27.43,
    "atm_put_price": 24.88,
    "implied_move": 0.96
  },
  "prediction": {
    "signal": "NEUTRAL",
    "score": -1,
    "confidence": 25.0,
    "reasons": [
      "MACD histogram negative (bearish momentum)"
    ],
    "target_price": 592.71,
    "support": 588.78,
    "resistance": 596.62
  },
  "simulation": {
    "statistics": {
      "mean": 592.7110355917492,
      "std": 5.720288335896521,
      "p05": 583.2147887332358,
      "p25": 588.7810163513334,
      "p50": 592.7515142473023,
      "p75": 596.6224898391581,
      "p95": 601.78963724307,
      "min": 574.4465898276683,
      "max": 611.2153883836602
    },
    "simulations": 1000,
    "volatility": 0.3864
  }
}