{
  "ticker": "SPY",
  "timestamp": "2026-03-16T12:35:47.194050",
  "current_price": 593.39,
  "forecast_minutes": 60,
  "technical_indicators": {
    "rsi": 70.79,
    "macd": {
      "line": 5.4805,
      "signal": 4.9325,
      "histogram": 0.5481
    },
    "bollinger_bands": {
      "upper": 586.77,
      "middle": 564.08,
      "lower": 541.39
    }
  },
  "bsm_analysis": {
    "greeks": {
      "delta": 0.5453,
      "gamma": 0.013883,
      "theta": -0.2333,
      "vega": 0.6743,
      "rho": 0.2555
    },
    "atm_call_price": 12.69,
    "atm_put_price": 10.13,
    "implied_move": 0.4
  },
  "prediction": {
    "signal": "NEUTRAL",
    "score": -1,
    "confidence": 25.0,
    "reasons": [
      "RSI indicates overbought conditions",
      "MACD histogram positive (bullish momentum)"
    ],
    "target_price": 593.28,
    "support": 591.78,
    "resistance": 594.89
  },
  "simulation": {
    "statistics": {
      "mean": 593.2750593632927,
      "std": 2.4020480675176183,
      "p05": 589.4132234947602,
      "p25": 591.7757966591657,
      "p50": 593.208519449067,
      "p75": 594.8938991097427,
      "p95": 597.0525215502583,
      "min": 585.694761885102,
      "max": 600.9868187960427
    },
    "simulations": 1000,
    "volatility": 0.1678
  }
}