{
  "ticker": "SPY",
  "timestamp": "2026-03-29T01:19:56.251677",
  "current_price": 594.83,
  "forecast_minutes": 60,
  "technical_indicators": {
    "rsi": 51.13,
    "macd": {
      "line": 4.1302,
      "signal": 3.7172,
      "histogram": 0.413
    },
    "bollinger_bands": {
      "upper": 606.85,
      "middle": 590.93,
      "lower": 575.01
    }
  },
  "bsm_analysis": {
    "greeks": {
      "delta": 0.5456,
      "gamma": 0.014033,
      "theta": -0.2314,
      "vega": 0.6759,
      "rho": 0.2564
    },
    "atm_call_price": 12.57,
    "atm_put_price": 10.01,
    "implied_move": 0.41
  },
  "prediction": {
    "signal": "NEUTRAL",
    "score": 1,
    "confidence": 25.0,
    "reasons": [
      "MACD histogram positive (bullish momentum)"
    ],
    "target_price": 594.88,
    "support": 593.18,
    "resistance": 596.48
  },
  "simulation": {
    "statistics": {
      "mean": 594.8775225762909,
      "std": 2.4327558084827934,
      "p05": 591.1037810107553,
      "p25": 593.1818426071848,
      "p50": 594.8260591051917,
      "p75": 596.483399034438,
      "p95": 598.9299825429443,
      "min": 587.4407421044647,
      "max": 603.0794709311938
    },
    "simulations": 1000,
    "volatility": 0.1656
  }
}