{
  "ticker": "SPY",
  "timestamp": "2026-02-14T05:54:25.742721",
  "current_price": 595.56,
  "forecast_minutes": 60,
  "technical_indicators": {
    "rsi": 46.34,
    "macd": {
      "line": -0.6016,
      "signal": -0.5415,
      "histogram": -0.0602
    },
    "bollinger_bands": {
      "upper": 608.72,
      "middle": 592.29,
      "lower": 575.86
    }
  },
  "bsm_analysis": {
    "greeks": {
      "delta": 0.5456,
      "gamma": 0.013982,
      "theta": -0.2322,
      "vega": 0.6767,
      "rho": 0.2567
    },
    "atm_call_price": 12.61,
    "atm_put_price": 10.05,
    "implied_move": 0.41
  },
  "prediction": {
    "signal": "NEUTRAL",
    "score": -1,
    "confidence": 25.0,
    "reasons": [
      "MACD histogram negative (bearish momentum)"
    ],
    "target_price": 595.63,
    "support": 594.03,
    "resistance": 597.25
  },
  "simulation": {
    "statistics": {
      "mean": 595.6308360609399,
      "std": 2.4313191200982636,
      "p05": 591.5207590283168,
      "p25": 594.0271484570328,
      "p50": 595.6569789568861,
      "p75": 597.2501404521319,
      "p95": 599.605529513167,
      "min": 586.3439275542464,
      "max": 604.6876508325538
    },
    "simulations": 1000,
    "volatility": 0.166
  }
}