{
  "ticker": "SPY",
  "timestamp": "2026-02-18T21:50:53.650787",
  "current_price": 594.47,
  "forecast_minutes": 60,
  "technical_indicators": {
    "rsi": 74.29,
    "macd": {
      "line": 2.6413,
      "signal": 2.3772,
      "histogram": 0.2641
    },
    "bollinger_bands": {
      "upper": 590.53,
      "middle": 574.36,
      "lower": 558.18
    }
  },
  "bsm_analysis": {
    "greeks": {
      "delta": 0.5428,
      "gamma": 0.012506,
      "theta": -0.2541,
      "vega": 0.676,
      "rho": 0.2538
    },
    "atm_call_price": 13.95,
    "atm_put_price": 11.39,
    "implied_move": 0.46
  },
  "prediction": {
    "signal": "NEUTRAL",
    "score": -1,
    "confidence": 25.0,
    "reasons": [
      "RSI indicates overbought conditions",
      "MACD histogram positive (bullish momentum)"
    ],
    "target_price": 594.4,
    "support": 592.63,
    "resistance": 596.16
  },
  "simulation": {
    "statistics": {
      "mean": 594.3970816494647,
      "std": 2.7269089173527674,
      "p05": 590.0587666309577,
      "p25": 592.630008735526,
      "p50": 594.4098568070278,
      "p75": 596.1635765322196,
      "p95": 598.9881013796054,
      "min": 586.168150941356,
      "max": 604.5287841878733
    },
    "simulations": 1000,
    "volatility": 0.1861
  }
}