{
  "ticker": "SPY",
  "timestamp": "2026-03-29T06:36:18.218038",
  "current_price": 592.28,
  "forecast_minutes": 60,
  "technical_indicators": {
    "rsi": 43.23,
    "macd": {
      "line": 1.7078,
      "signal": 1.5371,
      "histogram": 0.1708
    },
    "bollinger_bands": {
      "upper": 631.43,
      "middle": 614.79,
      "lower": 598.15
    }
  },
  "bsm_analysis": {
    "greeks": {
      "delta": 0.5394,
      "gamma": 0.010336,
      "theta": -0.2977,
      "vega": 0.6741,
      "rho": 0.2489
    },
    "atm_call_price": 16.6,
    "atm_put_price": 14.05,
    "implied_move": 0.56
  },
  "prediction": {
    "signal": "NEUTRAL",
    "score": 1,
    "confidence": 25.0,
    "reasons": [
      "MACD histogram positive (bullish momentum)"
    ],
    "target_price": 592.48,
    "support": 590.26,
    "resistance": 594.77
  },
  "simulation": {
    "statistics": {
      "mean": 592.4753476695863,
      "std": 3.3189700373713533,
      "p05": 586.6761537998636,
      "p25": 590.2649011320439,
      "p50": 592.6400095852723,
      "p75": 594.7658802853639,
      "p95": 597.8086653490745,
      "min": 580.0578849715353,
      "max": 602.1152052618265
    },
    "simulations": 1000,
    "volatility": 0.2262
  }
}