{
  "ticker": "SPY",
  "timestamp": "2026-02-16T05:38:11.708404",
  "current_price": 593.38,
  "forecast_minutes": 60,
  "technical_indicators": {
    "rsi": 56.5,
    "macd": {
      "line": 3.3927,
      "signal": 3.0534,
      "histogram": 0.3393
    },
    "bollinger_bands": {
      "upper": 605.29,
      "middle": 590.71,
      "lower": 576.13
    }
  },
  "bsm_analysis": {
    "greeks": {
      "delta": 0.5548,
      "gamma": 0.0185,
      "theta": -0.1866,
      "vega": 0.6722,
      "rho": 0.2625
    },
    "atm_call_price": 9.84,
    "atm_put_price": 7.29,
    "implied_move": 0.31
  },
  "prediction": {
    "signal": "NEUTRAL",
    "score": 1,
    "confidence": 25.0,
    "reasons": [
      "MACD histogram positive (bullish momentum)"
    ],
    "target_price": 593.42,
    "support": 592.14,
    "resistance": 594.74
  },
  "simulation": {
    "statistics": {
      "mean": 593.416196236997,
      "std": 1.8117075662601194,
      "p05": 590.4880335136895,
      "p25": 592.137887830317,
      "p50": 593.3834914224072,
      "p75": 594.7359312764393,
      "p95": 596.4157425974795,
      "min": 588.5124686196067,
      "max": 600.9566748866469
    },
    "simulations": 1000,
    "volatility": 0.1256
  }
}