{
  "ticker": "SPY",
  "timestamp": "2026-02-24T11:08:50.403225",
  "current_price": 593.0,
  "forecast_minutes": 60,
  "technical_indicators": {
    "rsi": 57.47,
    "macd": {
      "line": -4.1947,
      "signal": -3.7753,
      "histogram": -0.4195
    },
    "bollinger_bands": {
      "upper": 585.77,
      "middle": 553.95,
      "lower": 522.12
    }
  },
  "bsm_analysis": {
    "greeks": {
      "delta": 0.5385,
      "gamma": 0.005451,
      "theta": -0.5236,
      "vega": 0.6751,
      "rho": 0.2376
    },
    "atm_call_price": 30.27,
    "atm_put_price": 27.72,
    "implied_move": 1.02
  },
  "prediction": {
    "signal": "NEUTRAL",
    "score": -1,
    "confidence": 25.0,
    "reasons": [
      "MACD histogram negative (bearish momentum)"
    ],
    "target_price": 593.07,
    "support": 588.71,
    "resistance": 597.18
  },
  "simulation": {
    "statistics": {
      "mean": 593.0665332187804,
      "std": 6.066254226927798,
      "p05": 583.3914615272005,
      "p25": 588.7096407670429,
      "p50": 593.1724461853092,
      "p75": 597.1766713924598,
      "p95": 602.8266798453711,
      "min": 574.4734347130365,
      "max": 615.4936170454599
    },
    "simulations": 1000,
    "volatility": 0.4285
  }
}