{
  "ticker": "SPY",
  "timestamp": "2026-02-25T09:36:02.110191",
  "current_price": 593.5,
  "forecast_minutes": 60,
  "technical_indicators": {
    "rsi": 34.57,
    "macd": {
      "line": 1.8323,
      "signal": 1.6491,
      "histogram": 0.1832
    },
    "bollinger_bands": {
      "upper": 657.93,
      "middle": 629.1,
      "lower": 600.26
    }
  },
  "bsm_analysis": {
    "greeks": {
      "delta": 0.5393,
      "gamma": 0.005074,
      "theta": -0.5591,
      "vega": 0.6755,
      "rho": 0.2364
    },
    "atm_call_price": 32.42,
    "atm_put_price": 29.86,
    "implied_move": 1.13
  },
  "prediction": {
    "signal": "NEUTRAL",
    "score": 1,
    "confidence": 25.0,
    "reasons": [
      "MACD histogram positive (bullish momentum)"
    ],
    "target_price": 593.42,
    "support": 589.2,
    "resistance": 597.83
  },
  "simulation": {
    "statistics": {
      "mean": 593.4194670891922,
      "std": 6.692068612509916,
      "p05": 581.955259999656,
      "p25": 589.197736654558,
      "p50": 593.2656839649428,
      "p75": 597.829299768575,
      "p95": 604.4887556859516,
      "min": 567.6407588017412,
      "max": 615.940384722141
    },
    "simulations": 1000,
    "volatility": 0.4598
  }
}