{
  "ticker": "SPY",
  "timestamp": "2026-03-13T09:48:00.726898",
  "current_price": 596.06,
  "forecast_minutes": 60,
  "technical_indicators": {
    "rsi": 43.98,
    "macd": {
      "line": -2.4448,
      "signal": -2.2003,
      "histogram": -0.2445
    },
    "bollinger_bands": {
      "upper": 611.51,
      "middle": 599.8,
      "lower": 588.09
    }
  },
  "bsm_analysis": {
    "greeks": {
      "delta": 0.5541,
      "gamma": 0.018071,
      "theta": -0.1902,
      "vega": 0.6755,
      "rho": 0.2632
    },
    "atm_call_price": 10.05,
    "atm_put_price": 7.48,
    "implied_move": 0.32
  },
  "prediction": {
    "signal": "NEUTRAL",
    "score": -1,
    "confidence": 25.0,
    "reasons": [
      "MACD histogram negative (bearish momentum)"
    ],
    "target_price": 595.98,
    "support": 594.71,
    "resistance": 597.29
  },
  "simulation": {
    "statistics": {
      "mean": 595.9771629656058,
      "std": 1.887127064364343,
      "p05": 592.9638856448184,
      "p25": 594.7052720698887,
      "p50": 595.951607661136,
      "p75": 597.2900616623413,
      "p95": 598.9921679512003,
      "min": 588.1320572288632,
      "max": 601.8260154207483
    },
    "simulations": 1000,
    "volatility": 0.128
  }
}