{
  "ticker": "SPY",
  "timestamp": "2026-03-14T07:45:23.186212",
  "current_price": 597.17,
  "forecast_minutes": 60,
  "technical_indicators": {
    "rsi": 63.52,
    "macd": {
      "line": 3.8179,
      "signal": 3.4361,
      "histogram": 0.3818
    },
    "bollinger_bands": {
      "upper": 594.49,
      "middle": 578.32,
      "lower": 562.15
    }
  },
  "bsm_analysis": {
    "greeks": {
      "delta": 0.5371,
      "gamma": 0.007803,
      "theta": -0.38,
      "vega": 0.68,
      "rho": 0.2459
    },
    "atm_call_price": 21.57,
    "atm_put_price": 19.0,
    "implied_move": 0.73
  },
  "prediction": {
    "signal": "NEUTRAL",
    "score": 1,
    "confidence": 25.0,
    "reasons": [
      "MACD histogram positive (bullish momentum)"
    ],
    "target_price": 597.51,
    "support": 594.57,
    "resistance": 600.43
  },
  "simulation": {
    "statistics": {
      "mean": 597.5116073795222,
      "std": 4.333441768010659,
      "p05": 590.2281702567777,
      "p25": 594.5712842923779,
      "p50": 597.4565509762142,
      "p75": 600.428903698008,
      "p95": 604.5285619306736,
      "min": 583.732095556712,
      "max": 612.694263337127
    },
    "simulations": 1000,
    "volatility": 0.2973
  }
}