{
  "ticker": "SPY",
  "timestamp": "2026-02-28T05:47:47.404689",
  "current_price": 594.7,
  "forecast_minutes": 60,
  "technical_indicators": {
    "rsi": 51.04,
    "macd": {
      "line": 7.805,
      "signal": 7.0245,
      "histogram": 0.7805
    },
    "bollinger_bands": {
      "upper": 629.05,
      "middle": 600.7,
      "lower": 572.35
    }
  },
  "bsm_analysis": {
    "greeks": {
      "delta": 0.5379,
      "gamma": 0.009,
      "theta": -0.3354,
      "vega": 0.6771,
      "rho": 0.2474
    },
    "atm_call_price": 18.87,
    "atm_put_price": 16.31,
    "implied_move": 0.65
  },
  "prediction": {
    "signal": "NEUTRAL",
    "score": 1,
    "confidence": 25.0,
    "reasons": [
      "MACD histogram positive (bullish momentum)"
    ],
    "target_price": 594.7,
    "support": 591.97,
    "resistance": 597.32
  },
  "simulation": {
    "statistics": {
      "mean": 594.6999545341963,
      "std": 3.857053491344508,
      "p05": 588.5583846470954,
      "p25": 591.970683474713,
      "p50": 594.7946220532016,
      "p75": 597.3219682474822,
      "p95": 600.976324471517,
      "min": 582.0063390496597,
      "max": 606.3749314746651
    },
    "simulations": 1000,
    "volatility": 0.2588
  }
}