{
  "ticker": "SPY",
  "timestamp": "2026-04-13T18:17:07.744282",
  "current_price": 595.25,
  "forecast_minutes": 60,
  "technical_indicators": {
    "rsi": 31.93,
    "macd": {
      "line": -6.6051,
      "signal": -5.9446,
      "histogram": -0.6605
    },
    "bollinger_bands": {
      "upper": 635.28,
      "middle": 609.03,
      "lower": 582.78
    }
  },
  "bsm_analysis": {
    "greeks": {
      "delta": 0.5473,
      "gamma": 0.014887,
      "theta": -0.2208,
      "vega": 0.676,
      "rho": 0.258
    },
    "atm_call_price": 11.92,
    "atm_put_price": 9.36,
    "implied_move": 0.4
  },
  "prediction": {
    "signal": "NEUTRAL",
    "score": -1,
    "confidence": 25.0,
    "reasons": [
      "MACD histogram negative (bearish momentum)"
    ],
    "target_price": 595.28,
    "support": 593.66,
    "resistance": 596.9
  },
  "simulation": {
    "statistics": {
      "mean": 595.2783365360812,
      "std": 2.408004343125232,
      "p05": 591.2898311079631,
      "p25": 593.66431062119,
      "p50": 595.3375005040807,
      "p75": 596.8956258798164,
      "p95": 599.1880597252085,
      "min": 585.6737510384554,
      "max": 602.6107707299725
    },
    "simulations": 1000,
    "volatility": 0.1559
  }
}