{
  "ticker": "SPY",
  "timestamp": "2026-03-15T11:26:37.615439",
  "current_price": 597.01,
  "forecast_minutes": 60,
  "technical_indicators": {
    "rsi": 59.17,
    "macd": {
      "line": -2.0267,
      "signal": -1.8241,
      "histogram": -0.2027
    },
    "bollinger_bands": {
      "upper": 605.03,
      "middle": 584.0,
      "lower": 562.97
    }
  },
  "bsm_analysis": {
    "greeks": {
      "delta": 0.5503,
      "gamma": 0.0163,
      "theta": -0.2058,
      "vega": 0.6774,
      "rho": 0.261
    },
    "atm_call_price": 11.0,
    "atm_put_price": 8.43,
    "implied_move": 0.35
  },
  "prediction": {
    "signal": "NEUTRAL",
    "score": -1,
    "confidence": 25.0,
    "reasons": [
      "MACD histogram negative (bearish momentum)"
    ],
    "target_price": 597.09,
    "support": 595.72,
    "resistance": 598.61
  },
  "simulation": {
    "statistics": {
      "mean": 597.0907849891016,
      "std": 2.101430135719204,
      "p05": 593.6717896703359,
      "p25": 595.7187081460568,
      "p50": 597.0622499268253,
      "p75": 598.6059873957175,
      "p95": 600.5529898508312,
      "min": 590.2518162909475,
      "max": 603.5048496931028
    },
    "simulations": 1000,
    "volatility": 0.1419
  }
}