{
  "ticker": "SPY",
  "timestamp": "2026-02-27T13:32:36.566419",
  "current_price": 597.64,
  "forecast_minutes": 60,
  "technical_indicators": {
    "rsi": 71.71,
    "macd": {
      "line": -3.0336,
      "signal": -2.7302,
      "histogram": -0.3034
    },
    "bollinger_bands": {
      "upper": 588.86,
      "middle": 560.54,
      "lower": 532.21
    }
  },
  "bsm_analysis": {
    "greeks": {
      "delta": 0.5373,
      "gamma": 0.006257,
      "theta": -0.4626,
      "vega": 0.6805,
      "rho": 0.2421
    },
    "atm_call_price": 26.57,
    "atm_put_price": 23.99,
    "implied_move": 0.91
  },
  "prediction": {
    "signal": "BEARISH",
    "score": -3,
    "confidence": 75.0,
    "reasons": [
      "RSI indicates overbought conditions",
      "MACD histogram negative (bearish momentum)"
    ],
    "target_price": 597.6,
    "support": 594.04,
    "resistance": 601.19
  },
  "simulation": {
    "statistics": {
      "mean": 597.6011509075889,
      "std": 5.4681800136094765,
      "p05": 588.180790302418,
      "p25": 594.0437363496009,
      "p50": 597.678234259218,
      "p75": 601.1948538858733,
      "p95": 606.6716816539874,
      "min": 578.8379063638406,
      "max": 615.9860763222089
    },
    "simulations": 1000,
    "volatility": 0.3705
  }
}