{
  "ticker": "SPY",
  "timestamp": "2026-04-04T14:53:29.809303",
  "current_price": 596.72,
  "forecast_minutes": 60,
  "technical_indicators": {
    "rsi": 39.4,
    "macd": {
      "line": 1.1968,
      "signal": 1.0771,
      "histogram": 0.1197
    },
    "bollinger_bands": {
      "upper": 620.8,
      "middle": 608.58,
      "lower": 596.37
    }
  },
  "bsm_analysis": {
    "greeks": {
      "delta": 0.5384,
      "gamma": 0.009401,
      "theta": -0.3231,
      "vega": 0.6793,
      "rho": 0.2492
    },
    "atm_call_price": 18.13,
    "atm_put_price": 15.56,
    "implied_move": 0.61
  },
  "prediction": {
    "signal": "NEUTRAL",
    "score": 1,
    "confidence": 25.0,
    "reasons": [
      "MACD histogram positive (bullish momentum)"
    ],
    "target_price": 596.81,
    "support": 594.28,
    "resistance": 599.16
  },
  "simulation": {
    "statistics": {
      "mean": 596.8093888185625,
      "std": 3.6246568105919437,
      "p05": 590.8906682694835,
      "p25": 594.2751201008517,
      "p50": 596.8819202727084,
      "p75": 599.1583365426737,
      "p95": 602.7531106122888,
      "min": 586.790212361593,
      "max": 607.7057249111741
    },
    "simulations": 1000,
    "volatility": 0.2469
  }
}