{
  "ticker": "SPY",
  "timestamp": "2026-03-06T23:11:13.245413",
  "current_price": 592.85,
  "forecast_minutes": 60,
  "technical_indicators": {
    "rsi": 64.35,
    "macd": {
      "line": -1.773,
      "signal": -1.5957,
      "histogram": -0.1773
    },
    "bollinger_bands": {
      "upper": 579.62,
      "middle": 557.74,
      "lower": 535.87
    }
  },
  "bsm_analysis": {
    "greeks": {
      "delta": 0.5376,
      "gamma": 0.006037,
      "theta": -0.4774,
      "vega": 0.6751,
      "rho": 0.2394
    },
    "atm_call_price": 27.47,
    "atm_put_price": 24.92,
    "implied_move": 0.95
  },
  "prediction": {
    "signal": "NEUTRAL",
    "score": -1,
    "confidence": 25.0,
    "reasons": [
      "MACD histogram negative (bearish momentum)"
    ],
    "target_price": 593.05,
    "support": 589.09,
    "resistance": 596.75
  },
  "simulation": {
    "statistics": {
      "mean": 593.0463347200513,
      "std": 5.613138474599861,
      "p05": 583.9092627210465,
      "p25": 589.0933537482553,
      "p50": 593.1229358257884,
      "p75": 596.7509114529798,
      "p95": 602.4699533436994,
      "min": 575.4597077674449,
      "max": 612.0618715101879
    },
    "simulations": 1000,
    "volatility": 0.3871
  }
}