{
  "ticker": "SPY",
  "timestamp": "2026-03-23T18:04:39.445326",
  "current_price": 593.14,
  "forecast_minutes": 60,
  "technical_indicators": {
    "rsi": 58.61,
    "macd": {
      "line": 2.0799,
      "signal": 1.8719,
      "histogram": 0.208
    },
    "bollinger_bands": {
      "upper": 588.3,
      "middle": 575.63,
      "lower": 562.95
    }
  },
  "bsm_analysis": {
    "greeks": {
      "delta": 0.54,
      "gamma": 0.010747,
      "theta": -0.2881,
      "vega": 0.675,
      "rho": 0.2501
    },
    "atm_call_price": 16.01,
    "atm_put_price": 13.46,
    "implied_move": 0.52
  },
  "prediction": {
    "signal": "NEUTRAL",
    "score": 1,
    "confidence": 25.0,
    "reasons": [
      "MACD histogram positive (bullish momentum)"
    ],
    "target_price": 593.16,
    "support": 591.06,
    "resistance": 595.2
  },
  "simulation": {
    "statistics": {
      "mean": 593.1630355063807,
      "std": 3.0566296591483737,
      "p05": 588.1404269724133,
      "p25": 591.0566614483957,
      "p50": 593.3186622596662,
      "p75": 595.1963393209937,
      "p95": 597.9270444585675,
      "min": 581.5672390431515,
      "max": 603.4795490671876
    },
    "simulations": 1000,
    "volatility": 0.2172
  }
}