{
  "ticker": "SPY",
  "timestamp": "2026-04-06T18:05:18.754836",
  "current_price": 595.37,
  "forecast_minutes": 60,
  "technical_indicators": {
    "rsi": 54.1,
    "macd": {
      "line": 3.2384,
      "signal": 2.9145,
      "histogram": 0.3238
    },
    "bollinger_bands": {
      "upper": 605.06,
      "middle": 590.96,
      "lower": 576.85
    }
  },
  "bsm_analysis": {
    "greeks": {
      "delta": 0.5579,
      "gamma": 0.019785,
      "theta": -0.1777,
      "vega": 0.6738,
      "rho": 0.2653
    },
    "atm_call_price": 9.29,
    "atm_put_price": 6.73,
    "implied_move": 0.28
  },
  "prediction": {
    "signal": "NEUTRAL",
    "score": 1,
    "confidence": 25.0,
    "reasons": [
      "MACD histogram positive (bullish momentum)"
    ],
    "target_price": 595.36,
    "support": 594.32,
    "resistance": 596.5
  },
  "simulation": {
    "statistics": {
      "mean": 595.3649802752145,
      "std": 1.6787596909935028,
      "p05": 592.5397348456946,
      "p25": 594.3211645379876,
      "p50": 595.3809296349795,
      "p75": 596.5039780295306,
      "p95": 598.0514029966729,
      "min": 589.4837726859223,
      "max": 600.7694373517811
    },
    "simulations": 1000,
    "volatility": 0.1169
  }
}