{
  "ticker": "SPY",
  "timestamp": "2026-03-14T06:54:14.181708",
  "current_price": 595.22,
  "forecast_minutes": 60,
  "technical_indicators": {
    "rsi": 53.38,
    "macd": {
      "line": 7.1534,
      "signal": 6.438,
      "histogram": 0.7153
    },
    "bollinger_bands": {
      "upper": 626.58,
      "middle": 602.56,
      "lower": 578.54
    }
  },
  "bsm_analysis": {
    "greeks": {
      "delta": 0.5392,
      "gamma": 0.010107,
      "theta": -0.3037,
      "vega": 0.6775,
      "rho": 0.2498
    },
    "atm_call_price": 16.95,
    "atm_put_price": 14.39,
    "implied_move": 0.58
  },
  "prediction": {
    "signal": "NEUTRAL",
    "score": 1,
    "confidence": 25.0,
    "reasons": [
      "MACD histogram positive (bullish momentum)"
    ],
    "target_price": 595.29,
    "support": 592.9,
    "resistance": 597.66
  },
  "simulation": {
    "statistics": {
      "mean": 595.2929434192685,
      "std": 3.4794534486345814,
      "p05": 589.8635737651075,
      "p25": 592.8988548134,
      "p50": 595.1090368682903,
      "p75": 597.661301185467,
      "p95": 601.1355117445004,
      "min": 584.2888558752053,
      "max": 606.759144464085
    },
    "simulations": 1000,
    "volatility": 0.2302
  }
}