{
  "ticker": "SPY",
  "timestamp": "2026-03-18T12:35:00.495591",
  "current_price": 594.57,
  "forecast_minutes": 60,
  "technical_indicators": {
    "rsi": 62.51,
    "macd": {
      "line": 2.1081,
      "signal": 1.8973,
      "histogram": 0.2108
    },
    "bollinger_bands": {
      "upper": 586.98,
      "middle": 574.69,
      "lower": 562.41
    }
  },
  "bsm_analysis": {
    "greeks": {
      "delta": 0.5415,
      "gamma": 0.011707,
      "theta": -0.2683,
      "vega": 0.6763,
      "rho": 0.2525
    },
    "atm_call_price": 14.81,
    "atm_put_price": 12.25,
    "implied_move": 0.48
  },
  "prediction": {
    "signal": "NEUTRAL",
    "score": 1,
    "confidence": 25.0,
    "reasons": [
      "MACD histogram positive (bullish momentum)"
    ],
    "target_price": 594.42,
    "support": 592.56,
    "resistance": 596.38
  },
  "simulation": {
    "statistics": {
      "mean": 594.4241978389218,
      "std": 2.8484124765594716,
      "p05": 589.6177575275644,
      "p25": 592.5639570103499,
      "p50": 594.3154176952531,
      "p75": 596.3795816679005,
      "p95": 599.2584531216543,
      "min": 583.3783524155688,
      "max": 604.1614052838561
    },
    "simulations": 1000,
    "volatility": 0.1988
  }
}