{
  "ticker": "SPY",
  "timestamp": "2026-03-13T06:33:51.433911",
  "current_price": 593.32,
  "forecast_minutes": 60,
  "technical_indicators": {
    "rsi": 49.5,
    "macd": {
      "line": 6.8305,
      "signal": 6.1475,
      "histogram": 0.6831
    },
    "bollinger_bands": {
      "upper": 615.32,
      "middle": 590.89,
      "lower": 566.47
    }
  },
  "bsm_analysis": {
    "greeks": {
      "delta": 0.5377,
      "gamma": 0.008771,
      "theta": -0.3428,
      "vega": 0.6756,
      "rho": 0.2463
    },
    "atm_call_price": 19.33,
    "atm_put_price": 16.77,
    "implied_move": 0.66
  },
  "prediction": {
    "signal": "NEUTRAL",
    "score": 1,
    "confidence": 25.0,
    "reasons": [
      "MACD histogram positive (bullish momentum)"
    ],
    "target_price": 593.48,
    "support": 590.99,
    "resistance": 596.11
  },
  "simulation": {
    "statistics": {
      "mean": 593.4795179442898,
      "std": 3.918029412163327,
      "p05": 586.7084377700319,
      "p25": 590.9922880211693,
      "p50": 593.5210776886047,
      "p75": 596.108808635639,
      "p95": 599.6071160306851,
      "min": 579.6327420172488,
      "max": 604.5501022589882
    },
    "simulations": 1000,
    "volatility": 0.2662
  }
}