{
  "ticker": "SPY",
  "timestamp": "2026-02-09T19:54:15.654039",
  "current_price": 593.3,
  "forecast_minutes": 60,
  "technical_indicators": {
    "rsi": 54.05,
    "macd": {
      "line": 2.3027,
      "signal": 2.0724,
      "histogram": 0.2303
    },
    "bollinger_bands": {
      "upper": 609.52,
      "middle": 596.73,
      "lower": 583.94
    }
  },
  "bsm_analysis": {
    "greeks": {
      "delta": 0.5492,
      "gamma": 0.015851,
      "theta": -0.2101,
      "vega": 0.6734,
      "rho": 0.2585
    },
    "atm_call_price": 11.27,
    "atm_put_price": 8.72,
    "implied_move": 0.37
  },
  "prediction": {
    "signal": "NEUTRAL",
    "score": 1,
    "confidence": 25.0,
    "reasons": [
      "MACD histogram positive (bullish momentum)"
    ],
    "target_price": 593.31,
    "support": 591.86,
    "resistance": 594.88
  },
  "simulation": {
    "statistics": {
      "mean": 593.3130513227298,
      "std": 2.171116435427548,
      "p05": 589.6709914977413,
      "p25": 591.8649259693246,
      "p50": 593.3154452521956,
      "p75": 594.8809307918533,
      "p95": 596.8636631091946,
      "min": 586.674660498271,
      "max": 599.9981267128696
    },
    "simulations": 1000,
    "volatility": 0.1468
  }
}