{
  "ticker": "SPY",
  "timestamp": "2026-02-09T13:49:28.776249",
  "current_price": 595.69,
  "forecast_minutes": 60,
  "technical_indicators": {
    "rsi": 62.66,
    "macd": {
      "line": -1.8823,
      "signal": -1.6941,
      "histogram": -0.1882
    },
    "bollinger_bands": {
      "upper": 584.42,
      "middle": 558.46,
      "lower": 532.5
    }
  },
  "bsm_analysis": {
    "greeks": {
      "delta": 0.5374,
      "gamma": 0.006258,
      "theta": -0.4624,
      "vega": 0.6783,
      "rho": 0.2413
    },
    "atm_call_price": 26.56,
    "atm_put_price": 23.99,
    "implied_move": 0.9
  },
  "prediction": {
    "signal": "NEUTRAL",
    "score": -1,
    "confidence": 25.0,
    "reasons": [
      "MACD histogram negative (bearish momentum)"
    ],
    "target_price": 595.76,
    "support": 591.97,
    "resistance": 599.45
  },
  "simulation": {
    "statistics": {
      "mean": 595.7591268394934,
      "std": 5.359486513176794,
      "p05": 587.0709685068409,
      "p25": 591.9733589916933,
      "p50": 595.8567884974067,
      "p75": 599.4500780107014,
      "p95": 604.4614506474535,
      "min": 579.4355354344494,
      "max": 612.115040849851
    },
    "simulations": 1000,
    "volatility": 0.3717
  }
}