{
  "ticker": "SPY",
  "timestamp": "2026-03-30T03:41:57.230973",
  "current_price": 596.07,
  "forecast_minutes": 60,
  "technical_indicators": {
    "rsi": 65.56,
    "macd": {
      "line": -3.153,
      "signal": -2.8377,
      "histogram": -0.3153
    },
    "bollinger_bands": {
      "upper": 581.75,
      "middle": 550.98,
      "lower": 520.21
    }
  },
  "bsm_analysis": {
    "greeks": {
      "delta": 0.539,
      "gamma": 0.005169,
      "theta": -0.5499,
      "vega": 0.6785,
      "rho": 0.2379
    },
    "atm_call_price": 31.85,
    "atm_put_price": 29.29,
    "implied_move": 1.12
  },
  "prediction": {
    "signal": "NEUTRAL",
    "score": -1,
    "confidence": 25.0,
    "reasons": [
      "MACD histogram negative (bearish momentum)"
    ],
    "target_price": 596.02,
    "support": 591.54,
    "resistance": 600.84
  },
  "simulation": {
    "statistics": {
      "mean": 596.0151359035981,
      "std": 6.703126237104368,
      "p05": 584.7578395014434,
      "p25": 591.5369201386361,
      "p50": 596.1638480233833,
      "p75": 600.8391137915734,
      "p95": 606.8789895994861,
      "min": 573.0810333279909,
      "max": 616.6233476047918
    },
    "simulations": 1000,
    "volatility": 0.4495
  }
}