{
  "ticker": "SPY",
  "timestamp": "2026-03-07T08:11:17.302532",
  "current_price": 593.43,
  "forecast_minutes": 60,
  "technical_indicators": {
    "rsi": 55.59,
    "macd": {
      "line": 2.2665,
      "signal": 2.0399,
      "histogram": 0.2267
    },
    "bollinger_bands": {
      "upper": 612.06,
      "middle": 592.87,
      "lower": 573.67
    }
  },
  "bsm_analysis": {
    "greeks": {
      "delta": 0.5424,
      "gamma": 0.012304,
      "theta": -0.2574,
      "vega": 0.6749,
      "rho": 0.2529
    },
    "atm_call_price": 14.15,
    "atm_put_price": 11.6,
    "implied_move": 0.48
  },
  "prediction": {
    "signal": "NEUTRAL",
    "score": 1,
    "confidence": 25.0,
    "reasons": [
      "MACD histogram positive (bullish momentum)"
    ],
    "target_price": 593.47,
    "support": 591.44,
    "resistance": 595.53
  },
  "simulation": {
    "statistics": {
      "mean": 593.4739258957275,
      "std": 2.8232006995340035,
      "p05": 589.0700707115823,
      "p25": 591.4379405302127,
      "p50": 593.4251258225098,
      "p75": 595.5302215911869,
      "p95": 598.1218526643821,
      "min": 585.1470700562571,
      "max": 601.9894227975149
    },
    "simulations": 1000,
    "volatility": 0.1895
  }
}