{
  "ticker": "SPY",
  "timestamp": "2026-03-09T12:25:49.422259",
  "current_price": 597.63,
  "forecast_minutes": 60,
  "technical_indicators": {
    "rsi": 65.93,
    "macd": {
      "line": 0.2568,
      "signal": 0.2311,
      "histogram": 0.0257
    },
    "bollinger_bands": {
      "upper": 590.38,
      "middle": 567.11,
      "lower": 543.84
    }
  },
  "bsm_analysis": {
    "greeks": {
      "delta": 0.5371,
      "gamma": 0.006773,
      "theta": -0.4309,
      "vega": 0.6806,
      "rho": 0.2435
    },
    "atm_call_price": 24.65,
    "atm_put_price": 22.07,
    "implied_move": 0.87
  },
  "prediction": {
    "signal": "NEUTRAL",
    "score": 1,
    "confidence": 25.0,
    "reasons": [
      "MACD histogram positive (bullish momentum)"
    ],
    "target_price": 597.56,
    "support": 594.02,
    "resistance": 601.25
  },
  "simulation": {
    "statistics": {
      "mean": 597.5566877817256,
      "std": 5.194817549838133,
      "p05": 589.0140150554798,
      "p25": 594.018860329578,
      "p50": 597.4337531118479,
      "p75": 601.2536393182096,
      "p95": 605.9082649613238,
      "min": 579.9453272817572,
      "max": 612.0975610783573
    },
    "simulations": 1000,
    "volatility": 0.3423
  }
}