{
  "ticker": "SPY",
  "timestamp": "2026-03-01T07:19:13.791798",
  "current_price": 596.05,
  "forecast_minutes": 60,
  "technical_indicators": {
    "rsi": 56.16,
    "macd": {
      "line": -4.0597,
      "signal": -3.6537,
      "histogram": -0.406
    },
    "bollinger_bands": {
      "upper": 607.22,
      "middle": 575.34,
      "lower": 543.45
    }
  },
  "bsm_analysis": {
    "greeks": {
      "delta": 0.5373,
      "gamma": 0.008208,
      "theta": -0.3635,
      "vega": 0.6787,
      "rho": 0.2463
    },
    "atm_call_price": 20.57,
    "atm_put_price": 18.0,
    "implied_move": 0.71
  },
  "prediction": {
    "signal": "NEUTRAL",
    "score": -1,
    "confidence": 25.0,
    "reasons": [
      "MACD histogram negative (bearish momentum)"
    ],
    "target_price": 596.16,
    "support": 593.28,
    "resistance": 599.12
  },
  "simulation": {
    "statistics": {
      "mean": 596.1596451653176,
      "std": 4.245286624147215,
      "p05": 589.15036243308,
      "p25": 593.2788779495263,
      "p50": 596.119066245978,
      "p75": 599.1179473251082,
      "p95": 603.151573443646,
      "min": 584.4658133122072,
      "max": 611.4003692127469
    },
    "simulations": 1000,
    "volatility": 0.2832
  }
}