{
  "ticker": "SPY",
  "timestamp": "2026-03-11T21:12:38.037328",
  "current_price": 595.84,
  "forecast_minutes": 60,
  "technical_indicators": {
    "rsi": 42.99,
    "macd": {
      "line": 7.0544,
      "signal": 6.349,
      "histogram": 0.7054
    },
    "bollinger_bands": {
      "upper": 668.42,
      "middle": 628.91,
      "lower": 589.4
    }
  },
  "bsm_analysis": {
    "greeks": {
      "delta": 0.5373,
      "gamma": 0.006289,
      "theta": -0.4604,
      "vega": 0.6785,
      "rho": 0.2414
    },
    "atm_call_price": 26.44,
    "atm_put_price": 23.87,
    "implied_move": 0.9
  },
  "prediction": {
    "signal": "NEUTRAL",
    "score": 1,
    "confidence": 25.0,
    "reasons": [
      "MACD histogram positive (bullish momentum)"
    ],
    "target_price": 595.54,
    "support": 591.69,
    "resistance": 599.09
  },
  "simulation": {
    "statistics": {
      "mean": 595.5358336303382,
      "std": 5.382533396571561,
      "p05": 586.9001261395465,
      "p25": 591.6855933374812,
      "p50": 595.4938623111523,
      "p75": 599.0929017162093,
      "p95": 604.3280729863889,
      "min": 579.5435126108734,
      "max": 616.6412419883147
    },
    "simulations": 1000,
    "volatility": 0.3697
  }
}