{
  "ticker": "SPY",
  "timestamp": "2026-03-31T00:42:52.472811",
  "current_price": 592.82,
  "forecast_minutes": 60,
  "technical_indicators": {
    "rsi": 56.76,
    "macd": {
      "line": 0.124,
      "signal": 0.1116,
      "histogram": 0.0124
    },
    "bollinger_bands": {
      "upper": 594.56,
      "middle": 582.2,
      "lower": 569.83
    }
  },
  "bsm_analysis": {
    "greeks": {
      "delta": 0.5425,
      "gamma": 0.012325,
      "theta": -0.257,
      "vega": 0.6742,
      "rho": 0.2527
    },
    "atm_call_price": 14.13,
    "atm_put_price": 11.57,
    "implied_move": 0.47
  },
  "prediction": {
    "signal": "NEUTRAL",
    "score": 1,
    "confidence": 25.0,
    "reasons": [
      "MACD histogram positive (bullish momentum)"
    ],
    "target_price": 592.89,
    "support": 590.93,
    "resistance": 594.84
  },
  "simulation": {
    "statistics": {
      "mean": 592.8855258153127,
      "std": 2.8093735881107484,
      "p05": 588.2213048305762,
      "p25": 590.931648423743,
      "p50": 592.9314622574992,
      "p75": 594.844519435314,
      "p95": 597.384349025392,
      "min": 583.9740748229599,
      "max": 602.5928716252249
    },
    "simulations": 1000,
    "volatility": 0.1894
  }
}