{
  "ticker": "SPY",
  "timestamp": "2026-03-18T15:44:19.419807",
  "current_price": 597.1,
  "forecast_minutes": 60,
  "technical_indicators": {
    "rsi": 66.76,
    "macd": {
      "line": 5.3748,
      "signal": 4.8373,
      "histogram": 0.5375
    },
    "bollinger_bands": {
      "upper": 582.85,
      "middle": 559.48,
      "lower": 536.11
    }
  },
  "bsm_analysis": {
    "greeks": {
      "delta": 0.5378,
      "gamma": 0.00879,
      "theta": -0.3425,
      "vega": 0.6799,
      "rho": 0.2481
    },
    "atm_call_price": 19.3,
    "atm_put_price": 16.72,
    "implied_move": 0.64
  },
  "prediction": {
    "signal": "NEUTRAL",
    "score": 1,
    "confidence": 25.0,
    "reasons": [
      "MACD histogram positive (bullish momentum)"
    ],
    "target_price": 597.0,
    "support": 594.39,
    "resistance": 599.67
  },
  "simulation": {
    "statistics": {
      "mean": 596.9962073249268,
      "std": 3.8392251960262085,
      "p05": 590.6578884785778,
      "p25": 594.3935070653633,
      "p50": 597.1010874635658,
      "p75": 599.6712725369114,
      "p95": 603.1548901482697,
      "min": 584.7346282527863,
      "max": 607.5313640607105
    },
    "simulations": 1000,
    "volatility": 0.2639
  }
}