{
  "ticker": "SPY",
  "timestamp": "2026-02-09T21:17:38.652564",
  "current_price": 592.71,
  "forecast_minutes": 60,
  "technical_indicators": {
    "rsi": 38.6,
    "macd": {
      "line": -1.6503,
      "signal": -1.4853,
      "histogram": -0.165
    },
    "bollinger_bands": {
      "upper": 626.08,
      "middle": 607.67,
      "lower": 589.25
    }
  },
  "bsm_analysis": {
    "greeks": {
      "delta": 0.5419,
      "gamma": 0.012001,
      "theta": -0.2627,
      "vega": 0.6742,
      "rho": 0.2521
    },
    "atm_call_price": 14.47,
    "atm_put_price": 11.92,
    "implied_move": 0.47
  },
  "prediction": {
    "signal": "NEUTRAL",
    "score": -1,
    "confidence": 25.0,
    "reasons": [
      "MACD histogram negative (bearish momentum)"
    ],
    "target_price": 592.71,
    "support": 590.8,
    "resistance": 594.53
  },
  "simulation": {
    "statistics": {
      "mean": 592.7060962474088,
      "std": 2.7868692618311597,
      "p05": 588.0979132355274,
      "p25": 590.7973852864237,
      "p50": 592.7302914898032,
      "p75": 594.5341053529892,
      "p95": 597.3867229181557,
      "min": 584.2262167034381,
      "max": 601.814059469193
    },
    "simulations": 1000,
    "volatility": 0.1945
  }
}