{
  "ticker": "SPY",
  "timestamp": "2026-03-22T11:12:25.987383",
  "current_price": 596.97,
  "forecast_minutes": 60,
  "technical_indicators": {
    "rsi": 53.19,
    "macd": {
      "line": 4.4543,
      "signal": 4.0088,
      "histogram": 0.4454
    },
    "bollinger_bands": {
      "upper": 618.5,
      "middle": 600.19,
      "lower": 581.88
    }
  },
  "bsm_analysis": {
    "greeks": {
      "delta": 0.5394,
      "gamma": 0.010247,
      "theta": -0.3002,
      "vega": 0.6794,
      "rho": 0.2509
    },
    "atm_call_price": 16.74,
    "atm_put_price": 14.17,
    "implied_move": 0.58
  },
  "prediction": {
    "signal": "NEUTRAL",
    "score": 1,
    "confidence": 25.0,
    "reasons": [
      "MACD histogram positive (bullish momentum)"
    ],
    "target_price": 596.96,
    "support": 594.53,
    "resistance": 599.24
  },
  "simulation": {
    "statistics": {
      "mean": 596.9550129583126,
      "std": 3.459056690355175,
      "p05": 591.5270189072676,
      "p25": 594.5336131315721,
      "p50": 597.0240018607703,
      "p75": 599.2410597598275,
      "p95": 602.5922379965612,
      "min": 584.3367945944133,
      "max": 609.4485292301317
    },
    "simulations": 1000,
    "volatility": 0.2264
  }
}