{
  "ticker": "SPY",
  "timestamp": "2026-03-31T18:35:51.307187",
  "current_price": 592.64,
  "forecast_minutes": 60,
  "technical_indicators": {
    "rsi": 56.08,
    "macd": {
      "line": 2.5032,
      "signal": 2.2529,
      "histogram": 0.2503
    },
    "bollinger_bands": {
      "upper": 597.17,
      "middle": 584.27,
      "lower": 571.36
    }
  },
  "bsm_analysis": {
    "greeks": {
      "delta": 0.5381,
      "gamma": 0.009195,
      "theta": -0.3291,
      "vega": 0.6747,
      "rho": 0.2469
    },
    "atm_call_price": 18.49,
    "atm_put_price": 15.94,
    "implied_move": 0.66
  },
  "prediction": {
    "signal": "NEUTRAL",
    "score": 1,
    "confidence": 25.0,
    "reasons": [
      "MACD histogram positive (bullish momentum)"
    ],
    "target_price": 592.56,
    "support": 589.96,
    "resistance": 595.39
  },
  "simulation": {
    "statistics": {
      "mean": 592.557057082744,
      "std": 3.884321057009239,
      "p05": 586.0991040785824,
      "p25": 589.9575822646331,
      "p50": 592.5070654759354,
      "p75": 595.3886992740415,
      "p95": 598.8506893240587,
      "min": 580.7946610465964,
      "max": 603.4511732917949
    },
    "simulations": 1000,
    "volatility": 0.2542
  }
}