{
  "ticker": "SPY",
  "timestamp": "2026-03-10T11:59:06.540864",
  "current_price": 592.32,
  "forecast_minutes": 60,
  "technical_indicators": {
    "rsi": 57.23,
    "macd": {
      "line": -0.0791,
      "signal": -0.0712,
      "histogram": -0.0079
    },
    "bollinger_bands": {
      "upper": 596.76,
      "middle": 581.63,
      "lower": 566.5
    }
  },
  "bsm_analysis": {
    "greeks": {
      "delta": 0.5386,
      "gamma": 0.00966,
      "theta": -0.3154,
      "vega": 0.6743,
      "rho": 0.2477
    },
    "atm_call_price": 17.67,
    "atm_put_price": 15.12,
    "implied_move": 0.63
  },
  "prediction": {
    "signal": "NEUTRAL",
    "score": -1,
    "confidence": 25.0,
    "reasons": [
      "MACD histogram negative (bearish momentum)"
    ],
    "target_price": 592.09,
    "support": 589.64,
    "resistance": 594.58
  },
  "simulation": {
    "statistics": {
      "mean": 592.0873301561107,
      "std": 3.7425330931771352,
      "p05": 586.1837718951364,
      "p25": 589.640905053677,
      "p50": 591.9029151473358,
      "p75": 594.5845360393907,
      "p95": 598.3875844371023,
      "min": 582.3961050461294,
      "max": 607.5150908446569
    },
    "simulations": 1000,
    "volatility": 0.2421
  }
}