{
  "ticker": "SPY",
  "timestamp": "2026-03-05T00:38:35.966478",
  "current_price": 592.35,
  "forecast_minutes": 60,
  "technical_indicators": {
    "rsi": 40.47,
    "macd": {
      "line": 5.1607,
      "signal": 4.6446,
      "histogram": 0.5161
    },
    "bollinger_bands": {
      "upper": 628.46,
      "middle": 606.75,
      "lower": 585.04
    }
  },
  "bsm_analysis": {
    "greeks": {
      "delta": 0.5381,
      "gamma": 0.00922,
      "theta": -0.3283,
      "vega": 0.6744,
      "rho": 0.2468
    },
    "atm_call_price": 18.45,
    "atm_put_price": 15.9,
    "implied_move": 0.63
  },
  "prediction": {
    "signal": "NEUTRAL",
    "score": 1,
    "confidence": 25.0,
    "reasons": [
      "MACD histogram positive (bullish momentum)"
    ],
    "target_price": 592.4,
    "support": 589.86,
    "resistance": 594.82
  },
  "simulation": {
    "statistics": {
      "mean": 592.3962765607097,
      "std": 3.7569972687515065,
      "p05": 586.4035418132324,
      "p25": 589.8555356600457,
      "p50": 592.5276390841682,
      "p75": 594.822049428116,
      "p95": 598.8241154517036,
      "min": 581.1706714369519,
      "max": 604.333625804457
    },
    "simulations": 1000,
    "volatility": 0.2536
  }
}