{
  "ticker": "SPY",
  "timestamp": "2026-03-31T18:05:57.753402",
  "current_price": 594.34,
  "forecast_minutes": 60,
  "technical_indicators": {
    "rsi": 61.93,
    "macd": {
      "line": 2.9063,
      "signal": 2.6157,
      "histogram": 0.2906
    },
    "bollinger_bands": {
      "upper": 601.77,
      "middle": 589.24,
      "lower": 576.71
    }
  },
  "bsm_analysis": {
    "greeks": {
      "delta": 0.5579,
      "gamma": 0.019836,
      "theta": -0.1773,
      "vega": 0.6726,
      "rho": 0.2649
    },
    "atm_call_price": 9.27,
    "atm_put_price": 6.71,
    "implied_move": 0.3
  },
  "prediction": {
    "signal": "NEUTRAL",
    "score": 1,
    "confidence": 25.0,
    "reasons": [
      "MACD histogram positive (bullish momentum)"
    ],
    "target_price": 594.36,
    "support": 593.18,
    "resistance": 595.61
  },
  "simulation": {
    "statistics": {
      "mean": 594.3635465485868,
      "std": 1.7719934523345342,
      "p05": 591.4410918719714,
      "p25": 593.1759581529631,
      "p50": 594.4004360913402,
      "p75": 595.605155271478,
      "p95": 597.1306737565983,
      "min": 589.2443347322469,
      "max": 600.6943625891997
    },
    "simulations": 1000,
    "volatility": 0.1168
  }
}