{
  "ticker": "SPY",
  "timestamp": "2026-03-01T09:28:44.669588",
  "current_price": 594.9,
  "forecast_minutes": 60,
  "technical_indicators": {
    "rsi": 60.76,
    "macd": {
      "line": -1.4531,
      "signal": -1.3078,
      "histogram": -0.1453
    },
    "bollinger_bands": {
      "upper": 588.24,
      "middle": 572.27,
      "lower": 556.3
    }
  },
  "bsm_analysis": {
    "greeks": {
      "delta": 0.5373,
      "gamma": 0.008135,
      "theta": -0.3662,
      "vega": 0.6774,
      "rho": 0.2457
    },
    "atm_call_price": 20.74,
    "atm_put_price": 18.18,
    "implied_move": 0.7
  },
  "prediction": {
    "signal": "NEUTRAL",
    "score": -1,
    "confidence": 25.0,
    "reasons": [
      "MACD histogram negative (bearish momentum)"
    ],
    "target_price": 594.91,
    "support": 591.98,
    "resistance": 597.78
  },
  "simulation": {
    "statistics": {
      "mean": 594.9084351963111,
      "std": 4.160750124976386,
      "p05": 588.3819000522345,
      "p25": 591.9761849205947,
      "p50": 594.9206247894639,
      "p75": 597.780741416282,
      "p95": 601.4859263024998,
      "min": 578.4602180937064,
      "max": 609.054209511365
    },
    "simulations": 1000,
    "volatility": 0.2863
  }
}