{
  "ticker": "SPY",
  "timestamp": "2026-04-15T09:25:52.139191",
  "current_price": 594.01,
  "forecast_minutes": 60,
  "technical_indicators": {
    "rsi": 62.28,
    "macd": {
      "line": -0.0628,
      "signal": -0.0565,
      "histogram": -0.0063
    },
    "bollinger_bands": {
      "upper": 594.18,
      "middle": 571.71,
      "lower": 549.24
    }
  },
  "bsm_analysis": {
    "greeks": {
      "delta": 0.5441,
      "gamma": 0.013259,
      "theta": -0.2422,
      "vega": 0.6752,
      "rho": 0.2548
    },
    "atm_call_price": 13.23,
    "atm_put_price": 10.67,
    "implied_move": 0.43
  },
  "prediction": {
    "signal": "NEUTRAL",
    "score": -1,
    "confidence": 25.0,
    "reasons": [
      "MACD histogram negative (bearish momentum)"
    ],
    "target_price": 593.98,
    "support": 592.17,
    "resistance": 595.81
  },
  "simulation": {
    "statistics": {
      "mean": 593.983675641367,
      "std": 2.5720109817451657,
      "p05": 589.8449569221204,
      "p25": 592.1679104541118,
      "p50": 593.9865634183768,
      "p75": 595.8059717459473,
      "p95": 598.2789089830455,
      "min": 586.3080586778054,
      "max": 603.3197878260675
    },
    "simulations": 1000,
    "volatility": 0.1756
  }
}