{
  "ticker": "SPY",
  "timestamp": "2026-04-04T08:54:25.095739",
  "current_price": 597.75,
  "forecast_minutes": 60,
  "technical_indicators": {
    "rsi": 62.02,
    "macd": {
      "line": 0.1788,
      "signal": 0.1609,
      "histogram": 0.0179
    },
    "bollinger_bands": {
      "upper": 587.2,
      "middle": 569.78,
      "lower": 552.37
    }
  },
  "bsm_analysis": {
    "greeks": {
      "delta": 0.5377,
      "gamma": 0.008735,
      "theta": -0.3444,
      "vega": 0.6806,
      "rho": 0.2482
    },
    "atm_call_price": 19.41,
    "atm_put_price": 16.84,
    "implied_move": 0.67
  },
  "prediction": {
    "signal": "NEUTRAL",
    "score": 1,
    "confidence": 25.0,
    "reasons": [
      "MACD histogram positive (bullish momentum)"
    ],
    "target_price": 597.64,
    "support": 594.94,
    "resistance": 600.28
  },
  "simulation": {
    "statistics": {
      "mean": 597.637569148325,
      "std": 4.0303841384416295,
      "p05": 591.1737105300305,
      "p25": 594.936701238347,
      "p50": 597.6322248556721,
      "p75": 600.2752229991991,
      "p95": 604.2082003087521,
      "min": 584.7528907568636,
      "max": 610.3378562349974
    },
    "simulations": 1000,
    "volatility": 0.2653
  }
}