{
  "ticker": "SPY",
  "timestamp": "2026-03-31T10:37:23.168346",
  "current_price": 595.7,
  "forecast_minutes": 60,
  "technical_indicators": {
    "rsi": 64.6,
    "macd": {
      "line": 1.484,
      "signal": 1.3356,
      "histogram": 0.1484
    },
    "bollinger_bands": {
      "upper": 598.68,
      "middle": 584.81,
      "lower": 570.94
    }
  },
  "bsm_analysis": {
    "greeks": {
      "delta": 0.5476,
      "gamma": 0.015041,
      "theta": -0.2191,
      "vega": 0.6765,
      "rho": 0.2584
    },
    "atm_call_price": 11.81,
    "atm_put_price": 9.25,
    "implied_move": 0.39
  },
  "prediction": {
    "signal": "NEUTRAL",
    "score": 1,
    "confidence": 25.0,
    "reasons": [
      "MACD histogram positive (bullish momentum)"
    ],
    "target_price": 595.78,
    "support": 594.16,
    "resistance": 597.31
  },
  "simulation": {
    "statistics": {
      "mean": 595.7778542561808,
      "std": 2.3116235321619802,
      "p05": 592.2342852526215,
      "p25": 594.1597184506055,
      "p50": 595.6323462470627,
      "p75": 597.3116194266922,
      "p95": 599.6403135485953,
      "min": 588.4607083520737,
      "max": 603.616837251676
    },
    "simulations": 1000,
    "volatility": 0.1542
  }
}