{
  "ticker": "SPY",
  "timestamp": "2026-03-22T07:06:39.159066",
  "current_price": 596.0,
  "forecast_minutes": 60,
  "technical_indicators": {
    "rsi": 61.43,
    "macd": {
      "line": 6.558,
      "signal": 5.9022,
      "histogram": 0.6558
    },
    "bollinger_bands": {
      "upper": 614.88,
      "middle": 593.27,
      "lower": 571.66
    }
  },
  "bsm_analysis": {
    "greeks": {
      "delta": 0.5488,
      "gamma": 0.015589,
      "theta": -0.213,
      "vega": 0.6766,
      "rho": 0.2594
    },
    "atm_call_price": 11.45,
    "atm_put_price": 8.88,
    "implied_move": 0.38
  },
  "prediction": {
    "signal": "NEUTRAL",
    "score": 1,
    "confidence": 25.0,
    "reasons": [
      "MACD histogram positive (bullish momentum)"
    ],
    "target_price": 595.93,
    "support": 594.45,
    "resistance": 597.41
  },
  "simulation": {
    "statistics": {
      "mean": 595.9256357467102,
      "std": 2.242980566858524,
      "p05": 592.3026054046807,
      "p25": 594.4490403952432,
      "p50": 595.9068542575369,
      "p75": 597.4064350089066,
      "p95": 599.6462671401936,
      "min": 589.5402988376352,
      "max": 602.1934354085745
    },
    "simulations": 1000,
    "volatility": 0.1487
  }
}