{
  "ticker": "SPY",
  "timestamp": "2026-02-14T23:57:59.687473",
  "current_price": 594.51,
  "forecast_minutes": 60,
  "technical_indicators": {
    "rsi": 76.36,
    "macd": {
      "line": 2.5463,
      "signal": 2.2916,
      "histogram": 0.2546
    },
    "bollinger_bands": {
      "upper": 575.26,
      "middle": 554.48,
      "lower": 533.7
    }
  },
  "bsm_analysis": {
    "greeks": {
      "delta": 0.537,
      "gamma": 0.007239,
      "theta": -0.4059,
      "vega": 0.677,
      "rho": 0.2434
    },
    "atm_call_price": 23.14,
    "atm_put_price": 20.58,
    "implied_move": 0.79
  },
  "prediction": {
    "signal": "NEUTRAL",
    "score": -1,
    "confidence": 25.0,
    "reasons": [
      "RSI indicates overbought conditions",
      "MACD histogram positive (bullish momentum)"
    ],
    "target_price": 594.53,
    "support": 591.28,
    "resistance": 597.72
  },
  "simulation": {
    "statistics": {
      "mean": 594.527803884499,
      "std": 4.689423739682461,
      "p05": 586.7860746232689,
      "p25": 591.2813736048522,
      "p50": 594.6709090422926,
      "p75": 597.7200871702689,
      "p95": 601.9858078296767,
      "min": 579.8418589323554,
      "max": 610.1742806652883
    },
    "simulations": 1000,
    "volatility": 0.322
  }
}