{
  "ticker": "SPY",
  "timestamp": "2026-03-30T11:10:17.617104",
  "current_price": 593.67,
  "forecast_minutes": 60,
  "technical_indicators": {
    "rsi": 43.23,
    "macd": {
      "line": -3.2636,
      "signal": -2.9373,
      "histogram": -0.3264
    },
    "bollinger_bands": {
      "upper": 603.33,
      "middle": 584.74,
      "lower": 566.16
    }
  },
  "bsm_analysis": {
    "greeks": {
      "delta": 0.5434,
      "gamma": 0.012862,
      "theta": -0.2482,
      "vega": 0.675,
      "rho": 0.254
    },
    "atm_call_price": 13.59,
    "atm_put_price": 11.04,
    "implied_move": 0.43
  },
  "prediction": {
    "signal": "NEUTRAL",
    "score": -1,
    "confidence": 25.0,
    "reasons": [
      "MACD histogram negative (bearish momentum)"
    ],
    "target_price": 593.67,
    "support": 591.91,
    "resistance": 595.43
  },
  "simulation": {
    "statistics": {
      "mean": 593.6703781562428,
      "std": 2.5656338402319574,
      "p05": 589.5567938986062,
      "p25": 591.9084742407857,
      "p50": 593.6770601040503,
      "p75": 595.4294424537989,
      "p95": 597.8588006616043,
      "min": 586.303619933053,
      "max": 602.1510912650637
    },
    "simulations": 1000,
    "volatility": 0.1812
  }
}