{
  "ticker": "SPY",
  "timestamp": "2026-04-09T03:29:37.558596",
  "current_price": 594.88,
  "forecast_minutes": 60,
  "technical_indicators": {
    "rsi": 37.75,
    "macd": {
      "line": 2.6607,
      "signal": 2.3946,
      "histogram": 0.2661
    },
    "bollinger_bands": {
      "upper": 652.4,
      "middle": 627.4,
      "lower": 602.41
    }
  },
  "bsm_analysis": {
    "greeks": {
      "delta": 0.5373,
      "gamma": 0.006283,
      "theta": -0.4606,
      "vega": 0.6774,
      "rho": 0.241
    },
    "atm_call_price": 26.45,
    "atm_put_price": 23.89,
    "implied_move": 0.95
  },
  "prediction": {
    "signal": "NEUTRAL",
    "score": 1,
    "confidence": 25.0,
    "reasons": [
      "MACD histogram positive (bullish momentum)"
    ],
    "target_price": 595.04,
    "support": 591.35,
    "resistance": 598.56
  },
  "simulation": {
    "statistics": {
      "mean": 595.0401709820319,
      "std": 5.640666725613498,
      "p05": 585.7526982135839,
      "p25": 591.3519804696625,
      "p50": 595.0441627245962,
      "p75": 598.5553233892434,
      "p95": 604.8364221746826,
      "min": 576.6048123847046,
      "max": 611.7376384522792
    },
    "simulations": 1000,
    "volatility": 0.3706
  }
}