{
  "ticker": "SPY",
  "timestamp": "2026-04-03T11:28:41.181264",
  "current_price": 596.31,
  "forecast_minutes": 60,
  "technical_indicators": {
    "rsi": 64.25,
    "macd": {
      "line": -2.3574,
      "signal": -2.1217,
      "histogram": -0.2357
    },
    "bollinger_bands": {
      "upper": 597.93,
      "middle": 571.88,
      "lower": 545.82
    }
  },
  "bsm_analysis": {
    "greeks": {
      "delta": 0.5389,
      "gamma": 0.009877,
      "theta": -0.3097,
      "vega": 0.6788,
      "rho": 0.2499
    },
    "atm_call_price": 17.32,
    "atm_put_price": 14.75,
    "implied_move": 0.58
  },
  "prediction": {
    "signal": "NEUTRAL",
    "score": -1,
    "confidence": 25.0,
    "reasons": [
      "MACD histogram negative (bearish momentum)"
    ],
    "target_price": 596.32,
    "support": 593.92,
    "resistance": 598.69
  },
  "simulation": {
    "statistics": {
      "mean": 596.3203900716643,
      "std": 3.463163465897614,
      "p05": 590.7729210552786,
      "p25": 593.9222387246172,
      "p50": 596.3595901554181,
      "p75": 598.6868966305133,
      "p95": 601.9981306577157,
      "min": 585.5480290449566,
      "max": 607.6055253051688
    },
    "simulations": 1000,
    "volatility": 0.2351
  }
}