{
  "ticker": "SPY",
  "timestamp": "2026-03-08T23:09:07.894622",
  "current_price": 596.6,
  "forecast_minutes": 60,
  "technical_indicators": {
    "rsi": 44.11,
    "macd": {
      "line": 0.4339,
      "signal": 0.3906,
      "histogram": 0.0434
    },
    "bollinger_bands": {
      "upper": 632.05,
      "middle": 613.43,
      "lower": 594.8
    }
  },
  "bsm_analysis": {
    "greeks": {
      "delta": 0.5451,
      "gamma": 0.013695,
      "theta": -0.2361,
      "vega": 0.678,
      "rho": 0.2567
    },
    "atm_call_price": 12.85,
    "atm_put_price": 10.28,
    "implied_move": 0.43
  },
  "prediction": {
    "signal": "NEUTRAL",
    "score": 1,
    "confidence": 25.0,
    "reasons": [
      "MACD histogram positive (bullish momentum)"
    ],
    "target_price": 596.59,
    "support": 594.83,
    "resistance": 598.23
  },
  "simulation": {
    "statistics": {
      "mean": 596.5851815794035,
      "std": 2.568211643540042,
      "p05": 592.523225858725,
      "p25": 594.8278873510758,
      "p50": 596.4590746926796,
      "p75": 598.2275211818286,
      "p95": 600.9355902911228,
      "min": 589.3664097555079,
      "max": 606.2293056650964
    },
    "simulations": 1000,
    "volatility": 0.1692
  }
}