{
  "ticker": "SPY",
  "timestamp": "2026-03-23T00:42:38.950243",
  "current_price": 595.5,
  "forecast_minutes": 60,
  "technical_indicators": {
    "rsi": 54.5,
    "macd": {
      "line": 2.5494,
      "signal": 2.2945,
      "histogram": 0.2549
    },
    "bollinger_bands": {
      "upper": 616.91,
      "middle": 599.0,
      "lower": 581.09
    }
  },
  "bsm_analysis": {
    "greeks": {
      "delta": 0.5384,
      "gamma": 0.009463,
      "theta": -0.3213,
      "vega": 0.6779,
      "rho": 0.2487
    },
    "atm_call_price": 18.02,
    "atm_put_price": 15.45,
    "implied_move": 0.61
  },
  "prediction": {
    "signal": "NEUTRAL",
    "score": 1,
    "confidence": 25.0,
    "reasons": [
      "MACD histogram positive (bullish momentum)"
    ],
    "target_price": 595.54,
    "support": 593.12,
    "resistance": 598.0
  },
  "simulation": {
    "statistics": {
      "mean": 595.54298724482,
      "std": 3.611587019152878,
      "p05": 589.8092811782248,
      "p25": 593.1207457546072,
      "p50": 595.574720805968,
      "p75": 598.0034552202816,
      "p95": 601.5917713455935,
      "min": 582.8724824961138,
      "max": 606.7059151251987
    },
    "simulations": 1000,
    "volatility": 0.2458
  }
}