{
  "ticker": "SPY",
  "timestamp": "2026-02-08T19:41:55.939980",
  "current_price": 594.23,
  "forecast_minutes": 60,
  "technical_indicators": {
    "rsi": 69.93,
    "macd": {
      "line": 3.9921,
      "signal": 3.5929,
      "histogram": 0.3992
    },
    "bollinger_bands": {
      "upper": 599.24,
      "middle": 578.56,
      "lower": 557.88
    }
  },
  "bsm_analysis": {
    "greeks": {
      "delta": 0.5409,
      "gamma": 0.011321,
      "theta": -0.2759,
      "vega": 0.6761,
      "rho": 0.2516
    },
    "atm_call_price": 15.27,
    "atm_put_price": 12.71,
    "implied_move": 0.5
  },
  "prediction": {
    "signal": "NEUTRAL",
    "score": 1,
    "confidence": 25.0,
    "reasons": [
      "MACD histogram positive (bullish momentum)"
    ],
    "target_price": 594.24,
    "support": 592.23,
    "resistance": 596.21
  },
  "simulation": {
    "statistics": {
      "mean": 594.2355064505366,
      "std": 2.9593609864825936,
      "p05": 589.4639710046838,
      "p25": 592.2276837495315,
      "p50": 594.0889277465756,
      "p75": 596.2125965182945,
      "p95": 599.2021291684985,
      "min": 585.1129588549157,
      "max": 605.1910057369579
    },
    "simulations": 1000,
    "volatility": 0.2058
  }
}