{
  "ticker": "SPY",
  "timestamp": "2026-02-20T15:02:08.334524",
  "current_price": 596.79,
  "forecast_minutes": 60,
  "technical_indicators": {
    "rsi": 61.89,
    "macd": {
      "line": 4.3016,
      "signal": 3.8715,
      "histogram": 0.4302
    },
    "bollinger_bands": {
      "upper": 592.46,
      "middle": 576.1,
      "lower": 559.74
    }
  },
  "bsm_analysis": {
    "greeks": {
      "delta": 0.5427,
      "gamma": 0.012363,
      "theta": -0.2567,
      "vega": 0.6787,
      "rho": 0.2546
    },
    "atm_call_price": 14.1,
    "atm_put_price": 11.53,
    "implied_move": 0.48
  },
  "prediction": {
    "signal": "NEUTRAL",
    "score": 1,
    "confidence": 25.0,
    "reasons": [
      "MACD histogram positive (bullish momentum)"
    ],
    "target_price": 596.89,
    "support": 594.95,
    "resistance": 598.9
  },
  "simulation": {
    "statistics": {
      "mean": 596.8890362765154,
      "std": 2.890022285486303,
      "p05": 592.1516003847494,
      "p25": 594.945452658809,
      "p50": 596.846844440535,
      "p75": 598.8977649469623,
      "p95": 601.6265439393642,
      "min": 587.2013625558249,
      "max": 607.3789176180727
    },
    "simulations": 1000,
    "volatility": 0.1875
  }
}