{
  "ticker": "SPY",
  "timestamp": "2026-03-14T13:58:37.178346",
  "current_price": 593.33,
  "forecast_minutes": 60,
  "technical_indicators": {
    "rsi": 45.76,
    "macd": {
      "line": -6.1287,
      "signal": -5.5158,
      "histogram": -0.6129
    },
    "bollinger_bands": {
      "upper": 615.45,
      "middle": 591.64,
      "lower": 567.82
    }
  },
  "bsm_analysis": {
    "greeks": {
      "delta": 0.5423,
      "gamma": 0.012248,
      "theta": -0.2584,
      "vega": 0.6748,
      "rho": 0.2528
    },
    "atm_call_price": 14.21,
    "atm_put_price": 11.65,
    "implied_move": 0.48
  },
  "prediction": {
    "signal": "NEUTRAL",
    "score": -1,
    "confidence": 25.0,
    "reasons": [
      "MACD histogram negative (bearish momentum)"
    ],
    "target_price": 593.48,
    "support": 591.54,
    "resistance": 595.38
  },
  "simulation": {
    "statistics": {
      "mean": 593.4806055058423,
      "std": 2.8433992423012135,
      "p05": 588.8477761892613,
      "p25": 591.5422362881103,
      "p50": 593.5012283283522,
      "p75": 595.3846475053309,
      "p95": 598.2996147586517,
      "min": 583.8132430085309,
      "max": 603.7915437336837
    },
    "simulations": 1000,
    "volatility": 0.1904
  }
}