{
  "ticker": "SPY",
  "timestamp": "2026-03-20T10:47:52.820866",
  "current_price": 597.83,
  "forecast_minutes": 60,
  "technical_indicators": {
    "rsi": 69.92,
    "macd": {
      "line": 1.6352,
      "signal": 1.4717,
      "histogram": 0.1635
    },
    "bollinger_bands": {
      "upper": 583.88,
      "middle": 564.13,
      "lower": 544.38
    }
  },
  "bsm_analysis": {
    "greeks": {
      "delta": 0.537,
      "gamma": 0.007174,
      "theta": -0.4094,
      "vega": 0.6808,
      "rho": 0.2447
    },
    "atm_call_price": 23.35,
    "atm_put_price": 20.77,
    "implied_move": 0.82
  },
  "prediction": {
    "signal": "NEUTRAL",
    "score": 1,
    "confidence": 25.0,
    "reasons": [
      "MACD histogram positive (bullish momentum)"
    ],
    "target_price": 597.7,
    "support": 594.29,
    "resistance": 600.92
  },
  "simulation": {
    "statistics": {
      "mean": 597.6972268416185,
      "std": 4.929211364391719,
      "p05": 589.866102011218,
      "p25": 594.2856052911445,
      "p50": 597.4504917465083,
      "p75": 600.9244997720675,
      "p95": 606.4510398384524,
      "min": 584.0916500761756,
      "max": 616.1063611915862
    },
    "simulations": 1000,
    "volatility": 0.3231
  }
}