{
  "ticker": "SPY",
  "timestamp": "2026-03-28T10:12:59.639313",
  "current_price": 594.6,
  "forecast_minutes": 60,
  "technical_indicators": {
    "rsi": 76.72,
    "macd": {
      "line": 6.4714,
      "signal": 5.8242,
      "histogram": 0.6471
    },
    "bollinger_bands": {
      "upper": 592.82,
      "middle": 571.48,
      "lower": 550.14
    }
  },
  "bsm_analysis": {
    "greeks": {
      "delta": 0.5494,
      "gamma": 0.015925,
      "theta": -0.2094,
      "vega": 0.6748,
      "rho": 0.2593
    },
    "atm_call_price": 11.23,
    "atm_put_price": 8.67,
    "implied_move": 0.35
  },
  "prediction": {
    "signal": "NEUTRAL",
    "score": -1,
    "confidence": 25.0,
    "reasons": [
      "RSI indicates overbought conditions",
      "MACD histogram positive (bullish momentum)"
    ],
    "target_price": 594.58,
    "support": 593.15,
    "resistance": 596.05
  },
  "simulation": {
    "statistics": {
      "mean": 594.5821359829333,
      "std": 2.0876738389248635,
      "p05": 591.1519752043102,
      "p25": 593.1454508744753,
      "p50": 594.5845122258663,
      "p75": 596.0523282878124,
      "p95": 597.9875864536148,
      "min": 587.9978758911668,
      "max": 600.4430743871161
    },
    "simulations": 1000,
    "volatility": 0.1458
  }
}