{
  "ticker": "SPY",
  "timestamp": "2026-03-07T18:27:57.794113",
  "current_price": 594.04,
  "forecast_minutes": 60,
  "technical_indicators": {
    "rsi": 46.26,
    "macd": {
      "line": 4.9235,
      "signal": 4.4311,
      "histogram": 0.4923
    },
    "bollinger_bands": {
      "upper": 616.38,
      "middle": 600.13,
      "lower": 583.88
    }
  },
  "bsm_analysis": {
    "greeks": {
      "delta": 0.5414,
      "gamma": 0.01164,
      "theta": -0.2696,
      "vega": 0.6758,
      "rho": 0.2521
    },
    "atm_call_price": 14.89,
    "atm_put_price": 12.33,
    "implied_move": 0.5
  },
  "prediction": {
    "signal": "NEUTRAL",
    "score": 1,
    "confidence": 25.0,
    "reasons": [
      "MACD histogram positive (bullish momentum)"
    ],
    "target_price": 594.05,
    "support": 592.12,
    "resistance": 596.06
  },
  "simulation": {
    "statistics": {
      "mean": 594.0465194979948,
      "std": 2.956379783304065,
      "p05": 589.0433228030405,
      "p25": 592.1213818154739,
      "p50": 594.1172691642564,
      "p75": 596.0580736338698,
      "p95": 598.6688652853334,
      "min": 584.3370219158628,
      "max": 605.5155213048344
    },
    "simulations": 1000,
    "volatility": 0.2002
  }
}