{
  "ticker": "SPY",
  "timestamp": "2026-03-23T17:07:27.190019",
  "current_price": 592.09,
  "forecast_minutes": 60,
  "technical_indicators": {
    "rsi": 56.21,
    "macd": {
      "line": 4.309,
      "signal": 3.8781,
      "histogram": 0.4309
    },
    "bollinger_bands": {
      "upper": 605.02,
      "middle": 586.83,
      "lower": 568.63
    }
  },
  "bsm_analysis": {
    "greeks": {
      "delta": 0.5452,
      "gamma": 0.013891,
      "theta": -0.2331,
      "vega": 0.6728,
      "rho": 0.2549
    },
    "atm_call_price": 12.68,
    "atm_put_price": 10.13,
    "implied_move": 0.41
  },
  "prediction": {
    "signal": "NEUTRAL",
    "score": 1,
    "confidence": 25.0,
    "reasons": [
      "MACD histogram positive (bullish momentum)"
    ],
    "target_price": 592.15,
    "support": 590.51,
    "resistance": 593.77
  },
  "simulation": {
    "statistics": {
      "mean": 592.1516419902345,
      "std": 2.4160962751444743,
      "p05": 588.3183814233283,
      "p25": 590.5067069636228,
      "p50": 592.232602808089,
      "p75": 593.7654065605703,
      "p95": 596.1683603691915,
      "min": 583.5919494484237,
      "max": 599.2751147134699
    },
    "simulations": 1000,
    "volatility": 0.1681
  }
}