{
  "ticker": "SPY",
  "timestamp": "2026-03-22T01:14:28.663712",
  "current_price": 596.84,
  "forecast_minutes": 60,
  "technical_indicators": {
    "rsi": 29.38,
    "macd": {
      "line": 3.9889,
      "signal": 3.59,
      "histogram": 0.3989
    },
    "bollinger_bands": {
      "upper": 682.86,
      "middle": 648.12,
      "lower": 613.38
    }
  },
  "bsm_analysis": {
    "greeks": {
      "delta": 0.5391,
      "gamma": 0.00511,
      "theta": -0.5558,
      "vega": 0.6793,
      "rho": 0.238
    },
    "atm_call_price": 32.21,
    "atm_put_price": 29.64,
    "implied_move": 1.07
  },
  "prediction": {
    "signal": "BULLISH",
    "score": 3,
    "confidence": 75.0,
    "reasons": [
      "RSI indicates oversold conditions",
      "MACD histogram positive (bullish momentum)"
    ],
    "target_price": 597.14,
    "support": 592.46,
    "resistance": 601.35
  },
  "simulation": {
    "statistics": {
      "mean": 597.1441651760732,
      "std": 6.383353222048076,
      "p05": 587.3060019871452,
      "p25": 592.4645302901674,
      "p50": 597.1347215443502,
      "p75": 601.3511115065833,
      "p95": 608.2217843456419,
      "min": 578.3358069668327,
      "max": 619.0407523618812
    },
    "simulations": 1000,
    "volatility": 0.4541
  }
}