{
  "ticker": "SPY",
  "timestamp": "2026-03-01T21:09:09.409479",
  "current_price": 597.84,
  "forecast_minutes": 60,
  "technical_indicators": {
    "rsi": 58.0,
    "macd": {
      "line": 0.1317,
      "signal": 0.1185,
      "histogram": 0.0132
    },
    "bollinger_bands": {
      "upper": 599.82,
      "middle": 588.61,
      "lower": 577.39
    }
  },
  "bsm_analysis": {
    "greeks": {
      "delta": 0.5481,
      "gamma": 0.015221,
      "theta": -0.2172,
      "vega": 0.6788,
      "rho": 0.2597
    },
    "atm_call_price": 11.7,
    "atm_put_price": 9.12,
    "implied_move": 0.37
  },
  "prediction": {
    "signal": "NEUTRAL",
    "score": 1,
    "confidence": 25.0,
    "reasons": [
      "MACD histogram positive (bullish momentum)"
    ],
    "target_price": 597.9,
    "support": 596.4,
    "resistance": 599.42
  },
  "simulation": {
    "statistics": {
      "mean": 597.9042598368025,
      "std": 2.195839794559318,
      "p05": 594.1299680966215,
      "p25": 596.3971945761359,
      "p50": 597.8742390818779,
      "p75": 599.4247093812286,
      "p95": 601.3079480677229,
      "min": 591.4693941621356,
      "max": 604.8554055061383
    },
    "simulations": 1000,
    "volatility": 0.1518
  }
}