{
  "ticker": "SPY",
  "timestamp": "2026-04-07T02:45:10.340539",
  "current_price": 596.94,
  "forecast_minutes": 60,
  "technical_indicators": {
    "rsi": 58.36,
    "macd": {
      "line": 10.2607,
      "signal": 9.2346,
      "histogram": 1.0261
    },
    "bollinger_bands": {
      "upper": 632.62,
      "middle": 599.77,
      "lower": 566.92
    }
  },
  "bsm_analysis": {
    "greeks": {
      "delta": 0.5417,
      "gamma": 0.011801,
      "theta": -0.2667,
      "vega": 0.679,
      "rho": 0.2537
    },
    "atm_call_price": 14.71,
    "atm_put_price": 12.14,
    "implied_move": 0.48
  },
  "prediction": {
    "signal": "NEUTRAL",
    "score": 1,
    "confidence": 25.0,
    "reasons": [
      "MACD histogram positive (bullish momentum)"
    ],
    "target_price": 597.05,
    "support": 595.05,
    "resistance": 598.96
  },
  "simulation": {
    "statistics": {
      "mean": 597.0463156506543,
      "std": 2.8919292775745804,
      "p05": 592.1875100814743,
      "p25": 595.0461990780232,
      "p50": 597.0254772615851,
      "p75": 598.9601165989448,
      "p95": 601.8428362699915,
      "min": 588.5671895800889,
      "max": 606.3974510544575
    },
    "simulations": 1000,
    "volatility": 0.1965
  }
}