{
  "ticker": "SPY",
  "timestamp": "2026-03-16T14:35:00.875364",
  "current_price": 594.39,
  "forecast_minutes": 60,
  "technical_indicators": {
    "rsi": 71.59,
    "macd": {
      "line": 4.6145,
      "signal": 4.1531,
      "histogram": 0.4615
    },
    "bollinger_bands": {
      "upper": 586.0,
      "middle": 569.76,
      "lower": 553.51
    }
  },
  "bsm_analysis": {
    "greeks": {
      "delta": 0.5446,
      "gamma": 0.013474,
      "theta": -0.2391,
      "vega": 0.6756,
      "rho": 0.2553
    },
    "atm_call_price": 13.04,
    "atm_put_price": 10.48,
    "implied_move": 0.41
  },
  "prediction": {
    "signal": "NEUTRAL",
    "score": -1,
    "confidence": 25.0,
    "reasons": [
      "RSI indicates overbought conditions",
      "MACD histogram positive (bullish momentum)"
    ],
    "target_price": 594.36,
    "support": 592.65,
    "resistance": 596.01
  },
  "simulation": {
    "statistics": {
      "mean": 594.3620039671766,
      "std": 2.464915235389436,
      "p05": 590.2034662227901,
      "p25": 592.6483889770705,
      "p50": 594.3571888351673,
      "p75": 596.0107093701989,
      "p95": 598.3982065317555,
      "min": 586.2289513452122,
      "max": 601.7196048350829
    },
    "simulations": 1000,
    "volatility": 0.1727
  }
}