{
  "ticker": "SPY",
  "timestamp": "2026-04-11T18:04:14.142187",
  "current_price": 596.46,
  "forecast_minutes": 60,
  "technical_indicators": {
    "rsi": 43.4,
    "macd": {
      "line": -3.5807,
      "signal": -3.2226,
      "histogram": -0.3581
    },
    "bollinger_bands": {
      "upper": 616.72,
      "middle": 604.08,
      "lower": 591.45
    }
  },
  "bsm_analysis": {
    "greeks": {
      "delta": 0.5473,
      "gamma": 0.014857,
      "theta": -0.2213,
      "vega": 0.6774,
      "rho": 0.2585
    },
    "atm_call_price": 11.95,
    "atm_put_price": 9.38,
    "implied_move": 0.39
  },
  "prediction": {
    "signal": "NEUTRAL",
    "score": -1,
    "confidence": 25.0,
    "reasons": [
      "MACD histogram negative (bearish momentum)"
    ],
    "target_price": 596.47,
    "support": 594.97,
    "resistance": 598.11
  },
  "simulation": {
    "statistics": {
      "mean": 596.4691607337211,
      "std": 2.329951466193731,
      "p05": 592.488285104878,
      "p25": 594.971668938527,
      "p50": 596.4810993533425,
      "p75": 598.1071867302587,
      "p95": 600.2160069444582,
      "min": 589.1968433867611,
      "max": 603.8012122865846
    },
    "simulations": 1000,
    "volatility": 0.1559
  }
}