{
  "ticker": "SPY",
  "timestamp": "2026-03-13T21:31:44.824162",
  "current_price": 596.38,
  "forecast_minutes": 60,
  "technical_indicators": {
    "rsi": 77.85,
    "macd": {
      "line": 5.2773,
      "signal": 4.7496,
      "histogram": 0.5277
    },
    "bollinger_bands": {
      "upper": 599.47,
      "middle": 575.12,
      "lower": 550.76
    }
  },
  "bsm_analysis": {
    "greeks": {
      "delta": 0.5487,
      "gamma": 0.01555,
      "theta": -0.2135,
      "vega": 0.677,
      "rho": 0.2595
    },
    "atm_call_price": 11.47,
    "atm_put_price": 8.9,
    "implied_move": 0.36
  },
  "prediction": {
    "signal": "NEUTRAL",
    "score": -1,
    "confidence": 25.0,
    "reasons": [
      "RSI indicates overbought conditions",
      "MACD histogram positive (bullish momentum)"
    ],
    "target_price": 596.37,
    "support": 594.96,
    "resistance": 597.84
  },
  "simulation": {
    "statistics": {
      "mean": 596.3680299247696,
      "std": 2.172318508728659,
      "p05": 592.7861221115038,
      "p25": 594.9604883117955,
      "p50": 596.2590381246225,
      "p75": 597.8357471646001,
      "p95": 599.9271437829392,
      "min": 589.3988548022988,
      "max": 603.7915541699762
    },
    "simulations": 1000,
    "volatility": 0.1489
  }
}