{
  "ticker": "SPY",
  "timestamp": "2026-03-20T20:57:05.623236",
  "current_price": 594.77,
  "forecast_minutes": 60,
  "technical_indicators": {
    "rsi": 56.79,
    "macd": {
      "line": -1.1405,
      "signal": -1.0264,
      "histogram": -0.114
    },
    "bollinger_bands": {
      "upper": 599.03,
      "middle": 588.16,
      "lower": 577.3
    }
  },
  "bsm_analysis": {
    "greeks": {
      "delta": 0.5511,
      "gamma": 0.016727,
      "theta": -0.2016,
      "vega": 0.6747,
      "rho": 0.2606
    },
    "atm_call_price": 10.75,
    "atm_put_price": 8.19,
    "implied_move": 0.32
  },
  "prediction": {
    "signal": "NEUTRAL",
    "score": -1,
    "confidence": 25.0,
    "reasons": [
      "MACD histogram negative (bearish momentum)"
    ],
    "target_price": 594.81,
    "support": 593.47,
    "resistance": 596.12
  },
  "simulation": {
    "statistics": {
      "mean": 594.8085056227462,
      "std": 1.9100354210894481,
      "p05": 591.7381606866504,
      "p25": 593.4703279242314,
      "p50": 594.760770375296,
      "p75": 596.1154963182121,
      "p95": 598.0074250509878,
      "min": 589.2228024476841,
      "max": 600.557044560944
    },
    "simulations": 1000,
    "volatility": 0.1387
  }
}