{
  "ticker": "SPY",
  "timestamp": "2026-02-16T17:04:42.083621",
  "current_price": 594.08,
  "forecast_minutes": 60,
  "technical_indicators": {
    "rsi": 30.38,
    "macd": {
      "line": -9.4595,
      "signal": -8.5135,
      "histogram": -0.9459
    },
    "bollinger_bands": {
      "upper": 641.44,
      "middle": 602.88,
      "lower": 564.33
    }
  },
  "bsm_analysis": {
    "greeks": {
      "delta": 0.5451,
      "gamma": 0.01377,
      "theta": -0.2349,
      "vega": 0.6751,
      "rho": 0.2557
    },
    "atm_call_price": 12.78,
    "atm_put_price": 10.22,
    "implied_move": 0.43
  },
  "prediction": {
    "signal": "NEUTRAL",
    "score": -1,
    "confidence": 25.0,
    "reasons": [
      "MACD histogram negative (bearish momentum)"
    ],
    "target_price": 594.17,
    "support": 592.41,
    "resistance": 595.94
  },
  "simulation": {
    "statistics": {
      "mean": 594.174689151664,
      "std": 2.553610133745765,
      "p05": 590.1298165615483,
      "p25": 592.4060393820218,
      "p50": 594.1028899134743,
      "p75": 595.9403907928934,
      "p95": 598.3519134568687,
      "min": 586.7051831133041,
      "max": 602.4112155117172
    },
    "simulations": 1000,
    "volatility": 0.169
  }
}