{
  "ticker": "SPY",
  "timestamp": "2026-03-29T14:15:29.959241",
  "current_price": 595.53,
  "forecast_minutes": 60,
  "technical_indicators": {
    "rsi": 56.26,
    "macd": {
      "line": -2.0515,
      "signal": -1.8464,
      "histogram": -0.2052
    },
    "bollinger_bands": {
      "upper": 591.25,
      "middle": 563.83,
      "lower": 536.41
    }
  },
  "bsm_analysis": {
    "greeks": {
      "delta": 0.5384,
      "gamma": 0.005457,
      "theta": -0.5234,
      "vega": 0.678,
      "rho": 0.2387
    },
    "atm_call_price": 30.25,
    "atm_put_price": 27.69,
    "implied_move": 1.03
  },
  "prediction": {
    "signal": "NEUTRAL",
    "score": -1,
    "confidence": 25.0,
    "reasons": [
      "MACD histogram negative (bearish momentum)"
    ],
    "target_price": 595.43,
    "support": 591.18,
    "resistance": 599.51
  },
  "simulation": {
    "statistics": {
      "mean": 595.4287194039398,
      "std": 6.135795427562638,
      "p05": 585.5718363826284,
      "p25": 591.1787859170558,
      "p50": 595.3753696993854,
      "p75": 599.5080548915352,
      "p95": 606.2118460558961,
      "min": 576.9274639358653,
      "max": 616.6515626314311
    },
    "simulations": 1000,
    "volatility": 0.4262
  }
}