{
  "ticker": "SPY",
  "timestamp": "2026-02-08T23:30:03.794671",
  "current_price": 594.63,
  "forecast_minutes": 60,
  "technical_indicators": {
    "rsi": 50.75,
    "macd": {
      "line": -2.5263,
      "signal": -2.2736,
      "histogram": -0.2526
    },
    "bollinger_bands": {
      "upper": 601.52,
      "middle": 585.44,
      "lower": 569.36
    }
  },
  "bsm_analysis": {
    "greeks": {
      "delta": 0.5441,
      "gamma": 0.013217,
      "theta": -0.2429,
      "vega": 0.6759,
      "rho": 0.255
    },
    "atm_call_price": 13.26,
    "atm_put_price": 10.7,
    "implied_move": 0.44
  },
  "prediction": {
    "signal": "NEUTRAL",
    "score": -1,
    "confidence": 25.0,
    "reasons": [
      "MACD histogram negative (bearish momentum)"
    ],
    "target_price": 594.66,
    "support": 592.91,
    "resistance": 596.34
  },
  "simulation": {
    "statistics": {
      "mean": 594.6616294291524,
      "std": 2.60906237498897,
      "p05": 590.4716962425641,
      "p25": 592.9125082755305,
      "p50": 594.5778177132192,
      "p75": 596.3367701479538,
      "p95": 599.0903475988216,
      "min": 585.7350422828202,
      "max": 603.9543714782749
    },
    "simulations": 1000,
    "volatility": 0.176
  }
}