{
  "ticker": "SPY",
  "timestamp": "2026-02-28T02:58:02.120038",
  "current_price": 596.89,
  "forecast_minutes": 60,
  "technical_indicators": {
    "rsi": 37.35,
    "macd": {
      "line": 2.2091,
      "signal": 1.9882,
      "histogram": 0.2209
    },
    "bollinger_bands": {
      "upper": 628.71,
      "middle": 613.7,
      "lower": 598.7
    }
  },
  "bsm_analysis": {
    "greeks": {
      "delta": 0.541,
      "gamma": 0.011362,
      "theta": -0.2753,
      "vega": 0.6791,
      "rho": 0.2529
    },
    "atm_call_price": 15.22,
    "atm_put_price": 12.65,
    "implied_move": 0.51
  },
  "prediction": {
    "signal": "NEUTRAL",
    "score": 1,
    "confidence": 25.0,
    "reasons": [
      "MACD histogram positive (bullish momentum)"
    ],
    "target_price": 596.92,
    "support": 594.85,
    "resistance": 598.89
  },
  "simulation": {
    "statistics": {
      "mean": 596.924713328192,
      "std": 3.022186607015361,
      "p05": 591.8562936729334,
      "p25": 594.847155693979,
      "p50": 597.0252563146371,
      "p75": 598.8907041149206,
      "p95": 601.9202593278743,
      "min": 588.5587389543996,
      "max": 606.7358097926285
    },
    "simulations": 1000,
    "volatility": 0.2041
  }
}