{
  "ticker": "SPY",
  "timestamp": "2026-02-28T23:39:37.425454",
  "current_price": 597.8,
  "forecast_minutes": 60,
  "technical_indicators": {
    "rsi": 35.08,
    "macd": {
      "line": 1.2164,
      "signal": 1.0947,
      "histogram": 0.1216
    },
    "bollinger_bands": {
      "upper": 642.75,
      "middle": 625.43,
      "lower": 608.11
    }
  },
  "bsm_analysis": {
    "greeks": {
      "delta": 0.537,
      "gamma": 0.006849,
      "theta": -0.4266,
      "vega": 0.6808,
      "rho": 0.2438
    },
    "atm_call_price": 24.39,
    "atm_put_price": 21.81,
    "implied_move": 0.82
  },
  "prediction": {
    "signal": "NEUTRAL",
    "score": 1,
    "confidence": 25.0,
    "reasons": [
      "MACD histogram positive (bullish momentum)"
    ],
    "target_price": 597.95,
    "support": 594.48,
    "resistance": 601.3
  },
  "simulation": {
    "statistics": {
      "mean": 597.9524437096944,
      "std": 4.884852129417139,
      "p05": 590.1710209643215,
      "p25": 594.4829466175398,
      "p50": 597.8550144512378,
      "p75": 601.3033448239335,
      "p95": 606.1042154413358,
      "min": 583.2987593189795,
      "max": 614.2653194269346
    },
    "simulations": 1000,
    "volatility": 0.3384
  }
}