{
  "ticker": "SPY",
  "timestamp": "2026-02-26T23:30:05.856380",
  "current_price": 595.61,
  "forecast_minutes": 60,
  "technical_indicators": {
    "rsi": 49.75,
    "macd": {
      "line": 2.0076,
      "signal": 1.8069,
      "histogram": 0.2008
    },
    "bollinger_bands": {
      "upper": 601.49,
      "middle": 593.65,
      "lower": 585.81
    }
  },
  "bsm_analysis": {
    "greeks": {
      "delta": 0.5489,
      "gamma": 0.015671,
      "theta": -0.2121,
      "vega": 0.6761,
      "rho": 0.2594
    },
    "atm_call_price": 11.39,
    "atm_put_price": 8.83,
    "implied_move": 0.36
  },
  "prediction": {
    "signal": "NEUTRAL",
    "score": 1,
    "confidence": 25.0,
    "reasons": [
      "MACD histogram positive (bullish momentum)"
    ],
    "target_price": 595.67,
    "support": 594.25,
    "resistance": 597.09
  },
  "simulation": {
    "statistics": {
      "mean": 595.6706695354793,
      "std": 2.141679261015779,
      "p05": 592.1873069739262,
      "p25": 594.2473644493439,
      "p50": 595.5908200512482,
      "p75": 597.0884195492439,
      "p95": 599.1536321515151,
      "min": 588.6214869946294,
      "max": 602.7796138217652
    },
    "simulations": 1000,
    "volatility": 0.148
  }
}