{
  "ticker": "SPY",
  "timestamp": "2026-02-28T10:26:25.052191",
  "current_price": 592.37,
  "forecast_minutes": 60,
  "technical_indicators": {
    "rsi": 43.12,
    "macd": {
      "line": 2.8942,
      "signal": 2.6048,
      "histogram": 0.2894
    },
    "bollinger_bands": {
      "upper": 615.21,
      "middle": 601.47,
      "lower": 587.74
    }
  },
  "bsm_analysis": {
    "greeks": {
      "delta": 0.5425,
      "gamma": 0.012364,
      "theta": -0.2563,
      "vega": 0.6737,
      "rho": 0.2526
    },
    "atm_call_price": 14.09,
    "atm_put_price": 11.54,
    "implied_move": 0.47
  },
  "prediction": {
    "signal": "NEUTRAL",
    "score": 1,
    "confidence": 25.0,
    "reasons": [
      "MACD histogram positive (bullish momentum)"
    ],
    "target_price": 592.49,
    "support": 590.65,
    "resistance": 594.36
  },
  "simulation": {
    "statistics": {
      "mean": 592.4936518408014,
      "std": 2.7547123671901463,
      "p05": 587.9445777559323,
      "p25": 590.6529134640821,
      "p50": 592.3650482642579,
      "p75": 594.3550426220065,
      "p95": 597.0500703818952,
      "min": 584.5050343893965,
      "max": 601.346212517015
    },
    "simulations": 1000,
    "volatility": 0.1889
  }
}