{
  "ticker": "SPY",
  "timestamp": "2026-03-10T13:33:05.663800",
  "current_price": 597.91,
  "forecast_minutes": 60,
  "technical_indicators": {
    "rsi": 51.86,
    "macd": {
      "line": 1.1216,
      "signal": 1.0095,
      "histogram": 0.1122
    },
    "bollinger_bands": {
      "upper": 607.44,
      "middle": 595.76,
      "lower": 584.08
    }
  },
  "bsm_analysis": {
    "greeks": {
      "delta": 0.5465,
      "gamma": 0.014408,
      "theta": -0.2268,
      "vega": 0.6792,
      "rho": 0.2585
    },
    "atm_call_price": 12.28,
    "atm_put_price": 9.71,
    "implied_move": 0.4
  },
  "prediction": {
    "signal": "NEUTRAL",
    "score": 1,
    "confidence": 25.0,
    "reasons": [
      "MACD histogram positive (bullish momentum)"
    ],
    "target_price": 597.91,
    "support": 596.42,
    "resistance": 599.46
  },
  "simulation": {
    "statistics": {
      "mean": 597.9062288977443,
      "std": 2.3818255315599535,
      "p05": 593.9498011085644,
      "p25": 596.4169121901064,
      "p50": 597.8271122858788,
      "p75": 599.4634583980289,
      "p95": 601.8802793545896,
      "min": 589.2090521188792,
      "max": 605.4028114374428
    },
    "simulations": 1000,
    "volatility": 0.1604
  }
}