{
  "ticker": "SPY",
  "timestamp": "2026-03-19T21:55:59.144464",
  "current_price": 592.78,
  "forecast_minutes": 60,
  "technical_indicators": {
    "rsi": 66.04,
    "macd": {
      "line": 0.4967,
      "signal": 0.4471,
      "histogram": 0.0497
    },
    "bollinger_bands": {
      "upper": 581.69,
      "middle": 567.08,
      "lower": 552.47
    }
  },
  "bsm_analysis": {
    "greeks": {
      "delta": 0.5376,
      "gamma": 0.008653,
      "theta": -0.3468,
      "vega": 0.675,
      "rho": 0.2459
    },
    "atm_call_price": 19.57,
    "atm_put_price": 17.02,
    "implied_move": 0.65
  },
  "prediction": {
    "signal": "NEUTRAL",
    "score": 1,
    "confidence": 25.0,
    "reasons": [
      "MACD histogram positive (bullish momentum)"
    ],
    "target_price": 592.71,
    "support": 590.12,
    "resistance": 595.19
  },
  "simulation": {
    "statistics": {
      "mean": 592.7086383976913,
      "std": 3.8777506547467,
      "p05": 586.584754046725,
      "p25": 590.124373534965,
      "p50": 592.7227511676406,
      "p75": 595.1901687463155,
      "p95": 599.0312750819121,
      "min": 580.604015098002,
      "max": 605.0401943419439
    },
    "simulations": 1000,
    "volatility": 0.2701
  }
}