{
  "ticker": "SPY",
  "timestamp": "2026-02-28T19:25:31.511581",
  "current_price": 596.2,
  "forecast_minutes": 60,
  "technical_indicators": {
    "rsi": 66.79,
    "macd": {
      "line": 4.4068,
      "signal": 3.9662,
      "histogram": 0.4407
    },
    "bollinger_bands": {
      "upper": 598.19,
      "middle": 581.56,
      "lower": 564.94
    }
  },
  "bsm_analysis": {
    "greeks": {
      "delta": 0.5541,
      "gamma": 0.018064,
      "theta": -0.1902,
      "vega": 0.6756,
      "rho": 0.2632
    },
    "atm_call_price": 10.05,
    "atm_put_price": 7.49,
    "implied_move": 0.31
  },
  "prediction": {
    "signal": "NEUTRAL",
    "score": 1,
    "confidence": 25.0,
    "reasons": [
      "MACD histogram positive (bullish momentum)"
    ],
    "target_price": 596.19,
    "support": 594.98,
    "resistance": 597.4
  },
  "simulation": {
    "statistics": {
      "mean": 596.191440762411,
      "std": 1.8424254159362004,
      "p05": 593.1994965522239,
      "p25": 594.9757755745909,
      "p50": 596.27752915868,
      "p75": 597.3967511866203,
      "p95": 599.1485606406856,
      "min": 590.6309505142137,
      "max": 602.2963160001701
    },
    "simulations": 1000,
    "volatility": 0.128
  }
}