{
  "ticker": "SPY",
  "timestamp": "2026-04-11T23:59:46.666918",
  "current_price": 594.64,
  "forecast_minutes": 60,
  "technical_indicators": {
    "rsi": 48.55,
    "macd": {
      "line": 1.5158,
      "signal": 1.3642,
      "histogram": 0.1516
    },
    "bollinger_bands": {
      "upper": 617.53,
      "middle": 594.56,
      "lower": 571.6
    }
  },
  "bsm_analysis": {
    "greeks": {
      "delta": 0.5443,
      "gamma": 0.013349,
      "theta": -0.2409,
      "vega": 0.6759,
      "rho": 0.2552
    },
    "atm_call_price": 13.15,
    "atm_put_price": 10.59,
    "implied_move": 0.45
  },
  "prediction": {
    "signal": "NEUTRAL",
    "score": 1,
    "confidence": 25.0,
    "reasons": [
      "MACD histogram positive (bullish momentum)"
    ],
    "target_price": 594.67,
    "support": 592.79,
    "resistance": 596.51
  },
  "simulation": {
    "statistics": {
      "mean": 594.6705677312077,
      "std": 2.703455304552003,
      "p05": 590.1128821743266,
      "p25": 592.788283158127,
      "p50": 594.7598917886847,
      "p75": 596.5085946360986,
      "p95": 598.9409697614061,
      "min": 587.294265817635,
      "max": 603.4831334197373
    },
    "simulations": 1000,
    "volatility": 0.1742
  }
}