{
  "ticker": "SPY",
  "timestamp": "2026-02-23T12:02:53.434953",
  "current_price": 597.14,
  "forecast_minutes": 60,
  "technical_indicators": {
    "rsi": 55.18,
    "macd": {
      "line": 6.2819,
      "signal": 5.6537,
      "histogram": 0.6282
    },
    "bollinger_bands": {
      "upper": 610.92,
      "middle": 589.8,
      "lower": 568.68
    }
  },
  "bsm_analysis": {
    "greeks": {
      "delta": 0.5475,
      "gamma": 0.014933,
      "theta": -0.2204,
      "vega": 0.6781,
      "rho": 0.2589
    },
    "atm_call_price": 11.89,
    "atm_put_price": 9.32,
    "implied_move": 0.39
  },
  "prediction": {
    "signal": "NEUTRAL",
    "score": 1,
    "confidence": 25.0,
    "reasons": [
      "MACD histogram positive (bullish momentum)"
    ],
    "target_price": 597.05,
    "support": 595.47,
    "resistance": 598.54
  },
  "simulation": {
    "statistics": {
      "mean": 597.0531981244956,
      "std": 2.3280388149648887,
      "p05": 593.2744778671871,
      "p25": 595.4739693160095,
      "p50": 597.0371977865116,
      "p75": 598.5441026611945,
      "p95": 600.9189111561659,
      "min": 590.0276617197477,
      "max": 604.2027250241312
    },
    "simulations": 1000,
    "volatility": 0.1549
  }
}