{
  "ticker": "SPY",
  "timestamp": "2026-03-30T15:10:35.063374",
  "current_price": 595.54,
  "forecast_minutes": 60,
  "technical_indicators": {
    "rsi": 43.13,
    "macd": {
      "line": 4.3684,
      "signal": 3.9315,
      "histogram": 0.4368
    },
    "bollinger_bands": {
      "upper": 623.57,
      "middle": 606.79,
      "lower": 590.01
    }
  },
  "bsm_analysis": {
    "greeks": {
      "delta": 0.5402,
      "gamma": 0.010862,
      "theta": -0.2857,
      "vega": 0.6777,
      "rho": 0.2514
    },
    "atm_call_price": 15.86,
    "atm_put_price": 13.3,
    "implied_move": 0.52
  },
  "prediction": {
    "signal": "NEUTRAL",
    "score": 1,
    "confidence": 25.0,
    "reasons": [
      "MACD histogram positive (bullish momentum)"
    ],
    "target_price": 595.49,
    "support": 593.45,
    "resistance": 597.48
  },
  "simulation": {
    "statistics": {
      "mean": 595.4860619681489,
      "std": 3.083256685458165,
      "p05": 590.5794902145855,
      "p25": 593.4547492592377,
      "p50": 595.399540751749,
      "p75": 597.4764232517732,
      "p95": 600.7782550799907,
      "min": 584.3251918285221,
      "max": 605.4058198471866
    },
    "simulations": 1000,
    "volatility": 0.214
  }
}