{
  "ticker": "SPY",
  "timestamp": "2026-04-14T17:35:57.891071",
  "current_price": 592.51,
  "forecast_minutes": 60,
  "technical_indicators": {
    "rsi": 27.01,
    "macd": {
      "line": -2.7063,
      "signal": -2.4356,
      "histogram": -0.2706
    },
    "bollinger_bands": {
      "upper": 646.02,
      "middle": 625.76,
      "lower": 605.5
    }
  },
  "bsm_analysis": {
    "greeks": {
      "delta": 0.5394,
      "gamma": 0.010281,
      "theta": -0.2991,
      "vega": 0.6744,
      "rho": 0.249
    },
    "atm_call_price": 16.68,
    "atm_put_price": 14.13,
    "implied_move": 0.55
  },
  "prediction": {
    "signal": "NEUTRAL",
    "score": 1,
    "confidence": 25.0,
    "reasons": [
      "RSI indicates oversold conditions",
      "MACD histogram negative (bearish momentum)"
    ],
    "target_price": 592.36,
    "support": 590.17,
    "resistance": 594.54
  },
  "simulation": {
    "statistics": {
      "mean": 592.3617687819503,
      "std": 3.2615301675707924,
      "p05": 586.6668444675489,
      "p25": 590.1709589935479,
      "p50": 592.4795336211207,
      "p75": 594.5355049904654,
      "p95": 597.477680146311,
      "min": 582.1304155569715,
      "max": 602.1848477262185
    },
    "simulations": 1000,
    "volatility": 0.2273
  }
}