{
  "ticker": "SPY",
  "timestamp": "2026-02-18T20:22:28.916575",
  "current_price": 592.4,
  "forecast_minutes": 60,
  "technical_indicators": {
    "rsi": 44.32,
    "macd": {
      "line": -4.1029,
      "signal": -3.6926,
      "histogram": -0.4103
    },
    "bollinger_bands": {
      "upper": 615.41,
      "middle": 593.3,
      "lower": 571.18
    }
  },
  "bsm_analysis": {
    "greeks": {
      "delta": 0.5443,
      "gamma": 0.013386,
      "theta": -0.2402,
      "vega": 0.6734,
      "rho": 0.2543
    },
    "atm_call_price": 13.11,
    "atm_put_price": 10.56,
    "implied_move": 0.43
  },
  "prediction": {
    "signal": "NEUTRAL",
    "score": -1,
    "confidence": 25.0,
    "reasons": [
      "MACD histogram negative (bearish momentum)"
    ],
    "target_price": 592.35,
    "support": 590.66,
    "resistance": 594.11
  },
  "simulation": {
    "statistics": {
      "mean": 592.345412308947,
      "std": 2.540252649950341,
      "p05": 588.2900383411707,
      "p25": 590.659421702371,
      "p50": 592.3564621990745,
      "p75": 594.1110988097339,
      "p95": 596.4480289092347,
      "min": 584.4696288533357,
      "max": 599.994196925353
    },
    "simulations": 1000,
    "volatility": 0.1744
  }
}