{
  "ticker": "SPY",
  "timestamp": "2026-03-11T17:34:27.731630",
  "current_price": 596.1,
  "forecast_minutes": 60,
  "technical_indicators": {
    "rsi": 62.84,
    "macd": {
      "line": 5.8208,
      "signal": 5.2387,
      "histogram": 0.5821
    },
    "bollinger_bands": {
      "upper": 606.75,
      "middle": 584.56,
      "lower": 562.37
    }
  },
  "bsm_analysis": {
    "greeks": {
      "delta": 0.5451,
      "gamma": 0.013699,
      "theta": -0.2361,
      "vega": 0.6774,
      "rho": 0.2565
    },
    "atm_call_price": 12.85,
    "atm_put_price": 10.28,
    "implied_move": 0.43
  },
  "prediction": {
    "signal": "NEUTRAL",
    "score": 1,
    "confidence": 25.0,
    "reasons": [
      "MACD histogram positive (bullish momentum)"
    ],
    "target_price": 596.04,
    "support": 594.36,
    "resistance": 597.75
  },
  "simulation": {
    "statistics": {
      "mean": 596.0401855557361,
      "std": 2.551665873323585,
      "p05": 591.685456372364,
      "p25": 594.3626537781785,
      "p50": 596.1866214222282,
      "p75": 597.7492777313053,
      "p95": 600.0578392506543,
      "min": 588.4645361364649,
      "max": 603.640782541498
    },
    "simulations": 1000,
    "volatility": 0.1693
  }
}