{
  "ticker": "SPY",
  "timestamp": "2026-02-24T08:00:59.699996",
  "current_price": 597.93,
  "forecast_minutes": 60,
  "technical_indicators": {
    "rsi": 50.07,
    "macd": {
      "line": -7.4321,
      "signal": -6.6889,
      "histogram": -0.7432
    },
    "bollinger_bands": {
      "upper": 624.63,
      "middle": 587.77,
      "lower": 550.91
    }
  },
  "bsm_analysis": {
    "greeks": {
      "delta": 0.5432,
      "gamma": 0.012675,
      "theta": -0.2516,
      "vega": 0.6799,
      "rho": 0.2557
    },
    "atm_call_price": 13.78,
    "atm_put_price": 11.21,
    "implied_move": 0.46
  },
  "prediction": {
    "signal": "NEUTRAL",
    "score": -1,
    "confidence": 25.0,
    "reasons": [
      "MACD histogram negative (bearish momentum)"
    ],
    "target_price": 597.97,
    "support": 596.03,
    "resistance": 599.78
  },
  "simulation": {
    "statistics": {
      "mean": 597.9717351036132,
      "std": 2.7550941358296637,
      "p05": 593.5291042162871,
      "p25": 596.0309504034494,
      "p50": 597.9449028270176,
      "p75": 599.7799412453735,
      "p95": 602.3856136627752,
      "min": 589.4028976215786,
      "max": 607.0728136318655
    },
    "simulations": 1000,
    "volatility": 0.1825
  }
}