{
  "ticker": "SPY",
  "timestamp": "2026-03-24T13:50:57.602218",
  "current_price": 594.44,
  "forecast_minutes": 60,
  "technical_indicators": {
    "rsi": 35.04,
    "macd": {
      "line": 5.9124,
      "signal": 5.3211,
      "histogram": 0.5912
    },
    "bollinger_bands": {
      "upper": 700.93,
      "middle": 655.96,
      "lower": 611.0
    }
  },
  "bsm_analysis": {
    "greeks": {
      "delta": 0.5416,
      "gamma": 0.004389,
      "theta": -0.6388,
      "vega": 0.6762,
      "rho": 0.234
    },
    "atm_call_price": 37.25,
    "atm_put_price": 34.69,
    "implied_move": 1.26
  },
  "prediction": {
    "signal": "NEUTRAL",
    "score": 1,
    "confidence": 25.0,
    "reasons": [
      "MACD histogram positive (bullish momentum)"
    ],
    "target_price": 594.49,
    "support": 589.2,
    "resistance": 599.3
  },
  "simulation": {
    "statistics": {
      "mean": 594.4866579067739,
      "std": 7.518330349888607,
      "p05": 582.4107082581429,
      "p25": 589.1985445705266,
      "p50": 594.4467904238336,
      "p75": 599.2961683558021,
      "p95": 607.9808255462408,
      "min": 567.473171654927,
      "max": 619.4869432091291
    },
    "simulations": 1000,
    "volatility": 0.5305
  }
}