{
  "ticker": "SPY",
  "timestamp": "2026-02-08T18:47:43.974402",
  "current_price": 592.26,
  "forecast_minutes": 60,
  "technical_indicators": {
    "rsi": 54.93,
    "macd": {
      "line": 1.2375,
      "signal": 1.1137,
      "histogram": 0.1237
    },
    "bollinger_bands": {
      "upper": 602.45,
      "middle": 589.68,
      "lower": 576.9
    }
  },
  "bsm_analysis": {
    "greeks": {
      "delta": 0.5471,
      "gamma": 0.014866,
      "theta": -0.2208,
      "vega": 0.6727,
      "rho": 0.2565
    },
    "atm_call_price": 11.93,
    "atm_put_price": 9.38,
    "implied_move": 0.4
  },
  "prediction": {
    "signal": "NEUTRAL",
    "score": 1,
    "confidence": 25.0,
    "reasons": [
      "MACD histogram positive (bullish momentum)"
    ],
    "target_price": 592.36,
    "support": 590.85,
    "resistance": 593.95
  },
  "simulation": {
    "statistics": {
      "mean": 592.3562366891189,
      "std": 2.339934037769929,
      "p05": 588.3112813578132,
      "p25": 590.8526656168416,
      "p50": 592.4193295603004,
      "p75": 593.950814708356,
      "p95": 596.0882157957473,
      "min": 585.2919217416033,
      "max": 598.5709808070075
    },
    "simulations": 1000,
    "volatility": 0.1569
  }
}