{
  "ticker": "SPY",
  "timestamp": "2026-02-27T23:10:40.286831",
  "current_price": 592.97,
  "forecast_minutes": 60,
  "technical_indicators": {
    "rsi": 57.59,
    "macd": {
      "line": 2.765,
      "signal": 2.4885,
      "histogram": 0.2765
    },
    "bollinger_bands": {
      "upper": 596.82,
      "middle": 583.35,
      "lower": 569.87
    }
  },
  "bsm_analysis": {
    "greeks": {
      "delta": 0.5567,
      "gamma": 0.01937,
      "theta": -0.1803,
      "vega": 0.6713,
      "rho": 0.2636
    },
    "atm_call_price": 9.46,
    "atm_put_price": 6.9,
    "implied_move": 0.3
  },
  "prediction": {
    "signal": "NEUTRAL",
    "score": 1,
    "confidence": 25.0,
    "reasons": [
      "MACD histogram positive (bullish momentum)"
    ],
    "target_price": 592.99,
    "support": 591.79,
    "resistance": 594.21
  },
  "simulation": {
    "statistics": {
      "mean": 592.9891691668035,
      "std": 1.756347343910504,
      "p05": 590.0107970367906,
      "p25": 591.7872135667628,
      "p50": 592.9987838328609,
      "p75": 594.2139738751326,
      "p95": 595.8186031763083,
      "min": 587.6608223289577,
      "max": 598.0243687141538
    },
    "simulations": 1000,
    "volatility": 0.1199
  }
}