{
  "ticker": "SPY",
  "timestamp": "2026-03-14T05:00:50.476944",
  "current_price": 594.55,
  "forecast_minutes": 60,
  "technical_indicators": {
    "rsi": 54.93,
    "macd": {
      "line": -1.5561,
      "signal": -1.4005,
      "histogram": -0.1556
    },
    "bollinger_bands": {
      "upper": 591.95,
      "middle": 568.69,
      "lower": 545.42
    }
  },
  "bsm_analysis": {
    "greeks": {
      "delta": 0.5373,
      "gamma": 0.008215,
      "theta": -0.3631,
      "vega": 0.677,
      "rho": 0.2457
    },
    "atm_call_price": 20.55,
    "atm_put_price": 17.99,
    "implied_move": 0.7
  },
  "prediction": {
    "signal": "NEUTRAL",
    "score": -1,
    "confidence": 25.0,
    "reasons": [
      "MACD histogram negative (bearish momentum)"
    ],
    "target_price": 594.66,
    "support": 591.89,
    "resistance": 597.53
  },
  "simulation": {
    "statistics": {
      "mean": 594.6554215377488,
      "std": 4.139914111028307,
      "p05": 588.021064333877,
      "p25": 591.8864713862606,
      "p50": 594.5254130742073,
      "p75": 597.5313717231343,
      "p95": 601.7028126155313,
      "min": 581.9190175380808,
      "max": 608.1843609601796
    },
    "simulations": 1000,
    "volatility": 0.2837
  }
}