{
  "ticker": "SPY",
  "timestamp": "2026-03-11T15:04:29.884860",
  "current_price": 594.35,
  "forecast_minutes": 60,
  "technical_indicators": {
    "rsi": 74.81,
    "macd": {
      "line": 1.449,
      "signal": 1.3041,
      "histogram": 0.1449
    },
    "bollinger_bands": {
      "upper": 579.68,
      "middle": 554.28,
      "lower": 528.88
    }
  },
  "bsm_analysis": {
    "greeks": {
      "delta": 0.537,
      "gamma": 0.006994,
      "theta": -0.4185,
      "vega": 0.6769,
      "rho": 0.2427
    },
    "atm_call_price": 23.9,
    "atm_put_price": 21.34,
    "implied_move": 0.83
  },
  "prediction": {
    "signal": "NEUTRAL",
    "score": -1,
    "confidence": 25.0,
    "reasons": [
      "RSI indicates overbought conditions",
      "MACD histogram positive (bullish momentum)"
    ],
    "target_price": 594.4,
    "support": 591.25,
    "resistance": 597.71
  },
  "simulation": {
    "statistics": {
      "mean": 594.3985067041199,
      "std": 4.910429252967633,
      "p05": 586.5337365001674,
      "p25": 591.24760660264,
      "p50": 594.3662174854867,
      "p75": 597.710208590409,
      "p95": 602.8465219749519,
      "min": 579.3741429212238,
      "max": 609.4418823632091
    },
    "simulations": 1000,
    "volatility": 0.3333
  }
}