{
  "ticker": "SPY",
  "timestamp": "2026-03-19T05:44:55.016456",
  "current_price": 596.25,
  "forecast_minutes": 60,
  "technical_indicators": {
    "rsi": 46.87,
    "macd": {
      "line": -2.5742,
      "signal": -2.3168,
      "histogram": -0.2574
    },
    "bollinger_bands": {
      "upper": 606.56,
      "middle": 593.21,
      "lower": 579.86
    }
  },
  "bsm_analysis": {
    "greeks": {
      "delta": 0.5465,
      "gamma": 0.014427,
      "theta": -0.2265,
      "vega": 0.6773,
      "rho": 0.2577
    },
    "atm_call_price": 12.26,
    "atm_put_price": 9.7,
    "implied_move": 0.39
  },
  "prediction": {
    "signal": "NEUTRAL",
    "score": -1,
    "confidence": 25.0,
    "reasons": [
      "MACD histogram negative (bearish momentum)"
    ],
    "target_price": 596.25,
    "support": 594.71,
    "resistance": 597.8
  },
  "simulation": {
    "statistics": {
      "mean": 596.245949835046,
      "std": 2.325526308959839,
      "p05": 592.5969947146118,
      "p25": 594.7129905857877,
      "p50": 596.2079058199382,
      "p75": 597.7962628104312,
      "p95": 600.1471853317854,
      "min": 587.3495172618734,
      "max": 603.5690591516714
    },
    "simulations": 1000,
    "volatility": 0.1607
  }
}