{
  "ticker": "SPY",
  "timestamp": "2026-03-21T22:56:06.168706",
  "current_price": 597.08,
  "forecast_minutes": 60,
  "technical_indicators": {
    "rsi": 69.06,
    "macd": {
      "line": 1.1317,
      "signal": 1.0185,
      "histogram": 0.1132
    },
    "bollinger_bands": {
      "upper": 583.01,
      "middle": 560.16,
      "lower": 537.31
    }
  },
  "bsm_analysis": {
    "greeks": {
      "delta": 0.5375,
      "gamma": 0.008399,
      "theta": -0.3563,
      "vega": 0.6799,
      "rho": 0.2472
    },
    "atm_call_price": 20.13,
    "atm_put_price": 17.56,
    "implied_move": 0.71
  },
  "prediction": {
    "signal": "NEUTRAL",
    "score": 1,
    "confidence": 25.0,
    "reasons": [
      "MACD histogram positive (bullish momentum)"
    ],
    "target_price": 597.02,
    "support": 593.97,
    "resistance": 599.61
  },
  "simulation": {
    "statistics": {
      "mean": 597.0218703711666,
      "std": 4.215291726093867,
      "p05": 590.2339675586063,
      "p25": 593.9651059062215,
      "p50": 597.1588424890276,
      "p75": 599.6085779881784,
      "p95": 603.9927765165086,
      "min": 582.8046972549827,
      "max": 615.9933455628147
    },
    "simulations": 1000,
    "volatility": 0.2763
  }
}