{
  "ticker": "SPY",
  "timestamp": "2026-03-11T18:04:28.694272",
  "current_price": 596.84,
  "forecast_minutes": 60,
  "technical_indicators": {
    "rsi": 43.35,
    "macd": {
      "line": -2.2056,
      "signal": -1.985,
      "histogram": -0.2206
    },
    "bollinger_bands": {
      "upper": 633.64,
      "middle": 610.8,
      "lower": 587.95
    }
  },
  "bsm_analysis": {
    "greeks": {
      "delta": 0.5396,
      "gamma": 0.01038,
      "theta": -0.297,
      "vega": 0.6793,
      "rho": 0.2511
    },
    "atm_call_price": 16.54,
    "atm_put_price": 13.97,
    "implied_move": 0.55
  },
  "prediction": {
    "signal": "NEUTRAL",
    "score": -1,
    "confidence": 25.0,
    "reasons": [
      "MACD histogram negative (bearish momentum)"
    ],
    "target_price": 596.8,
    "support": 594.54,
    "resistance": 599.05
  },
  "simulation": {
    "statistics": {
      "mean": 596.7994777090071,
      "std": 3.3048173326379935,
      "p05": 591.4316499062361,
      "p25": 594.5384047618331,
      "p50": 596.6780946052297,
      "p75": 599.04962420382,
      "p95": 602.4417581283262,
      "min": 587.2292082346465,
      "max": 606.672866710133
    },
    "simulations": 1000,
    "volatility": 0.2235
  }
}