{
  "ticker": "SPY",
  "timestamp": "2026-03-28T13:26:34.987145",
  "current_price": 596.24,
  "forecast_minutes": 60,
  "technical_indicators": {
    "rsi": 33.3,
    "macd": {
      "line": -4.4001,
      "signal": -3.9601,
      "histogram": -0.44
    },
    "bollinger_bands": {
      "upper": 637.14,
      "middle": 619.24,
      "lower": 601.35
    }
  },
  "bsm_analysis": {
    "greeks": {
      "delta": 0.5417,
      "gamma": 0.011784,
      "theta": -0.267,
      "vega": 0.6782,
      "rho": 0.2534
    },
    "atm_call_price": 14.72,
    "atm_put_price": 12.16,
    "implied_move": 0.49
  },
  "prediction": {
    "signal": "NEUTRAL",
    "score": -1,
    "confidence": 25.0,
    "reasons": [
      "MACD histogram negative (bearish momentum)"
    ],
    "target_price": 596.34,
    "support": 594.51,
    "resistance": 598.16
  },
  "simulation": {
    "statistics": {
      "mean": 596.3403915670548,
      "std": 2.931046755154986,
      "p05": 591.4676512222492,
      "p25": 594.5075943721508,
      "p50": 596.433408901182,
      "p75": 598.1592114538407,
      "p95": 601.1779886318133,
      "min": 585.6079825069867,
      "max": 606.0381901111215
    },
    "simulations": 1000,
    "volatility": 0.197
  }
}