{
  "ticker": "SPY",
  "timestamp": "2026-03-27T08:33:02.774436",
  "current_price": 594.22,
  "forecast_minutes": 60,
  "technical_indicators": {
    "rsi": 65.31,
    "macd": {
      "line": 2.7716,
      "signal": 2.4944,
      "histogram": 0.2772
    },
    "bollinger_bands": {
      "upper": 597.85,
      "middle": 585.86,
      "lower": 573.88
    }
  },
  "bsm_analysis": {
    "greeks": {
      "delta": 0.5554,
      "gamma": 0.018721,
      "theta": -0.185,
      "vega": 0.6731,
      "rho": 0.2632
    },
    "atm_call_price": 9.74,
    "atm_put_price": 7.18,
    "implied_move": 0.29
  },
  "prediction": {
    "signal": "NEUTRAL",
    "score": 1,
    "confidence": 25.0,
    "reasons": [
      "MACD histogram positive (bullish momentum)"
    ],
    "target_price": 594.27,
    "support": 593.12,
    "resistance": 595.4
  },
  "simulation": {
    "statistics": {
      "mean": 594.2672400365298,
      "std": 1.7495416695318005,
      "p05": 591.4122366993058,
      "p25": 593.1182396707242,
      "p50": 594.2703792386268,
      "p75": 595.3953090115983,
      "p95": 597.2414090164106,
      "min": 589.1199916065411,
      "max": 599.4838613745096
    },
    "simulations": 1000,
    "volatility": 0.1239
  }
}