{
  "ticker": "SPY",
  "timestamp": "2026-02-21T22:54:56.093624",
  "current_price": 592.71,
  "forecast_minutes": 60,
  "technical_indicators": {
    "rsi": 37.91,
    "macd": {
      "line": -1.9919,
      "signal": -1.7927,
      "histogram": -0.1992
    },
    "bollinger_bands": {
      "upper": 627.66,
      "middle": 603.54,
      "lower": 579.43
    }
  },
  "bsm_analysis": {
    "greeks": {
      "delta": 0.5448,
      "gamma": 0.013648,
      "theta": -0.2365,
      "vega": 0.6736,
      "rho": 0.2548
    },
    "atm_call_price": 12.88,
    "atm_put_price": 10.33,
    "implied_move": 0.43
  },
  "prediction": {
    "signal": "NEUTRAL",
    "score": -1,
    "confidence": 25.0,
    "reasons": [
      "MACD histogram negative (bearish momentum)"
    ],
    "target_price": 592.72,
    "support": 591.05,
    "resistance": 594.35
  },
  "simulation": {
    "statistics": {
      "mean": 592.7150253289717,
      "std": 2.5633865925905477,
      "p05": 588.613361238217,
      "p25": 591.0462988273855,
      "p50": 592.6896247116629,
      "p75": 594.3502962156722,
      "p95": 597.014574951437,
      "min": 583.6633006433822,
      "max": 601.3481271221156
    },
    "simulations": 1000,
    "volatility": 0.1709
  }
}