{
  "ticker": "SPY",
  "timestamp": "2026-02-22T06:30:16.283953",
  "current_price": 593.14,
  "forecast_minutes": 60,
  "technical_indicators": {
    "rsi": 62.29,
    "macd": {
      "line": -4.204,
      "signal": -3.7836,
      "histogram": -0.4204
    },
    "bollinger_bands": {
      "upper": 597.8,
      "middle": 576.57,
      "lower": 555.34
    }
  },
  "bsm_analysis": {
    "greeks": {
      "delta": 0.5405,
      "gamma": 0.011123,
      "theta": -0.2799,
      "vega": 0.6749,
      "rho": 0.2508
    },
    "atm_call_price": 15.52,
    "atm_put_price": 12.96,
    "implied_move": 0.53
  },
  "prediction": {
    "signal": "NEUTRAL",
    "score": -1,
    "confidence": 25.0,
    "reasons": [
      "MACD histogram negative (bearish momentum)"
    ],
    "target_price": 593.24,
    "support": 591.12,
    "resistance": 595.46
  },
  "simulation": {
    "statistics": {
      "mean": 593.2426220986065,
      "std": 3.1351609668994564,
      "p05": 587.9654462208695,
      "p25": 591.1174764634701,
      "p50": 593.2772759553922,
      "p75": 595.463707244281,
      "p95": 598.235965596186,
      "min": 583.9952000619048,
      "max": 604.0377336560828
    },
    "simulations": 1000,
    "volatility": 0.2098
  }
}