{
  "ticker": "SPY",
  "timestamp": "2026-02-26T11:47:38.016661",
  "current_price": 592.96,
  "forecast_minutes": 60,
  "technical_indicators": {
    "rsi": 76.89,
    "macd": {
      "line": 1.685,
      "signal": 1.5165,
      "histogram": 0.1685
    },
    "bollinger_bands": {
      "upper": 579.74,
      "middle": 559.28,
      "lower": 538.82
    }
  },
  "bsm_analysis": {
    "greeks": {
      "delta": 0.5397,
      "gamma": 0.010553,
      "theta": -0.2926,
      "vega": 0.6748,
      "rho": 0.2497
    },
    "atm_call_price": 16.28,
    "atm_put_price": 13.73,
    "implied_move": 0.53
  },
  "prediction": {
    "signal": "NEUTRAL",
    "score": -1,
    "confidence": 25.0,
    "reasons": [
      "RSI indicates overbought conditions",
      "MACD histogram positive (bullish momentum)"
    ],
    "target_price": 592.96,
    "support": 590.92,
    "resistance": 595.1
  },
  "simulation": {
    "statistics": {
      "mean": 592.9616809386788,
      "std": 3.160815898867065,
      "p05": 587.3898211569474,
      "p25": 590.9202480356678,
      "p50": 593.0414368473239,
      "p75": 595.1030605137821,
      "p95": 598.069288335559,
      "min": 583.1987509257392,
      "max": 603.3023151225246
    },
    "simulations": 1000,
    "volatility": 0.2213
  }
}