{
  "ticker": "SPY",
  "timestamp": "2026-04-09T11:18:42.284277",
  "current_price": 594.42,
  "forecast_minutes": 60,
  "technical_indicators": {
    "rsi": 53.77,
    "macd": {
      "line": 3.7751,
      "signal": 3.3976,
      "histogram": 0.3775
    },
    "bollinger_bands": {
      "upper": 603.19,
      "middle": 588.37,
      "lower": 573.54
    }
  },
  "bsm_analysis": {
    "greeks": {
      "delta": 0.5493,
      "gamma": 0.015898,
      "theta": -0.2097,
      "vega": 0.6747,
      "rho": 0.2591
    },
    "atm_call_price": 11.24,
    "atm_put_price": 8.69,
    "implied_move": 0.35
  },
  "prediction": {
    "signal": "NEUTRAL",
    "score": 1,
    "confidence": 25.0,
    "reasons": [
      "MACD histogram positive (bullish momentum)"
    ],
    "target_price": 594.44,
    "support": 593.06,
    "resistance": 595.83
  },
  "simulation": {
    "statistics": {
      "mean": 594.4353238126995,
      "std": 2.0791010392751463,
      "p05": 590.9712455587918,
      "p25": 593.0595112454763,
      "p50": 594.3962024001441,
      "p75": 595.8307814702423,
      "p95": 597.8056452959884,
      "min": 587.1648837581384,
      "max": 600.6469015123172
    },
    "simulations": 1000,
    "volatility": 0.1461
  }
}