{
  "ticker": "SPY",
  "timestamp": "2026-03-26T16:32:36.035326",
  "current_price": 594.65,
  "forecast_minutes": 60,
  "technical_indicators": {
    "rsi": 44.21,
    "macd": {
      "line": -3.9544,
      "signal": -3.559,
      "histogram": -0.3954
    },
    "bollinger_bands": {
      "upper": 606.26,
      "middle": 593.75,
      "lower": 581.24
    }
  },
  "bsm_analysis": {
    "greeks": {
      "delta": 0.5411,
      "gamma": 0.011442,
      "theta": -0.2735,
      "vega": 0.6765,
      "rho": 0.252
    },
    "atm_call_price": 15.12,
    "atm_put_price": 12.56,
    "implied_move": 0.49
  },
  "prediction": {
    "signal": "NEUTRAL",
    "score": -1,
    "confidence": 25.0,
    "reasons": [
      "MACD histogram negative (bearish momentum)"
    ],
    "target_price": 594.68,
    "support": 592.66,
    "resistance": 596.55
  },
  "simulation": {
    "statistics": {
      "mean": 594.6823814116705,
      "std": 2.909455403904979,
      "p05": 590.0437755901885,
      "p25": 592.6633607067342,
      "p50": 594.7301981353296,
      "p75": 596.5534681706772,
      "p95": 599.4577001444424,
      "min": 585.4871844934514,
      "max": 604.5727637622948
    },
    "simulations": 1000,
    "volatility": 0.2034
  }
}