{
  "ticker": "SPY",
  "timestamp": "2026-03-28T23:46:57.190653",
  "current_price": 596.41,
  "forecast_minutes": 60,
  "technical_indicators": {
    "rsi": 60.04,
    "macd": {
      "line": -4.3911,
      "signal": -3.952,
      "histogram": -0.4391
    },
    "bollinger_bands": {
      "upper": 604.72,
      "middle": 579.46,
      "lower": 554.2
    }
  },
  "bsm_analysis": {
    "greeks": {
      "delta": 0.5405,
      "gamma": 0.011022,
      "theta": -0.2823,
      "vega": 0.6786,
      "rho": 0.2521
    },
    "atm_call_price": 15.65,
    "atm_put_price": 13.08,
    "implied_move": 0.54
  },
  "prediction": {
    "signal": "NEUTRAL",
    "score": -1,
    "confidence": 25.0,
    "reasons": [
      "MACD histogram negative (bearish momentum)"
    ],
    "target_price": 596.25,
    "support": 594.17,
    "resistance": 598.39
  },
  "simulation": {
    "statistics": {
      "mean": 596.2494025044704,
      "std": 3.1921585749421193,
      "p05": 590.9069743683984,
      "p25": 594.1686253345031,
      "p50": 596.2195666460904,
      "p75": 598.3930211292125,
      "p95": 601.7104069546671,
      "min": 585.0740488390226,
      "max": 606.363344872017
    },
    "simulations": 1000,
    "volatility": 0.2106
  }
}