{
  "ticker": "SPY",
  "timestamp": "2026-02-10T00:44:38.141637",
  "current_price": 593.05,
  "forecast_minutes": 60,
  "technical_indicators": {
    "rsi": 76.77,
    "macd": {
      "line": 3.6167,
      "signal": 3.255,
      "histogram": 0.3617
    },
    "bollinger_bands": {
      "upper": 588.01,
      "middle": 565.32,
      "lower": 542.64
    }
  },
  "bsm_analysis": {
    "greeks": {
      "delta": 0.5377,
      "gamma": 0.008718,
      "theta": -0.3446,
      "vega": 0.6753,
      "rho": 0.2461
    },
    "atm_call_price": 19.44,
    "atm_put_price": 16.88,
    "implied_move": 0.66
  },
  "prediction": {
    "signal": "NEUTRAL",
    "score": -1,
    "confidence": 25.0,
    "reasons": [
      "RSI indicates overbought conditions",
      "MACD histogram positive (bullish momentum)"
    ],
    "target_price": 593.13,
    "support": 590.53,
    "resistance": 595.8
  },
  "simulation": {
    "statistics": {
      "mean": 593.1342337197169,
      "std": 3.9420405428571272,
      "p05": 586.5274163843102,
      "p25": 590.5342549146733,
      "p50": 593.2281712727126,
      "p75": 595.795350865906,
      "p95": 599.5497353271418,
      "min": 581.1877510012101,
      "max": 606.2727230283706
    },
    "simulations": 1000,
    "volatility": 0.2679
  }
}