{
  "ticker": "SPY",
  "timestamp": "2026-02-26T06:08:14.234404",
  "current_price": 594.45,
  "forecast_minutes": 60,
  "technical_indicators": {
    "rsi": 59.5,
    "macd": {
      "line": -3.5971,
      "signal": -3.2373,
      "histogram": -0.3597
    },
    "bollinger_bands": {
      "upper": 592.6,
      "middle": 573.64,
      "lower": 554.68
    }
  },
  "bsm_analysis": {
    "greeks": {
      "delta": 0.5382,
      "gamma": 0.009287,
      "theta": -0.3264,
      "vega": 0.6768,
      "rho": 0.2479
    },
    "atm_call_price": 18.33,
    "atm_put_price": 15.77,
    "implied_move": 0.62
  },
  "prediction": {
    "signal": "NEUTRAL",
    "score": -1,
    "confidence": 25.0,
    "reasons": [
      "MACD histogram negative (bearish momentum)"
    ],
    "target_price": 594.41,
    "support": 591.89,
    "resistance": 596.88
  },
  "simulation": {
    "statistics": {
      "mean": 594.4096750967193,
      "std": 3.7075083342552144,
      "p05": 588.1760409888026,
      "p25": 591.8947918980691,
      "p50": 594.4425142464743,
      "p75": 596.881579814922,
      "p95": 600.4317622917295,
      "min": 582.9096492417146,
      "max": 604.8554443236819
    },
    "simulations": 1000,
    "volatility": 0.2509
  }
}