{
  "ticker": "SPY",
  "timestamp": "2026-03-28T09:47:42.832921",
  "current_price": 593.95,
  "forecast_minutes": 60,
  "technical_indicators": {
    "rsi": 47.76,
    "macd": {
      "line": 10.0143,
      "signal": 9.0128,
      "histogram": 1.0014
    },
    "bollinger_bands": {
      "upper": 666.24,
      "middle": 621.41,
      "lower": 576.57
    }
  },
  "bsm_analysis": {
    "greeks": {
      "delta": 0.5387,
      "gamma": 0.005307,
      "theta": -0.5367,
      "vega": 0.6761,
      "rho": 0.2375
    },
    "atm_call_price": 31.06,
    "atm_put_price": 28.5,
    "implied_move": 1.06
  },
  "prediction": {
    "signal": "NEUTRAL",
    "score": 1,
    "confidence": 25.0,
    "reasons": [
      "MACD histogram positive (bullish momentum)"
    ],
    "target_price": 593.71,
    "support": 589.43,
    "resistance": 598.12
  },
  "simulation": {
    "statistics": {
      "mean": 593.7089340506069,
      "std": 6.317229136111002,
      "p05": 583.1068084921359,
      "p25": 589.4330092767403,
      "p50": 593.845564665874,
      "p75": 598.1228268898029,
      "p95": 603.6450020550593,
      "min": 573.1002924744638,
      "max": 616.3677524819483
    },
    "simulations": 1000,
    "volatility": 0.4394
  }
}