{
  "ticker": "SPY",
  "timestamp": "2026-03-01T22:26:25.341735",
  "current_price": 596.5,
  "forecast_minutes": 60,
  "technical_indicators": {
    "rsi": 81.53,
    "macd": {
      "line": 5.7145,
      "signal": 5.143,
      "histogram": 0.5714
    },
    "bollinger_bands": {
      "upper": 572.12,
      "middle": 545.83,
      "lower": 519.55
    }
  },
  "bsm_analysis": {
    "greeks": {
      "delta": 0.5373,
      "gamma": 0.008159,
      "theta": -0.3654,
      "vega": 0.6792,
      "rho": 0.2464
    },
    "atm_call_price": 20.69,
    "atm_put_price": 18.12,
    "implied_move": 0.73
  },
  "prediction": {
    "signal": "NEUTRAL",
    "score": -1,
    "confidence": 25.0,
    "reasons": [
      "RSI indicates overbought conditions",
      "MACD histogram positive (bullish momentum)"
    ],
    "target_price": 596.68,
    "support": 593.64,
    "resistance": 599.75
  },
  "simulation": {
    "statistics": {
      "mean": 596.6825522935299,
      "std": 4.326544265423726,
      "p05": 589.8382841108113,
      "p25": 593.6414552567162,
      "p50": 596.7182570774971,
      "p75": 599.7526868632673,
      "p95": 603.7707207604467,
      "min": 581.052006548673,
      "max": 610.2745046105308
    },
    "simulations": 1000,
    "volatility": 0.2847
  }
}