{
  "ticker": "SPY",
  "timestamp": "2026-04-03T17:15:26.824029",
  "current_price": 597.45,
  "forecast_minutes": 60,
  "technical_indicators": {
    "rsi": 60.66,
    "macd": {
      "line": 2.9757,
      "signal": 2.6781,
      "histogram": 0.2976
    },
    "bollinger_bands": {
      "upper": 595.72,
      "middle": 573.72,
      "lower": 551.72
    }
  },
  "bsm_analysis": {
    "greeks": {
      "delta": 0.5389,
      "gamma": 0.009848,
      "theta": -0.3106,
      "vega": 0.6801,
      "rho": 0.2504
    },
    "atm_call_price": 17.36,
    "atm_put_price": 14.79,
    "implied_move": 0.58
  },
  "prediction": {
    "signal": "NEUTRAL",
    "score": 1,
    "confidence": 25.0,
    "reasons": [
      "MACD histogram positive (bullish momentum)"
    ],
    "target_price": 597.47,
    "support": 595.28,
    "resistance": 599.59
  },
  "simulation": {
    "statistics": {
      "mean": 597.4724779617522,
      "std": 3.4559015863244085,
      "p05": 591.5849301509159,
      "p25": 595.2784760159411,
      "p50": 597.5742975438523,
      "p75": 599.5892850330204,
      "p95": 603.0914395541167,
      "min": 587.1898114859517,
      "max": 610.3937877010266
    },
    "simulations": 1000,
    "volatility": 0.2354
  }
}