{
  "ticker": "SPY",
  "timestamp": "2026-03-01T04:32:17.644351",
  "current_price": 593.08,
  "forecast_minutes": 60,
  "technical_indicators": {
    "rsi": 65.16,
    "macd": {
      "line": 0.7579,
      "signal": 0.6821,
      "histogram": 0.0758
    },
    "bollinger_bands": {
      "upper": 580.27,
      "middle": 560.48,
      "lower": 540.68
    }
  },
  "bsm_analysis": {
    "greeks": {
      "delta": 0.537,
      "gamma": 0.007462,
      "theta": -0.395,
      "vega": 0.6754,
      "rho": 0.2433
    },
    "atm_call_price": 22.49,
    "atm_put_price": 19.93,
    "implied_move": 0.78
  },
  "prediction": {
    "signal": "NEUTRAL",
    "score": 1,
    "confidence": 25.0,
    "reasons": [
      "MACD histogram positive (bullish momentum)"
    ],
    "target_price": 593.23,
    "support": 590.12,
    "resistance": 596.11
  },
  "simulation": {
    "statistics": {
      "mean": 593.2310855665468,
      "std": 4.654709063162164,
      "p05": 585.651787294397,
      "p25": 590.1160376783441,
      "p50": 593.226178377095,
      "p75": 596.1071912550366,
      "p95": 601.0892538044496,
      "min": 579.7214263155131,
      "max": 608.7581494804648
    },
    "simulations": 1000,
    "volatility": 0.3131
  }
}