{
  "ticker": "SPY",
  "timestamp": "2026-02-22T18:55:52.685309",
  "current_price": 595.14,
  "forecast_minutes": 60,
  "technical_indicators": {
    "rsi": 72.56,
    "macd": {
      "line": 6.6647,
      "signal": 5.9982,
      "histogram": 0.6665
    },
    "bollinger_bands": {
      "upper": 594.0,
      "middle": 573.24,
      "lower": 552.49
    }
  },
  "bsm_analysis": {
    "greeks": {
      "delta": 0.5502,
      "gamma": 0.016299,
      "theta": -0.2057,
      "vega": 0.6753,
      "rho": 0.2601
    },
    "atm_call_price": 11.0,
    "atm_put_price": 8.44,
    "implied_move": 0.34
  },
  "prediction": {
    "signal": "NEUTRAL",
    "score": -1,
    "confidence": 25.0,
    "reasons": [
      "RSI indicates overbought conditions",
      "MACD histogram positive (bullish momentum)"
    ],
    "target_price": 595.15,
    "support": 593.71,
    "resistance": 596.58
  },
  "simulation": {
    "statistics": {
      "mean": 595.146860452775,
      "std": 2.051541577232682,
      "p05": 591.8525971529847,
      "p25": 593.7131462819117,
      "p50": 595.1047621797782,
      "p75": 596.5835054378504,
      "p95": 598.5881931866961,
      "min": 589.2807476054103,
      "max": 601.0800768188286
    },
    "simulations": 1000,
    "volatility": 0.1423
  }
}