{
  "ticker": "SPY",
  "timestamp": "2026-03-07T23:40:04.890041",
  "current_price": 597.37,
  "forecast_minutes": 60,
  "technical_indicators": {
    "rsi": 50.86,
    "macd": {
      "line": 1.953,
      "signal": 1.7577,
      "histogram": 0.1953
    },
    "bollinger_bands": {
      "upper": 623.1,
      "middle": 605.6,
      "lower": 588.11
    }
  },
  "bsm_analysis": {
    "greeks": {
      "delta": 0.5535,
      "gamma": 0.017788,
      "theta": -0.1925,
      "vega": 0.6771,
      "rho": 0.2634
    },
    "atm_call_price": 10.19,
    "atm_put_price": 7.62,
    "implied_move": 0.32
  },
  "prediction": {
    "signal": "NEUTRAL",
    "score": 1,
    "confidence": 25.0,
    "reasons": [
      "MACD histogram positive (bullish momentum)"
    ],
    "target_price": 597.41,
    "support": 596.07,
    "resistance": 598.69
  },
  "simulation": {
    "statistics": {
      "mean": 597.4073163585355,
      "std": 1.9261311097559397,
      "p05": 594.3081791060627,
      "p25": 596.0727023286927,
      "p50": 597.4321874775126,
      "p75": 598.6934445286739,
      "p95": 600.6607385104185,
      "min": 591.5105787864845,
      "max": 604.3837352708438
    },
    "simulations": 1000,
    "volatility": 0.1298
  }
}