{
  "ticker": "SPY",
  "timestamp": "2026-03-10T21:30:40.354625",
  "current_price": 597.25,
  "forecast_minutes": 60,
  "technical_indicators": {
    "rsi": 42.52,
    "macd": {
      "line": -0.4349,
      "signal": -0.3914,
      "histogram": -0.0435
    },
    "bollinger_bands": {
      "upper": 619.08,
      "middle": 604.91,
      "lower": 590.73
    }
  },
  "bsm_analysis": {
    "greeks": {
      "delta": 0.5547,
      "gamma": 0.018304,
      "theta": -0.1884,
      "vega": 0.6767,
      "rho": 0.2641
    },
    "atm_call_price": 9.94,
    "atm_put_price": 7.37,
    "implied_move": 0.32
  },
  "prediction": {
    "signal": "NEUTRAL",
    "score": -1,
    "confidence": 25.0,
    "reasons": [
      "MACD histogram negative (bearish momentum)"
    ],
    "target_price": 597.34,
    "support": 596.03,
    "resistance": 598.55
  },
  "simulation": {
    "statistics": {
      "mean": 597.3355213833428,
      "std": 1.9048098353818217,
      "p05": 594.2469765951711,
      "p25": 596.032510203091,
      "p50": 597.3760499552093,
      "p75": 598.55430063989,
      "p95": 600.4442250127943,
      "min": 590.24674584405,
      "max": 602.5904599631004
    },
    "simulations": 1000,
    "volatility": 0.1261
  }
}