{
  "ticker": "SPY",
  "timestamp": "2026-02-09T04:20:14.014496",
  "current_price": 597.34,
  "forecast_minutes": 60,
  "technical_indicators": {
    "rsi": 63.81,
    "macd": {
      "line": -2.2904,
      "signal": -2.0613,
      "histogram": -0.229
    },
    "bollinger_bands": {
      "upper": 603.94,
      "middle": 579.17,
      "lower": 554.41
    }
  },
  "bsm_analysis": {
    "greeks": {
      "delta": 0.5475,
      "gamma": 0.014932,
      "theta": -0.2205,
      "vega": 0.6783,
      "rho": 0.259
    },
    "atm_call_price": 11.9,
    "atm_put_price": 9.32,
    "implied_move": 0.4
  },
  "prediction": {
    "signal": "NEUTRAL",
    "score": -1,
    "confidence": 25.0,
    "reasons": [
      "MACD histogram negative (bearish momentum)"
    ],
    "target_price": 597.28,
    "support": 595.71,
    "resistance": 598.79
  },
  "simulation": {
    "statistics": {
      "mean": 597.2823074830933,
      "std": 2.3780058409591915,
      "p05": 593.2811294022972,
      "p25": 595.7138391001688,
      "p50": 597.271779205623,
      "p75": 598.7881423145474,
      "p95": 601.126102315599,
      "min": 588.9065444152744,
      "max": 605.1031626916528
    },
    "simulations": 1000,
    "volatility": 0.1549
  }
}