{
  "ticker": "SPY",
  "timestamp": "2026-03-31T08:32:32.691976",
  "current_price": 597.38,
  "forecast_minutes": 60,
  "technical_indicators": {
    "rsi": 71.39,
    "macd": {
      "line": 5.0152,
      "signal": 4.5137,
      "histogram": 0.5015
    },
    "bollinger_bands": {
      "upper": 599.56,
      "middle": 581.12,
      "lower": 562.69
    }
  },
  "bsm_analysis": {
    "greeks": {
      "delta": 0.5459,
      "gamma": 0.01411,
      "theta": -0.2306,
      "vega": 0.6787,
      "rho": 0.2577
    },
    "atm_call_price": 12.51,
    "atm_put_price": 9.94,
    "implied_move": 0.41
  },
  "prediction": {
    "signal": "NEUTRAL",
    "score": -1,
    "confidence": 25.0,
    "reasons": [
      "RSI indicates overbought conditions",
      "MACD histogram positive (bullish momentum)"
    ],
    "target_price": 597.37,
    "support": 595.74,
    "resistance": 598.92
  },
  "simulation": {
    "statistics": {
      "mean": 597.3744499940802,
      "std": 2.428510144483036,
      "p05": 593.5088380694716,
      "p25": 595.7447765934594,
      "p50": 597.3632573788057,
      "p75": 598.9237813392549,
      "p95": 601.4322129656765,
      "min": 589.5660089218487,
      "max": 604.4138032307758
    },
    "simulations": 1000,
    "volatility": 0.164
  }
}