{
  "ticker": "SPY",
  "timestamp": "2026-02-14T05:22:14.350845",
  "current_price": 597.66,
  "forecast_minutes": 60,
  "technical_indicators": {
    "rsi": 60.74,
    "macd": {
      "line": -2.7419,
      "signal": -2.4677,
      "histogram": -0.2742
    },
    "bollinger_bands": {
      "upper": 591.42,
      "middle": 572.82,
      "lower": 554.22
    }
  },
  "bsm_analysis": {
    "greeks": {
      "delta": 0.5371,
      "gamma": 0.0076,
      "theta": -0.389,
      "vega": 0.6806,
      "rho": 0.2457
    },
    "atm_call_price": 22.11,
    "atm_put_price": 19.54,
    "implied_move": 0.7
  },
  "prediction": {
    "signal": "NEUTRAL",
    "score": -1,
    "confidence": 25.0,
    "reasons": [
      "MACD histogram negative (bearish momentum)"
    ],
    "target_price": 597.47,
    "support": 594.66,
    "resistance": 600.13
  },
  "simulation": {
    "statistics": {
      "mean": 597.4709025342813,
      "std": 4.210000093312231,
      "p05": 590.6777715077282,
      "p25": 594.6555599452064,
      "p50": 597.5118050339756,
      "p75": 600.1320948733301,
      "p95": 604.3915714818155,
      "min": 584.6661128046195,
      "max": 615.1914751364441
    },
    "simulations": 1000,
    "volatility": 0.305
  }
}