{
  "ticker": "SPY",
  "timestamp": "2026-02-22T07:24:05.367503",
  "current_price": 596.59,
  "forecast_minutes": 60,
  "technical_indicators": {
    "rsi": 36.25,
    "macd": {
      "line": -4.6917,
      "signal": -4.2225,
      "histogram": -0.4692
    },
    "bollinger_bands": {
      "upper": 616.89,
      "middle": 600.69,
      "lower": 584.49
    }
  },
  "bsm_analysis": {
    "greeks": {
      "delta": 0.5494,
      "gamma": 0.01588,
      "theta": -0.21,
      "vega": 0.6771,
      "rho": 0.2601
    },
    "atm_call_price": 11.26,
    "atm_put_price": 8.69,
    "implied_move": 0.37
  },
  "prediction": {
    "signal": "NEUTRAL",
    "score": -1,
    "confidence": 25.0,
    "reasons": [
      "MACD histogram negative (bearish momentum)"
    ],
    "target_price": 596.58,
    "support": 595.1,
    "resistance": 597.99
  },
  "simulation": {
    "statistics": {
      "mean": 596.57782221947,
      "std": 2.180651789048846,
      "p05": 593.0144558459137,
      "p25": 595.0962393269713,
      "p50": 596.551252981295,
      "p75": 597.9893462492062,
      "p95": 600.1482138664384,
      "min": 588.7274353918982,
      "max": 605.1701654466736
    },
    "simulations": 1000,
    "volatility": 0.1458
  }
}