{
  "ticker": "SPY",
  "timestamp": "2026-03-04T02:00:13.914669",
  "current_price": 594.6,
  "forecast_minutes": 60,
  "technical_indicators": {
    "rsi": 61.31,
    "macd": {
      "line": 1.3782,
      "signal": 1.2403,
      "histogram": 0.1378
    },
    "bollinger_bands": {
      "upper": 588.39,
      "middle": 565.85,
      "lower": 543.31
    }
  },
  "bsm_analysis": {
    "greeks": {
      "delta": 0.5403,
      "gamma": 0.010953,
      "theta": -0.2836,
      "vega": 0.6766,
      "rho": 0.2511
    },
    "atm_call_price": 15.74,
    "atm_put_price": 13.18,
    "implied_move": 0.53
  },
  "prediction": {
    "signal": "NEUTRAL",
    "score": 1,
    "confidence": 25.0,
    "reasons": [
      "MACD histogram positive (bullish momentum)"
    ],
    "target_price": 594.65,
    "support": 592.45,
    "resistance": 596.75
  },
  "simulation": {
    "statistics": {
      "mean": 594.6474648272016,
      "std": 3.174295861158853,
      "p05": 589.5535187344017,
      "p25": 592.4537725091493,
      "p50": 594.5876913259854,
      "p75": 596.7457949672348,
      "p95": 599.975186849573,
      "min": 585.5334299279134,
      "max": 604.3422175096308
    },
    "simulations": 1000,
    "volatility": 0.2126
  }
}