{
  "ticker": "SPY",
  "timestamp": "2026-03-14T23:30:17.780348",
  "current_price": 596.7,
  "forecast_minutes": 60,
  "technical_indicators": {
    "rsi": 44.06,
    "macd": {
      "line": 1.3509,
      "signal": 1.2158,
      "histogram": 0.1351
    },
    "bollinger_bands": {
      "upper": 636.69,
      "middle": 615.08,
      "lower": 593.47
    }
  },
  "bsm_analysis": {
    "greeks": {
      "delta": 0.5373,
      "gamma": 0.008064,
      "theta": -0.3692,
      "vega": 0.6795,
      "rho": 0.2463
    },
    "atm_call_price": 20.91,
    "atm_put_price": 18.35,
    "implied_move": 0.74
  },
  "prediction": {
    "signal": "NEUTRAL",
    "score": 1,
    "confidence": 25.0,
    "reasons": [
      "MACD histogram positive (bullish momentum)"
    ],
    "target_price": 596.68,
    "support": 593.6,
    "resistance": 599.58
  },
  "simulation": {
    "statistics": {
      "mean": 596.6787700281552,
      "std": 4.386907123928039,
      "p05": 589.421835688943,
      "p25": 593.6040109886045,
      "p50": 596.6089971958104,
      "p75": 599.583750443367,
      "p95": 604.1164339988944,
      "min": 582.5373451611321,
      "max": 610.6178082054503
    },
    "simulations": 1000,
    "volatility": 0.2879
  }
}