{
  "ticker": "SPY",
  "timestamp": "2026-03-11T22:55:39.498161",
  "current_price": 595.8,
  "forecast_minutes": 60,
  "technical_indicators": {
    "rsi": 53.17,
    "macd": {
      "line": 5.429,
      "signal": 4.8861,
      "histogram": 0.5429
    },
    "bollinger_bands": {
      "upper": 620.72,
      "middle": 600.04,
      "lower": 579.36
    }
  },
  "bsm_analysis": {
    "greeks": {
      "delta": 0.5389,
      "gamma": 0.009857,
      "theta": -0.3102,
      "vega": 0.6782,
      "rho": 0.2496
    },
    "atm_call_price": 17.35,
    "atm_put_price": 14.78,
    "implied_move": 0.59
  },
  "prediction": {
    "signal": "NEUTRAL",
    "score": 1,
    "confidence": 25.0,
    "reasons": [
      "MACD histogram positive (bullish momentum)"
    ],
    "target_price": 595.56,
    "support": 593.1,
    "resistance": 597.9
  },
  "simulation": {
    "statistics": {
      "mean": 595.5602462959966,
      "std": 3.5284890857508673,
      "p05": 589.6465363029381,
      "p25": 593.1019421885428,
      "p50": 595.5893235801178,
      "p75": 597.8980570329584,
      "p95": 601.3341936822641,
      "min": 585.4123294575402,
      "max": 606.6253615270466
    },
    "simulations": 1000,
    "volatility": 0.2358
  }
}