{
  "ticker": "SPY",
  "timestamp": "2026-02-28T04:44:12.361718",
  "current_price": 596.36,
  "forecast_minutes": 60,
  "technical_indicators": {
    "rsi": 36.41,
    "macd": {
      "line": -4.1808,
      "signal": -3.7627,
      "histogram": -0.4181
    },
    "bollinger_bands": {
      "upper": 636.39,
      "middle": 618.49,
      "lower": 600.59
    }
  },
  "bsm_analysis": {
    "greeks": {
      "delta": 0.5417,
      "gamma": 0.011823,
      "theta": -0.2663,
      "vega": 0.6783,
      "rho": 0.2535
    },
    "atm_call_price": 14.68,
    "atm_put_price": 12.11,
    "implied_move": 0.46
  },
  "prediction": {
    "signal": "NEUTRAL",
    "score": -1,
    "confidence": 25.0,
    "reasons": [
      "MACD histogram negative (bearish momentum)"
    ],
    "target_price": 596.26,
    "support": 594.25,
    "resistance": 598.06
  },
  "simulation": {
    "statistics": {
      "mean": 596.2638105734995,
      "std": 2.772830816063074,
      "p05": 591.8928197635768,
      "p25": 594.2450688154036,
      "p50": 596.3237720422633,
      "p75": 598.0614440384817,
      "p95": 600.8099562760341,
      "min": 586.8556394865913,
      "max": 607.7318531441725
    },
    "simulations": 1000,
    "volatility": 0.1963
  }
}