{
  "ticker": "SPY",
  "timestamp": "2026-03-21T13:32:34.360691",
  "current_price": 595.31,
  "forecast_minutes": 60,
  "technical_indicators": {
    "rsi": 59.3,
    "macd": {
      "line": -1.5655,
      "signal": -1.4089,
      "histogram": -0.1565
    },
    "bollinger_bands": {
      "upper": 592.15,
      "middle": 569.0,
      "lower": 545.85
    }
  },
  "bsm_analysis": {
    "greeks": {
      "delta": 0.5378,
      "gamma": 0.005842,
      "theta": -0.4919,
      "vega": 0.6778,
      "rho": 0.2398
    },
    "atm_call_price": 28.35,
    "atm_put_price": 25.78,
    "implied_move": 0.97
  },
  "prediction": {
    "signal": "NEUTRAL",
    "score": -1,
    "confidence": 25.0,
    "reasons": [
      "MACD histogram negative (bearish momentum)"
    ],
    "target_price": 595.24,
    "support": 591.43,
    "resistance": 599.44
  },
  "simulation": {
    "statistics": {
      "mean": 595.2359810719067,
      "std": 5.747033922540286,
      "p05": 585.563920957663,
      "p25": 591.427545274933,
      "p50": 595.2159425728158,
      "p75": 599.4366342874328,
      "p95": 604.3274278918542,
      "min": 578.4463945063515,
      "max": 616.4055506687286
    },
    "simulations": 1000,
    "volatility": 0.3983
  }
}