{
  "ticker": "SPY",
  "timestamp": "2026-02-18T23:47:06.372092",
  "current_price": 593.68,
  "forecast_minutes": 60,
  "technical_indicators": {
    "rsi": 48.48,
    "macd": {
      "line": 0.3752,
      "signal": 0.3377,
      "histogram": 0.0375
    },
    "bollinger_bands": {
      "upper": 598.45,
      "middle": 588.52,
      "lower": 578.6
    }
  },
  "bsm_analysis": {
    "greeks": {
      "delta": 0.5478,
      "gamma": 0.015193,
      "theta": -0.2172,
      "vega": 0.6741,
      "rho": 0.2577
    },
    "atm_call_price": 11.71,
    "atm_put_price": 9.15,
    "implied_move": 0.38
  },
  "prediction": {
    "signal": "NEUTRAL",
    "score": 1,
    "confidence": 25.0,
    "reasons": [
      "MACD histogram positive (bullish momentum)"
    ],
    "target_price": 593.85,
    "support": 592.32,
    "resistance": 595.42
  },
  "simulation": {
    "statistics": {
      "mean": 593.8458053571482,
      "std": 2.268972601544286,
      "p05": 590.1520571419595,
      "p25": 592.3163739648586,
      "p50": 593.7891695223108,
      "p75": 595.4179756400597,
      "p95": 597.6056082421987,
      "min": 584.8021126823887,
      "max": 600.2033313218179
    },
    "simulations": 1000,
    "volatility": 0.1532
  }
}