{
  "ticker": "SPY",
  "timestamp": "2026-03-29T18:34:22.790787",
  "current_price": 595.18,
  "forecast_minutes": 60,
  "technical_indicators": {
    "rsi": 81.49,
    "macd": {
      "line": 7.8538,
      "signal": 7.0684,
      "histogram": 0.7854
    },
    "bollinger_bands": {
      "upper": 575.63,
      "middle": 550.27,
      "lower": 524.92
    }
  },
  "bsm_analysis": {
    "greeks": {
      "delta": 0.5373,
      "gamma": 0.008067,
      "theta": -0.3689,
      "vega": 0.6778,
      "rho": 0.2456
    },
    "atm_call_price": 20.9,
    "atm_put_price": 18.34,
    "implied_move": 0.73
  },
  "prediction": {
    "signal": "NEUTRAL",
    "score": -1,
    "confidence": 25.0,
    "reasons": [
      "RSI indicates overbought conditions",
      "MACD histogram positive (bullish momentum)"
    ],
    "target_price": 594.96,
    "support": 592.0,
    "resistance": 597.76
  },
  "simulation": {
    "statistics": {
      "mean": 594.9621898816621,
      "std": 4.328057019247026,
      "p05": 587.8454941085967,
      "p25": 592.0039365009779,
      "p50": 594.9011720220574,
      "p75": 597.7556570980731,
      "p95": 602.0023020311158,
      "min": 582.2611005781442,
      "max": 608.8103288879759
    },
    "simulations": 1000,
    "volatility": 0.2886
  }
}