{
  "ticker": "SPY",
  "timestamp": "2026-03-04T17:19:41.371536",
  "current_price": 592.87,
  "forecast_minutes": 60,
  "technical_indicators": {
    "rsi": 62.23,
    "macd": {
      "line": -4.822,
      "signal": -4.3398,
      "histogram": -0.4822
    },
    "bollinger_bands": {
      "upper": 584.38,
      "middle": 550.29,
      "lower": 516.2
    }
  },
  "bsm_analysis": {
    "greeks": {
      "delta": 0.5398,
      "gamma": 0.004898,
      "theta": -0.5774,
      "vega": 0.6747,
      "rho": 0.2355
    },
    "atm_call_price": 33.53,
    "atm_put_price": 30.98,
    "implied_move": 1.19
  },
  "prediction": {
    "signal": "NEUTRAL",
    "score": -1,
    "confidence": 25.0,
    "reasons": [
      "MACD histogram negative (bearish momentum)"
    ],
    "target_price": 593.05,
    "support": 588.35,
    "resistance": 597.5
  },
  "simulation": {
    "statistics": {
      "mean": 593.0506779598795,
      "std": 7.048442416347365,
      "p05": 581.167707720403,
      "p25": 588.3483332726464,
      "p50": 593.1705609376775,
      "p75": 597.4969857528297,
      "p95": 604.2014161756748,
      "min": 574.2588567556994,
      "max": 621.2105972097598
    },
    "simulations": 1000,
    "volatility": 0.4768
  }
}