{
  "ticker": "SPY",
  "timestamp": "2026-03-16T10:37:53.840768",
  "current_price": 596.12,
  "forecast_minutes": 60,
  "technical_indicators": {
    "rsi": 85.46,
    "macd": {
      "line": 6.3561,
      "signal": 5.7205,
      "histogram": 0.6356
    },
    "bollinger_bands": {
      "upper": 588.96,
      "middle": 564.04,
      "lower": 539.12
    }
  },
  "bsm_analysis": {
    "greeks": {
      "delta": 0.5436,
      "gamma": 0.012926,
      "theta": -0.2474,
      "vega": 0.6777,
      "rho": 0.2552
    },
    "atm_call_price": 13.54,
    "atm_put_price": 10.97,
    "implied_move": 0.46
  },
  "prediction": {
    "signal": "NEUTRAL",
    "score": -1,
    "confidence": 25.0,
    "reasons": [
      "RSI indicates overbought conditions",
      "MACD histogram positive (bullish momentum)"
    ],
    "target_price": 596.11,
    "support": 594.26,
    "resistance": 597.95
  },
  "simulation": {
    "statistics": {
      "mean": 596.1117650289631,
      "std": 2.7584166494177578,
      "p05": 591.6081955468186,
      "p25": 594.2574507777646,
      "p50": 596.0139285448893,
      "p75": 597.9549825468006,
      "p95": 600.7230254260088,
      "min": 587.2566292010541,
      "max": 606.9162081646712
    },
    "simulations": 1000,
    "volatility": 0.1795
  }
}