{
  "ticker": "SPY",
  "timestamp": "2026-02-15T09:48:23.308576",
  "current_price": 595.29,
  "forecast_minutes": 60,
  "technical_indicators": {
    "rsi": 60.7,
    "macd": {
      "line": -1.1794,
      "signal": -1.0615,
      "histogram": -0.1179
    },
    "bollinger_bands": {
      "upper": 589.04,
      "middle": 566.85,
      "lower": 544.65
    }
  },
  "bsm_analysis": {
    "greeks": {
      "delta": 0.5377,
      "gamma": 0.005894,
      "theta": -0.488,
      "vega": 0.6778,
      "rho": 0.24
    },
    "atm_call_price": 28.11,
    "atm_put_price": 25.55,
    "implied_move": 0.98
  },
  "prediction": {
    "signal": "NEUTRAL",
    "score": -1,
    "confidence": 25.0,
    "reasons": [
      "MACD histogram negative (bearish momentum)"
    ],
    "target_price": 595.28,
    "support": 591.32,
    "resistance": 599.25
  },
  "simulation": {
    "statistics": {
      "mean": 595.2768824820013,
      "std": 5.836541028153343,
      "p05": 585.7110435761864,
      "p25": 591.3217246094094,
      "p50": 595.3892492820894,
      "p75": 599.2515028675674,
      "p95": 604.570130943957,
      "min": 577.8375038062641,
      "max": 615.2941658390561
    },
    "simulations": 1000,
    "volatility": 0.3948
  }
}