{
  "ticker": "SPY",
  "timestamp": "2026-03-08T01:13:18.341843",
  "current_price": 593.53,
  "forecast_minutes": 60,
  "technical_indicators": {
    "rsi": 42.4,
    "macd": {
      "line": -2.2777,
      "signal": -2.0499,
      "histogram": -0.2278
    },
    "bollinger_bands": {
      "upper": 622.53,
      "middle": 606.97,
      "lower": 591.41
    }
  },
  "bsm_analysis": {
    "greeks": {
      "delta": 0.5431,
      "gamma": 0.012675,
      "theta": -0.2512,
      "vega": 0.6749,
      "rho": 0.2536
    },
    "atm_call_price": 13.77,
    "atm_put_price": 11.22,
    "implied_move": 0.45
  },
  "prediction": {
    "signal": "NEUTRAL",
    "score": -1,
    "confidence": 25.0,
    "reasons": [
      "MACD histogram negative (bearish momentum)"
    ],
    "target_price": 593.6,
    "support": 591.91,
    "resistance": 595.45
  },
  "simulation": {
    "statistics": {
      "mean": 593.600088587209,
      "std": 2.655931699487101,
      "p05": 589.1349309525158,
      "p25": 591.9103799562505,
      "p50": 593.5692768025835,
      "p75": 595.4467819452238,
      "p95": 597.9586151023087,
      "min": 584.1616953264103,
      "max": 601.3639902626836
    },
    "simulations": 1000,
    "volatility": 0.1839
  }
}