{
  "ticker": "SPY",
  "timestamp": "2026-03-27T07:14:07.830294",
  "current_price": 595.77,
  "forecast_minutes": 60,
  "technical_indicators": {
    "rsi": 64.78,
    "macd": {
      "line": 1.3196,
      "signal": 1.1876,
      "histogram": 0.132
    },
    "bollinger_bands": {
      "upper": 587.41,
      "middle": 569.21,
      "lower": 551.0
    }
  },
  "bsm_analysis": {
    "greeks": {
      "delta": 0.5399,
      "gamma": 0.01064,
      "theta": -0.2908,
      "vega": 0.678,
      "rho": 0.2511
    },
    "atm_call_price": 16.17,
    "atm_put_price": 13.6,
    "implied_move": 0.55
  },
  "prediction": {
    "signal": "NEUTRAL",
    "score": 1,
    "confidence": 25.0,
    "reasons": [
      "MACD histogram positive (bullish momentum)"
    ],
    "target_price": 595.75,
    "support": 593.43,
    "resistance": 597.97
  },
  "simulation": {
    "statistics": {
      "mean": 595.7487660614476,
      "std": 3.3055817831521663,
      "p05": 590.6373196525429,
      "p25": 593.4301016007793,
      "p50": 595.6989195524684,
      "p75": 597.9727576780931,
      "p95": 601.088864987837,
      "min": 585.7777779736664,
      "max": 606.286552075339
    },
    "simulations": 1000,
    "volatility": 0.2184
  }
}