{
  "ticker": "SPY",
  "timestamp": "2026-02-28T15:51:26.339874",
  "current_price": 594.4,
  "forecast_minutes": 60,
  "technical_indicators": {
    "rsi": 65.3,
    "macd": {
      "line": 1.8095,
      "signal": 1.6285,
      "histogram": 0.1809
    },
    "bollinger_bands": {
      "upper": 589.63,
      "middle": 576.65,
      "lower": 563.66
    }
  },
  "bsm_analysis": {
    "greeks": {
      "delta": 0.5461,
      "gamma": 0.014269,
      "theta": -0.2283,
      "vega": 0.6753,
      "rho": 0.2566
    },
    "atm_call_price": 12.38,
    "atm_put_price": 9.82,
    "implied_move": 0.4
  },
  "prediction": {
    "signal": "NEUTRAL",
    "score": 1,
    "confidence": 25.0,
    "reasons": [
      "MACD histogram positive (bullish momentum)"
    ],
    "target_price": 594.22,
    "support": 592.57,
    "resistance": 595.76
  },
  "simulation": {
    "statistics": {
      "mean": 594.2242512214278,
      "std": 2.398025393295963,
      "p05": 590.389397771451,
      "p25": 592.5656615255575,
      "p50": 594.2397378289257,
      "p75": 595.7559145923332,
      "p95": 598.4265545800537,
      "min": 586.9941705158685,
      "max": 602.322450436103
    },
    "simulations": 1000,
    "volatility": 0.163
  }
}