{
  "ticker": "SPY",
  "timestamp": "2026-03-27T19:57:14.207079",
  "current_price": 593.46,
  "forecast_minutes": 60,
  "technical_indicators": {
    "rsi": 52.24,
    "macd": {
      "line": 2.6473,
      "signal": 2.3826,
      "histogram": 0.2647
    },
    "bollinger_bands": {
      "upper": 607.37,
      "middle": 594.86,
      "lower": 582.35
    }
  },
  "bsm_analysis": {
    "greeks": {
      "delta": 0.5507,
      "gamma": 0.01658,
      "theta": -0.2029,
      "vega": 0.6733,
      "rho": 0.2597
    },
    "atm_call_price": 10.83,
    "atm_put_price": 8.28,
    "implied_move": 0.34
  },
  "prediction": {
    "signal": "NEUTRAL",
    "score": 1,
    "confidence": 25.0,
    "reasons": [
      "MACD histogram positive (bullish momentum)"
    ],
    "target_price": 593.45,
    "support": 591.98,
    "resistance": 594.91
  },
  "simulation": {
    "statistics": {
      "mean": 593.4520679049972,
      "std": 2.030109838752974,
      "p05": 590.3845948278409,
      "p25": 591.9817657423725,
      "p50": 593.3382100892112,
      "p75": 594.9053832226864,
      "p95": 596.8574121582722,
      "min": 587.5177955108003,
      "max": 599.6671755409654
    },
    "simulations": 1000,
    "volatility": 0.1403
  }
}