{
  "ticker": "SPY",
  "timestamp": "2026-02-21T02:49:19.589095",
  "current_price": 596.48,
  "forecast_minutes": 60,
  "technical_indicators": {
    "rsi": 52.87,
    "macd": {
      "line": -0.8446,
      "signal": -0.7601,
      "histogram": -0.0845
    },
    "bollinger_bands": {
      "upper": 608.11,
      "middle": 599.53,
      "lower": 590.96
    }
  },
  "bsm_analysis": {
    "greeks": {
      "delta": 0.5423,
      "gamma": 0.012186,
      "theta": -0.2597,
      "vega": 0.6784,
      "rho": 0.2542
    },
    "atm_call_price": 14.28,
    "atm_put_price": 11.71,
    "implied_move": 0.48
  },
  "prediction": {
    "signal": "NEUTRAL",
    "score": -1,
    "confidence": 25.0,
    "reasons": [
      "MACD histogram negative (bearish momentum)"
    ],
    "target_price": 596.55,
    "support": 594.5,
    "resistance": 598.47
  },
  "simulation": {
    "statistics": {
      "mean": 596.5494240204629,
      "std": 2.85109621549341,
      "p05": 592.1892644794254,
      "p25": 594.5001494601038,
      "p50": 596.4683061911501,
      "p75": 598.4671847449652,
      "p95": 601.2498839801536,
      "min": 587.164863066864,
      "max": 605.3467725499086
    },
    "simulations": 1000,
    "volatility": 0.1904
  }
}