{
  "ticker": "SPY",
  "timestamp": "2026-04-01T07:17:38.184284",
  "current_price": 597.85,
  "forecast_minutes": 60,
  "technical_indicators": {
    "rsi": 42.6,
    "macd": {
      "line": 3.7124,
      "signal": 3.3411,
      "histogram": 0.3712
    },
    "bollinger_bands": {
      "upper": 629.15,
      "middle": 612.88,
      "lower": 596.61
    }
  },
  "bsm_analysis": {
    "greeks": {
      "delta": 0.5376,
      "gamma": 0.008548,
      "theta": -0.3509,
      "vega": 0.6807,
      "rho": 0.2479
    },
    "atm_call_price": 19.81,
    "atm_put_price": 17.23,
    "implied_move": 0.66
  },
  "prediction": {
    "signal": "NEUTRAL",
    "score": 1,
    "confidence": 25.0,
    "reasons": [
      "MACD histogram positive (bullish momentum)"
    ],
    "target_price": 598.04,
    "support": 595.43,
    "resistance": 600.46
  },
  "simulation": {
    "statistics": {
      "mean": 598.0432451318666,
      "std": 3.970307794416498,
      "p05": 591.0960005139832,
      "p25": 595.4309830996444,
      "p50": 598.2383779463496,
      "p75": 600.4635987358032,
      "p95": 604.5876446845756,
      "min": 584.5090339806726,
      "max": 609.9559468157196
    },
    "simulations": 1000,
    "volatility": 0.2711
  }
}