{
  "ticker": "SPY",
  "timestamp": "2026-03-04T08:34:39.433918",
  "current_price": 594.95,
  "forecast_minutes": 60,
  "technical_indicators": {
    "rsi": 65.92,
    "macd": {
      "line": 3.1013,
      "signal": 2.7912,
      "histogram": 0.3101
    },
    "bollinger_bands": {
      "upper": 602.21,
      "middle": 582.1,
      "lower": 561.98
    }
  },
  "bsm_analysis": {
    "greeks": {
      "delta": 0.5416,
      "gamma": 0.011774,
      "theta": -0.2671,
      "vega": 0.6768,
      "rho": 0.2527
    },
    "atm_call_price": 14.73,
    "atm_put_price": 12.17,
    "implied_move": 0.48
  },
  "prediction": {
    "signal": "NEUTRAL",
    "score": 1,
    "confidence": 25.0,
    "reasons": [
      "MACD histogram positive (bullish momentum)"
    ],
    "target_price": 595.19,
    "support": 593.27,
    "resistance": 597.02
  },
  "simulation": {
    "statistics": {
      "mean": 595.1949141821084,
      "std": 2.8661071043582824,
      "p05": 590.6614319699037,
      "p25": 593.2673077465749,
      "p50": 595.1532600107138,
      "p75": 597.023660448808,
      "p95": 600.0395925759002,
      "min": 586.4345065381319,
      "max": 604.0264427217011
    },
    "simulations": 1000,
    "volatility": 0.1976
  }
}