{
  "ticker": "SPY",
  "timestamp": "2026-03-14T11:09:58.193528",
  "current_price": 594.94,
  "forecast_minutes": 60,
  "technical_indicators": {
    "rsi": 59.06,
    "macd": {
      "line": -4.2184,
      "signal": -3.7966,
      "histogram": -0.4218
    },
    "bollinger_bands": {
      "upper": 590.53,
      "middle": 557.94,
      "lower": 525.35
    }
  },
  "bsm_analysis": {
    "greeks": {
      "delta": 0.541,
      "gamma": 0.004518,
      "theta": -0.622,
      "vega": 0.6768,
      "rho": 0.2348
    },
    "atm_call_price": 36.23,
    "atm_put_price": 33.67,
    "implied_move": 1.29
  },
  "prediction": {
    "signal": "NEUTRAL",
    "score": -1,
    "confidence": 25.0,
    "reasons": [
      "MACD histogram negative (bearish momentum)"
    ],
    "target_price": 595.08,
    "support": 589.87,
    "resistance": 600.17
  },
  "simulation": {
    "statistics": {
      "mean": 595.0782553426426,
      "std": 7.6475589586733905,
      "p05": 582.6905294519316,
      "p25": 589.8682453191566,
      "p50": 595.366680069655,
      "p75": 600.1714189144482,
      "p95": 607.4306032136919,
      "min": 569.4474304315794,
      "max": 623.8541438531443
    },
    "simulations": 1000,
    "volatility": 0.515
  }
}