{
  "ticker": "SPY",
  "timestamp": "2026-03-08T16:44:54.845412",
  "current_price": 596.8,
  "forecast_minutes": 60,
  "technical_indicators": {
    "rsi": 62.5,
    "macd": {
      "line": -3.791,
      "signal": -3.4119,
      "histogram": -0.3791
    },
    "bollinger_bands": {
      "upper": 595.66,
      "middle": 568.12,
      "lower": 540.59
    }
  },
  "bsm_analysis": {
    "greeks": {
      "delta": 0.5373,
      "gamma": 0.008096,
      "theta": -0.3679,
      "vega": 0.6796,
      "rho": 0.2464
    },
    "atm_call_price": 20.84,
    "atm_put_price": 18.27,
    "implied_move": 0.71
  },
  "prediction": {
    "signal": "NEUTRAL",
    "score": -1,
    "confidence": 25.0,
    "reasons": [
      "MACD histogram negative (bearish momentum)"
    ],
    "target_price": 596.87,
    "support": 594.02,
    "resistance": 599.7
  },
  "simulation": {
    "statistics": {
      "mean": 596.8661950873893,
      "std": 4.208788610118298,
      "p05": 590.0994122076248,
      "p25": 594.0186813497659,
      "p50": 596.6086927738852,
      "p75": 599.7015823007733,
      "p95": 604.0164322196988,
      "min": 585.2098857636124,
      "max": 609.9762505352776
    },
    "simulations": 1000,
    "volatility": 0.2867
  }
}