{
  "ticker": "SPY",
  "timestamp": "2026-04-12T19:53:58.581510",
  "current_price": 595.62,
  "forecast_minutes": 60,
  "technical_indicators": {
    "rsi": 44.32,
    "macd": {
      "line": 4.8423,
      "signal": 4.3581,
      "histogram": 0.4842
    },
    "bollinger_bands": {
      "upper": 631.45,
      "middle": 608.12,
      "lower": 584.79
    }
  },
  "bsm_analysis": {
    "greeks": {
      "delta": 0.5378,
      "gamma": 0.008863,
      "theta": -0.3399,
      "vega": 0.6782,
      "rho": 0.2476
    },
    "atm_call_price": 19.15,
    "atm_put_price": 16.58,
    "implied_move": 0.62
  },
  "prediction": {
    "signal": "NEUTRAL",
    "score": 1,
    "confidence": 25.0,
    "reasons": [
      "MACD histogram positive (bullish momentum)"
    ],
    "target_price": 595.78,
    "support": 593.37,
    "resistance": 598.14
  },
  "simulation": {
    "statistics": {
      "mean": 595.784057556184,
      "std": 3.704226761472036,
      "p05": 589.748432481586,
      "p25": 593.3749298374667,
      "p50": 595.8072869084144,
      "p75": 598.1436634229165,
      "p95": 601.872344619828,
      "min": 582.2962550065345,
      "max": 609.1983873249059
    },
    "simulations": 1000,
    "volatility": 0.2624
  }
}