{
  "ticker": "SPY",
  "timestamp": "2026-03-12T23:57:33.893451",
  "current_price": 597.93,
  "forecast_minutes": 60,
  "technical_indicators": {
    "rsi": 53.74,
    "macd": {
      "line": -0.6075,
      "signal": -0.5467,
      "histogram": -0.0607
    },
    "bollinger_bands": {
      "upper": 611.46,
      "middle": 594.87,
      "lower": 578.29
    }
  },
  "bsm_analysis": {
    "greeks": {
      "delta": 0.5411,
      "gamma": 0.011395,
      "theta": -0.2747,
      "vega": 0.6802,
      "rho": 0.2534
    },
    "atm_call_price": 15.19,
    "atm_put_price": 12.61,
    "implied_move": 0.51
  },
  "prediction": {
    "signal": "NEUTRAL",
    "score": -1,
    "confidence": 25.0,
    "reasons": [
      "MACD histogram negative (bearish momentum)"
    ],
    "target_price": 598.07,
    "support": 596.08,
    "resistance": 600.25
  },
  "simulation": {
    "statistics": {
      "mean": 598.070385138889,
      "std": 3.020101789856863,
      "p05": 592.7925246906677,
      "p25": 596.0814611601659,
      "p50": 598.083892339392,
      "p75": 600.2536256024672,
      "p95": 602.9991993444945,
      "min": 587.5838838334492,
      "max": 606.6898002251814
    },
    "simulations": 1000,
    "volatility": 0.2031
  }
}