{
  "ticker": "SPY",
  "timestamp": "2026-03-15T07:48:18.028622",
  "current_price": 593.64,
  "forecast_minutes": 60,
  "technical_indicators": {
    "rsi": 68.96,
    "macd": {
      "line": -1.1978,
      "signal": -1.0781,
      "histogram": -0.1198
    },
    "bollinger_bands": {
      "upper": 599.32,
      "middle": 574.6,
      "lower": 549.88
    }
  },
  "bsm_analysis": {
    "greeks": {
      "delta": 0.5406,
      "gamma": 0.011144,
      "theta": -0.2795,
      "vega": 0.6754,
      "rho": 0.251
    },
    "atm_call_price": 15.49,
    "atm_put_price": 12.93,
    "implied_move": 0.51
  },
  "prediction": {
    "signal": "NEUTRAL",
    "score": -1,
    "confidence": 25.0,
    "reasons": [
      "MACD histogram negative (bearish momentum)"
    ],
    "target_price": 593.74,
    "support": 591.65,
    "resistance": 595.81
  },
  "simulation": {
    "statistics": {
      "mean": 593.7406608646293,
      "std": 3.0388254300985915,
      "p05": 588.680468180963,
      "p25": 591.6485345190335,
      "p50": 593.7775070644363,
      "p75": 595.814720148047,
      "p95": 598.6740959384172,
      "min": 585.0511070618514,
      "max": 602.3678689673905
    },
    "simulations": 1000,
    "volatility": 0.2093
  }
}