{
  "ticker": "SPY",
  "timestamp": "2026-03-16T15:10:22.209217",
  "current_price": 592.79,
  "forecast_minutes": 60,
  "technical_indicators": {
    "rsi": 67.39,
    "macd": {
      "line": 0.6672,
      "signal": 0.6005,
      "histogram": 0.0667
    },
    "bollinger_bands": {
      "upper": 581.32,
      "middle": 563.74,
      "lower": 546.16
    }
  },
  "bsm_analysis": {
    "greeks": {
      "delta": 0.5381,
      "gamma": 0.009165,
      "theta": -0.33,
      "vega": 0.6749,
      "rho": 0.2469
    },
    "atm_call_price": 18.55,
    "atm_put_price": 16.0,
    "implied_move": 0.62
  },
  "prediction": {
    "signal": "NEUTRAL",
    "score": 1,
    "confidence": 25.0,
    "reasons": [
      "MACD histogram positive (bullish momentum)"
    ],
    "target_price": 592.88,
    "support": 590.35,
    "resistance": 595.45
  },
  "simulation": {
    "statistics": {
      "mean": 592.8756947285484,
      "std": 3.6812303990791855,
      "p05": 586.6018506868799,
      "p25": 590.3530972467058,
      "p50": 592.8525767708873,
      "p75": 595.4466215040404,
      "p95": 598.7175621969363,
      "min": 580.6446959869292,
      "max": 603.8110242394134
    },
    "simulations": 1000,
    "volatility": 0.255
  }
}