{
  "ticker": "SPY",
  "timestamp": "2026-03-28T06:07:58.405271",
  "current_price": 592.21,
  "forecast_minutes": 60,
  "technical_indicators": {
    "rsi": 59.23,
    "macd": {
      "line": -3.1265,
      "signal": -2.8138,
      "histogram": -0.3126
    },
    "bollinger_bands": {
      "upper": 584.3,
      "middle": 557.85,
      "lower": 531.4
    }
  },
  "bsm_analysis": {
    "greeks": {
      "delta": 0.5375,
      "gamma": 0.006085,
      "theta": -0.4739,
      "vega": 0.6743,
      "rho": 0.2392
    },
    "atm_call_price": 27.26,
    "atm_put_price": 24.72,
    "implied_move": 0.94
  },
  "prediction": {
    "signal": "NEUTRAL",
    "score": -1,
    "confidence": 25.0,
    "reasons": [
      "MACD histogram negative (bearish momentum)"
    ],
    "target_price": 592.09,
    "support": 588.17,
    "resistance": 596.02
  },
  "simulation": {
    "statistics": {
      "mean": 592.0861915300859,
      "std": 5.569259250886542,
      "p05": 582.5700792276692,
      "p25": 588.1707588116509,
      "p50": 592.1359559966584,
      "p75": 596.0222043600302,
      "p95": 601.1139419770788,
      "min": 576.4671927638266,
      "max": 610.2514821906254
    },
    "simulations": 1000,
    "volatility": 0.3844
  }
}