{
  "ticker": "SPY",
  "timestamp": "2026-03-23T05:50:38.356096",
  "current_price": 592.81,
  "forecast_minutes": 60,
  "technical_indicators": {
    "rsi": 45.48,
    "macd": {
      "line": 1.4047,
      "signal": 1.2643,
      "histogram": 0.1405
    },
    "bollinger_bands": {
      "upper": 600.63,
      "middle": 589.43,
      "lower": 578.23
    }
  },
  "bsm_analysis": {
    "greeks": {
      "delta": 0.5491,
      "gamma": 0.015831,
      "theta": -0.2102,
      "vega": 0.6729,
      "rho": 0.2583
    },
    "atm_call_price": 11.28,
    "atm_put_price": 8.73,
    "implied_move": 0.35
  },
  "prediction": {
    "signal": "NEUTRAL",
    "score": 1,
    "confidence": 25.0,
    "reasons": [
      "MACD histogram positive (bullish momentum)"
    ],
    "target_price": 592.71,
    "support": 591.43,
    "resistance": 594.14
  },
  "simulation": {
    "statistics": {
      "mean": 592.711249154906,
      "std": 2.097554664649219,
      "p05": 589.2004479977101,
      "p25": 591.4283235118618,
      "p50": 592.7379535031367,
      "p75": 594.1434866097627,
      "p95": 596.0665954993735,
      "min": 586.3065441337591,
      "max": 599.7284258742773
    },
    "simulations": 1000,
    "volatility": 0.1472
  }
}