{
  "ticker": "SPY",
  "timestamp": "2026-03-25T01:13:14.976679",
  "current_price": 595.24,
  "forecast_minutes": 60,
  "technical_indicators": {
    "rsi": 74.06,
    "macd": {
      "line": 3.7091,
      "signal": 3.3382,
      "histogram": 0.3709
    },
    "bollinger_bands": {
      "upper": 573.17,
      "middle": 549.2,
      "lower": 525.23
    }
  },
  "bsm_analysis": {
    "greeks": {
      "delta": 0.5372,
      "gamma": 0.006434,
      "theta": -0.451,
      "vega": 0.6778,
      "rho": 0.2416
    },
    "atm_call_price": 25.87,
    "atm_put_price": 23.31,
    "implied_move": 0.92
  },
  "prediction": {
    "signal": "NEUTRAL",
    "score": -1,
    "confidence": 25.0,
    "reasons": [
      "RSI indicates overbought conditions",
      "MACD histogram positive (bullish momentum)"
    ],
    "target_price": 595.09,
    "support": 591.37,
    "resistance": 598.65
  },
  "simulation": {
    "statistics": {
      "mean": 595.0933153675016,
      "std": 5.449306953278764,
      "p05": 586.4484658780698,
      "p25": 591.3701730733594,
      "p50": 595.1958740329649,
      "p75": 598.6501611926225,
      "p95": 603.9689654241351,
      "min": 574.4451580434488,
      "max": 613.2934285131097
    },
    "simulations": 1000,
    "volatility": 0.3618
  }
}