{
  "ticker": "SPY",
  "timestamp": "2026-03-13T04:25:11.717957",
  "current_price": 595.06,
  "forecast_minutes": 60,
  "technical_indicators": {
    "rsi": 58.6,
    "macd": {
      "line": -1.8375,
      "signal": -1.6537,
      "histogram": -0.1837
    },
    "bollinger_bands": {
      "upper": 590.87,
      "middle": 572.4,
      "lower": 553.93
    }
  },
  "bsm_analysis": {
    "greeks": {
      "delta": 0.5383,
      "gamma": 0.009312,
      "theta": -0.3257,
      "vega": 0.6775,
      "rho": 0.2482
    },
    "atm_call_price": 18.28,
    "atm_put_price": 15.72,
    "implied_move": 0.62
  },
  "prediction": {
    "signal": "NEUTRAL",
    "score": -1,
    "confidence": 25.0,
    "reasons": [
      "MACD histogram negative (bearish momentum)"
    ],
    "target_price": 595.23,
    "support": 592.52,
    "resistance": 597.68
  },
  "simulation": {
    "statistics": {
      "mean": 595.232425530484,
      "std": 3.6746699298908863,
      "p05": 589.2106440585598,
      "p25": 592.5238755094614,
      "p50": 595.3109828165349,
      "p75": 597.6759347975827,
      "p95": 601.2213031267205,
      "min": 586.0071874416346,
      "max": 606.7394479847155
    },
    "simulations": 1000,
    "volatility": 0.25
  }
}