{
  "ticker": "SPY",
  "timestamp": "2026-03-15T08:16:00.236131",
  "current_price": 593.91,
  "forecast_minutes": 60,
  "technical_indicators": {
    "rsi": 56.16,
    "macd": {
      "line": 1.8025,
      "signal": 1.6222,
      "histogram": 0.1802
    },
    "bollinger_bands": {
      "upper": 594.32,
      "middle": 578.49,
      "lower": 562.66
    }
  },
  "bsm_analysis": {
    "greeks": {
      "delta": 0.5423,
      "gamma": 0.012233,
      "theta": -0.2587,
      "vega": 0.6754,
      "rho": 0.253
    },
    "atm_call_price": 14.23,
    "atm_put_price": 11.67,
    "implied_move": 0.46
  },
  "prediction": {
    "signal": "NEUTRAL",
    "score": 1,
    "confidence": 25.0,
    "reasons": [
      "MACD histogram positive (bullish momentum)"
    ],
    "target_price": 593.96,
    "support": 592.13,
    "resistance": 595.79
  },
  "simulation": {
    "statistics": {
      "mean": 593.9591683618156,
      "std": 2.755899241674212,
      "p05": 589.5241825409803,
      "p25": 592.1256403944858,
      "p50": 593.9523075432437,
      "p75": 595.7852552040654,
      "p95": 598.7611997405921,
      "min": 583.1128054247117,
      "max": 602.8180645411076
    },
    "simulations": 1000,
    "volatility": 0.1905
  }
}