{
  "ticker": "SPY",
  "timestamp": "2026-03-07T03:01:10.080799",
  "current_price": 597.43,
  "forecast_minutes": 60,
  "technical_indicators": {
    "rsi": 51.92,
    "macd": {
      "line": 0.3977,
      "signal": 0.358,
      "histogram": 0.0398
    },
    "bollinger_bands": {
      "upper": 602.36,
      "middle": 593.25,
      "lower": 584.14
    }
  },
  "bsm_analysis": {
    "greeks": {
      "delta": 0.5488,
      "gamma": 0.015565,
      "theta": -0.2134,
      "vega": 0.6782,
      "rho": 0.2601
    },
    "atm_call_price": 11.46,
    "atm_put_price": 8.89,
    "implied_move": 0.37
  },
  "prediction": {
    "signal": "NEUTRAL",
    "score": 1,
    "confidence": 25.0,
    "reasons": [
      "MACD histogram positive (bullish momentum)"
    ],
    "target_price": 597.35,
    "support": 595.86,
    "resistance": 598.83
  },
  "simulation": {
    "statistics": {
      "mean": 597.3514673561409,
      "std": 2.2150933880905836,
      "p05": 593.7111800790409,
      "p25": 595.8645645822007,
      "p50": 597.3802336775755,
      "p75": 598.8269715374681,
      "p95": 600.9169186758701,
      "min": 589.6157379612811,
      "max": 605.342879435738
    },
    "simulations": 1000,
    "volatility": 0.1485
  }
}