{
  "ticker": "SPY",
  "timestamp": "2026-03-16T04:59:07.535100",
  "current_price": 593.67,
  "forecast_minutes": 60,
  "technical_indicators": {
    "rsi": 46.39,
    "macd": {
      "line": 1.2981,
      "signal": 1.1683,
      "histogram": 0.1298
    },
    "bollinger_bands": {
      "upper": 601.16,
      "middle": 590.37,
      "lower": 579.58
    }
  },
  "bsm_analysis": {
    "greeks": {
      "delta": 0.5442,
      "gamma": 0.01331,
      "theta": -0.2414,
      "vega": 0.6748,
      "rho": 0.2547
    },
    "atm_call_price": 13.18,
    "atm_put_price": 10.62,
    "implied_move": 0.44
  },
  "prediction": {
    "signal": "NEUTRAL",
    "score": 1,
    "confidence": 25.0,
    "reasons": [
      "MACD histogram positive (bullish momentum)"
    ],
    "target_price": 593.7,
    "support": 591.99,
    "resistance": 595.49
  },
  "simulation": {
    "statistics": {
      "mean": 593.7038297366217,
      "std": 2.6295216500256844,
      "p05": 589.3250608134957,
      "p25": 591.9886115729063,
      "p50": 593.7845666023936,
      "p75": 595.4866627990235,
      "p95": 598.0159783972767,
      "min": 586.3421037112837,
      "max": 603.9233618830557
    },
    "simulations": 1000,
    "volatility": 0.175
  }
}