{
  "ticker": "SPY",
  "timestamp": "2026-03-18T01:40:07.878744",
  "current_price": 597.39,
  "forecast_minutes": 60,
  "technical_indicators": {
    "rsi": 39.88,
    "macd": {
      "line": -0.3081,
      "signal": -0.2773,
      "histogram": -0.0308
    },
    "bollinger_bands": {
      "upper": 620.19,
      "middle": 610.3,
      "lower": 600.41
    }
  },
  "bsm_analysis": {
    "greeks": {
      "delta": 0.54,
      "gamma": 0.010703,
      "theta": -0.2894,
      "vega": 0.6798,
      "rho": 0.2519
    },
    "atm_call_price": 16.08,
    "atm_put_price": 13.51,
    "implied_move": 0.52
  },
  "prediction": {
    "signal": "NEUTRAL",
    "score": -1,
    "confidence": 25.0,
    "reasons": [
      "MACD histogram negative (bearish momentum)"
    ],
    "target_price": 597.44,
    "support": 595.33,
    "resistance": 599.68
  },
  "simulation": {
    "statistics": {
      "mean": 597.4390298944779,
      "std": 3.1270819340384484,
      "p05": 592.5208815963535,
      "p25": 595.3277791538633,
      "p50": 597.3910197427329,
      "p75": 599.6847969750188,
      "p95": 602.5443059960885,
      "min": 586.3633654254552,
      "max": 608.1648593926661
    },
    "simulations": 1000,
    "volatility": 0.2165
  }
}