{
  "ticker": "SPY",
  "timestamp": "2026-03-21T20:26:28.946903",
  "current_price": 595.17,
  "forecast_minutes": 60,
  "technical_indicators": {
    "rsi": 54.06,
    "macd": {
      "line": 7.7626,
      "signal": 6.9864,
      "histogram": 0.7763
    },
    "bollinger_bands": {
      "upper": 619.51,
      "middle": 593.34,
      "lower": 567.17
    }
  },
  "bsm_analysis": {
    "greeks": {
      "delta": 0.5413,
      "gamma": 0.011558,
      "theta": -0.2712,
      "vega": 0.6771,
      "rho": 0.2525
    },
    "atm_call_price": 14.98,
    "atm_put_price": 12.42,
    "implied_move": 0.5
  },
  "prediction": {
    "signal": "NEUTRAL",
    "score": 1,
    "confidence": 25.0,
    "reasons": [
      "MACD histogram positive (bullish momentum)"
    ],
    "target_price": 595.09,
    "support": 593.16,
    "resistance": 597.07
  },
  "simulation": {
    "statistics": {
      "mean": 595.0870138463013,
      "std": 2.981134605435974,
      "p05": 590.177970184552,
      "p25": 593.1602319346465,
      "p50": 595.0721806888969,
      "p75": 597.0699316892384,
      "p95": 599.945633618248,
      "min": 585.4389285164222,
      "max": 604.8022994468199
    },
    "simulations": 1000,
    "volatility": 0.2012
  }
}