{
  "ticker": "SPY",
  "timestamp": "2026-03-06T15:16:52.195979",
  "current_price": 595.06,
  "forecast_minutes": 60,
  "technical_indicators": {
    "rsi": 66.79,
    "macd": {
      "line": 4.5974,
      "signal": 4.1376,
      "histogram": 0.4597
    },
    "bollinger_bands": {
      "upper": 588.99,
      "middle": 568.22,
      "lower": 547.45
    }
  },
  "bsm_analysis": {
    "greeks": {
      "delta": 0.5389,
      "gamma": 0.009921,
      "theta": -0.3085,
      "vega": 0.6773,
      "rho": 0.2494
    },
    "atm_call_price": 17.24,
    "atm_put_price": 14.68,
    "implied_move": 0.58
  },
  "prediction": {
    "signal": "NEUTRAL",
    "score": 1,
    "confidence": 25.0,
    "reasons": [
      "MACD histogram positive (bullish momentum)"
    ],
    "target_price": 595.22,
    "support": 593.14,
    "resistance": 597.42
  },
  "simulation": {
    "statistics": {
      "mean": 595.2183040689731,
      "std": 3.440306784490903,
      "p05": 589.4652431782148,
      "p25": 593.1389187033038,
      "p50": 595.1884043918778,
      "p75": 597.4189833224149,
      "p95": 601.1612174088621,
      "min": 582.0968425919039,
      "max": 607.6611446088783
    },
    "simulations": 1000,
    "volatility": 0.2346
  }
}