{
  "ticker": "SPY",
  "timestamp": "2026-04-13T12:06:35.358435",
  "current_price": 596.74,
  "forecast_minutes": 60,
  "technical_indicators": {
    "rsi": 67.43,
    "macd": {
      "line": -1.7913,
      "signal": -1.6122,
      "histogram": -0.1791
    },
    "bollinger_bands": {
      "upper": 592.97,
      "middle": 567.67,
      "lower": 542.36
    }
  },
  "bsm_analysis": {
    "greeks": {
      "delta": 0.5372,
      "gamma": 0.008017,
      "theta": -0.3711,
      "vega": 0.6795,
      "rho": 0.2462
    },
    "atm_call_price": 21.03,
    "atm_put_price": 18.46,
    "implied_move": 0.7
  },
  "prediction": {
    "signal": "NEUTRAL",
    "score": -1,
    "confidence": 25.0,
    "reasons": [
      "MACD histogram negative (bearish momentum)"
    ],
    "target_price": 596.63,
    "support": 593.81,
    "resistance": 599.43
  },
  "simulation": {
    "statistics": {
      "mean": 596.6319568882508,
      "std": 4.149731960008303,
      "p05": 589.8813911399778,
      "p25": 593.8066534147869,
      "p50": 596.5383795321795,
      "p75": 599.4253737387141,
      "p95": 603.285359447755,
      "min": 585.2059271803316,
      "max": 614.8305522671441
    },
    "simulations": 1000,
    "volatility": 0.2896
  }
}