{
  "ticker": "SPY",
  "timestamp": "2026-02-18T11:48:19.796253",
  "current_price": 595.29,
  "forecast_minutes": 60,
  "technical_indicators": {
    "rsi": 60.09,
    "macd": {
      "line": -3.7571,
      "signal": -3.3814,
      "histogram": -0.3757
    },
    "bollinger_bands": {
      "upper": 594.01,
      "middle": 563.49,
      "lower": 532.97
    }
  },
  "bsm_analysis": {
    "greeks": {
      "delta": 0.5371,
      "gamma": 0.006794,
      "theta": -0.4295,
      "vega": 0.6779,
      "rho": 0.2426
    },
    "atm_call_price": 24.57,
    "atm_put_price": 22.01,
    "implied_move": 0.81
  },
  "prediction": {
    "signal": "NEUTRAL",
    "score": -1,
    "confidence": 25.0,
    "reasons": [
      "MACD histogram negative (bearish momentum)"
    ],
    "target_price": 595.29,
    "support": 591.92,
    "resistance": 598.76
  },
  "simulation": {
    "statistics": {
      "mean": 595.2934045161979,
      "std": 4.847732475031025,
      "p05": 587.3637687216342,
      "p25": 591.9173385157374,
      "p50": 595.3920258021316,
      "p75": 598.7646101837282,
      "p95": 603.1811383639449,
      "min": 581.3296378805521,
      "max": 610.3640717969936
    },
    "simulations": 1000,
    "volatility": 0.3426
  }
}