{
  "ticker": "SPY",
  "timestamp": "2026-03-28T20:13:34.775448",
  "current_price": 596.95,
  "forecast_minutes": 60,
  "technical_indicators": {
    "rsi": 49.27,
    "macd": {
      "line": -2.1743,
      "signal": -1.9569,
      "histogram": -0.2174
    },
    "bollinger_bands": {
      "upper": 616.0,
      "middle": 596.63,
      "lower": 577.27
    }
  },
  "bsm_analysis": {
    "greeks": {
      "delta": 0.5394,
      "gamma": 0.010239,
      "theta": -0.3005,
      "vega": 0.6794,
      "rho": 0.2509
    },
    "atm_call_price": 16.75,
    "atm_put_price": 14.18,
    "implied_move": 0.56
  },
  "prediction": {
    "signal": "NEUTRAL",
    "score": -1,
    "confidence": 25.0,
    "reasons": [
      "MACD histogram negative (bearish momentum)"
    ],
    "target_price": 597.03,
    "support": 594.86,
    "resistance": 599.19
  },
  "simulation": {
    "statistics": {
      "mean": 597.0300657554089,
      "std": 3.3204573015297365,
      "p05": 591.4522762639073,
      "p25": 594.8638793466248,
      "p50": 597.0576723888537,
      "p75": 599.1949072759369,
      "p95": 602.2815944248493,
      "min": 586.7548987813647,
      "max": 608.53037294177
    },
    "simulations": 1000,
    "volatility": 0.2266
  }
}