{
  "ticker": "SPY",
  "timestamp": "2026-02-09T17:34:51.740231",
  "current_price": 593.38,
  "forecast_minutes": 60,
  "technical_indicators": {
    "rsi": 63.27,
    "macd": {
      "line": 0.1663,
      "signal": 0.1497,
      "histogram": 0.0166
    },
    "bollinger_bands": {
      "upper": 585.15,
      "middle": 566.23,
      "lower": 547.3
    }
  },
  "bsm_analysis": {
    "greeks": {
      "delta": 0.537,
      "gamma": 0.007351,
      "theta": -0.4003,
      "vega": 0.6757,
      "rho": 0.2432
    },
    "atm_call_price": 22.8,
    "atm_put_price": 20.25,
    "implied_move": 0.81
  },
  "prediction": {
    "signal": "NEUTRAL",
    "score": 1,
    "confidence": 25.0,
    "reasons": [
      "MACD histogram positive (bullish momentum)"
    ],
    "target_price": 593.67,
    "support": 590.57,
    "resistance": 596.88
  },
  "simulation": {
    "statistics": {
      "mean": 593.6665354736604,
      "std": 4.799154134406582,
      "p05": 585.9923002002797,
      "p25": 590.5692598565521,
      "p50": 593.597238711665,
      "p75": 596.8837980478345,
      "p95": 601.6716466541016,
      "min": 578.0193132599638,
      "max": 610.8763169448944
    },
    "simulations": 1000,
    "volatility": 0.3176
  }
}