{
  "ticker": "SPY",
  "timestamp": "2026-02-28T05:06:47.833932",
  "current_price": 594.86,
  "forecast_minutes": 60,
  "technical_indicators": {
    "rsi": 46.38,
    "macd": {
      "line": -4.5162,
      "signal": -4.0646,
      "histogram": -0.4516
    },
    "bollinger_bands": {
      "upper": 612.46,
      "middle": 591.24,
      "lower": 570.02
    }
  },
  "bsm_analysis": {
    "greeks": {
      "delta": 0.5429,
      "gamma": 0.012513,
      "theta": -0.254,
      "vega": 0.6764,
      "rho": 0.254
    },
    "atm_call_price": 13.94,
    "atm_put_price": 11.38,
    "implied_move": 0.46
  },
  "prediction": {
    "signal": "NEUTRAL",
    "score": -1,
    "confidence": 25.0,
    "reasons": [
      "MACD histogram negative (bearish momentum)"
    ],
    "target_price": 594.87,
    "support": 593.1,
    "resistance": 596.66
  },
  "simulation": {
    "statistics": {
      "mean": 594.8683948532662,
      "std": 2.7123649790916944,
      "p05": 590.3026896617695,
      "p25": 593.1016492073763,
      "p50": 594.7654076314819,
      "p75": 596.6552445716028,
      "p95": 599.4169939563914,
      "min": 587.3156552431551,
      "max": 604.7437316281523
    },
    "simulations": 1000,
    "volatility": 0.1859
  }
}