{
  "ticker": "SPY",
  "timestamp": "2026-02-08T19:52:37.942644",
  "current_price": 593.09,
  "forecast_minutes": 60,
  "technical_indicators": {
    "rsi": 33.21,
    "macd": {
      "line": -4.5502,
      "signal": -4.0951,
      "histogram": -0.455
    },
    "bollinger_bands": {
      "upper": 627.86,
      "middle": 607.74,
      "lower": 587.61
    }
  },
  "bsm_analysis": {
    "greeks": {
      "delta": 0.542,
      "gamma": 0.012043,
      "theta": -0.262,
      "vega": 0.6746,
      "rho": 0.2523
    },
    "atm_call_price": 14.43,
    "atm_put_price": 11.87,
    "implied_move": 0.49
  },
  "prediction": {
    "signal": "NEUTRAL",
    "score": -1,
    "confidence": 25.0,
    "reasons": [
      "MACD histogram negative (bearish momentum)"
    ],
    "target_price": 593.06,
    "support": 591.07,
    "resistance": 594.92
  },
  "simulation": {
    "statistics": {
      "mean": 593.0574223849123,
      "std": 2.893471334905233,
      "p05": 588.3446242444584,
      "p25": 591.0714526981735,
      "p50": 593.1152053863079,
      "p75": 594.9215921067105,
      "p95": 597.9548962321389,
      "min": 583.8816096314919,
      "max": 602.0924653636382
    },
    "simulations": 1000,
    "volatility": 0.1937
  }
}