{
  "ticker": "SPY",
  "timestamp": "2026-03-16T13:52:42.028724",
  "current_price": 594.97,
  "forecast_minutes": 60,
  "technical_indicators": {
    "rsi": 65.3,
    "macd": {
      "line": 3.3049,
      "signal": 2.9744,
      "histogram": 0.3305
    },
    "bollinger_bands": {
      "upper": 605.61,
      "middle": 584.32,
      "lower": 563.03
    }
  },
  "bsm_analysis": {
    "greeks": {
      "delta": 0.5493,
      "gamma": 0.015869,
      "theta": -0.21,
      "vega": 0.6753,
      "rho": 0.2594
    },
    "atm_call_price": 11.26,
    "atm_put_price": 8.7,
    "implied_move": 0.36
  },
  "prediction": {
    "signal": "NEUTRAL",
    "score": 1,
    "confidence": 25.0,
    "reasons": [
      "MACD histogram positive (bullish momentum)"
    ],
    "target_price": 594.98,
    "support": 593.54,
    "resistance": 596.4
  },
  "simulation": {
    "statistics": {
      "mean": 594.982520195925,
      "std": 2.1370936333949606,
      "p05": 591.4775065232956,
      "p25": 593.5422371394284,
      "p50": 594.9665529396134,
      "p75": 596.3952177856131,
      "p95": 598.4046184336144,
      "min": 587.7904538556093,
      "max": 602.3293805460127
    },
    "simulations": 1000,
    "volatility": 0.1463
  }
}