{
  "ticker": "SPY",
  "timestamp": "2026-03-07T14:42:03.476668",
  "current_price": 597.78,
  "forecast_minutes": 60,
  "technical_indicators": {
    "rsi": 47.26,
    "macd": {
      "line": 2.9825,
      "signal": 2.6842,
      "histogram": 0.2982
    },
    "bollinger_bands": {
      "upper": 615.4,
      "middle": 601.91,
      "lower": 588.41
    }
  },
  "bsm_analysis": {
    "greeks": {
      "delta": 0.5505,
      "gamma": 0.016367,
      "theta": -0.2052,
      "vega": 0.6782,
      "rho": 0.2615
    },
    "atm_call_price": 10.97,
    "atm_put_price": 8.39,
    "implied_move": 0.36
  },
  "prediction": {
    "signal": "NEUTRAL",
    "score": 1,
    "confidence": 25.0,
    "reasons": [
      "MACD histogram positive (bullish momentum)"
    ],
    "target_price": 597.77,
    "support": 596.38,
    "resistance": 599.24
  },
  "simulation": {
    "statistics": {
      "mean": 597.767647299605,
      "std": 2.1238493396462528,
      "p05": 594.2080150137974,
      "p25": 596.3844921158043,
      "p50": 597.7883660467339,
      "p75": 599.2395246309079,
      "p95": 601.2016959820243,
      "min": 590.3695477232062,
      "max": 605.1360907478487
    },
    "simulations": 1000,
    "volatility": 0.1411
  }
}