{
  "ticker": "SPY",
  "timestamp": "2026-02-08T07:29:58.153866",
  "current_price": 595.36,
  "forecast_minutes": 60,
  "technical_indicators": {
    "rsi": 43.31,
    "macd": {
      "line": -1.24,
      "signal": -1.116,
      "histogram": -0.124
    },
    "bollinger_bands": {
      "upper": 621.56,
      "middle": 606.63,
      "lower": 591.7
    }
  },
  "bsm_analysis": {
    "greeks": {
      "delta": 0.5449,
      "gamma": 0.013658,
      "theta": -0.2366,
      "vega": 0.6766,
      "rho": 0.2561
    },
    "atm_call_price": 12.88,
    "atm_put_price": 10.32,
    "implied_move": 0.42
  },
  "prediction": {
    "signal": "NEUTRAL",
    "score": -1,
    "confidence": 25.0,
    "reasons": [
      "MACD histogram negative (bearish momentum)"
    ],
    "target_price": 595.31,
    "support": 593.55,
    "resistance": 597.0
  },
  "simulation": {
    "statistics": {
      "mean": 595.3130086008082,
      "std": 2.507004119731503,
      "p05": 591.3032604925816,
      "p25": 593.5515324241209,
      "p50": 595.3302523323948,
      "p75": 597.0026762808411,
      "p95": 599.6297568552536,
      "min": 588.2305501569896,
      "max": 607.385279632693
    },
    "simulations": 1000,
    "volatility": 0.17
  }
}