{
  "ticker": "SPY",
  "timestamp": "2026-03-24T20:00:08.500546",
  "current_price": 597.87,
  "forecast_minutes": 60,
  "technical_indicators": {
    "rsi": 32.7,
    "macd": {
      "line": -2.6817,
      "signal": -2.4135,
      "histogram": -0.2682
    },
    "bollinger_bands": {
      "upper": 640.28,
      "middle": 623.41,
      "lower": 606.53
    }
  },
  "bsm_analysis": {
    "greeks": {
      "delta": 0.5384,
      "gamma": 0.009369,
      "theta": -0.3242,
      "vega": 0.6806,
      "rho": 0.2496
    },
    "atm_call_price": 18.19,
    "atm_put_price": 15.61,
    "implied_move": 0.63
  },
  "prediction": {
    "signal": "NEUTRAL",
    "score": -1,
    "confidence": 25.0,
    "reasons": [
      "MACD histogram negative (bearish momentum)"
    ],
    "target_price": 597.94,
    "support": 595.18,
    "resistance": 600.41
  },
  "simulation": {
    "statistics": {
      "mean": 597.9442697943689,
      "std": 3.7570997628565297,
      "p05": 592.1629076706033,
      "p25": 595.1765699534412,
      "p50": 597.8949047915441,
      "p75": 600.4107229962704,
      "p95": 604.1746076682,
      "min": 587.9026835801626,
      "max": 610.2797066383428
    },
    "simulations": 1000,
    "volatility": 0.2473
  }
}