{
  "ticker": "SPY",
  "timestamp": "2026-04-03T21:58:09.243352",
  "current_price": 594.09,
  "forecast_minutes": 60,
  "technical_indicators": {
    "rsi": 75.43,
    "macd": {
      "line": 9.2856,
      "signal": 8.3571,
      "histogram": 0.9286
    },
    "bollinger_bands": {
      "upper": 596.42,
      "middle": 570.9,
      "lower": 545.37
    }
  },
  "bsm_analysis": {
    "greeks": {
      "delta": 0.5549,
      "gamma": 0.018517,
      "theta": -0.1866,
      "vega": 0.673,
      "rho": 0.2629
    },
    "atm_call_price": 9.84,
    "atm_put_price": 7.28,
    "implied_move": 0.31
  },
  "prediction": {
    "signal": "NEUTRAL",
    "score": -1,
    "confidence": 25.0,
    "reasons": [
      "RSI indicates overbought conditions",
      "MACD histogram positive (bullish momentum)"
    ],
    "target_price": 594.03,
    "support": 592.77,
    "resistance": 595.29
  },
  "simulation": {
    "statistics": {
      "mean": 594.0330180199435,
      "std": 1.8666497850881314,
      "p05": 590.7985638037172,
      "p25": 592.7662155056256,
      "p50": 594.0493833523637,
      "p75": 595.2900389927879,
      "p95": 597.0900138234696,
      "min": 588.8159506189784,
      "max": 600.544621772742
    },
    "simulations": 1000,
    "volatility": 0.1253
  }
}