{
  "ticker": "SPY",
  "timestamp": "2026-04-05T10:46:32.342985",
  "current_price": 592.31,
  "forecast_minutes": 60,
  "technical_indicators": {
    "rsi": 56.21,
    "macd": {
      "line": 3.0986,
      "signal": 2.7888,
      "histogram": 0.3099
    },
    "bollinger_bands": {
      "upper": 600.4,
      "middle": 588.07,
      "lower": 575.74
    }
  },
  "bsm_analysis": {
    "greeks": {
      "delta": 0.5501,
      "gamma": 0.016329,
      "theta": -0.2052,
      "vega": 0.6721,
      "rho": 0.2588
    },
    "atm_call_price": 10.98,
    "atm_put_price": 8.43,
    "implied_move": 0.35
  },
  "prediction": {
    "signal": "NEUTRAL",
    "score": 1,
    "confidence": 25.0,
    "reasons": [
      "MACD histogram positive (bullish momentum)"
    ],
    "target_price": 592.39,
    "support": 590.98,
    "resistance": 593.8
  },
  "simulation": {
    "statistics": {
      "mean": 592.3852753329171,
      "std": 2.073515637477749,
      "p05": 589.0277314768848,
      "p25": 590.979534002847,
      "p50": 592.4177825976881,
      "p75": 593.8036275710709,
      "p95": 595.637379918678,
      "min": 584.3696344679602,
      "max": 598.9492021592732
    },
    "simulations": 1000,
    "volatility": 0.1427
  }
}