{
  "ticker": "SPY",
  "timestamp": "2026-03-23T17:35:23.726219",
  "current_price": 597.26,
  "forecast_minutes": 60,
  "technical_indicators": {
    "rsi": 53.35,
    "macd": {
      "line": -5.079,
      "signal": -4.5711,
      "histogram": -0.5079
    },
    "bollinger_bands": {
      "upper": 606.54,
      "middle": 583.04,
      "lower": 559.54
    }
  },
  "bsm_analysis": {
    "greeks": {
      "delta": 0.5387,
      "gamma": 0.009654,
      "theta": -0.3159,
      "vega": 0.6799,
      "rho": 0.2499
    },
    "atm_call_price": 17.69,
    "atm_put_price": 15.12,
    "implied_move": 0.59
  },
  "prediction": {
    "signal": "NEUTRAL",
    "score": -1,
    "confidence": 25.0,
    "reasons": [
      "MACD histogram negative (bearish momentum)"
    ],
    "target_price": 597.26,
    "support": 594.83,
    "resistance": 599.69
  },
  "simulation": {
    "statistics": {
      "mean": 597.2585469396114,
      "std": 3.522065450715533,
      "p05": 591.5205153924607,
      "p25": 594.8286437815169,
      "p50": 597.2719111895155,
      "p75": 599.6919804471578,
      "p95": 602.8543435664856,
      "min": 585.0269006121723,
      "max": 608.8371617374138
    },
    "simulations": 1000,
    "volatility": 0.2402
  }
}