{
  "ticker": "SPY",
  "timestamp": "2026-03-16T08:10:41.181565",
  "current_price": 594.87,
  "forecast_minutes": 60,
  "technical_indicators": {
    "rsi": 52.36,
    "macd": {
      "line": -9.7212,
      "signal": -8.7491,
      "histogram": -0.9721
    },
    "bollinger_bands": {
      "upper": 616.57,
      "middle": 565.63,
      "lower": 514.68
    }
  },
  "bsm_analysis": {
    "greeks": {
      "delta": 0.5378,
      "gamma": 0.005882,
      "theta": -0.4889,
      "vega": 0.6773,
      "rho": 0.2398
    },
    "atm_call_price": 28.17,
    "atm_put_price": 25.6,
    "implied_move": 0.99
  },
  "prediction": {
    "signal": "NEUTRAL",
    "score": -1,
    "confidence": 25.0,
    "reasons": [
      "MACD histogram negative (bearish momentum)"
    ],
    "target_price": 594.89,
    "support": 590.79,
    "resistance": 599.03
  },
  "simulation": {
    "statistics": {
      "mean": 594.8925348881306,
      "std": 5.895058038519212,
      "p05": 585.6624689179762,
      "p25": 590.7922249290206,
      "p50": 594.8924745292632,
      "p75": 599.0322877652934,
      "p95": 604.8306846253415,
      "min": 576.9629219232554,
      "max": 613.3627076875076
    },
    "simulations": 1000,
    "volatility": 0.3959
  }
}