{
  "ticker": "SPY",
  "timestamp": "2026-02-10T02:21:00.262865",
  "current_price": 593.42,
  "forecast_minutes": 60,
  "technical_indicators": {
    "rsi": 50.17,
    "macd": {
      "line": 5.4174,
      "signal": 4.8756,
      "histogram": 0.5417
    },
    "bollinger_bands": {
      "upper": 627.13,
      "middle": 604.46,
      "lower": 581.8
    }
  },
  "bsm_analysis": {
    "greeks": {
      "delta": 0.5401,
      "gamma": 0.010787,
      "theta": -0.2872,
      "vega": 0.6753,
      "rho": 0.2503
    },
    "atm_call_price": 15.96,
    "atm_put_price": 13.4,
    "implied_move": 0.52
  },
  "prediction": {
    "signal": "NEUTRAL",
    "score": 1,
    "confidence": 25.0,
    "reasons": [
      "MACD histogram positive (bullish momentum)"
    ],
    "target_price": 593.41,
    "support": 591.28,
    "resistance": 595.53
  },
  "simulation": {
    "statistics": {
      "mean": 593.4111541415357,
      "std": 3.07100834227643,
      "p05": 588.2583592871251,
      "p25": 591.2846744050241,
      "p50": 593.3549398358884,
      "p75": 595.529305239836,
      "p95": 598.4417042467084,
      "min": 585.1072684290749,
      "max": 605.182234233658
    },
    "simulations": 1000,
    "volatility": 0.2163
  }
}