{
  "ticker": "SPY",
  "timestamp": "2026-02-20T19:50:01.513371",
  "current_price": 593.6,
  "forecast_minutes": 60,
  "technical_indicators": {
    "rsi": 58.43,
    "macd": {
      "line": 1.6307,
      "signal": 1.4676,
      "histogram": 0.1631
    },
    "bollinger_bands": {
      "upper": 587.28,
      "middle": 567.48,
      "lower": 547.68
    }
  },
  "bsm_analysis": {
    "greeks": {
      "delta": 0.5396,
      "gamma": 0.010444,
      "theta": -0.2952,
      "vega": 0.6756,
      "rho": 0.2497
    },
    "atm_call_price": 16.44,
    "atm_put_price": 13.89,
    "implied_move": 0.58
  },
  "prediction": {
    "signal": "NEUTRAL",
    "score": 1,
    "confidence": 25.0,
    "reasons": [
      "MACD histogram positive (bullish momentum)"
    ],
    "target_price": 593.61,
    "support": 591.29,
    "resistance": 595.74
  },
  "simulation": {
    "statistics": {
      "mean": 593.613196326925,
      "std": 3.449259398756971,
      "p05": 588.0484562765466,
      "p25": 591.2905877011208,
      "p50": 593.6241174655199,
      "p75": 595.7414616158785,
      "p95": 599.4179583241971,
      "min": 582.7265762531523,
      "max": 605.098163041412
    },
    "simulations": 1000,
    "volatility": 0.2234
  }
}