{
  "ticker": "SPY",
  "timestamp": "2026-02-21T15:58:56.665494",
  "current_price": 596.9,
  "forecast_minutes": 60,
  "technical_indicators": {
    "rsi": 51.05,
    "macd": {
      "line": -4.1607,
      "signal": -3.7446,
      "histogram": -0.4161
    },
    "bollinger_bands": {
      "upper": 604.9,
      "middle": 579.41,
      "lower": 553.93
    }
  },
  "bsm_analysis": {
    "greeks": {
      "delta": 0.5402,
      "gamma": 0.010845,
      "theta": -0.2862,
      "vega": 0.6792,
      "rho": 0.252
    },
    "atm_call_price": 15.89,
    "atm_put_price": 13.32,
    "implied_move": 0.51
  },
  "prediction": {
    "signal": "NEUTRAL",
    "score": -1,
    "confidence": 25.0,
    "reasons": [
      "MACD histogram negative (bearish momentum)"
    ],
    "target_price": 596.79,
    "support": 594.8,
    "resistance": 598.8
  },
  "simulation": {
    "statistics": {
      "mean": 596.7850042895222,
      "std": 3.036978466734568,
      "p05": 591.68964226003,
      "p25": 594.8016836331294,
      "p50": 596.9377442453039,
      "p75": 598.7997966376838,
      "p95": 601.5511460322074,
      "min": 586.3415015955698,
      "max": 608.5984852944727
    },
    "simulations": 1000,
    "volatility": 0.2139
  }
}