{
  "ticker": "SPY",
  "timestamp": "2026-03-07T19:25:53.703665",
  "current_price": 592.06,
  "forecast_minutes": 60,
  "technical_indicators": {
    "rsi": 61.59,
    "macd": {
      "line": 1.5957,
      "signal": 1.4361,
      "histogram": 0.1596
    },
    "bollinger_bands": {
      "upper": 588.1,
      "middle": 566.58,
      "lower": 545.06
    }
  },
  "bsm_analysis": {
    "greeks": {
      "delta": 0.5421,
      "gamma": 0.012137,
      "theta": -0.2602,
      "vega": 0.6734,
      "rho": 0.252
    },
    "atm_call_price": 14.32,
    "atm_put_price": 11.78,
    "implied_move": 0.49
  },
  "prediction": {
    "signal": "NEUTRAL",
    "score": 1,
    "confidence": 25.0,
    "reasons": [
      "MACD histogram positive (bullish momentum)"
    ],
    "target_price": 592.0,
    "support": 589.93,
    "resistance": 594.13
  },
  "simulation": {
    "statistics": {
      "mean": 592.0024992352847,
      "std": 2.9109827689632417,
      "p05": 587.0314410414405,
      "p25": 589.9294436364972,
      "p50": 592.0984705640058,
      "p75": 594.1315496478571,
      "p95": 596.4752872519955,
      "min": 581.9060887092373,
      "max": 601.2364560432758
    },
    "simulations": 1000,
    "volatility": 0.1926
  }
}