{
  "ticker": "SPY",
  "timestamp": "2026-03-23T14:13:03.984697",
  "current_price": 592.3,
  "forecast_minutes": 60,
  "technical_indicators": {
    "rsi": 73.24,
    "macd": {
      "line": 5.0172,
      "signal": 4.5155,
      "histogram": 0.5017
    },
    "bollinger_bands": {
      "upper": 582.68,
      "middle": 566.29,
      "lower": 549.91
    }
  },
  "bsm_analysis": {
    "greeks": {
      "delta": 0.5428,
      "gamma": 0.012524,
      "theta": -0.2536,
      "vega": 0.6735,
      "rho": 0.2528
    },
    "atm_call_price": 13.92,
    "atm_put_price": 11.37,
    "implied_move": 0.48
  },
  "prediction": {
    "signal": "NEUTRAL",
    "score": -1,
    "confidence": 25.0,
    "reasons": [
      "RSI indicates overbought conditions",
      "MACD histogram positive (bullish momentum)"
    ],
    "target_price": 592.26,
    "support": 590.34,
    "resistance": 594.03
  },
  "simulation": {
    "statistics": {
      "mean": 592.2620960349445,
      "std": 2.8642616554983147,
      "p05": 587.4599946110112,
      "p25": 590.3430022706725,
      "p50": 592.1030274091424,
      "p75": 594.0270555378444,
      "p95": 597.149454971932,
      "min": 583.0368080529714,
      "max": 601.4668497036521
    },
    "simulations": 1000,
    "volatility": 0.1865
  }
}