{
  "ticker": "SPY",
  "timestamp": "2026-02-08T05:44:14.581698",
  "current_price": 596.21,
  "forecast_minutes": 60,
  "technical_indicators": {
    "rsi": 52.0,
    "macd": {
      "line": 3.7746,
      "signal": 3.3972,
      "histogram": 0.3775
    },
    "bollinger_bands": {
      "upper": 624.36,
      "middle": 605.9,
      "lower": 587.43
    }
  },
  "bsm_analysis": {
    "greeks": {
      "delta": 0.5428,
      "gamma": 0.012473,
      "theta": -0.2548,
      "vega": 0.678,
      "rho": 0.2545
    },
    "atm_call_price": 13.98,
    "atm_put_price": 11.42,
    "implied_move": 0.46
  },
  "prediction": {
    "signal": "NEUTRAL",
    "score": 1,
    "confidence": 25.0,
    "reasons": [
      "MACD histogram positive (bullish momentum)"
    ],
    "target_price": 596.3,
    "support": 594.51,
    "resistance": 598.08
  },
  "simulation": {
    "statistics": {
      "mean": 596.303006214681,
      "std": 2.7257615364869725,
      "p05": 591.7665575581989,
      "p25": 594.5129981856336,
      "p50": 596.22490919488,
      "p75": 598.0814546666744,
      "p95": 600.8708393802192,
      "min": 587.943336114316,
      "max": 605.6446949447067
    },
    "simulations": 1000,
    "volatility": 0.186
  }
}