{
  "ticker": "SPY",
  "timestamp": "2026-03-07T22:26:05.310156",
  "current_price": 596.2,
  "forecast_minutes": 60,
  "technical_indicators": {
    "rsi": 74.21,
    "macd": {
      "line": 2.1731,
      "signal": 1.9558,
      "histogram": 0.2173
    },
    "bollinger_bands": {
      "upper": 581.67,
      "middle": 564.95,
      "lower": 548.24
    }
  },
  "bsm_analysis": {
    "greeks": {
      "delta": 0.5385,
      "gamma": 0.009554,
      "theta": -0.3187,
      "vega": 0.6787,
      "rho": 0.2492
    },
    "atm_call_price": 17.86,
    "atm_put_price": 15.29,
    "implied_move": 0.62
  },
  "prediction": {
    "signal": "NEUTRAL",
    "score": -1,
    "confidence": 25.0,
    "reasons": [
      "RSI indicates overbought conditions",
      "MACD histogram positive (bullish momentum)"
    ],
    "target_price": 596.23,
    "support": 593.59,
    "resistance": 598.67
  },
  "simulation": {
    "statistics": {
      "mean": 596.2305687042891,
      "std": 3.707901754320243,
      "p05": 590.2624685963176,
      "p25": 593.5893439370036,
      "p50": 596.2504042248819,
      "p75": 598.6711962360323,
      "p95": 602.241134174372,
      "min": 586.5793954842962,
      "max": 608.3784154934607
    },
    "simulations": 1000,
    "volatility": 0.2432
  }
}