{
  "ticker": "SPY",
  "timestamp": "2026-03-05T23:39:11.498524",
  "current_price": 596.11,
  "forecast_minutes": 60,
  "technical_indicators": {
    "rsi": 63.64,
    "macd": {
      "line": 10.6507,
      "signal": 9.5856,
      "histogram": 1.0651
    },
    "bollinger_bands": {
      "upper": 614.65,
      "middle": 584.9,
      "lower": 555.14
    }
  },
  "bsm_analysis": {
    "greeks": {
      "delta": 0.5422,
      "gamma": 0.012123,
      "theta": -0.2608,
      "vega": 0.678,
      "rho": 0.2539
    },
    "atm_call_price": 14.35,
    "atm_put_price": 11.78,
    "implied_move": 0.48
  },
  "prediction": {
    "signal": "NEUTRAL",
    "score": 1,
    "confidence": 25.0,
    "reasons": [
      "MACD histogram positive (bullish momentum)"
    ],
    "target_price": 596.21,
    "support": 594.27,
    "resistance": 598.18
  },
  "simulation": {
    "statistics": {
      "mean": 596.2065377428082,
      "std": 2.8544089775375907,
      "p05": 591.5381987535895,
      "p25": 594.2667789737276,
      "p50": 596.128666024133,
      "p75": 598.1840555695981,
      "p95": 600.8040985553392,
      "min": 587.6513556122663,
      "max": 605.3285467732974
    },
    "simulations": 1000,
    "volatility": 0.1915
  }
}