{
  "ticker": "SPY",
  "timestamp": "2026-03-26T17:10:22.832738",
  "current_price": 594.38,
  "forecast_minutes": 60,
  "technical_indicators": {
    "rsi": 65.19,
    "macd": {
      "line": -2.1255,
      "signal": -1.9129,
      "histogram": -0.2125
    },
    "bollinger_bands": {
      "upper": 575.07,
      "middle": 544.38,
      "lower": 513.68
    }
  },
  "bsm_analysis": {
    "greeks": {
      "delta": 0.5402,
      "gamma": 0.004765,
      "theta": -0.5922,
      "vega": 0.6764,
      "rho": 0.2356
    },
    "atm_call_price": 34.43,
    "atm_put_price": 31.87,
    "implied_move": 1.17
  },
  "prediction": {
    "signal": "NEUTRAL",
    "score": -1,
    "confidence": 25.0,
    "reasons": [
      "MACD histogram negative (bearish momentum)"
    ],
    "target_price": 594.24,
    "support": 589.43,
    "resistance": 598.63
  },
  "simulation": {
    "statistics": {
      "mean": 594.235778203531,
      "std": 6.968113212198187,
      "p05": 583.237717736914,
      "p25": 589.4331810448508,
      "p50": 593.9759059413161,
      "p75": 598.6348460590222,
      "p95": 606.0603331249289,
      "min": 573.2299769749004,
      "max": 617.9356924209568
    },
    "simulations": 1000,
    "volatility": 0.4888
  }
}