{
  "ticker": "SPY",
  "timestamp": "2026-04-08T20:57:30.017035",
  "current_price": 595.05,
  "forecast_minutes": 60,
  "technical_indicators": {
    "rsi": 45.84,
    "macd": {
      "line": 3.2756,
      "signal": 2.9481,
      "histogram": 0.3276
    },
    "bollinger_bands": {
      "upper": 614.26,
      "middle": 599.22,
      "lower": 584.19
    }
  },
  "bsm_analysis": {
    "greeks": {
      "delta": 0.5423,
      "gamma": 0.01218,
      "theta": -0.2597,
      "vega": 0.6768,
      "rho": 0.2535
    },
    "atm_call_price": 14.29,
    "atm_put_price": 11.72,
    "implied_move": 0.47
  },
  "prediction": {
    "signal": "NEUTRAL",
    "score": 1,
    "confidence": 25.0,
    "reasons": [
      "MACD histogram positive (bullish momentum)"
    ],
    "target_price": 594.9,
    "support": 592.93,
    "resistance": 596.83
  },
  "simulation": {
    "statistics": {
      "mean": 594.8976941501494,
      "std": 2.8045222330278072,
      "p05": 590.416003647842,
      "p25": 592.9267000201554,
      "p50": 594.8802891986667,
      "p75": 596.82957749619,
      "p95": 599.3222349534975,
      "min": 585.9469621720411,
      "max": 604.1457676171457
    },
    "simulations": 1000,
    "volatility": 0.1909
  }
}