{
  "ticker": "SPY",
  "timestamp": "2026-02-22T21:35:37.526163",
  "current_price": 596.6,
  "forecast_minutes": 60,
  "technical_indicators": {
    "rsi": 39.54,
    "macd": {
      "line": 4.4278,
      "signal": 3.985,
      "histogram": 0.4428
    },
    "bollinger_bands": {
      "upper": 638.1,
      "middle": 615.0,
      "lower": 591.91
    }
  },
  "bsm_analysis": {
    "greeks": {
      "delta": 0.5373,
      "gamma": 0.008201,
      "theta": -0.3638,
      "vega": 0.6794,
      "rho": 0.2466
    },
    "atm_call_price": 20.59,
    "atm_put_price": 18.02,
    "implied_move": 0.7
  },
  "prediction": {
    "signal": "NEUTRAL",
    "score": 1,
    "confidence": 25.0,
    "reasons": [
      "MACD histogram positive (bullish momentum)"
    ],
    "target_price": 596.56,
    "support": 593.83,
    "resistance": 599.42
  },
  "simulation": {
    "statistics": {
      "mean": 596.5574081546702,
      "std": 4.192904944213652,
      "p05": 589.5168448800592,
      "p25": 593.8251009103092,
      "p50": 596.5223656757294,
      "p75": 599.4178489624869,
      "p95": 603.598495051684,
      "min": 584.2464975472535,
      "max": 610.4742092887183
    },
    "simulations": 1000,
    "volatility": 0.2832
  }
}