{
  "ticker": "SPY",
  "timestamp": "2026-03-08T14:42:32.579535",
  "current_price": 593.06,
  "forecast_minutes": 60,
  "technical_indicators": {
    "rsi": 47.55,
    "macd": {
      "line": 9.9193,
      "signal": 8.9274,
      "histogram": 0.9919
    },
    "bollinger_bands": {
      "upper": 662.9,
      "middle": 617.35,
      "lower": 571.79
    }
  },
  "bsm_analysis": {
    "greeks": {
      "delta": 0.5372,
      "gamma": 0.007883,
      "theta": -0.3763,
      "vega": 0.6754,
      "rho": 0.2443
    },
    "atm_call_price": 21.35,
    "atm_put_price": 18.8,
    "implied_move": 0.76
  },
  "prediction": {
    "signal": "NEUTRAL",
    "score": 1,
    "confidence": 25.0,
    "reasons": [
      "MACD histogram positive (bullish momentum)"
    ],
    "target_price": 593.21,
    "support": 590.16,
    "resistance": 596.26
  },
  "simulation": {
    "statistics": {
      "mean": 593.2115531351395,
      "std": 4.508239292849744,
      "p05": 586.1597783147204,
      "p25": 590.1628538338305,
      "p50": 593.1751935832517,
      "p75": 596.2648720409901,
      "p95": 600.6276870037387,
      "min": 578.6983541133368,
      "max": 612.0180193012263
    },
    "simulations": 1000,
    "volatility": 0.2964
  }
}