{
  "ticker": "SPY",
  "timestamp": "2026-03-17T11:59:10.455202",
  "current_price": 593.48,
  "forecast_minutes": 60,
  "technical_indicators": {
    "rsi": 63.68,
    "macd": {
      "line": 8.2038,
      "signal": 7.3834,
      "histogram": 0.8204
    },
    "bollinger_bands": {
      "upper": 608.34,
      "middle": 582.59,
      "lower": 556.84
    }
  },
  "bsm_analysis": {
    "greeks": {
      "delta": 0.5481,
      "gamma": 0.015313,
      "theta": -0.2158,
      "vega": 0.6739,
      "rho": 0.2578
    },
    "atm_call_price": 11.62,
    "atm_put_price": 9.07,
    "implied_move": 0.39
  },
  "prediction": {
    "signal": "NEUTRAL",
    "score": 1,
    "confidence": 25.0,
    "reasons": [
      "MACD histogram positive (bullish momentum)"
    ],
    "target_price": 593.42,
    "support": 591.86,
    "resistance": 595.02
  },
  "simulation": {
    "statistics": {
      "mean": 593.4230923339405,
      "std": 2.318022074334246,
      "p05": 589.6253255896025,
      "p25": 591.8627780381713,
      "p50": 593.4042052784498,
      "p75": 595.0245223061097,
      "p95": 597.1360893157586,
      "min": 585.7624805204171,
      "max": 601.4233423065247
    },
    "simulations": 1000,
    "volatility": 0.152
  }
}