{
  "ticker": "SPY",
  "timestamp": "2026-03-08T19:10:21.399123",
  "current_price": 595.21,
  "forecast_minutes": 60,
  "technical_indicators": {
    "rsi": 56.79,
    "macd": {
      "line": -0.3125,
      "signal": -0.2812,
      "histogram": -0.0312
    },
    "bollinger_bands": {
      "upper": 593.49,
      "middle": 577.94,
      "lower": 562.39
    }
  },
  "bsm_analysis": {
    "greeks": {
      "delta": 0.5379,
      "gamma": 0.008971,
      "theta": -0.3363,
      "vega": 0.6777,
      "rho": 0.2476
    },
    "atm_call_price": 18.93,
    "atm_put_price": 16.37,
    "implied_move": 0.64
  },
  "prediction": {
    "signal": "NEUTRAL",
    "score": -1,
    "confidence": 25.0,
    "reasons": [
      "MACD histogram negative (bearish momentum)"
    ],
    "target_price": 595.29,
    "support": 592.76,
    "resistance": 597.91
  },
  "simulation": {
    "statistics": {
      "mean": 595.2874228053463,
      "std": 3.8204226069583687,
      "p05": 589.0241836204211,
      "p25": 592.7575165740053,
      "p50": 595.3650734904743,
      "p75": 597.9099828644111,
      "p95": 601.5936547971334,
      "min": 580.0620138012332,
      "max": 608.5545741385355
    },
    "simulations": 1000,
    "volatility": 0.2594
  }
}