{
  "ticker": "SPY",
  "timestamp": "2026-03-29T04:42:08.566906",
  "current_price": 596.02,
  "forecast_minutes": 60,
  "technical_indicators": {
    "rsi": 61.33,
    "macd": {
      "line": -3.7641,
      "signal": -3.3877,
      "histogram": -0.3764
    },
    "bollinger_bands": {
      "upper": 590.52,
      "middle": 555.79,
      "lower": 521.05
    }
  },
  "bsm_analysis": {
    "greeks": {
      "delta": 0.542,
      "gamma": 0.004275,
      "theta": -0.6546,
      "vega": 0.6779,
      "rho": 0.2341
    },
    "atm_call_price": 38.21,
    "atm_put_price": 35.64,
    "implied_move": 1.35
  },
  "prediction": {
    "signal": "NEUTRAL",
    "score": -1,
    "confidence": 25.0,
    "reasons": [
      "MACD histogram negative (bearish momentum)"
    ],
    "target_price": 596.11,
    "support": 591.04,
    "resistance": 601.3
  },
  "simulation": {
    "statistics": {
      "mean": 596.1060173965649,
      "std": 8.02144303699115,
      "p05": 582.3914324610403,
      "p25": 591.0356402194676,
      "p50": 596.3344668258892,
      "p75": 601.3007572350054,
      "p95": 609.5960670179431,
      "min": 569.4743470813953,
      "max": 619.2261953505525
    },
    "simulations": 1000,
    "volatility": 0.5431
  }
}