{
  "ticker": "SPY",
  "timestamp": "2026-02-09T23:17:08.367617",
  "current_price": 593.5,
  "forecast_minutes": 60,
  "technical_indicators": {
    "rsi": 53.8,
    "macd": {
      "line": -1.8735,
      "signal": -1.6861,
      "histogram": -0.1873
    },
    "bollinger_bands": {
      "upper": 605.28,
      "middle": 589.98,
      "lower": 574.68
    }
  },
  "bsm_analysis": {
    "greeks": {
      "delta": 0.5398,
      "gamma": 0.010594,
      "theta": -0.2917,
      "vega": 0.6754,
      "rho": 0.25
    },
    "atm_call_price": 16.23,
    "atm_put_price": 13.67,
    "implied_move": 0.54
  },
  "prediction": {
    "signal": "NEUTRAL",
    "score": -1,
    "confidence": 25.0,
    "reasons": [
      "MACD histogram negative (bearish momentum)"
    ],
    "target_price": 593.48,
    "support": 591.42,
    "resistance": 595.68
  },
  "simulation": {
    "statistics": {
      "mean": 593.4840677461639,
      "std": 3.2165198900262038,
      "p05": 588.1996586235604,
      "p25": 591.4168540026586,
      "p50": 593.5022835198881,
      "p75": 595.6820727533644,
      "p95": 598.6816306971814,
      "min": 583.7127463209611,
      "max": 604.5387306820489
    },
    "simulations": 1000,
    "volatility": 0.2202
  }
}