{
  "ticker": "SPY",
  "timestamp": "2026-02-22T21:58:33.140159",
  "current_price": 592.82,
  "forecast_minutes": 60,
  "technical_indicators": {
    "rsi": 58.16,
    "macd": {
      "line": 3.5945,
      "signal": 3.235,
      "histogram": 0.3594
    },
    "bollinger_bands": {
      "upper": 600.03,
      "middle": 588.55,
      "lower": 577.07
    }
  },
  "bsm_analysis": {
    "greeks": {
      "delta": 0.5485,
      "gamma": 0.015528,
      "theta": -0.2134,
      "vega": 0.673,
      "rho": 0.2578
    },
    "atm_call_price": 11.48,
    "atm_put_price": 8.93,
    "implied_move": 0.37
  },
  "prediction": {
    "signal": "NEUTRAL",
    "score": 1,
    "confidence": 25.0,
    "reasons": [
      "MACD histogram positive (bullish momentum)"
    ],
    "target_price": 592.84,
    "support": 591.37,
    "resistance": 594.3
  },
  "simulation": {
    "statistics": {
      "mean": 592.836231695025,
      "std": 2.1974616429355893,
      "p05": 589.1153819852116,
      "p25": 591.3706259255503,
      "p50": 592.8635649738284,
      "p75": 594.3018669089619,
      "p95": 596.5094470597645,
      "min": 586.5839980282751,
      "max": 599.7489353446298
    },
    "simulations": 1000,
    "volatility": 0.1501
  }
}