{
  "ticker": "SPY",
  "timestamp": "2026-02-15T17:45:13.227309",
  "current_price": 595.34,
  "forecast_minutes": 60,
  "technical_indicators": {
    "rsi": 54.11,
    "macd": {
      "line": 5.451,
      "signal": 4.9059,
      "histogram": 0.5451
    },
    "bollinger_bands": {
      "upper": 612.37,
      "middle": 589.02,
      "lower": 565.66
    }
  },
  "bsm_analysis": {
    "greeks": {
      "delta": 0.5471,
      "gamma": 0.014785,
      "theta": -0.222,
      "vega": 0.6762,
      "rho": 0.2579
    },
    "atm_call_price": 12.0,
    "atm_put_price": 9.43,
    "implied_move": 0.39
  },
  "prediction": {
    "signal": "NEUTRAL",
    "score": 1,
    "confidence": 25.0,
    "reasons": [
      "MACD histogram positive (bullish momentum)"
    ],
    "target_price": 595.41,
    "support": 593.95,
    "resistance": 596.95
  },
  "simulation": {
    "statistics": {
      "mean": 595.4090882056445,
      "std": 2.3274387376279617,
      "p05": 591.5256152527181,
      "p25": 593.9460412676252,
      "p50": 595.4763486335329,
      "p75": 596.9505780167096,
      "p95": 599.135182978471,
      "min": 584.7926451171141,
      "max": 603.2456697090513
    },
    "simulations": 1000,
    "volatility": 0.157
  }
}