{
  "ticker": "SPY",
  "timestamp": "2026-03-26T06:42:43.410387",
  "current_price": 596.69,
  "forecast_minutes": 60,
  "technical_indicators": {
    "rsi": 39.82,
    "macd": {
      "line": 5.4203,
      "signal": 4.8783,
      "histogram": 0.542
    },
    "bollinger_bands": {
      "upper": 649.0,
      "middle": 622.52,
      "lower": 596.04
    }
  },
  "bsm_analysis": {
    "greeks": {
      "delta": 0.5371,
      "gamma": 0.006743,
      "theta": -0.4325,
      "vega": 0.6795,
      "rho": 0.2431
    },
    "atm_call_price": 24.75,
    "atm_put_price": 22.18,
    "implied_move": 0.86
  },
  "prediction": {
    "signal": "NEUTRAL",
    "score": 1,
    "confidence": 25.0,
    "reasons": [
      "MACD histogram positive (bullish momentum)"
    ],
    "target_price": 596.85,
    "support": 593.41,
    "resistance": 600.35
  },
  "simulation": {
    "statistics": {
      "mean": 596.8542369560724,
      "std": 5.125855024067715,
      "p05": 588.265282564662,
      "p25": 593.4116683567261,
      "p50": 596.9542745350685,
      "p75": 600.3545462942668,
      "p95": 605.0048117862942,
      "min": 578.7817551267183,
      "max": 613.8968711630644
    },
    "simulations": 1000,
    "volatility": 0.3444
  }
}