{
  "ticker": "SPY",
  "timestamp": "2026-03-20T08:22:20.485594",
  "current_price": 596.86,
  "forecast_minutes": 60,
  "technical_indicators": {
    "rsi": 60.98,
    "macd": {
      "line": 1.0966,
      "signal": 0.9869,
      "histogram": 0.1097
    },
    "bollinger_bands": {
      "upper": 588.33,
      "middle": 572.41,
      "lower": 556.49
    }
  },
  "bsm_analysis": {
    "greeks": {
      "delta": 0.537,
      "gamma": 0.007348,
      "theta": -0.4007,
      "vega": 0.6797,
      "rho": 0.2447
    },
    "atm_call_price": 22.82,
    "atm_put_price": 20.25,
    "implied_move": 0.79
  },
  "prediction": {
    "signal": "NEUTRAL",
    "score": 1,
    "confidence": 25.0,
    "reasons": [
      "MACD histogram positive (bullish momentum)"
    ],
    "target_price": 596.98,
    "support": 593.66,
    "resistance": 600.19
  },
  "simulation": {
    "statistics": {
      "mean": 596.9807355021054,
      "std": 4.72682404907715,
      "p05": 589.4382372919711,
      "p25": 593.6629628225458,
      "p50": 596.9841774649226,
      "p75": 600.185625568399,
      "p95": 604.7991667548478,
      "min": 584.588539773927,
      "max": 615.0547772071561
    },
    "simulations": 1000,
    "volatility": 0.3159
  }
}