{
  "ticker": "SPY",
  "timestamp": "2026-04-15T10:44:46.823061",
  "current_price": 594.39,
  "forecast_minutes": 60,
  "technical_indicators": {
    "rsi": 43.6,
    "macd": {
      "line": -2.6593,
      "signal": -2.3934,
      "histogram": -0.2659
    },
    "bollinger_bands": {
      "upper": 633.15,
      "middle": 616.35,
      "lower": 599.55
    }
  },
  "bsm_analysis": {
    "greeks": {
      "delta": 0.5421,
      "gamma": 0.012099,
      "theta": -0.2611,
      "vega": 0.676,
      "rho": 0.253
    },
    "atm_call_price": 14.37,
    "atm_put_price": 11.81,
    "implied_move": 0.46
  },
  "prediction": {
    "signal": "NEUTRAL",
    "score": -1,
    "confidence": 25.0,
    "reasons": [
      "MACD histogram negative (bearish momentum)"
    ],
    "target_price": 594.44,
    "support": 592.53,
    "resistance": 596.28
  },
  "simulation": {
    "statistics": {
      "mean": 594.4406357496781,
      "std": 2.763666825471295,
      "p05": 589.9904437122173,
      "p25": 592.5330881195123,
      "p50": 594.3673848912988,
      "p75": 596.2762688536544,
      "p95": 598.9943031841124,
      "min": 585.747740167851,
      "max": 603.7280930888145
    },
    "simulations": 1000,
    "volatility": 0.1924
  }
}