{
  "ticker": "SPY",
  "timestamp": "2026-03-21T08:32:24.167063",
  "current_price": 592.13,
  "forecast_minutes": 60,
  "technical_indicators": {
    "rsi": 36.37,
    "macd": {
      "line": -0.5852,
      "signal": -0.5267,
      "histogram": -0.0585
    },
    "bollinger_bands": {
      "upper": 629.76,
      "middle": 615.03,
      "lower": 600.3
    }
  },
  "bsm_analysis": {
    "greeks": {
      "delta": 0.5392,
      "gamma": 0.010159,
      "theta": -0.3021,
      "vega": 0.674,
      "rho": 0.2486
    },
    "atm_call_price": 16.86,
    "atm_put_price": 14.31,
    "implied_move": 0.56
  },
  "prediction": {
    "signal": "NEUTRAL",
    "score": -1,
    "confidence": 25.0,
    "reasons": [
      "MACD histogram negative (bearish momentum)"
    ],
    "target_price": 592.44,
    "support": 590.29,
    "resistance": 594.63
  },
  "simulation": {
    "statistics": {
      "mean": 592.4375638784529,
      "std": 3.297772472954477,
      "p05": 586.9168381914741,
      "p25": 590.287595073628,
      "p50": 592.2647058480331,
      "p75": 594.6294775841352,
      "p95": 598.0228132021667,
      "min": 583.0963773994008,
      "max": 602.3961768314088
    },
    "simulations": 1000,
    "volatility": 0.2302
  }
}