{
  "ticker": "SPY",
  "timestamp": "2026-02-15T16:44:32.820298",
  "current_price": 597.7,
  "forecast_minutes": 60,
  "technical_indicators": {
    "rsi": 45.5,
    "macd": {
      "line": 3.2897,
      "signal": 2.9607,
      "histogram": 0.329
    },
    "bollinger_bands": {
      "upper": 623.62,
      "middle": 607.84,
      "lower": 592.06
    }
  },
  "bsm_analysis": {
    "greeks": {
      "delta": 0.5392,
      "gamma": 0.010092,
      "theta": -0.3042,
      "vega": 0.6803,
      "rho": 0.2509
    },
    "atm_call_price": 16.98,
    "atm_put_price": 14.4,
    "implied_move": 0.58
  },
  "prediction": {
    "signal": "NEUTRAL",
    "score": 1,
    "confidence": 25.0,
    "reasons": [
      "MACD histogram positive (bullish momentum)"
    ],
    "target_price": 597.68,
    "support": 595.29,
    "resistance": 600.2
  },
  "simulation": {
    "statistics": {
      "mean": 597.6805133327224,
      "std": 3.4468466366272197,
      "p05": 592.0490836687335,
      "p25": 595.2904783539666,
      "p50": 597.693592989144,
      "p75": 600.1966697598803,
      "p95": 603.1393265072858,
      "min": 587.6674096003994,
      "max": 608.3530383820513
    },
    "simulations": 1000,
    "volatility": 0.2296
  }
}