{
  "ticker": "SPY",
  "timestamp": "2026-02-13T02:38:22.578406",
  "current_price": 595.42,
  "forecast_minutes": 60,
  "technical_indicators": {
    "rsi": 61.27,
    "macd": {
      "line": -0.239,
      "signal": -0.2151,
      "histogram": -0.0239
    },
    "bollinger_bands": {
      "upper": 588.61,
      "middle": 572.81,
      "lower": 557.01
    }
  },
  "bsm_analysis": {
    "greeks": {
      "delta": 0.5376,
      "gamma": 0.008585,
      "theta": -0.3494,
      "vega": 0.678,
      "rho": 0.2469
    },
    "atm_call_price": 19.72,
    "atm_put_price": 17.16,
    "implied_move": 0.66
  },
  "prediction": {
    "signal": "NEUTRAL",
    "score": -1,
    "confidence": 25.0,
    "reasons": [
      "MACD histogram negative (bearish momentum)"
    ],
    "target_price": 595.33,
    "support": 592.68,
    "resistance": 597.95
  },
  "simulation": {
    "statistics": {
      "mean": 595.3339562735383,
      "std": 3.9341149560856166,
      "p05": 589.2632395080761,
      "p25": 592.6813303095504,
      "p50": 595.1664626061698,
      "p75": 597.9546322040478,
      "p95": 602.044667030239,
      "min": 581.9115422959445,
      "max": 608.2447862688292
    },
    "simulations": 1000,
    "volatility": 0.271
  }
}