{
  "ticker": "SPY",
  "timestamp": "2026-02-23T23:02:59.001292",
  "current_price": 594.91,
  "forecast_minutes": 60,
  "technical_indicators": {
    "rsi": 65.17,
    "macd": {
      "line": 4.5814,
      "signal": 4.1232,
      "histogram": 0.4581
    },
    "bollinger_bands": {
      "upper": 592.79,
      "middle": 574.05,
      "lower": 555.3
    }
  },
  "bsm_analysis": {
    "greeks": {
      "delta": 0.5428,
      "gamma": 0.01246,
      "theta": -0.2549,
      "vega": 0.6765,
      "rho": 0.2539
    },
    "atm_call_price": 13.99,
    "atm_put_price": 11.43,
    "implied_move": 0.46
  },
  "prediction": {
    "signal": "NEUTRAL",
    "score": 1,
    "confidence": 25.0,
    "reasons": [
      "MACD histogram positive (bullish momentum)"
    ],
    "target_price": 594.9,
    "support": 593.06,
    "resistance": 596.88
  },
  "simulation": {
    "statistics": {
      "mean": 594.8968382686492,
      "std": 2.712033129341686,
      "p05": 590.6021007298991,
      "p25": 593.0581786702538,
      "p50": 594.8338442733548,
      "p75": 596.8823719617421,
      "p95": 599.3205972619172,
      "min": 585.9385473367703,
      "max": 604.4798900220048
    },
    "simulations": 1000,
    "volatility": 0.1866
  }
}