{
  "ticker": "SPY",
  "timestamp": "2026-03-27T15:07:14.770821",
  "current_price": 592.5,
  "forecast_minutes": 60,
  "technical_indicators": {
    "rsi": 43.56,
    "macd": {
      "line": -0.3,
      "signal": -0.27,
      "histogram": -0.03
    },
    "bollinger_bands": {
      "upper": 612.12,
      "middle": 595.36,
      "lower": 578.61
    }
  },
  "bsm_analysis": {
    "greeks": {
      "delta": 0.5436,
      "gamma": 0.013,
      "theta": -0.246,
      "vega": 0.6736,
      "rho": 0.2537
    },
    "atm_call_price": 13.46,
    "atm_put_price": 10.91,
    "implied_move": 0.44
  },
  "prediction": {
    "signal": "NEUTRAL",
    "score": -1,
    "confidence": 25.0,
    "reasons": [
      "MACD histogram negative (bearish momentum)"
    ],
    "target_price": 592.35,
    "support": 590.66,
    "resistance": 594.11
  },
  "simulation": {
    "statistics": {
      "mean": 592.3537306694079,
      "std": 2.628886977451693,
      "p05": 587.9771725935472,
      "p25": 590.6636488304994,
      "p50": 592.3717217915266,
      "p75": 594.1147423200077,
      "p95": 596.6918640144656,
      "min": 583.9873222909682,
      "max": 600.5384210989937
    },
    "simulations": 1000,
    "volatility": 0.1796
  }
}