{
  "ticker": "SPY",
  "timestamp": "2026-03-18T20:19:48.647643",
  "current_price": 592.44,
  "forecast_minutes": 60,
  "technical_indicators": {
    "rsi": 34.25,
    "macd": {
      "line": 0.6616,
      "signal": 0.5955,
      "histogram": 0.0662
    },
    "bollinger_bands": {
      "upper": 630.6,
      "middle": 613.64,
      "lower": 596.69
    }
  },
  "bsm_analysis": {
    "greeks": {
      "delta": 0.5408,
      "gamma": 0.011315,
      "theta": -0.2759,
      "vega": 0.674,
      "rho": 0.2508
    },
    "atm_call_price": 15.27,
    "atm_put_price": 12.72,
    "implied_move": 0.52
  },
  "prediction": {
    "signal": "NEUTRAL",
    "score": 1,
    "confidence": 25.0,
    "reasons": [
      "MACD histogram positive (bullish momentum)"
    ],
    "target_price": 592.5,
    "support": 590.34,
    "resistance": 594.63
  },
  "simulation": {
    "statistics": {
      "mean": 592.4958741738411,
      "std": 3.074017106602995,
      "p05": 587.4487660070695,
      "p25": 590.3393175929677,
      "p50": 592.4561500159695,
      "p75": 594.6312017299417,
      "p95": 597.6222126427268,
      "min": 582.3624375732303,
      "max": 601.670342487954
    },
    "simulations": 1000,
    "volatility": 0.2065
  }
}