{
  "ticker": "SPY",
  "timestamp": "2026-03-01T02:20:18.249115",
  "current_price": 593.02,
  "forecast_minutes": 60,
  "technical_indicators": {
    "rsi": 50.3,
    "macd": {
      "line": 1.3937,
      "signal": 1.2543,
      "histogram": 0.1394
    },
    "bollinger_bands": {
      "upper": 604.21,
      "middle": 595.73,
      "lower": 587.25
    }
  },
  "bsm_analysis": {
    "greeks": {
      "delta": 0.5646,
      "gamma": 0.022788,
      "theta": -0.1603,
      "vega": 0.6693,
      "rho": 0.2684
    },
    "atm_call_price": 8.23,
    "atm_put_price": 5.68,
    "implied_move": 0.25
  },
  "prediction": {
    "signal": "NEUTRAL",
    "score": 1,
    "confidence": 25.0,
    "reasons": [
      "MACD histogram positive (bullish momentum)"
    ],
    "target_price": 593.06,
    "support": 592.05,
    "resistance": 594.0
  },
  "simulation": {
    "statistics": {
      "mean": 593.0593257086822,
      "std": 1.4596215998021245,
      "p05": 590.602692563778,
      "p25": 592.0451893118499,
      "p50": 593.0225933023806,
      "p75": 593.9993542461237,
      "p95": 595.478715019974,
      "min": 588.3485090241321,
      "max": 597.887159944351
    },
    "simulations": 1000,
    "volatility": 0.1016
  }
}