{
  "ticker": "SPY",
  "timestamp": "2026-03-06T22:47:55.104388",
  "current_price": 593.26,
  "forecast_minutes": 60,
  "technical_indicators": {
    "rsi": 68.78,
    "macd": {
      "line": 0.5102,
      "signal": 0.4592,
      "histogram": 0.051
    },
    "bollinger_bands": {
      "upper": 579.23,
      "middle": 562.64,
      "lower": 546.04
    }
  },
  "bsm_analysis": {
    "greeks": {
      "delta": 0.5375,
      "gamma": 0.008412,
      "theta": -0.3555,
      "vega": 0.6755,
      "rho": 0.2456
    },
    "atm_call_price": 20.1,
    "atm_put_price": 17.54,
    "implied_move": 0.7
  },
  "prediction": {
    "signal": "NEUTRAL",
    "score": 1,
    "confidence": 25.0,
    "reasons": [
      "MACD histogram positive (bullish momentum)"
    ],
    "target_price": 593.53,
    "support": 590.68,
    "resistance": 596.22
  },
  "simulation": {
    "statistics": {
      "mean": 593.5275396477266,
      "std": 4.165219461191384,
      "p05": 587.1272739385183,
      "p25": 590.6817182615953,
      "p50": 593.4859173457351,
      "p75": 596.2155524619452,
      "p95": 600.9919556791347,
      "min": 581.0930876368999,
      "max": 606.5110919126987
    },
    "simulations": 1000,
    "volatility": 0.2776
  }
}