{
  "ticker": "SPY",
  "timestamp": "2026-03-07T09:43:57.044517",
  "current_price": 594.73,
  "forecast_minutes": 60,
  "technical_indicators": {
    "rsi": 54.51,
    "macd": {
      "line": 5.453,
      "signal": 4.9077,
      "histogram": 0.5453
    },
    "bollinger_bands": {
      "upper": 618.64,
      "middle": 599.65,
      "lower": 580.66
    }
  },
  "bsm_analysis": {
    "greeks": {
      "delta": 0.5429,
      "gamma": 0.012527,
      "theta": -0.2537,
      "vega": 0.6763,
      "rho": 0.2539
    },
    "atm_call_price": 13.92,
    "atm_put_price": 11.36,
    "implied_move": 0.47
  },
  "prediction": {
    "signal": "NEUTRAL",
    "score": 1,
    "confidence": 25.0,
    "reasons": [
      "MACD histogram positive (bullish momentum)"
    ],
    "target_price": 594.71,
    "support": 592.83,
    "resistance": 596.59
  },
  "simulation": {
    "statistics": {
      "mean": 594.7093978651152,
      "std": 2.7958805128489215,
      "p05": 590.1027655489761,
      "p25": 592.8348306149267,
      "p50": 594.5762598512274,
      "p75": 596.5917899440622,
      "p95": 599.4005250304803,
      "min": 586.7916794220615,
      "max": 605.6024753467926
    },
    "simulations": 1000,
    "volatility": 0.1857
  }
}