{
  "ticker": "SPY",
  "timestamp": "2026-03-20T11:32:52.672195",
  "current_price": 593.75,
  "forecast_minutes": 60,
  "technical_indicators": {
    "rsi": 58.37,
    "macd": {
      "line": -2.3056,
      "signal": -2.075,
      "histogram": -0.2306
    },
    "bollinger_bands": {
      "upper": 592.14,
      "middle": 574.58,
      "lower": 557.02
    }
  },
  "bsm_analysis": {
    "greeks": {
      "delta": 0.5382,
      "gamma": 0.009269,
      "theta": -0.3269,
      "vega": 0.676,
      "rho": 0.2476
    },
    "atm_call_price": 18.36,
    "atm_put_price": 15.8,
    "implied_move": 0.63
  },
  "prediction": {
    "signal": "NEUTRAL",
    "score": -1,
    "confidence": 25.0,
    "reasons": [
      "MACD histogram negative (bearish momentum)"
    ],
    "target_price": 593.77,
    "support": 591.42,
    "resistance": 596.17
  },
  "simulation": {
    "statistics": {
      "mean": 593.76750106776,
      "std": 3.714862320151072,
      "p05": 587.5372877996025,
      "p25": 591.4181133323771,
      "p50": 593.7545511432338,
      "p75": 596.1745846809162,
      "p95": 599.859028608388,
      "min": 581.6911807876037,
      "max": 606.7787975044199
    },
    "simulations": 1000,
    "volatility": 0.2517
  }
}