{
  "ticker": "SPY",
  "timestamp": "2026-03-10T19:49:21.375004",
  "current_price": 596.01,
  "forecast_minutes": 60,
  "technical_indicators": {
    "rsi": 63.76,
    "macd": {
      "line": 9.2815,
      "signal": 8.3534,
      "histogram": 0.9282
    },
    "bollinger_bands": {
      "upper": 624.94,
      "middle": 594.5,
      "lower": 564.06
    }
  },
  "bsm_analysis": {
    "greeks": {
      "delta": 0.5416,
      "gamma": 0.011768,
      "theta": -0.2673,
      "vega": 0.678,
      "rho": 0.2532
    },
    "atm_call_price": 14.74,
    "atm_put_price": 12.18,
    "implied_move": 0.5
  },
  "prediction": {
    "signal": "NEUTRAL",
    "score": 1,
    "confidence": 25.0,
    "reasons": [
      "MACD histogram positive (bullish momentum)"
    ],
    "target_price": 596.0,
    "support": 593.92,
    "resistance": 597.91
  },
  "simulation": {
    "statistics": {
      "mean": 595.9965983794681,
      "std": 2.9711572645806252,
      "p05": 591.1265512465604,
      "p25": 593.9192852505878,
      "p50": 595.9044024972447,
      "p75": 597.9136901792234,
      "p95": 601.1082106663752,
      "min": 587.6461634111146,
      "max": 606.0520889092572
    },
    "simulations": 1000,
    "volatility": 0.1973
  }
}