{
  "ticker": "SPY",
  "timestamp": "2026-03-25T10:33:47.755187",
  "current_price": 593.41,
  "forecast_minutes": 60,
  "technical_indicators": {
    "rsi": 58.91,
    "macd": {
      "line": 2.3985,
      "signal": 2.1586,
      "histogram": 0.2398
    },
    "bollinger_bands": {
      "upper": 598.83,
      "middle": 589.38,
      "lower": 579.93
    }
  },
  "bsm_analysis": {
    "greeks": {
      "delta": 0.5506,
      "gamma": 0.016546,
      "theta": -0.2032,
      "vega": 0.6732,
      "rho": 0.2596
    },
    "atm_call_price": 10.85,
    "atm_put_price": 8.3,
    "implied_move": 0.33
  },
  "prediction": {
    "signal": "NEUTRAL",
    "score": 1,
    "confidence": 25.0,
    "reasons": [
      "MACD histogram positive (bullish momentum)"
    ],
    "target_price": 593.43,
    "support": 592.06,
    "resistance": 594.84
  },
  "simulation": {
    "statistics": {
      "mean": 593.4345438969701,
      "std": 1.969301399067104,
      "p05": 590.1754717950354,
      "p25": 592.0590718907727,
      "p50": 593.4736737062483,
      "p75": 594.8387837222359,
      "p95": 596.7093267099516,
      "min": 587.7327945334798,
      "max": 599.256995443731
    },
    "simulations": 1000,
    "volatility": 0.1406
  }
}