{
  "ticker": "SPY",
  "timestamp": "2026-03-04T23:55:03.883073",
  "current_price": 595.46,
  "forecast_minutes": 60,
  "technical_indicators": {
    "rsi": 60.92,
    "macd": {
      "line": 1.641,
      "signal": 1.4769,
      "histogram": 0.1641
    },
    "bollinger_bands": {
      "upper": 612.46,
      "middle": 598.64,
      "lower": 584.81
    }
  },
  "bsm_analysis": {
    "greeks": {
      "delta": 0.551,
      "gamma": 0.016664,
      "theta": -0.2022,
      "vega": 0.6755,
      "rho": 0.2608
    },
    "atm_call_price": 10.79,
    "atm_put_price": 8.22,
    "implied_move": 0.35
  },
  "prediction": {
    "signal": "NEUTRAL",
    "score": 1,
    "confidence": 25.0,
    "reasons": [
      "MACD histogram positive (bullish momentum)"
    ],
    "target_price": 595.59,
    "support": 594.18,
    "resistance": 596.95
  },
  "simulation": {
    "statistics": {
      "mean": 595.5906462304657,
      "std": 2.084057204357856,
      "p05": 592.234386703969,
      "p25": 594.180246690086,
      "p50": 595.5715053683546,
      "p75": 596.9525949719833,
      "p95": 599.1390392099726,
      "min": 588.702258942129,
      "max": 602.2142690907804
    },
    "simulations": 1000,
    "volatility": 0.1391
  }
}