{
  "ticker": "SPY",
  "timestamp": "2026-03-12T19:07:42.083477",
  "current_price": 593.52,
  "forecast_minutes": 60,
  "technical_indicators": {
    "rsi": 59.54,
    "macd": {
      "line": -2.0239,
      "signal": -1.8215,
      "histogram": -0.2024
    },
    "bollinger_bands": {
      "upper": 592.4,
      "middle": 572.91,
      "lower": 553.41
    }
  },
  "bsm_analysis": {
    "greeks": {
      "delta": 0.5388,
      "gamma": 0.009861,
      "theta": -0.31,
      "vega": 0.6756,
      "rho": 0.2486
    },
    "atm_call_price": 17.34,
    "atm_put_price": 14.78,
    "implied_move": 0.59
  },
  "prediction": {
    "signal": "NEUTRAL",
    "score": -1,
    "confidence": 25.0,
    "reasons": [
      "MACD histogram negative (bearish momentum)"
    ],
    "target_price": 593.69,
    "support": 591.28,
    "resistance": 596.21
  },
  "simulation": {
    "statistics": {
      "mean": 593.6907214942266,
      "std": 3.521125155425127,
      "p05": 588.0053570869164,
      "p25": 591.2801677332292,
      "p50": 593.5933266610978,
      "p75": 596.211920736319,
      "p95": 599.5731534936322,
      "min": 582.4546350366419,
      "max": 605.0604335423849
    },
    "simulations": 1000,
    "volatility": 0.2366
  }
}