{
  "ticker": "SPY",
  "timestamp": "2026-02-28T21:26:33.469518",
  "current_price": 596.84,
  "forecast_minutes": 60,
  "technical_indicators": {
    "rsi": 52.68,
    "macd": {
      "line": 2.3105,
      "signal": 2.0794,
      "histogram": 0.231
    },
    "bollinger_bands": {
      "upper": 602.47,
      "middle": 594.95,
      "lower": 587.43
    }
  },
  "bsm_analysis": {
    "greeks": {
      "delta": 0.5576,
      "gamma": 0.019606,
      "theta": -0.179,
      "vega": 0.6755,
      "rho": 0.2658
    },
    "atm_call_price": 9.37,
    "atm_put_price": 6.8,
    "implied_move": 0.3
  },
  "prediction": {
    "signal": "NEUTRAL",
    "score": 1,
    "confidence": 25.0,
    "reasons": [
      "MACD histogram positive (bullish momentum)"
    ],
    "target_price": 596.79,
    "support": 595.56,
    "resistance": 598.01
  },
  "simulation": {
    "statistics": {
      "mean": 596.7903128680131,
      "std": 1.780646154186662,
      "p05": 593.7332640552166,
      "p25": 595.5649600063846,
      "p50": 596.8533817682986,
      "p75": 598.0146110664913,
      "p95": 599.5169912943302,
      "min": 590.474741685377,
      "max": 601.5752032158279
    },
    "simulations": 1000,
    "volatility": 0.1177
  }
}