{
  "ticker": "SPY",
  "timestamp": "2026-04-04T07:58:13.201752",
  "current_price": 595.21,
  "forecast_minutes": 60,
  "technical_indicators": {
    "rsi": 35.78,
    "macd": {
      "line": 8.2167,
      "signal": 7.395,
      "histogram": 0.8217
    },
    "bollinger_bands": {
      "upper": 667.19,
      "middle": 631.84,
      "lower": 596.49
    }
  },
  "bsm_analysis": {
    "greeks": {
      "delta": 0.5373,
      "gamma": 0.006279,
      "theta": -0.4609,
      "vega": 0.6778,
      "rho": 0.2411
    },
    "atm_call_price": 26.47,
    "atm_put_price": 23.91,
    "implied_move": 0.9
  },
  "prediction": {
    "signal": "NEUTRAL",
    "score": 1,
    "confidence": 25.0,
    "reasons": [
      "MACD histogram positive (bullish momentum)"
    ],
    "target_price": 595.24,
    "support": 591.76,
    "resistance": 598.87
  },
  "simulation": {
    "statistics": {
      "mean": 595.2374406473843,
      "std": 5.339146819199694,
      "p05": 586.4743502157773,
      "p25": 591.7581077384472,
      "p50": 595.3225064729434,
      "p75": 598.8666763866798,
      "p95": 604.3129092881328,
      "min": 576.5250820132641,
      "max": 610.7279936491477
    },
    "simulations": 1000,
    "volatility": 0.3707
  }
}