{
  "ticker": "SPY",
  "timestamp": "2026-02-22T12:58:30.376738",
  "current_price": 596.15,
  "forecast_minutes": 60,
  "technical_indicators": {
    "rsi": 37.82,
    "macd": {
      "line": 1.8366,
      "signal": 1.6529,
      "histogram": 0.1837
    },
    "bollinger_bands": {
      "upper": 635.42,
      "middle": 619.04,
      "lower": 602.65
    }
  },
  "bsm_analysis": {
    "greeks": {
      "delta": 0.5414,
      "gamma": 0.011586,
      "theta": -0.2708,
      "vega": 0.6782,
      "rho": 0.253
    },
    "atm_call_price": 14.95,
    "atm_put_price": 12.39,
    "implied_move": 0.5
  },
  "prediction": {
    "signal": "NEUTRAL",
    "score": 1,
    "confidence": 25.0,
    "reasons": [
      "MACD histogram positive (bullish momentum)"
    ],
    "target_price": 596.09,
    "support": 593.93,
    "resistance": 598.15
  },
  "simulation": {
    "statistics": {
      "mean": 596.0923578166219,
      "std": 2.995001688219879,
      "p05": 591.4141691828812,
      "p25": 593.9339856662187,
      "p50": 596.0205823035919,
      "p75": 598.1470800499187,
      "p95": 601.0595992311728,
      "min": 586.4422590941086,
      "max": 606.0796147523089
    },
    "simulations": 1000,
    "volatility": 0.2004
  }
}