{
  "ticker": "SPY",
  "timestamp": "2026-03-10T11:45:32.768552",
  "current_price": 595.97,
  "forecast_minutes": 60,
  "technical_indicators": {
    "rsi": 28.47,
    "macd": {
      "line": -1.5708,
      "signal": -1.4137,
      "histogram": -0.1571
    },
    "bollinger_bands": {
      "upper": 624.2,
      "middle": 612.43,
      "lower": 600.65
    }
  },
  "bsm_analysis": {
    "greeks": {
      "delta": 0.5533,
      "gamma": 0.017743,
      "theta": -0.1928,
      "vega": 0.6755,
      "rho": 0.2627
    },
    "atm_call_price": 10.21,
    "atm_put_price": 7.65,
    "implied_move": 0.32
  },
  "prediction": {
    "signal": "NEUTRAL",
    "score": 1,
    "confidence": 25.0,
    "reasons": [
      "RSI indicates oversold conditions",
      "MACD histogram negative (bearish momentum)"
    ],
    "target_price": 595.96,
    "support": 594.59,
    "resistance": 597.19
  },
  "simulation": {
    "statistics": {
      "mean": 595.9573042545123,
      "std": 1.9174684239004771,
      "p05": 592.8815688552909,
      "p25": 594.592355118972,
      "p50": 595.9531908622712,
      "p75": 597.1874050147007,
      "p95": 599.2422186384068,
      "min": 589.5819761809933,
      "max": 602.5758610420694
    },
    "simulations": 1000,
    "volatility": 0.1304
  }
}