{
  "ticker": "SPY",
  "timestamp": "2026-03-01T16:27:19.471381",
  "current_price": 592.85,
  "forecast_minutes": 60,
  "technical_indicators": {
    "rsi": 74.91,
    "macd": {
      "line": 5.227,
      "signal": 4.7043,
      "histogram": 0.5227
    },
    "bollinger_bands": {
      "upper": 576.64,
      "middle": 557.46,
      "lower": 538.28
    }
  },
  "bsm_analysis": {
    "greeks": {
      "delta": 0.5383,
      "gamma": 0.009385,
      "theta": -0.3233,
      "vega": 0.6749,
      "rho": 0.2474
    },
    "atm_call_price": 18.15,
    "atm_put_price": 15.59,
    "implied_move": 0.64
  },
  "prediction": {
    "signal": "NEUTRAL",
    "score": -1,
    "confidence": 25.0,
    "reasons": [
      "RSI indicates overbought conditions",
      "MACD histogram positive (bullish momentum)"
    ],
    "target_price": 592.81,
    "support": 590.25,
    "resistance": 595.45
  },
  "simulation": {
    "statistics": {
      "mean": 592.8057442487911,
      "std": 3.7820403074419233,
      "p05": 586.4025507086665,
      "p25": 590.2475384442016,
      "p50": 592.754810711301,
      "p75": 595.4545208476912,
      "p95": 599.1295810266064,
      "min": 580.4957602178787,
      "max": 603.7759197528372
    },
    "simulations": 1000,
    "volatility": 0.2489
  }
}