{
  "ticker": "SPY",
  "timestamp": "2026-03-21T05:23:42.217444",
  "current_price": 592.8,
  "forecast_minutes": 60,
  "technical_indicators": {
    "rsi": 45.69,
    "macd": {
      "line": 4.9473,
      "signal": 4.4526,
      "histogram": 0.4947
    },
    "bollinger_bands": {
      "upper": 625.63,
      "middle": 606.47,
      "lower": 587.31
    }
  },
  "bsm_analysis": {
    "greeks": {
      "delta": 0.5376,
      "gamma": 0.008618,
      "theta": -0.3481,
      "vega": 0.675,
      "rho": 0.2458
    },
    "atm_call_price": 19.65,
    "atm_put_price": 17.09,
    "implied_move": 0.67
  },
  "prediction": {
    "signal": "NEUTRAL",
    "score": 1,
    "confidence": 25.0,
    "reasons": [
      "MACD histogram positive (bullish momentum)"
    ],
    "target_price": 592.79,
    "support": 590.17,
    "resistance": 595.46
  },
  "simulation": {
    "statistics": {
      "mean": 592.7884140979343,
      "std": 3.96166236499918,
      "p05": 586.4371895880438,
      "p25": 590.1673654742245,
      "p50": 592.809358259762,
      "p75": 595.4630897681684,
      "p95": 599.310781102369,
      "min": 577.1586557708139,
      "max": 606.3163762481628
    },
    "simulations": 1000,
    "volatility": 0.2712
  }
}