{
  "ticker": "SPY",
  "timestamp": "2026-03-26T19:11:12.851140",
  "current_price": 593.07,
  "forecast_minutes": 60,
  "technical_indicators": {
    "rsi": 63.13,
    "macd": {
      "line": -1.6394,
      "signal": -1.4754,
      "histogram": -0.1639
    },
    "bollinger_bands": {
      "upper": 583.98,
      "middle": 562.57,
      "lower": 541.16
    }
  },
  "bsm_analysis": {
    "greeks": {
      "delta": 0.5371,
      "gamma": 0.006766,
      "theta": -0.4309,
      "vega": 0.6754,
      "rho": 0.2415
    },
    "atm_call_price": 24.66,
    "atm_put_price": 22.11,
    "implied_move": 0.86
  },
  "prediction": {
    "signal": "NEUTRAL",
    "score": -1,
    "confidence": 25.0,
    "reasons": [
      "MACD histogram negative (bearish momentum)"
    ],
    "target_price": 593.01,
    "support": 589.65,
    "resistance": 596.26
  },
  "simulation": {
    "statistics": {
      "mean": 593.0127152647526,
      "std": 5.107377262760013,
      "p05": 584.4978043492235,
      "p25": 589.6493012354767,
      "p50": 592.9714678053481,
      "p75": 596.2593739968681,
      "p95": 601.8453968794934,
      "min": 574.6111419012664,
      "max": 609.1330486243746
    },
    "simulations": 1000,
    "volatility": 0.3453
  }
}