{
  "ticker": "SPY",
  "timestamp": "2026-03-12T07:24:35.712596",
  "current_price": 595.49,
  "forecast_minutes": 60,
  "technical_indicators": {
    "rsi": 49.41,
    "macd": {
      "line": -0.189,
      "signal": -0.1701,
      "histogram": -0.0189
    },
    "bollinger_bands": {
      "upper": 599.53,
      "middle": 589.99,
      "lower": 580.45
    }
  },
  "bsm_analysis": {
    "greeks": {
      "delta": 0.5582,
      "gamma": 0.019933,
      "theta": -0.1767,
      "vega": 0.6738,
      "rho": 0.2656
    },
    "atm_call_price": 9.23,
    "atm_put_price": 6.67,
    "implied_move": 0.28
  },
  "prediction": {
    "signal": "NEUTRAL",
    "score": -1,
    "confidence": 25.0,
    "reasons": [
      "MACD histogram negative (bearish momentum)"
    ],
    "target_price": 595.55,
    "support": 594.41,
    "resistance": 596.66
  },
  "simulation": {
    "statistics": {
      "mean": 595.5480368214187,
      "std": 1.6519167424020698,
      "p05": 592.769589547167,
      "p25": 594.4107995650968,
      "p50": 595.544798101087,
      "p75": 596.6580534378245,
      "p95": 598.3053768525853,
      "min": 590.7447238965246,
      "max": 601.2268183474703
    },
    "simulations": 1000,
    "volatility": 0.116
  }
}