{
  "ticker": "SPY",
  "timestamp": "2026-03-29T13:51:32.559641",
  "current_price": 593.12,
  "forecast_minutes": 60,
  "technical_indicators": {
    "rsi": 61.86,
    "macd": {
      "line": -1.9049,
      "signal": -1.7144,
      "histogram": -0.1905
    },
    "bollinger_bands": {
      "upper": 592.65,
      "middle": 571.0,
      "lower": 549.35
    }
  },
  "bsm_analysis": {
    "greeks": {
      "delta": 0.5406,
      "gamma": 0.011179,
      "theta": -0.2787,
      "vega": 0.6748,
      "rho": 0.2509
    },
    "atm_call_price": 15.44,
    "atm_put_price": 12.89,
    "implied_move": 0.49
  },
  "prediction": {
    "signal": "NEUTRAL",
    "score": -1,
    "confidence": 25.0,
    "reasons": [
      "MACD histogram negative (bearish momentum)"
    ],
    "target_price": 593.25,
    "support": 591.38,
    "resistance": 595.06
  },
  "simulation": {
    "statistics": {
      "mean": 593.2499181708214,
      "std": 2.877292531293338,
      "p05": 588.5583976238113,
      "p25": 591.3752791044066,
      "p50": 593.2361771325085,
      "p75": 595.0632008789895,
      "p95": 597.9109286313148,
      "min": 584.7171430201815,
      "max": 602.2479886640836
    },
    "simulations": 1000,
    "volatility": 0.2088
  }
}