{
  "ticker": "SPY",
  "timestamp": "2026-03-24T10:34:27.683698",
  "current_price": 597.15,
  "forecast_minutes": 60,
  "technical_indicators": {
    "rsi": 65.71,
    "macd": {
      "line": 7.3559,
      "signal": 6.6203,
      "histogram": 0.7356
    },
    "bollinger_bands": {
      "upper": 613.55,
      "middle": 587.71,
      "lower": 561.87
    }
  },
  "bsm_analysis": {
    "greeks": {
      "delta": 0.5469,
      "gamma": 0.014631,
      "theta": -0.224,
      "vega": 0.6783,
      "rho": 0.2585
    },
    "atm_call_price": 12.11,
    "atm_put_price": 9.54,
    "implied_move": 0.39
  },
  "prediction": {
    "signal": "NEUTRAL",
    "score": 1,
    "confidence": 25.0,
    "reasons": [
      "MACD histogram positive (bullish momentum)"
    ],
    "target_price": 597.23,
    "support": 595.61,
    "resistance": 598.77
  },
  "simulation": {
    "statistics": {
      "mean": 597.2277893211057,
      "std": 2.3444580805152415,
      "p05": 593.3553431674612,
      "p25": 595.6107959205352,
      "p50": 597.2255787588858,
      "p75": 598.7726676078235,
      "p95": 601.1202839924115,
      "min": 589.4311813828785,
      "max": 604.902294160021
    },
    "simulations": 1000,
    "volatility": 0.1582
  }
}