{
  "ticker": "SPY",
  "timestamp": "2026-02-25T14:36:18.413885",
  "current_price": 594.47,
  "forecast_minutes": 60,
  "technical_indicators": {
    "rsi": 79.63,
    "macd": {
      "line": 4.7199,
      "signal": 4.2479,
      "histogram": 0.472
    },
    "bollinger_bands": {
      "upper": 591.21,
      "middle": 569.94,
      "lower": 548.66
    }
  },
  "bsm_analysis": {
    "greeks": {
      "delta": 0.5462,
      "gamma": 0.014338,
      "theta": -0.2275,
      "vega": 0.6753,
      "rho": 0.2567
    },
    "atm_call_price": 12.33,
    "atm_put_price": 9.77,
    "implied_move": 0.41
  },
  "prediction": {
    "signal": "NEUTRAL",
    "score": -1,
    "confidence": 25.0,
    "reasons": [
      "RSI indicates overbought conditions",
      "MACD histogram positive (bullish momentum)"
    ],
    "target_price": 594.5,
    "support": 592.96,
    "resistance": 596.11
  },
  "simulation": {
    "statistics": {
      "mean": 594.5025116076641,
      "std": 2.4471108532505887,
      "p05": 590.3468363874966,
      "p25": 592.9635418908766,
      "p50": 594.5842985441927,
      "p75": 596.1063307846001,
      "p95": 598.5497231830985,
      "min": 585.5655623415043,
      "max": 602.4167849476066
    },
    "simulations": 1000,
    "volatility": 0.1622
  }
}