{
  "ticker": "SPY",
  "timestamp": "2026-03-15T22:10:32.127778",
  "current_price": 592.86,
  "forecast_minutes": 60,
  "technical_indicators": {
    "rsi": 41.33,
    "macd": {
      "line": -0.8429,
      "signal": -0.7586,
      "histogram": -0.0843
    },
    "bollinger_bands": {
      "upper": 615.48,
      "middle": 602.88,
      "lower": 590.28
    }
  },
  "bsm_analysis": {
    "greeks": {
      "delta": 0.5533,
      "gamma": 0.017796,
      "theta": -0.1921,
      "vega": 0.672,
      "rho": 0.2612
    },
    "atm_call_price": 10.18,
    "atm_put_price": 7.63,
    "implied_move": 0.32
  },
  "prediction": {
    "signal": "NEUTRAL",
    "score": -1,
    "confidence": 25.0,
    "reasons": [
      "MACD histogram negative (bearish momentum)"
    ],
    "target_price": 592.77,
    "support": 591.45,
    "resistance": 594.0
  },
  "simulation": {
    "statistics": {
      "mean": 592.7741881862955,
      "std": 1.8776523592531127,
      "p05": 589.8672783849933,
      "p25": 591.4490989597014,
      "p50": 592.7144830144055,
      "p75": 593.9997782000928,
      "p95": 595.9425785378628,
      "min": 586.2539367948932,
      "max": 599.1136357459901
    },
    "simulations": 1000,
    "volatility": 0.1307
  }
}