{
  "ticker": "SPY",
  "timestamp": "2026-02-23T11:28:25.369030",
  "current_price": 593.62,
  "forecast_minutes": 60,
  "technical_indicators": {
    "rsi": 53.64,
    "macd": {
      "line": 7.241,
      "signal": 6.5169,
      "histogram": 0.7241
    },
    "bollinger_bands": {
      "upper": 620.7,
      "middle": 594.51,
      "lower": 568.32
    }
  },
  "bsm_analysis": {
    "greeks": {
      "delta": 0.5454,
      "gamma": 0.013926,
      "theta": -0.2328,
      "vega": 0.6745,
      "rho": 0.2557
    },
    "atm_call_price": 12.65,
    "atm_put_price": 10.1,
    "implied_move": 0.42
  },
  "prediction": {
    "signal": "NEUTRAL",
    "score": 1,
    "confidence": 25.0,
    "reasons": [
      "MACD histogram positive (bullish momentum)"
    ],
    "target_price": 593.76,
    "support": 592.13,
    "resistance": 595.49
  },
  "simulation": {
    "statistics": {
      "mean": 593.7644428851953,
      "std": 2.4740529658273984,
      "p05": 589.7761539888211,
      "p25": 592.1284803872235,
      "p50": 593.7135625995979,
      "p75": 595.4859781422297,
      "p95": 597.8712233132317,
      "min": 585.6443895034524,
      "max": 601.975516316281
    },
    "simulations": 1000,
    "volatility": 0.1672
  }
}