{
  "ticker": "SPY",
  "timestamp": "2026-03-22T03:20:46.229995",
  "current_price": 595.17,
  "forecast_minutes": 60,
  "technical_indicators": {
    "rsi": 48.62,
    "macd": {
      "line": 1.4898,
      "signal": 1.3408,
      "histogram": 0.149
    },
    "bollinger_bands": {
      "upper": 610.28,
      "middle": 595.49,
      "lower": 580.71
    }
  },
  "bsm_analysis": {
    "greeks": {
      "delta": 0.5407,
      "gamma": 0.011161,
      "theta": -0.2793,
      "vega": 0.6772,
      "rho": 0.2518
    },
    "atm_call_price": 15.47,
    "atm_put_price": 12.91,
    "implied_move": 0.52
  },
  "prediction": {
    "signal": "NEUTRAL",
    "score": 1,
    "confidence": 25.0,
    "reasons": [
      "MACD histogram positive (bullish momentum)"
    ],
    "target_price": 595.16,
    "support": 593.14,
    "resistance": 597.11
  },
  "simulation": {
    "statistics": {
      "mean": 595.1627890370044,
      "std": 3.0654420857085922,
      "p05": 590.3251050686364,
      "p25": 593.1440719374142,
      "p50": 595.2265831498762,
      "p75": 597.1135603314256,
      "p95": 600.3992559586147,
      "min": 586.1306242002671,
      "max": 604.6513189748472
    },
    "simulations": 1000,
    "volatility": 0.2084
  }
}