{
  "ticker": "SPY",
  "timestamp": "2026-03-01T17:11:37.932264",
  "current_price": 592.38,
  "forecast_minutes": 60,
  "technical_indicators": {
    "rsi": 43.98,
    "macd": {
      "line": -3.2093,
      "signal": -2.8884,
      "histogram": -0.3209
    },
    "bollinger_bands": {
      "upper": 608.56,
      "middle": 591.52,
      "lower": 574.47
    }
  },
  "bsm_analysis": {
    "greeks": {
      "delta": 0.543,
      "gamma": 0.012659,
      "theta": -0.2514,
      "vega": 0.6736,
      "rho": 0.2531
    },
    "atm_call_price": 13.79,
    "atm_put_price": 11.24,
    "implied_move": 0.44
  },
  "prediction": {
    "signal": "NEUTRAL",
    "score": -1,
    "confidence": 25.0,
    "reasons": [
      "MACD histogram negative (bearish momentum)"
    ],
    "target_price": 592.37,
    "support": 590.57,
    "resistance": 594.22
  },
  "simulation": {
    "statistics": {
      "mean": 592.3684521814296,
      "std": 2.6186301899798416,
      "p05": 588.3485247740064,
      "p25": 590.5734299849332,
      "p50": 592.2875191654457,
      "p75": 594.2158521536439,
      "p95": 596.7300376745849,
      "min": 584.4393039971949,
      "max": 599.4194136377904
    },
    "simulations": 1000,
    "volatility": 0.1845
  }
}