{
  "ticker": "SPY",
  "timestamp": "2026-03-20T01:39:27.410804",
  "current_price": 597.39,
  "forecast_minutes": 60,
  "technical_indicators": {
    "rsi": 61.6,
    "macd": {
      "line": 3.0235,
      "signal": 2.7212,
      "histogram": 0.3024
    },
    "bollinger_bands": {
      "upper": 601.94,
      "middle": 592.05,
      "lower": 582.17
    }
  },
  "bsm_analysis": {
    "greeks": {
      "delta": 0.5638,
      "gamma": 0.022294,
      "theta": -0.1632,
      "vega": 0.6745,
      "rho": 0.27
    },
    "atm_call_price": 8.39,
    "atm_put_price": 5.82,
    "implied_move": 0.25
  },
  "prediction": {
    "signal": "NEUTRAL",
    "score": 1,
    "confidence": 25.0,
    "reasons": [
      "MACD histogram positive (bullish momentum)"
    ],
    "target_price": 597.5,
    "support": 596.46,
    "resistance": 598.5
  },
  "simulation": {
    "statistics": {
      "mean": 597.5035544788034,
      "std": 1.4854108557625347,
      "p05": 595.0423457363199,
      "p25": 596.459156738464,
      "p50": 597.5711698861146,
      "p75": 598.4993222092393,
      "p95": 599.9080867005283,
      "min": 593.350415661587,
      "max": 601.9153007682793
    },
    "simulations": 1000,
    "volatility": 0.1031
  }
}