{
  "ticker": "SPY",
  "timestamp": "2026-02-25T20:18:52.288544",
  "current_price": 595.32,
  "forecast_minutes": 60,
  "technical_indicators": {
    "rsi": 61.37,
    "macd": {
      "line": 1.4624,
      "signal": 1.3161,
      "histogram": 0.1462
    },
    "bollinger_bands": {
      "upper": 602.88,
      "middle": 591.72,
      "lower": 580.55
    }
  },
  "bsm_analysis": {
    "greeks": {
      "delta": 0.5474,
      "gamma": 0.014929,
      "theta": -0.2203,
      "vega": 0.6761,
      "rho": 0.2581
    },
    "atm_call_price": 11.89,
    "atm_put_price": 9.33,
    "implied_move": 0.39
  },
  "prediction": {
    "signal": "NEUTRAL",
    "score": 1,
    "confidence": 25.0,
    "reasons": [
      "MACD histogram positive (bullish momentum)"
    ],
    "target_price": 595.33,
    "support": 593.79,
    "resistance": 596.91
  },
  "simulation": {
    "statistics": {
      "mean": 595.3315783312414,
      "std": 2.291973239433511,
      "p05": 591.458513150085,
      "p25": 593.7898580037636,
      "p50": 595.3580759841561,
      "p75": 596.9068166842499,
      "p95": 598.9569141785121,
      "min": 587.9719667497626,
      "max": 603.3007009638429
    },
    "simulations": 1000,
    "volatility": 0.1555
  }
}