{
  "ticker": "SPY",
  "timestamp": "2026-04-03T20:41:48.401252",
  "current_price": 592.42,
  "forecast_minutes": 60,
  "technical_indicators": {
    "rsi": 32.3,
    "macd": {
      "line": -3.8694,
      "signal": -3.4824,
      "histogram": -0.3869
    },
    "bollinger_bands": {
      "upper": 625.9,
      "middle": 609.11,
      "lower": 592.31
    }
  },
  "bsm_analysis": {
    "greeks": {
      "delta": 0.5534,
      "gamma": 0.017885,
      "theta": -0.1914,
      "vega": 0.6715,
      "rho": 0.2611
    },
    "atm_call_price": 10.13,
    "atm_put_price": 7.58,
    "implied_move": 0.32
  },
  "prediction": {
    "signal": "NEUTRAL",
    "score": -1,
    "confidence": 25.0,
    "reasons": [
      "MACD histogram negative (bearish momentum)"
    ],
    "target_price": 592.51,
    "support": 591.27,
    "resistance": 593.81
  },
  "simulation": {
    "statistics": {
      "mean": 592.5144819808784,
      "std": 1.889180749177313,
      "p05": 589.2962622319644,
      "p25": 591.273046825976,
      "p50": 592.5319009082594,
      "p75": 593.814065680961,
      "p95": 595.5079277299626,
      "min": 585.7106183954274,
      "max": 598.1406261950399
    },
    "simulations": 1000,
    "volatility": 0.1302
  }
}