{
  "ticker": "SPY",
  "timestamp": "2026-02-14T15:59:36.661109",
  "current_price": 594.22,
  "forecast_minutes": 60,
  "technical_indicators": {
    "rsi": 55.2,
    "macd": {
      "line": 3.2082,
      "signal": 2.8874,
      "histogram": 0.3208
    },
    "bollinger_bands": {
      "upper": 613.1,
      "middle": 594.2,
      "lower": 575.31
    }
  },
  "bsm_analysis": {
    "greeks": {
      "delta": 0.5413,
      "gamma": 0.011571,
      "theta": -0.2709,
      "vega": 0.676,
      "rho": 0.2521
    },
    "atm_call_price": 14.97,
    "atm_put_price": 12.41,
    "implied_move": 0.5
  },
  "prediction": {
    "signal": "NEUTRAL",
    "score": 1,
    "confidence": 25.0,
    "reasons": [
      "MACD histogram positive (bullish momentum)"
    ],
    "target_price": 594.17,
    "support": 592.02,
    "resistance": 596.15
  },
  "simulation": {
    "statistics": {
      "mean": 594.1716998247603,
      "std": 2.9671520153588484,
      "p05": 589.4331125647001,
      "p25": 592.0213037283654,
      "p50": 594.2296807462703,
      "p75": 596.1499536336776,
      "p95": 599.1327680840103,
      "min": 585.0995046755583,
      "max": 603.7201367776196
    },
    "simulations": 1000,
    "volatility": 0.2013
  }
}