{
  "ticker": "SPY",
  "timestamp": "2026-03-08T13:31:22.926115",
  "current_price": 597.58,
  "forecast_minutes": 60,
  "technical_indicators": {
    "rsi": 33.44,
    "macd": {
      "line": -1.118,
      "signal": -1.0062,
      "histogram": -0.1118
    },
    "bollinger_bands": {
      "upper": 618.21,
      "middle": 603.08,
      "lower": 587.96
    }
  },
  "bsm_analysis": {
    "greeks": {
      "delta": 0.5447,
      "gamma": 0.013497,
      "theta": -0.239,
      "vega": 0.6792,
      "rho": 0.2568
    },
    "atm_call_price": 13.02,
    "atm_put_price": 10.45,
    "implied_move": 0.43
  },
  "prediction": {
    "signal": "NEUTRAL",
    "score": -1,
    "confidence": 25.0,
    "reasons": [
      "MACD histogram negative (bearish momentum)"
    ],
    "target_price": 597.66,
    "support": 595.97,
    "resistance": 599.4
  },
  "simulation": {
    "statistics": {
      "mean": 597.6577261299186,
      "std": 2.5465520049165797,
      "p05": 593.5157829836387,
      "p25": 595.9716342771222,
      "p50": 597.6420328682283,
      "p75": 599.3985095978969,
      "p95": 601.7412081834665,
      "min": 589.1585775259009,
      "max": 606.644039081107
    },
    "simulations": 1000,
    "volatility": 0.1714
  }
}