{
  "ticker": "SPY",
  "timestamp": "2026-02-21T19:28:10.156881",
  "current_price": 593.44,
  "forecast_minutes": 60,
  "technical_indicators": {
    "rsi": 36.08,
    "macd": {
      "line": 5.0703,
      "signal": 4.5632,
      "histogram": 0.507
    },
    "bollinger_bands": {
      "upper": 660.55,
      "middle": 630.34,
      "lower": 600.12
    }
  },
  "bsm_analysis": {
    "greeks": {
      "delta": 0.5376,
      "gamma": 0.006052,
      "theta": -0.4764,
      "vega": 0.6757,
      "rho": 0.2397
    },
    "atm_call_price": 27.41,
    "atm_put_price": 24.85,
    "implied_move": 0.92
  },
  "prediction": {
    "signal": "NEUTRAL",
    "score": 1,
    "confidence": 25.0,
    "reasons": [
      "MACD histogram positive (bullish momentum)"
    ],
    "target_price": 593.63,
    "support": 589.92,
    "resistance": 597.28
  },
  "simulation": {
    "statistics": {
      "mean": 593.6308741869343,
      "std": 5.486609642792489,
      "p05": 584.3977988572202,
      "p25": 589.9150155878133,
      "p50": 593.8431698889001,
      "p75": 597.2795864763003,
      "p95": 603.0279337158647,
      "min": 575.9663999935426,
      "max": 608.7846790732565
    },
    "simulations": 1000,
    "volatility": 0.3857
  }
}