{
  "ticker": "SPY",
  "timestamp": "2026-04-10T04:18:37.430839",
  "current_price": 594.56,
  "forecast_minutes": 60,
  "technical_indicators": {
    "rsi": 45.47,
    "macd": {
      "line": 1.3007,
      "signal": 1.1706,
      "histogram": 0.1301
    },
    "bollinger_bands": {
      "upper": 609.59,
      "middle": 593.7,
      "lower": 577.81
    }
  },
  "bsm_analysis": {
    "greeks": {
      "delta": 0.5447,
      "gamma": 0.013523,
      "theta": -0.2384,
      "vega": 0.6757,
      "rho": 0.2555
    },
    "atm_call_price": 12.99,
    "atm_put_price": 10.43,
    "implied_move": 0.44
  },
  "prediction": {
    "signal": "NEUTRAL",
    "score": 1,
    "confidence": 25.0,
    "reasons": [
      "MACD histogram positive (bullish momentum)"
    ],
    "target_price": 594.55,
    "support": 592.75,
    "resistance": 596.24
  },
  "simulation": {
    "statistics": {
      "mean": 594.5531486324926,
      "std": 2.611725969447235,
      "p05": 590.5354738354038,
      "p25": 592.7521623587661,
      "p50": 594.4975141556329,
      "p75": 596.2446633195408,
      "p95": 598.8748141393862,
      "min": 585.4760335165187,
      "max": 603.2382492725168
    },
    "simulations": 1000,
    "volatility": 0.172
  }
}