{
  "ticker": "SPY",
  "timestamp": "2026-02-21T10:56:01.147941",
  "current_price": 597.4,
  "forecast_minutes": 60,
  "technical_indicators": {
    "rsi": 57.39,
    "macd": {
      "line": 4.1978,
      "signal": 3.778,
      "histogram": 0.4198
    },
    "bollinger_bands": {
      "upper": 598.05,
      "middle": 588.79,
      "lower": 579.53
    }
  },
  "bsm_analysis": {
    "greeks": {
      "delta": 0.5641,
      "gamma": 0.022412,
      "theta": -0.1626,
      "vega": 0.6744,
      "rho": 0.2701
    },
    "atm_call_price": 8.36,
    "atm_put_price": 5.78,
    "implied_move": 0.25
  },
  "prediction": {
    "signal": "NEUTRAL",
    "score": 1,
    "confidence": 25.0,
    "reasons": [
      "MACD histogram positive (bullish momentum)"
    ],
    "target_price": 597.33,
    "support": 596.26,
    "resistance": 598.39
  },
  "simulation": {
    "statistics": {
      "mean": 597.3261907698326,
      "std": 1.521081007583435,
      "p05": 594.913194635428,
      "p25": 596.2613438961159,
      "p50": 597.2978654475565,
      "p75": 598.3877228693669,
      "p95": 599.8331751113394,
      "min": 592.3547835807958,
      "max": 602.2000419780745
    },
    "simulations": 1000,
    "volatility": 0.1026
  }
}