{
  "ticker": "SPY",
  "timestamp": "2026-03-26T19:59:45.769983",
  "current_price": 592.83,
  "forecast_minutes": 60,
  "technical_indicators": {
    "rsi": 41.33,
    "macd": {
      "line": 0.4898,
      "signal": 0.4408,
      "histogram": 0.049
    },
    "bollinger_bands": {
      "upper": 610.9,
      "middle": 601.65,
      "lower": 592.4
    }
  },
  "bsm_analysis": {
    "greeks": {
      "delta": 0.545,
      "gamma": 0.013756,
      "theta": -0.235,
      "vega": 0.6737,
      "rho": 0.255
    },
    "atm_call_price": 12.79,
    "atm_put_price": 10.24,
    "implied_move": 0.4
  },
  "prediction": {
    "signal": "NEUTRAL",
    "score": 1,
    "confidence": 25.0,
    "reasons": [
      "MACD histogram positive (bullish momentum)"
    ],
    "target_price": 592.8,
    "support": 591.16,
    "resistance": 594.24
  },
  "simulation": {
    "statistics": {
      "mean": 592.7990649483088,
      "std": 2.3880567714716174,
      "p05": 588.9775583206039,
      "p25": 591.1554908722146,
      "p50": 592.8963909646335,
      "p75": 594.2413116325013,
      "p95": 596.6651858920889,
      "min": 584.7552222450771,
      "max": 600.9674766214426
    },
    "simulations": 1000,
    "volatility": 0.1696
  }
}