{
  "ticker": "SPY",
  "timestamp": "2026-03-24T05:34:17.516830",
  "current_price": 597.01,
  "forecast_minutes": 60,
  "technical_indicators": {
    "rsi": 48.1,
    "macd": {
      "line": -5.2112,
      "signal": -4.6901,
      "histogram": -0.5211
    },
    "bollinger_bands": {
      "upper": 614.89,
      "middle": 591.02,
      "lower": 567.15
    }
  },
  "bsm_analysis": {
    "greeks": {
      "delta": 0.5445,
      "gamma": 0.013375,
      "theta": -0.2407,
      "vega": 0.6786,
      "rho": 0.2564
    },
    "atm_call_price": 13.13,
    "atm_put_price": 10.56,
    "implied_move": 0.43
  },
  "prediction": {
    "signal": "NEUTRAL",
    "score": -1,
    "confidence": 25.0,
    "reasons": [
      "MACD histogram negative (bearish momentum)"
    ],
    "target_price": 597.06,
    "support": 595.43,
    "resistance": 598.73
  },
  "simulation": {
    "statistics": {
      "mean": 597.0554175770689,
      "std": 2.562294120757686,
      "p05": 592.809546375478,
      "p25": 595.425473266343,
      "p50": 597.0944346132617,
      "p75": 598.7260207745827,
      "p95": 601.2662435496687,
      "min": 588.384663940639,
      "max": 605.1443791674754
    },
    "simulations": 1000,
    "volatility": 0.1732
  }
}