{
  "ticker": "SPY",
  "timestamp": "2026-04-12T21:19:14.232595",
  "current_price": 595.17,
  "forecast_minutes": 60,
  "technical_indicators": {
    "rsi": 39.39,
    "macd": {
      "line": 1.1964,
      "signal": 1.0768,
      "histogram": 0.1196
    },
    "bollinger_bands": {
      "upper": 635.16,
      "middle": 615.43,
      "lower": 595.71
    }
  },
  "bsm_analysis": {
    "greeks": {
      "delta": 0.537,
      "gamma": 0.007169,
      "theta": -0.4095,
      "vega": 0.6778,
      "rho": 0.2435
    },
    "atm_call_price": 23.36,
    "atm_put_price": 20.79,
    "implied_move": 0.83
  },
  "prediction": {
    "signal": "NEUTRAL",
    "score": 1,
    "confidence": 25.0,
    "reasons": [
      "MACD histogram positive (bullish momentum)"
    ],
    "target_price": 595.02,
    "support": 591.71,
    "resistance": 598.35
  },
  "simulation": {
    "statistics": {
      "mean": 595.0211781652813,
      "std": 4.938175584908357,
      "p05": 586.7954795958641,
      "p25": 591.7145903105901,
      "p50": 595.1604326741619,
      "p75": 598.3473438336872,
      "p95": 602.9004520849187,
      "min": 578.6340310191005,
      "max": 612.9256776754178
    },
    "simulations": 1000,
    "volatility": 0.3247
  }
}