{
  "ticker": "SPY",
  "timestamp": "2026-03-07T06:48:30.967331",
  "current_price": 596.01,
  "forecast_minutes": 60,
  "technical_indicators": {
    "rsi": 56.24,
    "macd": {
      "line": -0.993,
      "signal": -0.8937,
      "histogram": -0.0993
    },
    "bollinger_bands": {
      "upper": 592.22,
      "middle": 576.85,
      "lower": 561.47
    }
  },
  "bsm_analysis": {
    "greeks": {
      "delta": 0.5387,
      "gamma": 0.009692,
      "theta": -0.3148,
      "vega": 0.6785,
      "rho": 0.2494
    },
    "atm_call_price": 17.62,
    "atm_put_price": 15.05,
    "implied_move": 0.59
  },
  "prediction": {
    "signal": "NEUTRAL",
    "score": -1,
    "confidence": 25.0,
    "reasons": [
      "MACD histogram negative (bearish momentum)"
    ],
    "target_price": 595.98,
    "support": 593.59,
    "resistance": 598.36
  },
  "simulation": {
    "statistics": {
      "mean": 595.9777401012074,
      "std": 3.491386351283115,
      "p05": 590.2298338945575,
      "p25": 593.5941633433553,
      "p50": 595.9948523836918,
      "p75": 598.359795940887,
      "p95": 601.9282261424239,
      "min": 585.2326561187057,
      "max": 607.213842173171
    },
    "simulations": 1000,
    "volatility": 0.2398
  }
}