{
  "ticker": "SPY",
  "timestamp": "2026-03-17T00:37:05.706079",
  "current_price": 593.42,
  "forecast_minutes": 60,
  "technical_indicators": {
    "rsi": 82.37,
    "macd": {
      "line": 5.1744,
      "signal": 4.657,
      "histogram": 0.5174
    },
    "bollinger_bands": {
      "upper": 586.01,
      "middle": 568.41,
      "lower": 550.82
    }
  },
  "bsm_analysis": {
    "greeks": {
      "delta": 0.5439,
      "gamma": 0.013123,
      "theta": -0.2442,
      "vega": 0.6746,
      "rho": 0.2543
    },
    "atm_call_price": 13.35,
    "atm_put_price": 10.79,
    "implied_move": 0.45
  },
  "prediction": {
    "signal": "NEUTRAL",
    "score": -1,
    "confidence": 25.0,
    "reasons": [
      "RSI indicates overbought conditions",
      "MACD histogram positive (bullish momentum)"
    ],
    "target_price": 593.44,
    "support": 591.61,
    "resistance": 595.18
  },
  "simulation": {
    "statistics": {
      "mean": 593.4399068917327,
      "std": 2.6440979967628353,
      "p05": 589.0975892589877,
      "p25": 591.6094423436821,
      "p50": 593.4705120042015,
      "p75": 595.183925642877,
      "p95": 597.6599030654633,
      "min": 584.8330011322504,
      "max": 602.4101838296434
    },
    "simulations": 1000,
    "volatility": 0.1776
  }
}