{
  "ticker": "SPY",
  "timestamp": "2026-03-21T09:55:43.810621",
  "current_price": 592.76,
  "forecast_minutes": 60,
  "technical_indicators": {
    "rsi": 55.69,
    "macd": {
      "line": 2.4556,
      "signal": 2.21,
      "histogram": 0.2456
    },
    "bollinger_bands": {
      "upper": 598.43,
      "middle": 582.5,
      "lower": 566.57
    }
  },
  "bsm_analysis": {
    "greeks": {
      "delta": 0.5455,
      "gamma": 0.014035,
      "theta": -0.2312,
      "vega": 0.6735,
      "rho": 0.2555
    },
    "atm_call_price": 12.56,
    "atm_put_price": 10.01,
    "implied_move": 0.41
  },
  "prediction": {
    "signal": "NEUTRAL",
    "score": 1,
    "confidence": 25.0,
    "reasons": [
      "MACD histogram positive (bullish momentum)"
    ],
    "target_price": 592.7,
    "support": 590.98,
    "resistance": 594.27
  },
  "simulation": {
    "statistics": {
      "mean": 592.6972040841302,
      "std": 2.4382557697156635,
      "p05": 588.7239732522377,
      "p25": 590.9808377261892,
      "p50": 592.6423760005953,
      "p75": 594.2653917980922,
      "p95": 596.9028262741706,
      "min": 585.2963337905946,
      "max": 601.1179290010957
    },
    "simulations": 1000,
    "volatility": 0.1662
  }
}