{
  "ticker": "SPY",
  "timestamp": "2026-02-12T20:40:25.302006",
  "current_price": 596.65,
  "forecast_minutes": 60,
  "technical_indicators": {
    "rsi": 64.82,
    "macd": {
      "line": -6.1806,
      "signal": -5.5626,
      "histogram": -0.6181
    },
    "bollinger_bands": {
      "upper": 594.21,
      "middle": 555.41,
      "lower": 516.6
    }
  },
  "bsm_analysis": {
    "greeks": {
      "delta": 0.5385,
      "gamma": 0.005402,
      "theta": -0.5283,
      "vega": 0.6792,
      "rho": 0.239
    },
    "atm_call_price": 30.55,
    "atm_put_price": 27.98,
    "implied_move": 1.09
  },
  "prediction": {
    "signal": "NEUTRAL",
    "score": -1,
    "confidence": 25.0,
    "reasons": [
      "MACD histogram negative (bearish momentum)"
    ],
    "target_price": 596.66,
    "support": 592.45,
    "resistance": 600.83
  },
  "simulation": {
    "statistics": {
      "mean": 596.6552212849004,
      "std": 6.5005090267402,
      "p05": 586.3691781363267,
      "p25": 592.4491502747389,
      "p50": 596.4846782190848,
      "p75": 600.8292900176144,
      "p95": 607.9382545066218,
      "min": 576.1858853001936,
      "max": 617.0760378754827
    },
    "simulations": 1000,
    "volatility": 0.4297
  }
}