{
  "ticker": "SPY",
  "timestamp": "2026-02-24T15:40:51.181961",
  "current_price": 597.54,
  "forecast_minutes": 60,
  "technical_indicators": {
    "rsi": 73.35,
    "macd": {
      "line": 1.6075,
      "signal": 1.4468,
      "histogram": 0.1608
    },
    "bollinger_bands": {
      "upper": 583.58,
      "middle": 567.38,
      "lower": 551.18
    }
  },
  "bsm_analysis": {
    "greeks": {
      "delta": 0.5401,
      "gamma": 0.01073,
      "theta": -0.2888,
      "vega": 0.68,
      "rho": 0.2521
    },
    "atm_call_price": 16.05,
    "atm_put_price": 13.47,
    "implied_move": 0.53
  },
  "prediction": {
    "signal": "NEUTRAL",
    "score": -1,
    "confidence": 25.0,
    "reasons": [
      "RSI indicates overbought conditions",
      "MACD histogram positive (bullish momentum)"
    ],
    "target_price": 597.46,
    "support": 595.38,
    "resistance": 599.52
  },
  "simulation": {
    "statistics": {
      "mean": 597.464185815572,
      "std": 3.1864105867650308,
      "p05": 592.2790560850725,
      "p25": 595.3815373004056,
      "p50": 597.5305750891189,
      "p75": 599.523765166734,
      "p95": 602.833056447107,
      "min": 585.3812540528753,
      "max": 607.8568015428734
    },
    "simulations": 1000,
    "volatility": 0.2159
  }
}