{
  "ticker": "SPY",
  "timestamp": "2026-03-03T23:09:51.448646",
  "current_price": 592.93,
  "forecast_minutes": 60,
  "technical_indicators": {
    "rsi": 81.32,
    "macd": {
      "line": 8.2674,
      "signal": 7.4407,
      "histogram": 0.8267
    },
    "bollinger_bands": {
      "upper": 586.23,
      "middle": 563.89,
      "lower": 541.55
    }
  },
  "bsm_analysis": {
    "greeks": {
      "delta": 0.5415,
      "gamma": 0.011764,
      "theta": -0.2671,
      "vega": 0.6745,
      "rho": 0.2518
    },
    "atm_call_price": 14.74,
    "atm_put_price": 12.19,
    "implied_move": 0.51
  },
  "prediction": {
    "signal": "NEUTRAL",
    "score": -1,
    "confidence": 25.0,
    "reasons": [
      "RSI indicates overbought conditions",
      "MACD histogram positive (bullish momentum)"
    ],
    "target_price": 593.01,
    "support": 590.88,
    "resistance": 595.0
  },
  "simulation": {
    "statistics": {
      "mean": 593.0080324781383,
      "std": 3.0354892751251747,
      "p05": 587.9265114649111,
      "p25": 590.8790053233705,
      "p50": 593.0646641366279,
      "p75": 595.0032840714148,
      "p95": 598.0695969318331,
      "min": 583.2602945533536,
      "max": 602.2684181198799
    },
    "simulations": 1000,
    "volatility": 0.1984
  }
}