{
  "ticker": "SPY",
  "timestamp": "2026-03-05T10:19:43.904627",
  "current_price": 596.99,
  "forecast_minutes": 60,
  "technical_indicators": {
    "rsi": 37.13,
    "macd": {
      "line": 4.7514,
      "signal": 4.2762,
      "histogram": 0.4751
    },
    "bollinger_bands": {
      "upper": 653.7,
      "middle": 622.47,
      "lower": 591.24
    }
  },
  "bsm_analysis": {
    "greeks": {
      "delta": 0.5377,
      "gamma": 0.008663,
      "theta": -0.3468,
      "vega": 0.6797,
      "rho": 0.2477
    },
    "atm_call_price": 19.56,
    "atm_put_price": 16.99,
    "implied_move": 0.67
  },
  "prediction": {
    "signal": "NEUTRAL",
    "score": 1,
    "confidence": 25.0,
    "reasons": [
      "MACD histogram positive (bullish momentum)"
    ],
    "target_price": 597.01,
    "support": 594.24,
    "resistance": 599.67
  },
  "simulation": {
    "statistics": {
      "mean": 597.0057990075267,
      "std": 4.017099106327961,
      "p05": 590.4461241851627,
      "p25": 594.2407440505029,
      "p50": 597.0836781806529,
      "p75": 599.6716169430844,
      "p95": 603.5166077488874,
      "min": 583.200929706371,
      "max": 608.1970735345213
    },
    "simulations": 1000,
    "volatility": 0.2679
  }
}