{
  "ticker": "SPY",
  "timestamp": "2026-03-04T05:34:06.309054",
  "current_price": 597.25,
  "forecast_minutes": 60,
  "technical_indicators": {
    "rsi": 47.55,
    "macd": {
      "line": 0.2777,
      "signal": 0.25,
      "histogram": 0.0278
    },
    "bollinger_bands": {
      "upper": 614.33,
      "middle": 595.07,
      "lower": 575.81
    }
  },
  "bsm_analysis": {
    "greeks": {
      "delta": 0.5464,
      "gamma": 0.014362,
      "theta": -0.2274,
      "vega": 0.6785,
      "rho": 0.2581
    },
    "atm_call_price": 12.32,
    "atm_put_price": 9.74,
    "implied_move": 0.39
  },
  "prediction": {
    "signal": "NEUTRAL",
    "score": 1,
    "confidence": 25.0,
    "reasons": [
      "MACD histogram positive (bullish momentum)"
    ],
    "target_price": 597.33,
    "support": 595.83,
    "resistance": 598.81
  },
  "simulation": {
    "statistics": {
      "mean": 597.3325138710167,
      "std": 2.3498407547105793,
      "p05": 593.4139270162057,
      "p25": 595.8341144493725,
      "p50": 597.301767062883,
      "p75": 598.8107887990523,
      "p95": 601.1778501166937,
      "min": 590.1923558325725,
      "max": 605.4897672538353
    },
    "simulations": 1000,
    "volatility": 0.1611
  }
}