{
  "ticker": "SPY",
  "timestamp": "2026-03-11T07:33:23.314975",
  "current_price": 595.52,
  "forecast_minutes": 60,
  "technical_indicators": {
    "rsi": 58.81,
    "macd": {
      "line": -0.8318,
      "signal": -0.7487,
      "histogram": -0.0832
    },
    "bollinger_bands": {
      "upper": 600.43,
      "middle": 585.19,
      "lower": 569.95
    }
  },
  "bsm_analysis": {
    "greeks": {
      "delta": 0.5389,
      "gamma": 0.00986,
      "theta": -0.3101,
      "vega": 0.6779,
      "rho": 0.2495
    },
    "atm_call_price": 17.34,
    "atm_put_price": 14.78,
    "implied_move": 0.58
  },
  "prediction": {
    "signal": "NEUTRAL",
    "score": -1,
    "confidence": 25.0,
    "reasons": [
      "MACD histogram negative (bearish momentum)"
    ],
    "target_price": 595.55,
    "support": 593.39,
    "resistance": 597.92
  },
  "simulation": {
    "statistics": {
      "mean": 595.5507934982799,
      "std": 3.429555144312136,
      "p05": 590.121792429832,
      "p25": 593.3937850769144,
      "p50": 595.5860840933751,
      "p75": 597.9197324846524,
      "p95": 601.1295086290884,
      "min": 583.7385753142671,
      "max": 606.4138932456697
    },
    "simulations": 1000,
    "volatility": 0.2359
  }
}