{
  "ticker": "SPY",
  "timestamp": "2026-03-20T09:48:24.979623",
  "current_price": 596.62,
  "forecast_minutes": 60,
  "technical_indicators": {
    "rsi": 57.66,
    "macd": {
      "line": -2.0401,
      "signal": -1.8361,
      "histogram": -0.204
    },
    "bollinger_bands": {
      "upper": 591.27,
      "middle": 568.46,
      "lower": 545.66
    }
  },
  "bsm_analysis": {
    "greeks": {
      "delta": 0.5371,
      "gamma": 0.007587,
      "theta": -0.3895,
      "vega": 0.6794,
      "rho": 0.2452
    },
    "atm_call_price": 22.14,
    "atm_put_price": 19.57,
    "implied_move": 0.74
  },
  "prediction": {
    "signal": "NEUTRAL",
    "score": -1,
    "confidence": 25.0,
    "reasons": [
      "MACD histogram negative (bearish momentum)"
    ],
    "target_price": 596.68,
    "support": 593.88,
    "resistance": 599.54
  },
  "simulation": {
    "statistics": {
      "mean": 596.6781581127705,
      "std": 4.419628377307397,
      "p05": 589.1849194392241,
      "p25": 593.8776251000227,
      "p50": 596.8265213119943,
      "p75": 599.537139707171,
      "p95": 603.7831243874627,
      "min": 582.8439599070457,
      "max": 615.4799351449241
    },
    "simulations": 1000,
    "volatility": 0.3061
  }
}