{
  "ticker": "SPY",
  "timestamp": "2026-03-03T12:24:04.534220",
  "current_price": 596.46,
  "forecast_minutes": 60,
  "technical_indicators": {
    "rsi": 33.33,
    "macd": {
      "line": -2.9071,
      "signal": -2.6164,
      "histogram": -0.2907
    },
    "bollinger_bands": {
      "upper": 620.14,
      "middle": 603.77,
      "lower": 587.39
    }
  },
  "bsm_analysis": {
    "greeks": {
      "delta": 0.5538,
      "gamma": 0.017954,
      "theta": -0.1911,
      "vega": 0.676,
      "rho": 0.2632
    },
    "atm_call_price": 10.11,
    "atm_put_price": 7.54,
    "implied_move": 0.32
  },
  "prediction": {
    "signal": "NEUTRAL",
    "score": -1,
    "confidence": 25.0,
    "reasons": [
      "MACD histogram negative (bearish momentum)"
    ],
    "target_price": 596.46,
    "support": 595.2,
    "resistance": 597.7
  },
  "simulation": {
    "statistics": {
      "mean": 596.4608568995901,
      "std": 1.8925969187095149,
      "p05": 593.3898363326687,
      "p25": 595.2007930842212,
      "p50": 596.5041010813236,
      "p75": 597.7035591572072,
      "p95": 599.5981471294932,
      "min": 590.0118909933564,
      "max": 602.0825995921875
    },
    "simulations": 1000,
    "volatility": 0.1288
  }
}