{
  "ticker": "SPY",
  "timestamp": "2026-03-29T16:30:08.325677",
  "current_price": 594.41,
  "forecast_minutes": 60,
  "technical_indicators": {
    "rsi": 67.19,
    "macd": {
      "line": 2.4215,
      "signal": 2.1794,
      "histogram": 0.2422
    },
    "bollinger_bands": {
      "upper": 579.9,
      "middle": 563.63,
      "lower": 547.37
    }
  },
  "bsm_analysis": {
    "greeks": {
      "delta": 0.5375,
      "gamma": 0.008433,
      "theta": -0.3548,
      "vega": 0.6768,
      "rho": 0.2461
    },
    "atm_call_price": 20.05,
    "atm_put_price": 17.49,
    "implied_move": 0.68
  },
  "prediction": {
    "signal": "NEUTRAL",
    "score": 1,
    "confidence": 25.0,
    "reasons": [
      "MACD histogram positive (bullish momentum)"
    ],
    "target_price": 594.44,
    "support": 591.69,
    "resistance": 597.09
  },
  "simulation": {
    "statistics": {
      "mean": 594.4365730472044,
      "std": 4.023339092288812,
      "p05": 587.7023461608597,
      "p25": 591.6859717239643,
      "p50": 594.5028601805595,
      "p75": 597.0853803743211,
      "p95": 600.793847439145,
      "min": 578.1601191638734,
      "max": 605.8478882785897
    },
    "simulations": 1000,
    "volatility": 0.2764
  }
}