{
  "ticker": "SPY",
  "timestamp": "2026-03-23T18:33:53.849879",
  "current_price": 596.6,
  "forecast_minutes": 60,
  "technical_indicators": {
    "rsi": 65.97,
    "macd": {
      "line": 6.151,
      "signal": 5.5359,
      "histogram": 0.6151
    },
    "bollinger_bands": {
      "upper": 611.36,
      "middle": 590.05,
      "lower": 568.74
    }
  },
  "bsm_analysis": {
    "greeks": {
      "delta": 0.5498,
      "gamma": 0.016054,
      "theta": -0.2082,
      "vega": 0.677,
      "rho": 0.2604
    },
    "atm_call_price": 11.15,
    "atm_put_price": 8.58,
    "implied_move": 0.35
  },
  "prediction": {
    "signal": "NEUTRAL",
    "score": 1,
    "confidence": 25.0,
    "reasons": [
      "MACD histogram positive (bullish momentum)"
    ],
    "target_price": 596.68,
    "support": 595.24,
    "resistance": 598.08
  },
  "simulation": {
    "statistics": {
      "mean": 596.6832743633763,
      "std": 2.1004486569350216,
      "p05": 593.0905201182634,
      "p25": 595.2414774214412,
      "p50": 596.6350397455296,
      "p75": 598.0769076016502,
      "p95": 600.239326725598,
      "min": 590.3113958828886,
      "max": 602.9495395805346
    },
    "simulations": 1000,
    "volatility": 0.1442
  }
}