{
  "ticker": "SPY",
  "timestamp": "2026-03-22T15:42:20.775594",
  "current_price": 596.31,
  "forecast_minutes": 60,
  "technical_indicators": {
    "rsi": 66.47,
    "macd": {
      "line": -2.7451,
      "signal": -2.4706,
      "histogram": -0.2745
    },
    "bollinger_bands": {
      "upper": 590.7,
      "middle": 563.39,
      "lower": 536.08
    }
  },
  "bsm_analysis": {
    "greeks": {
      "delta": 0.5372,
      "gamma": 0.008015,
      "theta": -0.3711,
      "vega": 0.6791,
      "rho": 0.246
    },
    "atm_call_price": 21.03,
    "atm_put_price": 18.47,
    "implied_move": 0.71
  },
  "prediction": {
    "signal": "NEUTRAL",
    "score": -1,
    "confidence": 25.0,
    "reasons": [
      "MACD histogram negative (bearish momentum)"
    ],
    "target_price": 596.59,
    "support": 593.7,
    "resistance": 599.27
  },
  "simulation": {
    "statistics": {
      "mean": 596.5916089139909,
      "std": 4.248754254267935,
      "p05": 589.6976261091611,
      "p25": 593.6963148713379,
      "p50": 596.5900120954436,
      "p75": 599.2725899292669,
      "p95": 603.4445886025228,
      "min": 581.3147287694774,
      "max": 613.2245520337663
    },
    "simulations": 1000,
    "volatility": 0.2899
  }
}