{
  "ticker": "SPY",
  "timestamp": "2026-03-26T13:54:13.694932",
  "current_price": 595.11,
  "forecast_minutes": 60,
  "technical_indicators": {
    "rsi": 73.54,
    "macd": {
      "line": 0.5632,
      "signal": 0.5069,
      "histogram": 0.0563
    },
    "bollinger_bands": {
      "upper": 572.53,
      "middle": 545.1,
      "lower": 517.67
    }
  },
  "bsm_analysis": {
    "greeks": {
      "delta": 0.5403,
      "gamma": 0.004716,
      "theta": -0.598,
      "vega": 0.6772,
      "rho": 0.2357
    },
    "atm_call_price": 34.77,
    "atm_put_price": 32.21,
    "implied_move": 1.16
  },
  "prediction": {
    "signal": "NEUTRAL",
    "score": -1,
    "confidence": 25.0,
    "reasons": [
      "RSI indicates overbought conditions",
      "MACD histogram positive (bullish momentum)"
    ],
    "target_price": 595.13,
    "support": 590.34,
    "resistance": 599.67
  },
  "simulation": {
    "statistics": {
      "mean": 595.1316949423084,
      "std": 6.890491432375999,
      "p05": 584.244076565883,
      "p25": 590.3424996087874,
      "p50": 595.0463141948202,
      "p75": 599.6724220325762,
      "p95": 606.6597013913943,
      "min": 575.6989076041968,
      "max": 617.4549447652154
    },
    "simulations": 1000,
    "volatility": 0.4933
  }
}