{
  "ticker": "SPY",
  "timestamp": "2026-03-29T11:14:14.531739",
  "current_price": 593.5,
  "forecast_minutes": 60,
  "technical_indicators": {
    "rsi": 68.61,
    "macd": {
      "line": 5.1711,
      "signal": 4.654,
      "histogram": 0.5171
    },
    "bollinger_bands": {
      "upper": 595.37,
      "middle": 575.2,
      "lower": 555.03
    }
  },
  "bsm_analysis": {
    "greeks": {
      "delta": 0.5439,
      "gamma": 0.013129,
      "theta": -0.2441,
      "vega": 0.6747,
      "rho": 0.2543
    },
    "atm_call_price": 13.34,
    "atm_put_price": 10.79,
    "implied_move": 0.43
  },
  "prediction": {
    "signal": "NEUTRAL",
    "score": 1,
    "confidence": 25.0,
    "reasons": [
      "MACD histogram positive (bullish momentum)"
    ],
    "target_price": 593.56,
    "support": 591.79,
    "resistance": 595.35
  },
  "simulation": {
    "statistics": {
      "mean": 593.5645641923248,
      "std": 2.5522698318848014,
      "p05": 589.1614321620896,
      "p25": 591.7900506538574,
      "p50": 593.669381153325,
      "p75": 595.3465709930312,
      "p95": 597.589816691497,
      "min": 586.695325098155,
      "max": 601.9863598917046
    },
    "simulations": 1000,
    "volatility": 0.1775
  }
}