{
  "ticker": "SPY",
  "timestamp": "2026-03-04T15:18:33.583908",
  "current_price": 592.51,
  "forecast_minutes": 60,
  "technical_indicators": {
    "rsi": 58.45,
    "macd": {
      "line": 2.148,
      "signal": 1.9332,
      "histogram": 0.2148
    },
    "bollinger_bands": {
      "upper": 589.88,
      "middle": 577.41,
      "lower": 564.93
    }
  },
  "bsm_analysis": {
    "greeks": {
      "delta": 0.5393,
      "gamma": 0.010249,
      "theta": -0.2999,
      "vega": 0.6744,
      "rho": 0.2489
    },
    "atm_call_price": 16.73,
    "atm_put_price": 14.18,
    "implied_move": 0.56
  },
  "prediction": {
    "signal": "NEUTRAL",
    "score": 1,
    "confidence": 25.0,
    "reasons": [
      "MACD histogram positive (bullish momentum)"
    ],
    "target_price": 592.59,
    "support": 590.37,
    "resistance": 594.77
  },
  "simulation": {
    "statistics": {
      "mean": 592.5881804303656,
      "std": 3.309460553374195,
      "p05": 587.3499036089994,
      "p25": 590.3744891800736,
      "p50": 592.5301270101447,
      "p75": 594.7738073223879,
      "p95": 598.3100466228399,
      "min": 583.44202341711,
      "max": 603.5840588386055
    },
    "simulations": 1000,
    "volatility": 0.228
  }
}