{
  "ticker": "SPY",
  "timestamp": "2026-03-23T15:38:47.152375",
  "current_price": 594.77,
  "forecast_minutes": 60,
  "technical_indicators": {
    "rsi": 39.37,
    "macd": {
      "line": 1.6915,
      "signal": 1.5224,
      "histogram": 0.1692
    },
    "bollinger_bands": {
      "upper": 624.98,
      "middle": 610.89,
      "lower": 596.79
    }
  },
  "bsm_analysis": {
    "greeks": {
      "delta": 0.5407,
      "gamma": 0.011225,
      "theta": -0.2779,
      "vega": 0.6767,
      "rho": 0.2517
    },
    "atm_call_price": 15.39,
    "atm_put_price": 12.83,
    "implied_move": 0.51
  },
  "prediction": {
    "signal": "NEUTRAL",
    "score": 1,
    "confidence": 25.0,
    "reasons": [
      "MACD histogram positive (bullish momentum)"
    ],
    "target_price": 594.71,
    "support": 592.79,
    "resistance": 596.68
  },
  "simulation": {
    "statistics": {
      "mean": 594.7147289082278,
      "std": 3.0100963558598552,
      "p05": 589.7337590265619,
      "p25": 592.7908846168355,
      "p50": 594.6947039550255,
      "p75": 596.6785922930214,
      "p95": 599.7202355280923,
      "min": 585.5100288620639,
      "max": 606.6977038670296
    },
    "simulations": 1000,
    "volatility": 0.2073
  }
}