{
  "ticker": "SPY",
  "timestamp": "2026-03-04T09:48:22.967053",
  "current_price": 594.74,
  "forecast_minutes": 60,
  "technical_indicators": {
    "rsi": 56.52,
    "macd": {
      "line": 3.7963,
      "signal": 3.4167,
      "histogram": 0.3796
    },
    "bollinger_bands": {
      "upper": 612.23,
      "middle": 596.14,
      "lower": 580.05
    }
  },
  "bsm_analysis": {
    "greeks": {
      "delta": 0.5511,
      "gamma": 0.016733,
      "theta": -0.2015,
      "vega": 0.6746,
      "rho": 0.2606
    },
    "atm_call_price": 10.75,
    "atm_put_price": 8.19,
    "implied_move": 0.36
  },
  "prediction": {
    "signal": "NEUTRAL",
    "score": 1,
    "confidence": 25.0,
    "reasons": [
      "MACD histogram positive (bullish momentum)"
    ],
    "target_price": 594.67,
    "support": 593.2,
    "resistance": 596.11
  },
  "simulation": {
    "statistics": {
      "mean": 594.6662191426898,
      "std": 2.1321293076339156,
      "p05": 591.2660118401714,
      "p25": 593.1990577959436,
      "p50": 594.7133880879712,
      "p75": 596.1076424029382,
      "p95": 598.088469019817,
      "min": 587.5359509977867,
      "max": 601.6974949286016
    },
    "simulations": 1000,
    "volatility": 0.1387
  }
}