{
  "ticker": "SPY",
  "timestamp": "2026-03-26T04:40:50.773613",
  "current_price": 596.99,
  "forecast_minutes": 60,
  "technical_indicators": {
    "rsi": 60.5,
    "macd": {
      "line": -2.0424,
      "signal": -1.8382,
      "histogram": -0.2042
    },
    "bollinger_bands": {
      "upper": 588.77,
      "middle": 562.37,
      "lower": 535.98
    }
  },
  "bsm_analysis": {
    "greeks": {
      "delta": 0.5372,
      "gamma": 0.006391,
      "theta": -0.4538,
      "vega": 0.6798,
      "rho": 0.2422
    },
    "atm_call_price": 26.04,
    "atm_put_price": 23.47,
    "implied_move": 0.93
  },
  "prediction": {
    "signal": "NEUTRAL",
    "score": -1,
    "confidence": 25.0,
    "reasons": [
      "MACD histogram negative (bearish momentum)"
    ],
    "target_price": 596.84,
    "support": 593.15,
    "resistance": 600.64
  },
  "simulation": {
    "statistics": {
      "mean": 596.8424242797138,
      "std": 5.556381821155145,
      "p05": 587.1804303268815,
      "p25": 593.1547648004449,
      "p50": 597.1939086773787,
      "p75": 600.6368983074641,
      "p95": 605.5812096820017,
      "min": 581.111590183043,
      "max": 612.8357128566946
    },
    "simulations": 1000,
    "volatility": 0.3631
  }
}