{
  "ticker": "SPY",
  "timestamp": "2026-02-19T20:05:16.918698",
  "current_price": 596.88,
  "forecast_minutes": 60,
  "technical_indicators": {
    "rsi": 71.56,
    "macd": {
      "line": -1.7298,
      "signal": -1.5568,
      "histogram": -0.173
    },
    "bollinger_bands": {
      "upper": 581.31,
      "middle": 557.3,
      "lower": 533.29
    }
  },
  "bsm_analysis": {
    "greeks": {
      "delta": 0.5381,
      "gamma": 0.005611,
      "theta": -0.5104,
      "vega": 0.6796,
      "rho": 0.2398
    },
    "atm_call_price": 29.46,
    "atm_put_price": 26.89,
    "implied_move": 1.04
  },
  "prediction": {
    "signal": "BEARISH",
    "score": -3,
    "confidence": 75.0,
    "reasons": [
      "RSI indicates overbought conditions",
      "MACD histogram negative (bearish momentum)"
    ],
    "target_price": 597.08,
    "support": 592.89,
    "resistance": 601.27
  },
  "simulation": {
    "statistics": {
      "mean": 597.0770026744103,
      "std": 6.2080213892108045,
      "p05": 586.9787559054735,
      "p25": 592.8891952160744,
      "p50": 597.150557398722,
      "p75": 601.2682981118371,
      "p95": 607.259013668135,
      "min": 577.6797570394671,
      "max": 618.3398220634874
    },
    "simulations": 1000,
    "volatility": 0.4136
  }
}