{
  "ticker": "SPY",
  "timestamp": "2026-02-09T15:07:52.739855",
  "current_price": 593.39,
  "forecast_minutes": 60,
  "technical_indicators": {
    "rsi": 64.92,
    "macd": {
      "line": 1.464,
      "signal": 1.3176,
      "histogram": 0.1464
    },
    "bollinger_bands": {
      "upper": 582.38,
      "middle": 560.75,
      "lower": 539.11
    }
  },
  "bsm_analysis": {
    "greeks": {
      "delta": 0.5385,
      "gamma": 0.00959,
      "theta": -0.3174,
      "vega": 0.6755,
      "rho": 0.248
    },
    "atm_call_price": 17.79,
    "atm_put_price": 15.23,
    "implied_move": 0.61
  },
  "prediction": {
    "signal": "NEUTRAL",
    "score": 1,
    "confidence": 25.0,
    "reasons": [
      "MACD histogram positive (bullish momentum)"
    ],
    "target_price": 593.48,
    "support": 591.07,
    "resistance": 595.79
  },
  "simulation": {
    "statistics": {
      "mean": 593.4754822687148,
      "std": 3.626267583243312,
      "p05": 587.8379713630819,
      "p25": 591.0728904070709,
      "p50": 593.4993220318752,
      "p75": 595.7910419762784,
      "p95": 599.6718988835161,
      "min": 581.7324928462081,
      "max": 604.222462273749
    },
    "simulations": 1000,
    "volatility": 0.2434
  }
}