{
  "ticker": "SPY",
  "timestamp": "2026-03-02T17:22:22.436027",
  "current_price": 592.27,
  "forecast_minutes": 60,
  "technical_indicators": {
    "rsi": 70.64,
    "macd": {
      "line": 8.7617,
      "signal": 7.8856,
      "histogram": 0.8762
    },
    "bollinger_bands": {
      "upper": 604.13,
      "middle": 576.56,
      "lower": 548.99
    }
  },
  "bsm_analysis": {
    "greeks": {
      "delta": 0.5497,
      "gamma": 0.016146,
      "theta": -0.207,
      "vega": 0.6721,
      "rho": 0.2585
    },
    "atm_call_price": 11.09,
    "atm_put_price": 8.54,
    "implied_move": 0.36
  },
  "prediction": {
    "signal": "NEUTRAL",
    "score": -1,
    "confidence": 25.0,
    "reasons": [
      "RSI indicates overbought conditions",
      "MACD histogram positive (bullish momentum)"
    ],
    "target_price": 592.23,
    "support": 590.72,
    "resistance": 593.75
  },
  "simulation": {
    "statistics": {
      "mean": 592.227276659534,
      "std": 2.1418379107628533,
      "p05": 588.8229759121014,
      "p25": 590.7247247147297,
      "p50": 592.1276478884583,
      "p75": 593.7525075577691,
      "p95": 595.7367569827318,
      "min": 586.1713648754413,
      "max": 599.8412514546453
    },
    "simulations": 1000,
    "volatility": 0.1444
  }
}