{
  "ticker": "SPY",
  "timestamp": "2026-03-15T05:56:28.337581",
  "current_price": 595.69,
  "forecast_minutes": 60,
  "technical_indicators": {
    "rsi": 47.16,
    "macd": {
      "line": 1.9891,
      "signal": 1.7902,
      "histogram": 0.1989
    },
    "bollinger_bands": {
      "upper": 609.46,
      "middle": 596.54,
      "lower": 583.62
    }
  },
  "bsm_analysis": {
    "greeks": {
      "delta": 0.5467,
      "gamma": 0.01457,
      "theta": -0.2247,
      "vega": 0.6766,
      "rho": 0.2577
    },
    "atm_call_price": 12.15,
    "atm_put_price": 9.59,
    "implied_move": 0.41
  },
  "prediction": {
    "signal": "NEUTRAL",
    "score": 1,
    "confidence": 25.0,
    "reasons": [
      "MACD histogram positive (bullish momentum)"
    ],
    "target_price": 595.74,
    "support": 594.15,
    "resistance": 597.39
  },
  "simulation": {
    "statistics": {
      "mean": 595.7402648963505,
      "std": 2.4281403200963005,
      "p05": 591.8171933596074,
      "p25": 594.146995913406,
      "p50": 595.6947222972062,
      "p75": 597.3853523391156,
      "p95": 599.5963291325579,
      "min": 586.794938555204,
      "max": 604.3983411876985
    },
    "simulations": 1000,
    "volatility": 0.1592
  }
}