{
  "ticker": "SPY",
  "timestamp": "2026-02-28T01:59:54.072277",
  "current_price": 592.51,
  "forecast_minutes": 60,
  "technical_indicators": {
    "rsi": 37.37,
    "macd": {
      "line": -0.5118,
      "signal": -0.4606,
      "histogram": -0.0512
    },
    "bollinger_bands": {
      "upper": 635.5,
      "middle": 618.6,
      "lower": 601.71
    }
  },
  "bsm_analysis": {
    "greeks": {
      "delta": 0.5388,
      "gamma": 0.009842,
      "theta": -0.3104,
      "vega": 0.6745,
      "rho": 0.2481
    },
    "atm_call_price": 17.36,
    "atm_put_price": 14.81,
    "implied_move": 0.59
  },
  "prediction": {
    "signal": "NEUTRAL",
    "score": -1,
    "confidence": 25.0,
    "reasons": [
      "MACD histogram negative (bearish momentum)"
    ],
    "target_price": 592.41,
    "support": 590.11,
    "resistance": 594.74
  },
  "simulation": {
    "statistics": {
      "mean": 592.4105005700376,
      "std": 3.5199162337997807,
      "p05": 586.3783269907266,
      "p25": 590.1144966024464,
      "p50": 592.4662965706418,
      "p75": 594.7435436127707,
      "p95": 598.2003346965683,
      "min": 582.3977159029694,
      "max": 604.0414565130418
    },
    "simulations": 1000,
    "volatility": 0.2375
  }
}