{
  "ticker": "SPY",
  "timestamp": "2026-03-07T16:43:41.092151",
  "current_price": 594.65,
  "forecast_minutes": 60,
  "technical_indicators": {
    "rsi": 59.33,
    "macd": {
      "line": 0.2235,
      "signal": 0.2012,
      "histogram": 0.0224
    },
    "bollinger_bands": {
      "upper": 597.01,
      "middle": 584.68,
      "lower": 572.35
    }
  },
  "bsm_analysis": {
    "greeks": {
      "delta": 0.5413,
      "gamma": 0.011593,
      "theta": -0.2705,
      "vega": 0.6765,
      "rho": 0.2523
    },
    "atm_call_price": 14.94,
    "atm_put_price": 12.38,
    "implied_move": 0.52
  },
  "prediction": {
    "signal": "NEUTRAL",
    "score": 1,
    "confidence": 25.0,
    "reasons": [
      "MACD histogram positive (bullish momentum)"
    ],
    "target_price": 594.62,
    "support": 592.57,
    "resistance": 596.82
  },
  "simulation": {
    "statistics": {
      "mean": 594.6244151730712,
      "std": 3.1103896941055194,
      "p05": 589.4529209635587,
      "p25": 592.5723933568436,
      "p50": 594.7344273737345,
      "p75": 596.821537395036,
      "p95": 599.490134546125,
      "min": 581.7696180011972,
      "max": 604.0341224776242
    },
    "simulations": 1000,
    "volatility": 0.2008
  }
}