{
  "ticker": "SPY",
  "timestamp": "2026-03-12T00:32:46.957043",
  "current_price": 592.75,
  "forecast_minutes": 60,
  "technical_indicators": {
    "rsi": 72.59,
    "macd": {
      "line": 3.7484,
      "signal": 3.3735,
      "histogram": 0.3748
    },
    "bollinger_bands": {
      "upper": 571.32,
      "middle": 546.29,
      "lower": 521.26
    }
  },
  "bsm_analysis": {
    "greeks": {
      "delta": 0.5379,
      "gamma": 0.005789,
      "theta": -0.4959,
      "vega": 0.6749,
      "rho": 0.2386
    },
    "atm_call_price": 28.59,
    "atm_put_price": 26.04,
    "implied_move": 1.01
  },
  "prediction": {
    "signal": "NEUTRAL",
    "score": -1,
    "confidence": 25.0,
    "reasons": [
      "RSI indicates overbought conditions",
      "MACD histogram positive (bullish momentum)"
    ],
    "target_price": 592.92,
    "support": 588.9,
    "resistance": 596.93
  },
  "simulation": {
    "statistics": {
      "mean": 592.920076119412,
      "std": 5.977899407355518,
      "p05": 582.9104188901098,
      "p25": 588.9031378422969,
      "p50": 593.0805888010678,
      "p75": 596.9345150864538,
      "p95": 602.7815104493636,
      "min": 574.9145686368485,
      "max": 610.1715741318793
    },
    "simulations": 1000,
    "volatility": 0.4037
  }
}