{
  "ticker": "SPY",
  "timestamp": "2026-04-07T23:50:54.686287",
  "current_price": 594.4,
  "forecast_minutes": 60,
  "technical_indicators": {
    "rsi": 58.94,
    "macd": {
      "line": 9.9858,
      "signal": 8.9872,
      "histogram": 0.9986
    },
    "bollinger_bands": {
      "upper": 627.87,
      "middle": 595.28,
      "lower": 562.68
    }
  },
  "bsm_analysis": {
    "greeks": {
      "delta": 0.542,
      "gamma": 0.012041,
      "theta": -0.2621,
      "vega": 0.6761,
      "rho": 0.2529
    },
    "atm_call_price": 14.43,
    "atm_put_price": 11.87,
    "implied_move": 0.48
  },
  "prediction": {
    "signal": "NEUTRAL",
    "score": 1,
    "confidence": 25.0,
    "reasons": [
      "MACD histogram positive (bullish momentum)"
    ],
    "target_price": 594.39,
    "support": 592.61,
    "resistance": 596.26
  },
  "simulation": {
    "statistics": {
      "mean": 594.3904375965234,
      "std": 2.840690851206025,
      "p05": 589.7910817721543,
      "p25": 592.6070207259085,
      "p50": 594.4180081959541,
      "p75": 596.2585018042055,
      "p95": 599.112085133436,
      "min": 584.534304741875,
      "max": 603.4725593957293
    },
    "simulations": 1000,
    "volatility": 0.1933
  }
}