{
  "ticker": "SPY",
  "timestamp": "2026-03-11T23:26:39.376388",
  "current_price": 595.51,
  "forecast_minutes": 60,
  "technical_indicators": {
    "rsi": 80.07,
    "macd": {
      "line": 0.6388,
      "signal": 0.5749,
      "histogram": 0.0639
    },
    "bollinger_bands": {
      "upper": 575.02,
      "middle": 542.13,
      "lower": 509.25
    }
  },
  "bsm_analysis": {
    "greeks": {
      "delta": 0.5383,
      "gamma": 0.005486,
      "theta": -0.5209,
      "vega": 0.678,
      "rho": 0.2388
    },
    "atm_call_price": 30.1,
    "atm_put_price": 27.53,
    "implied_move": 1.02
  },
  "prediction": {
    "signal": "NEUTRAL",
    "score": -1,
    "confidence": 25.0,
    "reasons": [
      "RSI indicates overbought conditions",
      "MACD histogram positive (bullish momentum)"
    ],
    "target_price": 595.46,
    "support": 591.03,
    "resistance": 599.7
  },
  "simulation": {
    "statistics": {
      "mean": 595.4648321034941,
      "std": 6.091597274525298,
      "p05": 585.6832753266182,
      "p25": 591.0292161693533,
      "p50": 595.532989652847,
      "p75": 599.6974875569416,
      "p95": 605.1552855424756,
      "min": 574.7330166773877,
      "max": 615.7366125982629
    },
    "simulations": 1000,
    "volatility": 0.424
  }
}