{
  "ticker": "SPY",
  "timestamp": "2026-03-13T07:08:38.359162",
  "current_price": 594.98,
  "forecast_minutes": 60,
  "technical_indicators": {
    "rsi": 60.74,
    "macd": {
      "line": -0.5955,
      "signal": -0.5359,
      "histogram": -0.0595
    },
    "bollinger_bands": {
      "upper": 598.36,
      "middle": 585.35,
      "lower": 572.34
    }
  },
  "bsm_analysis": {
    "greeks": {
      "delta": 0.5436,
      "gamma": 0.012911,
      "theta": -0.2476,
      "vega": 0.6764,
      "rho": 0.2547
    },
    "atm_call_price": 13.55,
    "atm_put_price": 10.99,
    "implied_move": 0.44
  },
  "prediction": {
    "signal": "NEUTRAL",
    "score": -1,
    "confidence": 25.0,
    "reasons": [
      "MACD histogram negative (bearish momentum)"
    ],
    "target_price": 594.9,
    "support": 593.14,
    "resistance": 596.78
  },
  "simulation": {
    "statistics": {
      "mean": 594.8961409190865,
      "std": 2.619808178812371,
      "p05": 590.5901673950392,
      "p25": 593.1416012176338,
      "p50": 594.8795344072146,
      "p75": 596.778751992014,
      "p95": 599.0447122244144,
      "min": 586.7075435050898,
      "max": 603.0063542274105
    },
    "simulations": 1000,
    "volatility": 0.1801
  }
}