{
  "ticker": "SPY",
  "timestamp": "2026-03-28T08:20:40.100879",
  "current_price": 595.46,
  "forecast_minutes": 60,
  "technical_indicators": {
    "rsi": 48.05,
    "macd": {
      "line": 6.4635,
      "signal": 5.8171,
      "histogram": 0.6463
    },
    "bollinger_bands": {
      "upper": 642.09,
      "middle": 612.31,
      "lower": 582.54
    }
  },
  "bsm_analysis": {
    "greeks": {
      "delta": 0.539,
      "gamma": 0.009977,
      "theta": -0.307,
      "vega": 0.6778,
      "rho": 0.2497
    },
    "atm_call_price": 17.15,
    "atm_put_price": 14.59,
    "implied_move": 0.59
  },
  "prediction": {
    "signal": "NEUTRAL",
    "score": 1,
    "confidence": 25.0,
    "reasons": [
      "MACD histogram positive (bullish momentum)"
    ],
    "target_price": 595.35,
    "support": 592.83,
    "resistance": 597.76
  },
  "simulation": {
    "statistics": {
      "mean": 595.3468691547585,
      "std": 3.511393735186064,
      "p05": 590.0336368106659,
      "p25": 592.8311526472961,
      "p50": 595.173732408198,
      "p75": 597.7649917212221,
      "p95": 601.3235096689658,
      "min": 585.5959646359105,
      "max": 605.6719156751154
    },
    "simulations": 1000,
    "volatility": 0.2331
  }
}