{
  "ticker": "SPY",
  "timestamp": "2026-03-06T07:21:42.286416",
  "current_price": 597.4,
  "forecast_minutes": 60,
  "technical_indicators": {
    "rsi": 24.15,
    "macd": {
      "line": -6.2821,
      "signal": -5.6539,
      "histogram": -0.6282
    },
    "bollinger_bands": {
      "upper": 650.29,
      "middle": 622.56,
      "lower": 594.84
    }
  },
  "bsm_analysis": {
    "greeks": {
      "delta": 0.5478,
      "gamma": 0.015069,
      "theta": -0.2189,
      "vega": 0.6784,
      "rho": 0.2593
    },
    "atm_call_price": 11.8,
    "atm_put_price": 9.23,
    "implied_move": 0.39
  },
  "prediction": {
    "signal": "NEUTRAL",
    "score": 1,
    "confidence": 25.0,
    "reasons": [
      "RSI indicates oversold conditions",
      "MACD histogram negative (bearish momentum)"
    ],
    "target_price": 597.42,
    "support": 595.86,
    "resistance": 599.02
  },
  "simulation": {
    "statistics": {
      "mean": 597.4161779211797,
      "std": 2.3103628965104956,
      "p05": 593.6680603953852,
      "p25": 595.8569299122072,
      "p50": 597.3352597355806,
      "p75": 599.0249834973113,
      "p95": 601.3285519328141,
      "min": 590.366592790027,
      "max": 604.1033638571888
    },
    "simulations": 1000,
    "volatility": 0.1535
  }
}