{
  "ticker": "SPY",
  "timestamp": "2026-03-03T09:19:53.181884",
  "current_price": 597.35,
  "forecast_minutes": 60,
  "technical_indicators": {
    "rsi": 58.89,
    "macd": {
      "line": -3.0076,
      "signal": -2.7069,
      "histogram": -0.3008
    },
    "bollinger_bands": {
      "upper": 595.62,
      "middle": 578.99,
      "lower": 562.35
    }
  },
  "bsm_analysis": {
    "greeks": {
      "delta": 0.5408,
      "gamma": 0.011199,
      "theta": -0.2786,
      "vega": 0.6796,
      "rho": 0.2528
    },
    "atm_call_price": 15.43,
    "atm_put_price": 12.86,
    "implied_move": 0.51
  },
  "prediction": {
    "signal": "NEUTRAL",
    "score": -1,
    "confidence": 25.0,
    "reasons": [
      "MACD histogram negative (bearish momentum)"
    ],
    "target_price": 597.42,
    "support": 595.42,
    "resistance": 599.4
  },
  "simulation": {
    "statistics": {
      "mean": 597.4197874194807,
      "std": 3.043340310795825,
      "p05": 592.3697990847191,
      "p25": 595.4225594441637,
      "p50": 597.4749264458151,
      "p75": 599.4028986863539,
      "p95": 602.2681615738139,
      "min": 587.2687351190333,
      "max": 606.5619980598613
    },
    "simulations": 1000,
    "volatility": 0.2069
  }
}