{
  "ticker": "SPY",
  "timestamp": "2026-03-22T05:39:24.842335",
  "current_price": 593.34,
  "forecast_minutes": 60,
  "technical_indicators": {
    "rsi": 71.99,
    "macd": {
      "line": 3.5314,
      "signal": 3.1783,
      "histogram": 0.3531
    },
    "bollinger_bands": {
      "upper": 584.23,
      "middle": 568.7,
      "lower": 553.16
    }
  },
  "bsm_analysis": {
    "greeks": {
      "delta": 0.5454,
      "gamma": 0.013969,
      "theta": -0.2322,
      "vega": 0.6742,
      "rho": 0.2556
    },
    "atm_call_price": 12.62,
    "atm_put_price": 10.06,
    "implied_move": 0.4
  },
  "prediction": {
    "signal": "NEUTRAL",
    "score": -1,
    "confidence": 25.0,
    "reasons": [
      "RSI indicates overbought conditions",
      "MACD histogram positive (bullish momentum)"
    ],
    "target_price": 593.43,
    "support": 591.86,
    "resistance": 594.98
  },
  "simulation": {
    "statistics": {
      "mean": 593.4338749272129,
      "std": 2.3984173786814553,
      "p05": 589.605784507093,
      "p25": 591.8619777642875,
      "p50": 593.4572662024732,
      "p75": 594.9785541360889,
      "p95": 597.4319066153879,
      "min": 584.0635567241808,
      "max": 601.4540254472138
    },
    "simulations": 1000,
    "volatility": 0.1668
  }
}