{
  "ticker": "SPY",
  "timestamp": "2026-02-21T12:56:56.753820",
  "current_price": 593.74,
  "forecast_minutes": 60,
  "technical_indicators": {
    "rsi": 53.94,
    "macd": {
      "line": 6.4038,
      "signal": 5.7634,
      "histogram": 0.6404
    },
    "bollinger_bands": {
      "upper": 612.97,
      "middle": 592.04,
      "lower": 571.11
    }
  },
  "bsm_analysis": {
    "greeks": {
      "delta": 0.5412,
      "gamma": 0.011566,
      "theta": -0.271,
      "vega": 0.6754,
      "rho": 0.2518
    },
    "atm_call_price": 14.97,
    "atm_put_price": 12.42,
    "implied_move": 0.5
  },
  "prediction": {
    "signal": "NEUTRAL",
    "score": 1,
    "confidence": 25.0,
    "reasons": [
      "MACD histogram positive (bullish momentum)"
    ],
    "target_price": 593.97,
    "support": 591.89,
    "resistance": 596.03
  },
  "simulation": {
    "statistics": {
      "mean": 593.9656658914014,
      "std": 2.9502173130248894,
      "p05": 589.1416885603429,
      "p25": 591.8892056572794,
      "p50": 594.0045978475092,
      "p75": 596.0317192510613,
      "p95": 598.7140623649329,
      "min": 585.5837721676829,
      "max": 603.0352841522227
    },
    "simulations": 1000,
    "volatility": 0.2016
  }
}