{
  "ticker": "SPY",
  "timestamp": "2026-02-08T10:26:26.015616",
  "current_price": 594.19,
  "forecast_minutes": 60,
  "technical_indicators": {
    "rsi": 66.22,
    "macd": {
      "line": -5.9228,
      "signal": -5.3306,
      "histogram": -0.5923
    },
    "bollinger_bands": {
      "upper": 589.33,
      "middle": 551.53,
      "lower": 513.73
    }
  },
  "bsm_analysis": {
    "greeks": {
      "delta": 0.5428,
      "gamma": 0.004139,
      "theta": -0.6742,
      "vega": 0.6757,
      "rho": 0.2327
    },
    "atm_call_price": 39.4,
    "atm_put_price": 36.84,
    "implied_move": 1.4
  },
  "prediction": {
    "signal": "NEUTRAL",
    "score": -1,
    "confidence": 25.0,
    "reasons": [
      "MACD histogram negative (bearish momentum)"
    ],
    "target_price": 594.44,
    "support": 588.43,
    "resistance": 600.05
  },
  "simulation": {
    "statistics": {
      "mean": 594.444185036446,
      "std": 8.306458429832007,
      "p05": 580.9162312350359,
      "p25": 588.4263450392881,
      "p50": 594.6545340693172,
      "p75": 600.0488358696923,
      "p95": 607.9344655141037,
      "min": 568.2748032646035,
      "max": 621.5279397221284
    },
    "simulations": 1000,
    "volatility": 0.5625
  }
}