{
  "ticker": "SPY",
  "timestamp": "2026-03-09T16:09:06.777660",
  "current_price": 597.9,
  "forecast_minutes": 60,
  "technical_indicators": {
    "rsi": 66.93,
    "macd": {
      "line": -1.712,
      "signal": -1.5408,
      "histogram": -0.1712
    },
    "bollinger_bands": {
      "upper": 585.26,
      "middle": 555.2,
      "lower": 525.15
    }
  },
  "bsm_analysis": {
    "greeks": {
      "delta": 0.5397,
      "gamma": 0.004889,
      "theta": -0.5788,
      "vega": 0.6805,
      "rho": 0.2376
    },
    "atm_call_price": 33.6,
    "atm_put_price": 31.03,
    "implied_move": 1.17
  },
  "prediction": {
    "signal": "NEUTRAL",
    "score": -1,
    "confidence": 25.0,
    "reasons": [
      "MACD histogram negative (bearish momentum)"
    ],
    "target_price": 597.8,
    "support": 592.96,
    "resistance": 602.75
  },
  "simulation": {
    "statistics": {
      "mean": 597.7994110143707,
      "std": 6.988466419767444,
      "p05": 586.7044094139808,
      "p25": 592.9646037034757,
      "p50": 597.2557322441758,
      "p75": 602.7463081516833,
      "p95": 609.6409267820322,
      "min": 575.599205956934,
      "max": 618.8419042784192
    },
    "simulations": 1000,
    "volatility": 0.4737
  }
}