{
  "ticker": "SPY",
  "timestamp": "2026-03-27T16:05:12.871537",
  "current_price": 597.79,
  "forecast_minutes": 60,
  "technical_indicators": {
    "rsi": 60.87,
    "macd": {
      "line": 8.7852,
      "signal": 7.9067,
      "histogram": 0.8785
    },
    "bollinger_bands": {
      "upper": 615.74,
      "middle": 591.07,
      "lower": 566.4
    }
  },
  "bsm_analysis": {
    "greeks": {
      "delta": 0.5444,
      "gamma": 0.013326,
      "theta": -0.2415,
      "vega": 0.6795,
      "rho": 0.2567
    },
    "atm_call_price": 13.17,
    "atm_put_price": 10.6,
    "implied_move": 0.41
  },
  "prediction": {
    "signal": "NEUTRAL",
    "score": 1,
    "confidence": 25.0,
    "reasons": [
      "MACD histogram positive (bullish momentum)"
    ],
    "target_price": 597.87,
    "support": 596.29,
    "resistance": 599.54
  },
  "simulation": {
    "statistics": {
      "mean": 597.8744841309403,
      "std": 2.4463337706189163,
      "p05": 593.6167703857689,
      "p25": 596.293387969559,
      "p50": 597.907818932656,
      "p75": 599.5423745006433,
      "p95": 601.6993267614265,
      "min": 589.4521616480861,
      "max": 605.1589872632023
    },
    "simulations": 1000,
    "volatility": 0.1736
  }
}