{
  "ticker": "SPY",
  "timestamp": "2026-03-09T18:03:07.086024",
  "current_price": 595.57,
  "forecast_minutes": 60,
  "technical_indicators": {
    "rsi": 63.2,
    "macd": {
      "line": -4.1704,
      "signal": -3.7534,
      "histogram": -0.417
    },
    "bollinger_bands": {
      "upper": 601.88,
      "middle": 579.21,
      "lower": 556.54
    }
  },
  "bsm_analysis": {
    "greeks": {
      "delta": 0.5404,
      "gamma": 0.010947,
      "theta": -0.2839,
      "vega": 0.6777,
      "rho": 0.2516
    },
    "atm_call_price": 15.75,
    "atm_put_price": 13.19,
    "implied_move": 0.53
  },
  "prediction": {
    "signal": "NEUTRAL",
    "score": -1,
    "confidence": 25.0,
    "reasons": [
      "MACD histogram negative (bearish momentum)"
    ],
    "target_price": 595.64,
    "support": 593.54,
    "resistance": 597.71
  },
  "simulation": {
    "statistics": {
      "mean": 595.6437373735563,
      "std": 3.1552168594193355,
      "p05": 590.8358949326794,
      "p25": 593.53803766857,
      "p50": 595.4947862005197,
      "p75": 597.7058869907964,
      "p95": 601.2300044113979,
      "min": 586.3448266974915,
      "max": 605.8093175199377
    },
    "simulations": 1000,
    "volatility": 0.2124
  }
}