{
  "ticker": "SPY",
  "timestamp": "2026-02-19T13:52:14.009382",
  "current_price": 594.42,
  "forecast_minutes": 60,
  "technical_indicators": {
    "rsi": 30.78,
    "macd": {
      "line": 0.2947,
      "signal": 0.2652,
      "histogram": 0.0295
    },
    "bollinger_bands": {
      "upper": 657.86,
      "middle": 632.67,
      "lower": 607.47
    }
  },
  "bsm_analysis": {
    "greeks": {
      "delta": 0.5383,
      "gamma": 0.00937,
      "theta": -0.3239,
      "vega": 0.6767,
      "rho": 0.2481
    },
    "atm_call_price": 18.18,
    "atm_put_price": 15.62,
    "implied_move": 0.61
  },
  "prediction": {
    "signal": "NEUTRAL",
    "score": 1,
    "confidence": 25.0,
    "reasons": [
      "MACD histogram positive (bullish momentum)"
    ],
    "target_price": 594.54,
    "support": 592.09,
    "resistance": 597.11
  },
  "simulation": {
    "statistics": {
      "mean": 594.5417493544986,
      "std": 3.640253345431408,
      "p05": 588.3796687439262,
      "p25": 592.0923951993334,
      "p50": 594.4901130925349,
      "p75": 597.105341473353,
      "p95": 600.66860295556,
      "min": 583.8379816281131,
      "max": 605.2862861920013
    },
    "simulations": 1000,
    "volatility": 0.2487
  }
}