{
  "ticker": "SPY",
  "timestamp": "2026-02-28T15:26:18.838026",
  "current_price": 594.82,
  "forecast_minutes": 60,
  "technical_indicators": {
    "rsi": 78.35,
    "macd": {
      "line": 6.2073,
      "signal": 5.5866,
      "histogram": 0.6207
    },
    "bollinger_bands": {
      "upper": 583.58,
      "middle": 563.23,
      "lower": 542.88
    }
  },
  "bsm_analysis": {
    "greeks": {
      "delta": 0.542,
      "gamma": 0.011996,
      "theta": -0.263,
      "vega": 0.6765,
      "rho": 0.2531
    },
    "atm_call_price": 14.48,
    "atm_put_price": 11.92,
    "implied_move": 0.49
  },
  "prediction": {
    "signal": "NEUTRAL",
    "score": -1,
    "confidence": 25.0,
    "reasons": [
      "RSI indicates overbought conditions",
      "MACD histogram positive (bullish momentum)"
    ],
    "target_price": 594.87,
    "support": 592.94,
    "resistance": 596.9
  },
  "simulation": {
    "statistics": {
      "mean": 594.8721786902098,
      "std": 2.893089986202231,
      "p05": 590.081892472414,
      "p25": 592.9386806835664,
      "p50": 594.8966516285768,
      "p75": 596.8954884022736,
      "p95": 599.3958564346766,
      "min": 585.623254057696,
      "max": 603.6833391723629
    },
    "simulations": 1000,
    "volatility": 0.1939
  }
}