{
  "ticker": "SPY",
  "timestamp": "2026-03-22T00:41:38.317306",
  "current_price": 594.58,
  "forecast_minutes": 60,
  "technical_indicators": {
    "rsi": 40.89,
    "macd": {
      "line": -1.1267,
      "signal": -1.014,
      "histogram": -0.1127
    },
    "bollinger_bands": {
      "upper": 622.16,
      "middle": 609.8,
      "lower": 597.44
    }
  },
  "bsm_analysis": {
    "greeks": {
      "delta": 0.5387,
      "gamma": 0.009722,
      "theta": -0.3138,
      "vega": 0.6768,
      "rho": 0.2488
    },
    "atm_call_price": 17.57,
    "atm_put_price": 15.01,
    "implied_move": 0.59
  },
  "prediction": {
    "signal": "NEUTRAL",
    "score": -1,
    "confidence": 25.0,
    "reasons": [
      "MACD histogram negative (bearish momentum)"
    ],
    "target_price": 594.53,
    "support": 592.13,
    "resistance": 596.88
  },
  "simulation": {
    "statistics": {
      "mean": 594.5280016157179,
      "std": 3.498740597515081,
      "p05": 588.8829518183956,
      "p25": 592.1344216047114,
      "p50": 594.5131823309354,
      "p75": 596.8838973433166,
      "p95": 600.6278107141968,
      "min": 584.6563812701507,
      "max": 604.9287694032553
    },
    "simulations": 1000,
    "volatility": 0.2396
  }
}