{
  "ticker": "SPY",
  "timestamp": "2026-03-23T14:41:13.593030",
  "current_price": 592.03,
  "forecast_minutes": 60,
  "technical_indicators": {
    "rsi": 45.74,
    "macd": {
      "line": -1.8671,
      "signal": -1.6804,
      "histogram": -0.1867
    },
    "bollinger_bands": {
      "upper": 609.59,
      "middle": 595.6,
      "lower": 581.62
    }
  },
  "bsm_analysis": {
    "greeks": {
      "delta": 0.5471,
      "gamma": 0.01484,
      "theta": -0.2211,
      "vega": 0.6724,
      "rho": 0.2564
    },
    "atm_call_price": 11.95,
    "atm_put_price": 9.4,
    "implied_move": 0.4
  },
  "prediction": {
    "signal": "NEUTRAL",
    "score": -1,
    "confidence": 25.0,
    "reasons": [
      "MACD histogram negative (bearish momentum)"
    ],
    "target_price": 592.18,
    "support": 590.5,
    "resistance": 593.84
  },
  "simulation": {
    "statistics": {
      "mean": 592.1819131451314,
      "std": 2.3573419056313947,
      "p05": 588.3162673675736,
      "p25": 590.4981792757853,
      "p50": 592.2756756860667,
      "p75": 593.8363809291644,
      "p95": 595.9303229886941,
      "min": 585.0498480424858,
      "max": 599.6044664019424
    },
    "simulations": 1000,
    "volatility": 0.1573
  }
}