{
  "ticker": "SPY",
  "timestamp": "2026-04-14T10:19:04.584362",
  "current_price": 597.16,
  "forecast_minutes": 60,
  "technical_indicators": {
    "rsi": 62.9,
    "macd": {
      "line": 4.0592,
      "signal": 3.6533,
      "histogram": 0.4059
    },
    "bollinger_bands": {
      "upper": 601.65,
      "middle": 586.01,
      "lower": 570.36
    }
  },
  "bsm_analysis": {
    "greeks": {
      "delta": 0.5464,
      "gamma": 0.014364,
      "theta": -0.2273,
      "vega": 0.6784,
      "rho": 0.258
    },
    "atm_call_price": 12.31,
    "atm_put_price": 9.74,
    "implied_move": 0.41
  },
  "prediction": {
    "signal": "NEUTRAL",
    "score": 1,
    "confidence": 25.0,
    "reasons": [
      "MACD histogram positive (bullish momentum)"
    ],
    "target_price": 597.05,
    "support": 595.41,
    "resistance": 598.7
  },
  "simulation": {
    "statistics": {
      "mean": 597.052664356206,
      "std": 2.4403600875652285,
      "p05": 593.1250085709858,
      "p25": 595.4116091153678,
      "p50": 597.0600176919963,
      "p75": 598.6968034084658,
      "p95": 601.0618318479388,
      "min": 589.0476564685283,
      "max": 604.1618597931199
    },
    "simulations": 1000,
    "volatility": 0.1611
  }
}