{
  "ticker": "SPY",
  "timestamp": "2026-03-30T08:39:35.711136",
  "current_price": 595.16,
  "forecast_minutes": 60,
  "technical_indicators": {
    "rsi": 34.2,
    "macd": {
      "line": 0.6208,
      "signal": 0.5587,
      "histogram": 0.0621
    },
    "bollinger_bands": {
      "upper": 647.17,
      "middle": 626.62,
      "lower": 606.07
    }
  },
  "bsm_analysis": {
    "greeks": {
      "delta": 0.5372,
      "gamma": 0.008036,
      "theta": -0.3702,
      "vega": 0.6777,
      "rho": 0.2456
    },
    "atm_call_price": 20.98,
    "atm_put_price": 18.42,
    "implied_move": 0.68
  },
  "prediction": {
    "signal": "NEUTRAL",
    "score": 1,
    "confidence": 25.0,
    "reasons": [
      "MACD histogram positive (bullish momentum)"
    ],
    "target_price": 595.21,
    "support": 592.64,
    "resistance": 597.96
  },
  "simulation": {
    "statistics": {
      "mean": 595.2104137345871,
      "std": 4.054916865122916,
      "p05": 588.2842262677224,
      "p25": 592.6421728969333,
      "p50": 595.117250313446,
      "p75": 597.9563190616067,
      "p95": 601.5989202893693,
      "min": 581.3135585617264,
      "max": 612.3489096410782
    },
    "simulations": 1000,
    "volatility": 0.2897
  }
}