{
  "ticker": "SPY",
  "timestamp": "2026-03-29T11:54:17.705271",
  "current_price": 592.29,
  "forecast_minutes": 60,
  "technical_indicators": {
    "rsi": 69.23,
    "macd": {
      "line": 5.8336,
      "signal": 5.2503,
      "histogram": 0.5834
    },
    "bollinger_bands": {
      "upper": 618.22,
      "middle": 588.59,
      "lower": 558.95
    }
  },
  "bsm_analysis": {
    "greeks": {
      "delta": 0.5412,
      "gamma": 0.011544,
      "theta": -0.2713,
      "vega": 0.6738,
      "rho": 0.2511
    },
    "atm_call_price": 14.99,
    "atm_put_price": 12.44,
    "implied_move": 0.49
  },
  "prediction": {
    "signal": "NEUTRAL",
    "score": 1,
    "confidence": 25.0,
    "reasons": [
      "MACD histogram positive (bullish momentum)"
    ],
    "target_price": 592.16,
    "support": 590.18,
    "resistance": 594.17
  },
  "simulation": {
    "statistics": {
      "mean": 592.1574976357177,
      "std": 2.886785119161879,
      "p05": 587.3970796828185,
      "p25": 590.1765348469023,
      "p50": 592.1248339318379,
      "p75": 594.1732239148355,
      "p95": 596.7567575459277,
      "min": 582.0504302695114,
      "max": 601.9001846109627
    },
    "simulations": 1000,
    "volatility": 0.2024
  }
}