{
  "ticker": "SPY",
  "timestamp": "2026-03-21T15:43:31.504614",
  "current_price": 594.51,
  "forecast_minutes": 60,
  "technical_indicators": {
    "rsi": 55.83,
    "macd": {
      "line": 3.1125,
      "signal": 2.8012,
      "histogram": 0.3112
    },
    "bollinger_bands": {
      "upper": 595.98,
      "middle": 584.37,
      "lower": 572.76
    }
  },
  "bsm_analysis": {
    "greeks": {
      "delta": 0.549,
      "gamma": 0.015726,
      "theta": -0.2115,
      "vega": 0.6748,
      "rho": 0.2589
    },
    "atm_call_price": 11.35,
    "atm_put_price": 8.79,
    "implied_move": 0.37
  },
  "prediction": {
    "signal": "NEUTRAL",
    "score": 1,
    "confidence": 25.0,
    "reasons": [
      "MACD histogram positive (bullish momentum)"
    ],
    "target_price": 594.52,
    "support": 593.08,
    "resistance": 595.99
  },
  "simulation": {
    "statistics": {
      "mean": 594.5205026135948,
      "std": 2.2076950368763835,
      "p05": 591.0521510387763,
      "p25": 593.0763366082575,
      "p50": 594.4312717918278,
      "p75": 595.9899772135053,
      "p95": 598.2386271502357,
      "min": 587.588911197695,
      "max": 600.5492209747979
    },
    "simulations": 1000,
    "volatility": 0.1477
  }
}