{
  "ticker": "SPY",
  "timestamp": "2026-02-27T11:44:38.110884",
  "current_price": 592.11,
  "forecast_minutes": 60,
  "technical_indicators": {
    "rsi": 67.18,
    "macd": {
      "line": 0.9224,
      "signal": 0.8301,
      "histogram": 0.0922
    },
    "bollinger_bands": {
      "upper": 578.88,
      "middle": 562.95,
      "lower": 547.03
    }
  },
  "bsm_analysis": {
    "greeks": {
      "delta": 0.5404,
      "gamma": 0.011068,
      "theta": -0.281,
      "vega": 0.6737,
      "rho": 0.2502
    },
    "atm_call_price": 15.58,
    "atm_put_price": 13.03,
    "implied_move": 0.52
  },
  "prediction": {
    "signal": "NEUTRAL",
    "score": 1,
    "confidence": 25.0,
    "reasons": [
      "MACD histogram positive (bullish momentum)"
    ],
    "target_price": 592.14,
    "support": 589.97,
    "resistance": 594.29
  },
  "simulation": {
    "statistics": {
      "mean": 592.1443058423281,
      "std": 3.107740402439069,
      "p05": 587.069541651169,
      "p25": 589.9653211418524,
      "p50": 592.223536872542,
      "p75": 594.2928387240435,
      "p95": 597.254605313446,
      "min": 583.1365877812699,
      "max": 601.7377033993298
    },
    "simulations": 1000,
    "volatility": 0.2112
  }
}