{
  "ticker": "SPY",
  "timestamp": "2026-03-23T10:10:06.979193",
  "current_price": 594.19,
  "forecast_minutes": 60,
  "technical_indicators": {
    "rsi": 47.08,
    "macd": {
      "line": -1.2778,
      "signal": -1.15,
      "histogram": -0.1278
    },
    "bollinger_bands": {
      "upper": 602.69,
      "middle": 595.51,
      "lower": 588.33
    }
  },
  "bsm_analysis": {
    "greeks": {
      "delta": 0.5427,
      "gamma": 0.01246,
      "theta": -0.2548,
      "vega": 0.6757,
      "rho": 0.2536
    },
    "atm_call_price": 13.99,
    "atm_put_price": 11.43,
    "implied_move": 0.45
  },
  "prediction": {
    "signal": "NEUTRAL",
    "score": -1,
    "confidence": 25.0,
    "reasons": [
      "MACD histogram negative (bearish momentum)"
    ],
    "target_price": 594.1,
    "support": 592.26,
    "resistance": 595.87
  },
  "simulation": {
    "statistics": {
      "mean": 594.1043788028402,
      "std": 2.6642189320167162,
      "p05": 589.8350426127072,
      "p25": 592.2587444937585,
      "p50": 594.1190799488556,
      "p75": 595.8735802315615,
      "p95": 598.6445998787739,
      "min": 586.2861128888389,
      "max": 603.1870620891196
    },
    "simulations": 1000,
    "volatility": 0.1869
  }
}