{
  "ticker": "SPY",
  "timestamp": "2026-03-08T07:16:44.022828",
  "current_price": 597.55,
  "forecast_minutes": 60,
  "technical_indicators": {
    "rsi": 41.39,
    "macd": {
      "line": 2.2302,
      "signal": 2.0072,
      "histogram": 0.223
    },
    "bollinger_bands": {
      "upper": 618.18,
      "middle": 606.09,
      "lower": 594.0
    }
  },
  "bsm_analysis": {
    "greeks": {
      "delta": 0.5414,
      "gamma": 0.01159,
      "theta": -0.2708,
      "vega": 0.6797,
      "rho": 0.2536
    },
    "atm_call_price": 14.95,
    "atm_put_price": 12.38,
    "implied_move": 0.49
  },
  "prediction": {
    "signal": "NEUTRAL",
    "score": 1,
    "confidence": 25.0,
    "reasons": [
      "MACD histogram positive (bullish momentum)"
    ],
    "target_price": 597.51,
    "support": 595.57,
    "resistance": 599.52
  },
  "simulation": {
    "statistics": {
      "mean": 597.5130544542537,
      "std": 2.9209056092760366,
      "p05": 592.6111441437879,
      "p25": 595.5674609147478,
      "p50": 597.3626320560008,
      "p75": 599.5175834498688,
      "p95": 602.3078244430491,
      "min": 587.7062602186186,
      "max": 607.6417949599273
    },
    "simulations": 1000,
    "volatility": 0.1999
  }
}