{
  "ticker": "SPY",
  "timestamp": "2026-02-25T18:09:44.055246",
  "current_price": 596.84,
  "forecast_minutes": 60,
  "technical_indicators": {
    "rsi": 64.3,
    "macd": {
      "line": -0.6079,
      "signal": -0.5471,
      "histogram": -0.0608
    },
    "bollinger_bands": {
      "upper": 590.62,
      "middle": 565.73,
      "lower": 540.83
    }
  },
  "bsm_analysis": {
    "greeks": {
      "delta": 0.5382,
      "gamma": 0.0092,
      "theta": -0.3292,
      "vega": 0.6795,
      "rho": 0.2488
    },
    "atm_call_price": 18.5,
    "atm_put_price": 15.93,
    "implied_move": 0.62
  },
  "prediction": {
    "signal": "NEUTRAL",
    "score": -1,
    "confidence": 25.0,
    "reasons": [
      "MACD histogram negative (bearish momentum)"
    ],
    "target_price": 596.72,
    "support": 594.19,
    "resistance": 599.19
  },
  "simulation": {
    "statistics": {
      "mean": 596.7186812113654,
      "std": 3.7234331521905895,
      "p05": 590.5145055437245,
      "p25": 594.1881377222468,
      "p50": 596.7028223243617,
      "p75": 599.185256100255,
      "p95": 602.7532874147928,
      "min": 583.357572061216,
      "max": 608.5176628933879
    },
    "simulations": 1000,
    "volatility": 0.2523
  }
}