{
  "ticker": "SPY",
  "timestamp": "2026-04-02T20:00:49.613775",
  "current_price": 594.57,
  "forecast_minutes": 60,
  "technical_indicators": {
    "rsi": 80.04,
    "macd": {
      "line": 2.5301,
      "signal": 2.2771,
      "histogram": 0.253
    },
    "bollinger_bands": {
      "upper": 568.19,
      "middle": 542.97,
      "lower": 517.75
    }
  },
  "bsm_analysis": {
    "greeks": {
      "delta": 0.538,
      "gamma": 0.005684,
      "theta": -0.5043,
      "vega": 0.6769,
      "rho": 0.239
    },
    "atm_call_price": 29.1,
    "atm_put_price": 26.54,
    "implied_move": 1.06
  },
  "prediction": {
    "signal": "NEUTRAL",
    "score": -1,
    "confidence": 25.0,
    "reasons": [
      "RSI indicates overbought conditions",
      "MACD histogram positive (bullish momentum)"
    ],
    "target_price": 594.71,
    "support": 590.63,
    "resistance": 599.0
  },
  "simulation": {
    "statistics": {
      "mean": 594.7057503916413,
      "std": 6.2930616834812785,
      "p05": 584.6137717462116,
      "p25": 590.6340190395033,
      "p50": 594.7418469512945,
      "p75": 599.0010759305708,
      "p95": 604.7084315663224,
      "min": 575.9845569823062,
      "max": 613.154503578291
    },
    "simulations": 1000,
    "volatility": 0.4099
  }
}