{
  "ticker": "SPY",
  "timestamp": "2026-03-11T19:57:31.635210",
  "current_price": 592.19,
  "forecast_minutes": 60,
  "technical_indicators": {
    "rsi": 68.09,
    "macd": {
      "line": -0.8343,
      "signal": -0.7509,
      "histogram": -0.0834
    },
    "bollinger_bands": {
      "upper": 577.21,
      "middle": 557.67,
      "lower": 538.12
    }
  },
  "bsm_analysis": {
    "greeks": {
      "delta": 0.5376,
      "gamma": 0.008622,
      "theta": -0.3479,
      "vega": 0.6743,
      "rho": 0.2455
    },
    "atm_call_price": 19.64,
    "atm_put_price": 17.09,
    "implied_move": 0.67
  },
  "prediction": {
    "signal": "NEUTRAL",
    "score": -1,
    "confidence": 25.0,
    "reasons": [
      "MACD histogram negative (bearish momentum)"
    ],
    "target_price": 592.17,
    "support": 589.39,
    "resistance": 594.92
  },
  "simulation": {
    "statistics": {
      "mean": 592.1699207302353,
      "std": 3.9565491965020754,
      "p05": 585.6393979935146,
      "p25": 589.3938405687862,
      "p50": 592.3899101329907,
      "p75": 594.9187006768378,
      "p95": 598.3970445301396,
      "min": 578.9939781058516,
      "max": 604.4306826883109
    },
    "simulations": 1000,
    "volatility": 0.2713
  }
}