{
  "ticker": "SPY",
  "timestamp": "2026-03-27T19:08:25.472989",
  "current_price": 594.89,
  "forecast_minutes": 60,
  "technical_indicators": {
    "rsi": 39.94,
    "macd": {
      "line": 2.6645,
      "signal": 2.398,
      "histogram": 0.2664
    },
    "bollinger_bands": {
      "upper": 628.25,
      "middle": 611.71,
      "lower": 595.17
    }
  },
  "bsm_analysis": {
    "greeks": {
      "delta": 0.5427,
      "gamma": 0.012445,
      "theta": -0.2551,
      "vega": 0.6765,
      "rho": 0.2539
    },
    "atm_call_price": 14.01,
    "atm_put_price": 11.45,
    "implied_move": 0.48
  },
  "prediction": {
    "signal": "NEUTRAL",
    "score": 1,
    "confidence": 25.0,
    "reasons": [
      "MACD histogram positive (bullish momentum)"
    ],
    "target_price": 595.0,
    "support": 593.06,
    "resistance": 596.92
  },
  "simulation": {
    "statistics": {
      "mean": 595.0017648657451,
      "std": 2.8293736453390075,
      "p05": 590.3407202782812,
      "p25": 593.0619899652683,
      "p50": 594.9406808373055,
      "p75": 596.9165420803929,
      "p95": 599.6684854187357,
      "min": 584.817124004251,
      "max": 604.8361750731859
    },
    "simulations": 1000,
    "volatility": 0.1869
  }
}