{
  "ticker": "SPY",
  "timestamp": "2026-03-09T05:32:28.845875",
  "current_price": 595.5,
  "forecast_minutes": 60,
  "technical_indicators": {
    "rsi": 65.25,
    "macd": {
      "line": 4.7293,
      "signal": 4.2564,
      "histogram": 0.4729
    },
    "bollinger_bands": {
      "upper": 594.55,
      "middle": 575.62,
      "lower": 556.69
    }
  },
  "bsm_analysis": {
    "greeks": {
      "delta": 0.5439,
      "gamma": 0.013092,
      "theta": -0.2448,
      "vega": 0.677,
      "rho": 0.2552
    },
    "atm_call_price": 13.38,
    "atm_put_price": 10.82,
    "implied_move": 0.43
  },
  "prediction": {
    "signal": "NEUTRAL",
    "score": 1,
    "confidence": 25.0,
    "reasons": [
      "MACD histogram positive (bullish momentum)"
    ],
    "target_price": 595.46,
    "support": 593.83,
    "resistance": 597.26
  },
  "simulation": {
    "statistics": {
      "mean": 595.4574798566075,
      "std": 2.565596416835481,
      "p05": 591.1165653634993,
      "p25": 593.8336496970592,
      "p50": 595.5463027822263,
      "p75": 597.2642432255905,
      "p95": 599.8232822492042,
      "min": 586.6220373952567,
      "max": 604.11418493187
    },
    "simulations": 1000,
    "volatility": 0.1774
  }
}