{
  "ticker": "SPY",
  "timestamp": "2026-03-10T07:06:44.816581",
  "current_price": 596.03,
  "forecast_minutes": 60,
  "technical_indicators": {
    "rsi": 54.3,
    "macd": {
      "line": -1.6614,
      "signal": -1.4952,
      "histogram": -0.1661
    },
    "bollinger_bands": {
      "upper": 597.69,
      "middle": 585.7,
      "lower": 573.71
    }
  },
  "bsm_analysis": {
    "greeks": {
      "delta": 0.5395,
      "gamma": 0.010315,
      "theta": -0.2985,
      "vega": 0.6784,
      "rho": 0.2506
    },
    "atm_call_price": 16.64,
    "atm_put_price": 14.07,
    "implied_move": 0.59
  },
  "prediction": {
    "signal": "NEUTRAL",
    "score": -1,
    "confidence": 25.0,
    "reasons": [
      "MACD histogram negative (bearish momentum)"
    ],
    "target_price": 596.03,
    "support": 593.73,
    "resistance": 598.29
  },
  "simulation": {
    "statistics": {
      "mean": 596.0333672581284,
      "std": 3.5040770749982526,
      "p05": 590.1872094604443,
      "p25": 593.7338285227181,
      "p50": 596.0107190800887,
      "p75": 598.2856488306247,
      "p95": 601.8838828278506,
      "min": 584.9039196055811,
      "max": 606.6046540158308
    },
    "simulations": 1000,
    "volatility": 0.2252
  }
}