{
  "ticker": "SPY",
  "timestamp": "2026-03-14T21:13:02.617067",
  "current_price": 595.23,
  "forecast_minutes": 60,
  "technical_indicators": {
    "rsi": 59.35,
    "macd": {
      "line": 2.0385,
      "signal": 1.8346,
      "histogram": 0.2038
    },
    "bollinger_bands": {
      "upper": 602.01,
      "middle": 587.67,
      "lower": 573.32
    }
  },
  "bsm_analysis": {
    "greeks": {
      "delta": 0.5508,
      "gamma": 0.016597,
      "theta": -0.2028,
      "vega": 0.6752,
      "rho": 0.2606
    },
    "atm_call_price": 10.83,
    "atm_put_price": 8.26,
    "implied_move": 0.35
  },
  "prediction": {
    "signal": "NEUTRAL",
    "score": 1,
    "confidence": 25.0,
    "reasons": [
      "MACD histogram positive (bullish momentum)"
    ],
    "target_price": 595.29,
    "support": 593.82,
    "resistance": 596.69
  },
  "simulation": {
    "statistics": {
      "mean": 595.2850187785733,
      "std": 2.1087968305343066,
      "p05": 591.715791409578,
      "p25": 593.8188279207264,
      "p50": 595.2964386139529,
      "p75": 596.6923471786678,
      "p95": 598.9014527099074,
      "min": 588.8639557716456,
      "max": 603.2188494309265
    },
    "simulations": 1000,
    "volatility": 0.1397
  }
}