{
  "ticker": "SPY",
  "timestamp": "2026-03-06T17:17:57.041973",
  "current_price": 595.44,
  "forecast_minutes": 60,
  "technical_indicators": {
    "rsi": 31.14,
    "macd": {
      "line": -8.6554,
      "signal": -7.7899,
      "histogram": -0.8655
    },
    "bollinger_bands": {
      "upper": 640.3,
      "middle": 612.38,
      "lower": 584.47
    }
  },
  "bsm_analysis": {
    "greeks": {
      "delta": 0.5417,
      "gamma": 0.011827,
      "theta": -0.2661,
      "vega": 0.6773,
      "rho": 0.2531
    },
    "atm_call_price": 14.67,
    "atm_put_price": 12.11,
    "implied_move": 0.5
  },
  "prediction": {
    "signal": "NEUTRAL",
    "score": -1,
    "confidence": 25.0,
    "reasons": [
      "MACD histogram negative (bearish momentum)"
    ],
    "target_price": 595.45,
    "support": 593.4,
    "resistance": 597.44
  },
  "simulation": {
    "statistics": {
      "mean": 595.4503372901653,
      "std": 2.9590168862859585,
      "p05": 590.3897626904721,
      "p25": 593.3964783850922,
      "p50": 595.56648223398,
      "p75": 597.443312431671,
      "p95": 600.2479546665742,
      "min": 586.4009755128063,
      "max": 603.6310148077532
    },
    "simulations": 1000,
    "volatility": 0.1965
  }
}