{
  "ticker": "SPY",
  "timestamp": "2026-03-23T07:43:56.083562",
  "current_price": 593.57,
  "forecast_minutes": 60,
  "technical_indicators": {
    "rsi": 49.09,
    "macd": {
      "line": 0.3822,
      "signal": 0.3439,
      "histogram": 0.0382
    },
    "bollinger_bands": {
      "upper": 601.75,
      "middle": 591.41,
      "lower": 581.08
    }
  },
  "bsm_analysis": {
    "greeks": {
      "delta": 0.5512,
      "gamma": 0.016832,
      "theta": -0.2005,
      "vega": 0.6733,
      "rho": 0.2601
    },
    "atm_call_price": 10.69,
    "atm_put_price": 8.13,
    "implied_move": 0.34
  },
  "prediction": {
    "signal": "NEUTRAL",
    "score": 1,
    "confidence": 25.0,
    "reasons": [
      "MACD histogram positive (bullish momentum)"
    ],
    "target_price": 593.51,
    "support": 592.12,
    "resistance": 594.94
  },
  "simulation": {
    "statistics": {
      "mean": 593.5132319465681,
      "std": 2.028414847323577,
      "p05": 590.1799871669494,
      "p25": 592.116784738849,
      "p50": 593.4807805209382,
      "p75": 594.9407202667039,
      "p95": 596.8610836598762,
      "min": 587.894801854435,
      "max": 598.8374533167281
    },
    "simulations": 1000,
    "volatility": 0.1381
  }
}