{
  "ticker": "SPY",
  "timestamp": "2026-03-12T06:49:40.367979",
  "current_price": 596.07,
  "forecast_minutes": 60,
  "technical_indicators": {
    "rsi": 52.9,
    "macd": {
      "line": 3.2313,
      "signal": 2.9082,
      "histogram": 0.3231
    },
    "bollinger_bands": {
      "upper": 620.44,
      "middle": 600.1,
      "lower": 579.76
    }
  },
  "bsm_analysis": {
    "greeks": {
      "delta": 0.5518,
      "gamma": 0.017025,
      "theta": -0.199,
      "vega": 0.676,
      "rho": 0.2616
    },
    "atm_call_price": 10.59,
    "atm_put_price": 8.02,
    "implied_move": 0.35
  },
  "prediction": {
    "signal": "NEUTRAL",
    "score": 1,
    "confidence": 25.0,
    "reasons": [
      "MACD histogram positive (bullish momentum)"
    ],
    "target_price": 596.01,
    "support": 594.6,
    "resistance": 597.39
  },
  "simulation": {
    "statistics": {
      "mean": 596.0109564591879,
      "std": 2.056934465026621,
      "p05": 592.6313992296464,
      "p25": 594.6019061269367,
      "p50": 595.9670425077388,
      "p75": 597.3933005334835,
      "p95": 599.5001445699435,
      "min": 590.3077229906966,
      "max": 601.2526829342203
    },
    "simulations": 1000,
    "volatility": 0.136
  }
}