{
  "ticker": "SPY",
  "timestamp": "2026-02-20T08:59:43.857014",
  "current_price": 594.51,
  "forecast_minutes": 60,
  "technical_indicators": {
    "rsi": 51.23,
    "macd": {
      "line": 0.2915,
      "signal": 0.2623,
      "histogram": 0.0291
    },
    "bollinger_bands": {
      "upper": 606.96,
      "middle": 596.33,
      "lower": 585.69
    }
  },
  "bsm_analysis": {
    "greeks": {
      "delta": 0.5499,
      "gamma": 0.01617,
      "theta": -0.2069,
      "vega": 0.6746,
      "rho": 0.2596
    },
    "atm_call_price": 11.08,
    "atm_put_price": 8.52,
    "implied_move": 0.36
  },
  "prediction": {
    "signal": "NEUTRAL",
    "score": 1,
    "confidence": 25.0,
    "reasons": [
      "MACD histogram positive (bullish momentum)"
    ],
    "target_price": 594.58,
    "support": 593.15,
    "resistance": 596.03
  },
  "simulation": {
    "statistics": {
      "mean": 594.5823438679588,
      "std": 2.155725976731127,
      "p05": 590.9050046817947,
      "p25": 593.14537673842,
      "p50": 594.6218359222489,
      "p75": 596.034839803832,
      "p95": 598.1354113045506,
      "min": 588.2973524173008,
      "max": 601.5763403676527
    },
    "simulations": 1000,
    "volatility": 0.1436
  }
}