{
  "ticker": "SPY",
  "timestamp": "2026-04-12T05:46:59.645256",
  "current_price": 595.87,
  "forecast_minutes": 60,
  "technical_indicators": {
    "rsi": 36.75,
    "macd": {
      "line": -4.3889,
      "signal": -3.95,
      "histogram": -0.4389
    },
    "bollinger_bands": {
      "upper": 622.92,
      "middle": 607.36,
      "lower": 591.8
    }
  },
  "bsm_analysis": {
    "greeks": {
      "delta": 0.5457,
      "gamma": 0.014037,
      "theta": -0.2315,
      "vega": 0.677,
      "rho": 0.2569
    },
    "atm_call_price": 12.57,
    "atm_put_price": 10.0,
    "implied_move": 0.4
  },
  "prediction": {
    "signal": "NEUTRAL",
    "score": -1,
    "confidence": 25.0,
    "reasons": [
      "MACD histogram negative (bearish momentum)"
    ],
    "target_price": 595.9,
    "support": 594.18,
    "resistance": 597.64
  },
  "simulation": {
    "statistics": {
      "mean": 595.9014922180766,
      "std": 2.380971274019793,
      "p05": 592.0185714031438,
      "p25": 594.1823148989043,
      "p50": 595.9606073529197,
      "p75": 597.637846098328,
      "p95": 599.754568074288,
      "min": 587.9600455965314,
      "max": 605.661174348997
    },
    "simulations": 1000,
    "volatility": 0.1653
  }
}