{
  "ticker": "SPY",
  "timestamp": "2026-03-27T17:35:00.632270",
  "current_price": 594.78,
  "forecast_minutes": 60,
  "technical_indicators": {
    "rsi": 69.04,
    "macd": {
      "line": -1.2897,
      "signal": -1.1607,
      "histogram": -0.129
    },
    "bollinger_bands": {
      "upper": 575.08,
      "middle": 545.92,
      "lower": 516.76
    }
  },
  "bsm_analysis": {
    "greeks": {
      "delta": 0.5423,
      "gamma": 0.004235,
      "theta": -0.6602,
      "vega": 0.6764,
      "rho": 0.2334
    },
    "atm_call_price": 38.55,
    "atm_put_price": 35.99,
    "implied_move": 1.32
  },
  "prediction": {
    "signal": "NEUTRAL",
    "score": -1,
    "confidence": 25.0,
    "reasons": [
      "MACD histogram negative (bearish momentum)"
    ],
    "target_price": 594.98,
    "support": 589.63,
    "resistance": 600.36
  },
  "simulation": {
    "statistics": {
      "mean": 594.9824158631587,
      "std": 7.8740367281590915,
      "p05": 582.7505617526948,
      "p25": 589.6277415896016,
      "p50": 594.6716116542182,
      "p75": 600.3566801847571,
      "p95": 608.7510555023075,
      "min": 572.3615172632951,
      "max": 621.9892270773123
    },
    "simulations": 1000,
    "volatility": 0.5494
  }
}