{
  "ticker": "SPY",
  "timestamp": "2026-02-10T13:52:44.251962",
  "current_price": 594.79,
  "forecast_minutes": 60,
  "technical_indicators": {
    "rsi": 63.42,
    "macd": {
      "line": 2.7399,
      "signal": 2.4659,
      "histogram": 0.274
    },
    "bollinger_bands": {
      "upper": 586.34,
      "middle": 571.44,
      "lower": 556.53
    }
  },
  "bsm_analysis": {
    "greeks": {
      "delta": 0.5376,
      "gamma": 0.008532,
      "theta": -0.3513,
      "vega": 0.6773,
      "rho": 0.2465
    },
    "atm_call_price": 19.83,
    "atm_put_price": 17.27,
    "implied_move": 0.66
  },
  "prediction": {
    "signal": "NEUTRAL",
    "score": 1,
    "confidence": 25.0,
    "reasons": [
      "MACD histogram positive (bullish momentum)"
    ],
    "target_price": 594.73,
    "support": 592.09,
    "resistance": 597.22
  },
  "simulation": {
    "statistics": {
      "mean": 594.7326970329226,
      "std": 3.9181355115249623,
      "p05": 588.1456167071559,
      "p25": 592.0903910199836,
      "p50": 594.7719265448036,
      "p75": 597.2237841442991,
      "p95": 601.2669666107817,
      "min": 580.4341682272557,
      "max": 608.7149733112533
    },
    "simulations": 1000,
    "volatility": 0.273
  }
}