{
  "ticker": "SPY",
  "timestamp": "2026-02-16T18:54:16.049075",
  "current_price": 596.45,
  "forecast_minutes": 60,
  "technical_indicators": {
    "rsi": 33.64,
    "macd": {
      "line": -2.9634,
      "signal": -2.6671,
      "histogram": -0.2963
    },
    "bollinger_bands": {
      "upper": 633.82,
      "middle": 619.01,
      "lower": 604.21
    }
  },
  "bsm_analysis": {
    "greeks": {
      "delta": 0.5413,
      "gamma": 0.011549,
      "theta": -0.2715,
      "vega": 0.6785,
      "rho": 0.253
    },
    "atm_call_price": 15.0,
    "atm_put_price": 12.43,
    "implied_move": 0.5
  },
  "prediction": {
    "signal": "NEUTRAL",
    "score": -1,
    "confidence": 25.0,
    "reasons": [
      "MACD histogram negative (bearish momentum)"
    ],
    "target_price": 596.4,
    "support": 594.41,
    "resistance": 598.35
  },
  "simulation": {
    "statistics": {
      "mean": 596.3973749604519,
      "std": 2.992073398650321,
      "p05": 591.4356379666926,
      "p25": 594.4125849782005,
      "p50": 596.3482076768124,
      "p75": 598.3525683126799,
      "p95": 601.6610803088632,
      "min": 586.4521191686597,
      "max": 605.0009171978827
    },
    "simulations": 1000,
    "volatility": 0.2009
  }
}