{
  "ticker": "SPY",
  "timestamp": "2026-03-02T18:49:24.835257",
  "current_price": 594.72,
  "forecast_minutes": 60,
  "technical_indicators": {
    "rsi": 44.64,
    "macd": {
      "line": -5.9102,
      "signal": -5.3192,
      "histogram": -0.591
    },
    "bollinger_bands": {
      "upper": 619.21,
      "middle": 597.47,
      "lower": 575.73
    }
  },
  "bsm_analysis": {
    "greeks": {
      "delta": 0.5416,
      "gamma": 0.011798,
      "theta": -0.2666,
      "vega": 0.6765,
      "rho": 0.2527
    },
    "atm_call_price": 14.7,
    "atm_put_price": 12.14,
    "implied_move": 0.51
  },
  "prediction": {
    "signal": "NEUTRAL",
    "score": -1,
    "confidence": 25.0,
    "reasons": [
      "MACD histogram negative (bearish momentum)"
    ],
    "target_price": 594.53,
    "support": 592.46,
    "resistance": 596.57
  },
  "simulation": {
    "statistics": {
      "mean": 594.5296083803181,
      "std": 3.0261715376192346,
      "p05": 589.7863420848972,
      "p25": 592.4600706242011,
      "p50": 594.3829282513273,
      "p75": 596.5702437263074,
      "p95": 599.6157313565237,
      "min": 584.9198878662176,
      "max": 605.4640935881702
    },
    "simulations": 1000,
    "volatility": 0.1972
  }
}