{
  "ticker": "SPY",
  "timestamp": "2026-03-31T23:46:13.400363",
  "current_price": 592.31,
  "forecast_minutes": 60,
  "technical_indicators": {
    "rsi": 57.92,
    "macd": {
      "line": 2.624,
      "signal": 2.3616,
      "histogram": 0.2624
    },
    "bollinger_bands": {
      "upper": 594.57,
      "middle": 580.1,
      "lower": 565.63
    }
  },
  "bsm_analysis": {
    "greeks": {
      "delta": 0.5435,
      "gamma": 0.012963,
      "theta": -0.2466,
      "vega": 0.6734,
      "rho": 0.2535
    },
    "atm_call_price": 13.49,
    "atm_put_price": 10.94,
    "implied_move": 0.45
  },
  "prediction": {
    "signal": "NEUTRAL",
    "score": 1,
    "confidence": 25.0,
    "reasons": [
      "MACD histogram positive (bullish momentum)"
    ],
    "target_price": 592.36,
    "support": 590.66,
    "resistance": 594.17
  },
  "simulation": {
    "statistics": {
      "mean": 592.3619551930535,
      "std": 2.6434632370506868,
      "p05": 588.0748597795582,
      "p25": 590.6611566983074,
      "p50": 592.3021143981964,
      "p75": 594.1671100181768,
      "p95": 596.727706981773,
      "min": 583.8909216265993,
      "max": 600.2410795944248
    },
    "simulations": 1000,
    "volatility": 0.1802
  }
}