{
  "ticker": "SPY",
  "timestamp": "2026-03-14T22:45:02.965100",
  "current_price": 596.77,
  "forecast_minutes": 60,
  "technical_indicators": {
    "rsi": 62.66,
    "macd": {
      "line": 2.3384,
      "signal": 2.1046,
      "histogram": 0.2338
    },
    "bollinger_bands": {
      "upper": 586.81,
      "middle": 567.84,
      "lower": 548.86
    }
  },
  "bsm_analysis": {
    "greeks": {
      "delta": 0.5371,
      "gamma": 0.00665,
      "theta": -0.438,
      "vega": 0.6796,
      "rho": 0.2428
    },
    "atm_call_price": 25.08,
    "atm_put_price": 22.51,
    "implied_move": 0.86
  },
  "prediction": {
    "signal": "NEUTRAL",
    "score": 1,
    "confidence": 25.0,
    "reasons": [
      "MACD histogram positive (bullish momentum)"
    ],
    "target_price": 596.82,
    "support": 593.38,
    "resistance": 600.37
  },
  "simulation": {
    "statistics": {
      "mean": 596.8191752478075,
      "std": 5.103667930756878,
      "p05": 588.0527786829285,
      "p25": 593.3785517910619,
      "p50": 596.8254483918142,
      "p75": 600.3705600548915,
      "p95": 605.147312648759,
      "min": 582.5663816905502,
      "max": 612.5807664932919
    },
    "simulations": 1000,
    "volatility": 0.3491
  }
}