{
  "ticker": "SPY",
  "timestamp": "2026-02-28T21:39:08.125234",
  "current_price": 594.75,
  "forecast_minutes": 60,
  "technical_indicators": {
    "rsi": 60.23,
    "macd": {
      "line": 3.5432,
      "signal": 3.1889,
      "histogram": 0.3543
    },
    "bollinger_bands": {
      "upper": 603.69,
      "middle": 588.85,
      "lower": 574.01
    }
  },
  "bsm_analysis": {
    "greeks": {
      "delta": 0.5493,
      "gamma": 0.015869,
      "theta": -0.21,
      "vega": 0.675,
      "rho": 0.2592
    },
    "atm_call_price": 11.26,
    "atm_put_price": 8.7,
    "implied_move": 0.36
  },
  "prediction": {
    "signal": "NEUTRAL",
    "score": 1,
    "confidence": 25.0,
    "reasons": [
      "MACD histogram positive (bullish momentum)"
    ],
    "target_price": 594.67,
    "support": 593.18,
    "resistance": 596.09
  },
  "simulation": {
    "statistics": {
      "mean": 594.667914761741,
      "std": 2.1523835962758606,
      "p05": 591.1384684982286,
      "p25": 593.1769956002887,
      "p50": 594.7309941299966,
      "p75": 596.089207832985,
      "p95": 598.1423668885863,
      "min": 587.8490320143276,
      "max": 601.9639716932123
    },
    "simulations": 1000,
    "volatility": 0.1463
  }
}