{
  "ticker": "SPY",
  "timestamp": "2026-04-14T07:09:18.874454",
  "current_price": 593.4,
  "forecast_minutes": 60,
  "technical_indicators": {
    "rsi": 44.54,
    "macd": {
      "line": 1.7606,
      "signal": 1.5845,
      "histogram": 0.1761
    },
    "bollinger_bands": {
      "upper": 601.79,
      "middle": 592.24,
      "lower": 582.69
    }
  },
  "bsm_analysis": {
    "greeks": {
      "delta": 0.5419,
      "gamma": 0.011974,
      "theta": -0.2633,
      "vega": 0.6749,
      "rho": 0.2524
    },
    "atm_call_price": 14.51,
    "atm_put_price": 11.95,
    "implied_move": 0.48
  },
  "prediction": {
    "signal": "NEUTRAL",
    "score": 1,
    "confidence": 25.0,
    "reasons": [
      "MACD histogram positive (bullish momentum)"
    ],
    "target_price": 593.39,
    "support": 591.53,
    "resistance": 595.11
  },
  "simulation": {
    "statistics": {
      "mean": 593.3897320581962,
      "std": 2.8248687728882134,
      "p05": 588.9090808163404,
      "p25": 591.5343882950415,
      "p50": 593.3882797506055,
      "p75": 595.1126908017146,
      "p95": 598.1841589886474,
      "min": 585.1718027633257,
      "max": 603.6287962916402
    },
    "simulations": 1000,
    "volatility": 0.1948
  }
}