{
  "ticker": "SPY",
  "timestamp": "2026-03-09T19:07:44.273012",
  "current_price": 596.24,
  "forecast_minutes": 60,
  "technical_indicators": {
    "rsi": 75.72,
    "macd": {
      "line": 8.561,
      "signal": 7.7049,
      "histogram": 0.8561
    },
    "bollinger_bands": {
      "upper": 587.42,
      "middle": 555.93,
      "lower": 524.43
    }
  },
  "bsm_analysis": {
    "greeks": {
      "delta": 0.537,
      "gamma": 0.007061,
      "theta": -0.4151,
      "vega": 0.679,
      "rho": 0.2437
    },
    "atm_call_price": 23.69,
    "atm_put_price": 21.13,
    "implied_move": 0.82
  },
  "prediction": {
    "signal": "NEUTRAL",
    "score": -1,
    "confidence": 25.0,
    "reasons": [
      "RSI indicates overbought conditions",
      "MACD histogram positive (bullish momentum)"
    ],
    "target_price": 596.52,
    "support": 593.26,
    "resistance": 599.74
  },
  "simulation": {
    "statistics": {
      "mean": 596.5210390330373,
      "std": 4.8818097050836595,
      "p05": 588.320880348042,
      "p25": 593.2609710894357,
      "p50": 596.6011333779777,
      "p75": 599.7386965281543,
      "p95": 604.7297769478291,
      "min": 580.4846837833879,
      "max": 610.707462801055
    },
    "simulations": 1000,
    "volatility": 0.3291
  }
}