{
  "ticker": "SPY",
  "timestamp": "2026-03-27T07:43:43.961494",
  "current_price": 597.32,
  "forecast_minutes": 60,
  "technical_indicators": {
    "rsi": 38.67,
    "macd": {
      "line": -0.9753,
      "signal": -0.8778,
      "histogram": -0.0975
    },
    "bollinger_bands": {
      "upper": 615.89,
      "middle": 607.4,
      "lower": 598.92
    }
  },
  "bsm_analysis": {
    "greeks": {
      "delta": 0.5484,
      "gamma": 0.015381,
      "theta": -0.2154,
      "vega": 0.6781,
      "rho": 0.2597
    },
    "atm_call_price": 11.59,
    "atm_put_price": 9.01,
    "implied_move": 0.38
  },
  "prediction": {
    "signal": "NEUTRAL",
    "score": -1,
    "confidence": 25.0,
    "reasons": [
      "MACD histogram negative (bearish momentum)"
    ],
    "target_price": 597.21,
    "support": 595.72,
    "resistance": 598.77
  },
  "simulation": {
    "statistics": {
      "mean": 597.2094868234514,
      "std": 2.2689777027817057,
      "p05": 593.3024398673915,
      "p25": 595.7187352681767,
      "p50": 597.2503749635655,
      "p75": 598.7745720573108,
      "p95": 600.7708838494856,
      "min": 589.9345730826086,
      "max": 604.5860156954769
    },
    "simulations": 1000,
    "volatility": 0.1503
  }
}