{
  "ticker": "SPY",
  "timestamp": "2026-03-23T07:11:27.305461",
  "current_price": 597.28,
  "forecast_minutes": 60,
  "technical_indicators": {
    "rsi": 76.67,
    "macd": {
      "line": 3.6586,
      "signal": 3.2928,
      "histogram": 0.3659
    },
    "bollinger_bands": {
      "upper": 583.31,
      "middle": 562.14,
      "lower": 540.97
    }
  },
  "bsm_analysis": {
    "greeks": {
      "delta": 0.5415,
      "gamma": 0.011663,
      "theta": -0.2694,
      "vega": 0.6794,
      "rho": 0.2536
    },
    "atm_call_price": 14.87,
    "atm_put_price": 12.29,
    "implied_move": 0.5
  },
  "prediction": {
    "signal": "NEUTRAL",
    "score": -1,
    "confidence": 25.0,
    "reasons": [
      "RSI indicates overbought conditions",
      "MACD histogram positive (bullish momentum)"
    ],
    "target_price": 597.61,
    "support": 595.63,
    "resistance": 599.49
  },
  "simulation": {
    "statistics": {
      "mean": 597.6060985332222,
      "std": 2.9803633140191548,
      "p05": 592.7836381013564,
      "p25": 595.6271098296461,
      "p50": 597.6424793429172,
      "p75": 599.4864914241107,
      "p95": 602.7239648161914,
      "min": 588.0194018804375,
      "max": 606.703177129119
    },
    "simulations": 1000,
    "volatility": 0.1987
  }
}