{
  "ticker": "SPY",
  "timestamp": "2026-03-10T14:33:51.683723",
  "current_price": 596.36,
  "forecast_minutes": 60,
  "technical_indicators": {
    "rsi": 50.63,
    "macd": {
      "line": 0.2662,
      "signal": 0.2395,
      "histogram": 0.0266
    },
    "bollinger_bands": {
      "upper": 607.66,
      "middle": 593.03,
      "lower": 578.39
    }
  },
  "bsm_analysis": {
    "greeks": {
      "delta": 0.5423,
      "gamma": 0.012185,
      "theta": -0.2597,
      "vega": 0.6782,
      "rho": 0.2541
    },
    "atm_call_price": 14.28,
    "atm_put_price": 11.71,
    "implied_move": 0.47
  },
  "prediction": {
    "signal": "NEUTRAL",
    "score": 1,
    "confidence": 25.0,
    "reasons": [
      "MACD histogram positive (bullish momentum)"
    ],
    "target_price": 596.29,
    "support": 594.36,
    "resistance": 598.18
  },
  "simulation": {
    "statistics": {
      "mean": 596.2867801980478,
      "std": 2.824662489887754,
      "p05": 591.5863326313956,
      "p25": 594.3600962635355,
      "p50": 596.2685521898552,
      "p75": 598.1829129186907,
      "p95": 601.1248012805214,
      "min": 586.4668770281573,
      "max": 605.0841298699145
    },
    "simulations": 1000,
    "volatility": 0.1904
  }
}