{
  "ticker": "SPY",
  "timestamp": "2026-03-12T14:10:00.700407",
  "current_price": 592.6,
  "forecast_minutes": 60,
  "technical_indicators": {
    "rsi": 71.2,
    "macd": {
      "line": 0.9996,
      "signal": 0.8997,
      "histogram": 0.1
    },
    "bollinger_bands": {
      "upper": 568.04,
      "middle": 542.99,
      "lower": 517.95
    }
  },
  "bsm_analysis": {
    "greeks": {
      "delta": 0.5389,
      "gamma": 0.005262,
      "theta": -0.5408,
      "vega": 0.6746,
      "rho": 0.2367
    },
    "atm_call_price": 31.31,
    "atm_put_price": 28.76,
    "implied_move": 1.13
  },
  "prediction": {
    "signal": "NEUTRAL",
    "score": -1,
    "confidence": 25.0,
    "reasons": [
      "RSI indicates overbought conditions",
      "MACD histogram positive (bullish momentum)"
    ],
    "target_price": 592.72,
    "support": 588.55,
    "resistance": 597.17
  },
  "simulation": {
    "statistics": {
      "mean": 592.7178262647276,
      "std": 6.712026746424207,
      "p05": 581.4424819099274,
      "p25": 588.5494024325048,
      "p50": 592.9171194680669,
      "p75": 597.1720885866189,
      "p95": 603.8741297869026,
      "min": 566.1305671205101,
      "max": 617.31834060834
    },
    "simulations": 1000,
    "volatility": 0.4441
  }
}