{
  "ticker": "SPY",
  "timestamp": "2026-03-13T08:48:10.044524",
  "current_price": 597.16,
  "forecast_minutes": 60,
  "technical_indicators": {
    "rsi": 88.2,
    "macd": {
      "line": 12.0528,
      "signal": 10.8475,
      "histogram": 1.2053
    },
    "bollinger_bands": {
      "upper": 595.48,
      "middle": 562.34,
      "lower": 529.21
    }
  },
  "bsm_analysis": {
    "greeks": {
      "delta": 0.5452,
      "gamma": 0.013743,
      "theta": -0.2355,
      "vega": 0.6786,
      "rho": 0.2571
    },
    "atm_call_price": 12.81,
    "atm_put_price": 10.24,
    "implied_move": 0.41
  },
  "prediction": {
    "signal": "NEUTRAL",
    "score": -1,
    "confidence": 25.0,
    "reasons": [
      "RSI indicates overbought conditions",
      "MACD histogram positive (bullish momentum)"
    ],
    "target_price": 597.15,
    "support": 595.59,
    "resistance": 598.71
  },
  "simulation": {
    "statistics": {
      "mean": 597.1536322871475,
      "std": 2.443891112266928,
      "p05": 592.9980317037129,
      "p25": 595.5912635768696,
      "p50": 597.254547441674,
      "p75": 598.7078958686023,
      "p95": 601.2368652434955,
      "min": 589.1788855423846,
      "max": 604.4143704442126
    },
    "simulations": 1000,
    "volatility": 0.1685
  }
}