{
  "ticker": "SPY",
  "timestamp": "2026-03-27T20:17:23.691660",
  "current_price": 594.32,
  "forecast_minutes": 60,
  "technical_indicators": {
    "rsi": 79.32,
    "macd": {
      "line": 9.6504,
      "signal": 8.6854,
      "histogram": 0.965
    },
    "bollinger_bands": {
      "upper": 610.07,
      "middle": 579.5,
      "lower": 548.92
    }
  },
  "bsm_analysis": {
    "greeks": {
      "delta": 0.5533,
      "gamma": 0.017764,
      "theta": -0.1925,
      "vega": 0.6737,
      "rho": 0.2619
    },
    "atm_call_price": 10.2,
    "atm_put_price": 7.64,
    "implied_move": 0.31
  },
  "prediction": {
    "signal": "NEUTRAL",
    "score": -1,
    "confidence": 25.0,
    "reasons": [
      "RSI indicates overbought conditions",
      "MACD histogram positive (bullish momentum)"
    ],
    "target_price": 594.33,
    "support": 593.04,
    "resistance": 595.63
  },
  "simulation": {
    "statistics": {
      "mean": 594.3275365820024,
      "std": 1.8611000133873683,
      "p05": 591.2254009264954,
      "p25": 593.0382880170272,
      "p50": 594.3444127864384,
      "p75": 595.6261879091858,
      "p95": 597.4449129888267,
      "min": 588.8344716650834,
      "max": 599.6133914382481
    },
    "simulations": 1000,
    "volatility": 0.1306
  }
}