{
  "ticker": "SPY",
  "timestamp": "2026-04-07T17:06:04.138977",
  "current_price": 596.42,
  "forecast_minutes": 60,
  "technical_indicators": {
    "rsi": 42.12,
    "macd": {
      "line": -0.6823,
      "signal": -0.6141,
      "histogram": -0.0682
    },
    "bollinger_bands": {
      "upper": 610.82,
      "middle": 601.05,
      "lower": 591.28
    }
  },
  "bsm_analysis": {
    "greeks": {
      "delta": 0.5485,
      "gamma": 0.015436,
      "theta": -0.2147,
      "vega": 0.6771,
      "rho": 0.2594
    },
    "atm_call_price": 11.55,
    "atm_put_price": 8.98,
    "implied_move": 0.37
  },
  "prediction": {
    "signal": "NEUTRAL",
    "score": -1,
    "confidence": 25.0,
    "reasons": [
      "MACD histogram negative (bearish momentum)"
    ],
    "target_price": 596.51,
    "support": 594.96,
    "resistance": 598.07
  },
  "simulation": {
    "statistics": {
      "mean": 596.5115391945568,
      "std": 2.2328245341663315,
      "p05": 592.7842471340235,
      "p25": 594.9562664277288,
      "p50": 596.5886795687322,
      "p75": 598.0683810776368,
      "p95": 600.0318383771958,
      "min": 589.7494608034069,
      "max": 603.133011551718
    },
    "simulations": 1000,
    "volatility": 0.15
  }
}