{
  "ticker": "SPY",
  "timestamp": "2026-03-18T14:35:27.189493",
  "current_price": 595.84,
  "forecast_minutes": 60,
  "technical_indicators": {
    "rsi": 61.5,
    "macd": {
      "line": -4.6526,
      "signal": -4.1873,
      "histogram": -0.4653
    },
    "bollinger_bands": {
      "upper": 589.63,
      "middle": 552.56,
      "lower": 515.5
    }
  },
  "bsm_analysis": {
    "greeks": {
      "delta": 0.5386,
      "gamma": 0.005353,
      "theta": -0.5326,
      "vega": 0.6783,
      "rho": 0.2384
    },
    "atm_call_price": 30.81,
    "atm_put_price": 28.25,
    "implied_move": 1.11
  },
  "prediction": {
    "signal": "NEUTRAL",
    "score": -1,
    "confidence": 25.0,
    "reasons": [
      "MACD histogram negative (bearish momentum)"
    ],
    "target_price": 595.73,
    "support": 591.33,
    "resistance": 600.41
  },
  "simulation": {
    "statistics": {
      "mean": 595.7252443351898,
      "std": 6.621806340246375,
      "p05": 584.4056655742065,
      "p25": 591.3294710522882,
      "p50": 595.8997530454021,
      "p75": 600.4062111226474,
      "p95": 606.4407329023812,
      "min": 575.2409282676476,
      "max": 614.5895730062218
    },
    "simulations": 1000,
    "volatility": 0.4342
  }
}