{
  "ticker": "SPY",
  "timestamp": "2026-03-25T11:59:50.929351",
  "current_price": 597.97,
  "forecast_minutes": 60,
  "technical_indicators": {
    "rsi": 49.08,
    "macd": {
      "line": -2.4351,
      "signal": -2.1916,
      "histogram": -0.2435
    },
    "bollinger_bands": {
      "upper": 611.44,
      "middle": 590.44,
      "lower": 569.44
    }
  },
  "bsm_analysis": {
    "greeks": {
      "delta": 0.5454,
      "gamma": 0.013865,
      "theta": -0.2339,
      "vega": 0.6795,
      "rho": 0.2576
    },
    "atm_call_price": 12.71,
    "atm_put_price": 10.14,
    "implied_move": 0.42
  },
  "prediction": {
    "signal": "NEUTRAL",
    "score": -1,
    "confidence": 25.0,
    "reasons": [
      "MACD histogram negative (bearish momentum)"
    ],
    "target_price": 598.06,
    "support": 596.41,
    "resistance": 599.66
  },
  "simulation": {
    "statistics": {
      "mean": 598.0566777391945,
      "std": 2.502192355940754,
      "p05": 593.682837483661,
      "p25": 596.4146506812064,
      "p50": 598.0212941794051,
      "p75": 599.6557035742024,
      "p95": 602.1249346328225,
      "min": 588.4871020413054,
      "max": 605.1140682395151
    },
    "simulations": 1000,
    "volatility": 0.1668
  }
}