{
  "ticker": "SPY",
  "timestamp": "2026-03-28T06:36:57.292208",
  "current_price": 596.62,
  "forecast_minutes": 60,
  "technical_indicators": {
    "rsi": 74.78,
    "macd": {
      "line": 1.2221,
      "signal": 1.0999,
      "histogram": 0.1222
    },
    "bollinger_bands": {
      "upper": 572.23,
      "middle": 544.26,
      "lower": 516.29
    }
  },
  "bsm_analysis": {
    "greeks": {
      "delta": 0.5401,
      "gamma": 0.004765,
      "theta": -0.5925,
      "vega": 0.6789,
      "rho": 0.2366
    },
    "atm_call_price": 34.43,
    "atm_put_price": 31.87,
    "implied_move": 1.18
  },
  "prediction": {
    "signal": "NEUTRAL",
    "score": -1,
    "confidence": 25.0,
    "reasons": [
      "RSI indicates overbought conditions",
      "MACD histogram positive (bullish momentum)"
    ],
    "target_price": 596.62,
    "support": 591.67,
    "resistance": 601.1
  },
  "simulation": {
    "statistics": {
      "mean": 596.6165483411394,
      "std": 7.0528331049930415,
      "p05": 585.7506712614504,
      "p25": 591.669385980249,
      "p50": 596.3776692097551,
      "p75": 601.0989668085538,
      "p95": 608.3507247718896,
      "min": 575.7029693518544,
      "max": 620.5955706909001
    },
    "simulations": 1000,
    "volatility": 0.487
  }
}