{
  "ticker": "SPY",
  "timestamp": "2026-03-19T23:45:21.875008",
  "current_price": 596.39,
  "forecast_minutes": 60,
  "technical_indicators": {
    "rsi": 69.94,
    "macd": {
      "line": -2.0732,
      "signal": -1.8659,
      "histogram": -0.2073
    },
    "bollinger_bands": {
      "upper": 575.76,
      "middle": 543.92,
      "lower": 512.08
    }
  },
  "bsm_analysis": {
    "greeks": {
      "delta": 0.5405,
      "gamma": 0.004641,
      "theta": -0.6069,
      "vega": 0.6786,
      "rho": 0.2359
    },
    "atm_call_price": 35.31,
    "atm_put_price": 32.74,
    "implied_move": 1.25
  },
  "prediction": {
    "signal": "NEUTRAL",
    "score": -1,
    "confidence": 25.0,
    "reasons": [
      "MACD histogram negative (bearish momentum)"
    ],
    "target_price": 596.37,
    "support": 591.62,
    "resistance": 601.51
  },
  "simulation": {
    "statistics": {
      "mean": 596.3691423101053,
      "std": 7.468677153090454,
      "p05": 583.5371262049238,
      "p25": 591.6240712072406,
      "p50": 596.3026063410925,
      "p75": 601.5076295470117,
      "p95": 608.9979807857906,
      "min": 577.0127356655574,
      "max": 623.5713600918001
    },
    "simulations": 1000,
    "volatility": 0.5001
  }
}