{
  "ticker": "SPY",
  "timestamp": "2026-03-12T04:54:58.628653",
  "current_price": 592.37,
  "forecast_minutes": 60,
  "technical_indicators": {
    "rsi": 68.13,
    "macd": {
      "line": 4.3885,
      "signal": 3.9496,
      "histogram": 0.4388
    },
    "bollinger_bands": {
      "upper": 606.4,
      "middle": 589.39,
      "lower": 572.37
    }
  },
  "bsm_analysis": {
    "greeks": {
      "delta": 0.5497,
      "gamma": 0.016118,
      "theta": -0.2073,
      "vega": 0.6723,
      "rho": 0.2585
    },
    "atm_call_price": 11.1,
    "atm_put_price": 8.55,
    "implied_move": 0.36
  },
  "prediction": {
    "signal": "NEUTRAL",
    "score": 1,
    "confidence": 25.0,
    "reasons": [
      "MACD histogram positive (bullish momentum)"
    ],
    "target_price": 592.35,
    "support": 590.92,
    "resistance": 593.81
  },
  "simulation": {
    "statistics": {
      "mean": 592.3490020645058,
      "std": 2.1242358580506355,
      "p05": 588.9475312256579,
      "p25": 590.9182038189168,
      "p50": 592.3150792359198,
      "p75": 593.8072827039043,
      "p95": 595.7758410508341,
      "min": 584.6364035482434,
      "max": 600.6655944909486
    },
    "simulations": 1000,
    "volatility": 0.1446
  }
}