{
  "ticker": "SPY",
  "timestamp": "2026-03-17T01:13:16.968877",
  "current_price": 596.97,
  "forecast_minutes": 60,
  "technical_indicators": {
    "rsi": 61.46,
    "macd": {
      "line": 0.3375,
      "signal": 0.3037,
      "histogram": 0.0337
    },
    "bollinger_bands": {
      "upper": 602.07,
      "middle": 591.18,
      "lower": 580.29
    }
  },
  "bsm_analysis": {
    "greeks": {
      "delta": 0.5457,
      "gamma": 0.014044,
      "theta": -0.2314,
      "vega": 0.6783,
      "rho": 0.2575
    },
    "atm_call_price": 12.56,
    "atm_put_price": 9.99,
    "implied_move": 0.4
  },
  "prediction": {
    "signal": "NEUTRAL",
    "score": 1,
    "confidence": 25.0,
    "reasons": [
      "MACD histogram positive (bullish momentum)"
    ],
    "target_price": 597.08,
    "support": 595.46,
    "resistance": 598.63
  },
  "simulation": {
    "statistics": {
      "mean": 597.0792644268698,
      "std": 2.410953361595383,
      "p05": 593.2432682583063,
      "p25": 595.4579413762035,
      "p50": 597.1373155843326,
      "p75": 598.6266711117802,
      "p95": 601.0458211225169,
      "min": 589.3682533372416,
      "max": 603.9479637166681
    },
    "simulations": 1000,
    "volatility": 0.1649
  }
}