{
  "ticker": "SPY",
  "timestamp": "2026-03-20T13:31:14.385290",
  "current_price": 593.88,
  "forecast_minutes": 60,
  "technical_indicators": {
    "rsi": 66.3,
    "macd": {
      "line": 2.3185,
      "signal": 2.0866,
      "histogram": 0.2318
    },
    "bollinger_bands": {
      "upper": 583.28,
      "middle": 562.64,
      "lower": 542.0
    }
  },
  "bsm_analysis": {
    "greeks": {
      "delta": 0.5407,
      "gamma": 0.0112,
      "theta": -0.2783,
      "vega": 0.6757,
      "rho": 0.2512
    },
    "atm_call_price": 15.42,
    "atm_put_price": 12.86,
    "implied_move": 0.51
  },
  "prediction": {
    "signal": "NEUTRAL",
    "score": 1,
    "confidence": 25.0,
    "reasons": [
      "MACD histogram positive (bullish momentum)"
    ],
    "target_price": 593.97,
    "support": 591.89,
    "resistance": 595.95
  },
  "simulation": {
    "statistics": {
      "mean": 593.9716687988893,
      "std": 3.0159727587510914,
      "p05": 588.9879664124012,
      "p25": 591.89392147764,
      "p50": 594.066151236651,
      "p75": 595.9476411919547,
      "p95": 598.7125634164623,
      "min": 585.2485949970783,
      "max": 602.5365417288606
    },
    "simulations": 1000,
    "volatility": 0.2081
  }
}