{
  "ticker": "SPY",
  "timestamp": "2026-03-08T15:40:48.059800",
  "current_price": 595.75,
  "forecast_minutes": 60,
  "technical_indicators": {
    "rsi": 45.76,
    "macd": {
      "line": 1.061,
      "signal": 0.9549,
      "histogram": 0.1061
    },
    "bollinger_bands": {
      "upper": 611.87,
      "middle": 600.96,
      "lower": 590.04
    }
  },
  "bsm_analysis": {
    "greeks": {
      "delta": 0.5449,
      "gamma": 0.013623,
      "theta": -0.2371,
      "vega": 0.6771,
      "rho": 0.2562
    },
    "atm_call_price": 12.91,
    "atm_put_price": 10.35,
    "implied_move": 0.42
  },
  "prediction": {
    "signal": "NEUTRAL",
    "score": 1,
    "confidence": 25.0,
    "reasons": [
      "MACD histogram positive (bullish momentum)"
    ],
    "target_price": 595.83,
    "support": 594.02,
    "resistance": 597.59
  },
  "simulation": {
    "statistics": {
      "mean": 595.8255095087363,
      "std": 2.526618797125883,
      "p05": 591.8018585742577,
      "p25": 594.0231849347381,
      "p50": 595.8007001574324,
      "p75": 597.5850441828954,
      "p95": 600.0019903745913,
      "min": 588.6061413505355,
      "max": 603.4690101553272
    },
    "simulations": 1000,
    "volatility": 0.1704
  }
}