{
  "ticker": "SPY",
  "timestamp": "2026-02-25T23:54:59.690606",
  "current_price": 597.46,
  "forecast_minutes": 60,
  "technical_indicators": {
    "rsi": 38.78,
    "macd": {
      "line": 2.5388,
      "signal": 2.2849,
      "histogram": 0.2539
    },
    "bollinger_bands": {
      "upper": 644.3,
      "middle": 621.81,
      "lower": 599.32
    }
  },
  "bsm_analysis": {
    "greeks": {
      "delta": 0.537,
      "gamma": 0.007498,
      "theta": -0.3936,
      "vega": 0.6804,
      "rho": 0.2453
    },
    "atm_call_price": 22.39,
    "atm_put_price": 19.82,
    "implied_move": 0.78
  },
  "prediction": {
    "signal": "NEUTRAL",
    "score": 1,
    "confidence": 25.0,
    "reasons": [
      "MACD histogram positive (bullish momentum)"
    ],
    "target_price": 597.18,
    "support": 593.93,
    "resistance": 600.18
  },
  "simulation": {
    "statistics": {
      "mean": 597.1789824015285,
      "std": 4.63613950983608,
      "p05": 589.4005526481089,
      "p25": 593.9271934331115,
      "p50": 597.1031508880549,
      "p75": 600.1756175593634,
      "p95": 604.9680006679856,
      "min": 580.9292749365956,
      "max": 613.4731178157875
    },
    "simulations": 1000,
    "volatility": 0.3093
  }
}