{
  "ticker": "SPY",
  "timestamp": "2026-02-28T20:41:54.474211",
  "current_price": 593.51,
  "forecast_minutes": 60,
  "technical_indicators": {
    "rsi": 62.27,
    "macd": {
      "line": 2.6264,
      "signal": 2.3638,
      "histogram": 0.2626
    },
    "bollinger_bands": {
      "upper": 594.41,
      "middle": 583.97,
      "lower": 573.53
    }
  },
  "bsm_analysis": {
    "greeks": {
      "delta": 0.5484,
      "gamma": 0.015475,
      "theta": -0.2141,
      "vega": 0.6738,
      "rho": 0.2581
    },
    "atm_call_price": 11.51,
    "atm_put_price": 8.96,
    "implied_move": 0.35
  },
  "prediction": {
    "signal": "NEUTRAL",
    "score": 1,
    "confidence": 25.0,
    "reasons": [
      "MACD histogram positive (bullish momentum)"
    ],
    "target_price": 593.52,
    "support": 592.13,
    "resistance": 594.93
  },
  "simulation": {
    "statistics": {
      "mean": 593.5214451811033,
      "std": 2.0708375438785387,
      "p05": 590.025796447862,
      "p25": 592.1275285175732,
      "p50": 593.5330343205053,
      "p75": 594.9303607271404,
      "p95": 596.9357100413752,
      "min": 586.7337755227072,
      "max": 599.8910365328347
    },
    "simulations": 1000,
    "volatility": 0.1504
  }
}