{
  "ticker": "SPY",
  "timestamp": "2026-03-31T09:10:19.249821",
  "current_price": 596.71,
  "forecast_minutes": 60,
  "technical_indicators": {
    "rsi": 67.28,
    "macd": {
      "line": -1.0325,
      "signal": -0.9293,
      "histogram": -0.1033
    },
    "bollinger_bands": {
      "upper": 579.64,
      "middle": 556.98,
      "lower": 534.32
    }
  },
  "bsm_analysis": {
    "greeks": {
      "delta": 0.5374,
      "gamma": 0.006159,
      "theta": -0.4691,
      "vega": 0.6795,
      "rho": 0.2414
    },
    "atm_call_price": 26.96,
    "atm_put_price": 24.39,
    "implied_move": 0.91
  },
  "prediction": {
    "signal": "NEUTRAL",
    "score": -1,
    "confidence": 25.0,
    "reasons": [
      "MACD histogram negative (bearish momentum)"
    ],
    "target_price": 597.04,
    "support": 593.34,
    "resistance": 600.75
  },
  "simulation": {
    "statistics": {
      "mean": 597.0408424197395,
      "std": 5.409287709611802,
      "p05": 587.9109075747012,
      "p25": 593.3380719738917,
      "p50": 597.1198988041454,
      "p75": 600.7502485216542,
      "p95": 605.8628537628301,
      "min": 580.9217965888198,
      "max": 613.0835577785804
    },
    "simulations": 1000,
    "volatility": 0.3769
  }
}