{
  "ticker": "SPY",
  "timestamp": "2026-04-01T14:18:06.532954",
  "current_price": 596.49,
  "forecast_minutes": 60,
  "technical_indicators": {
    "rsi": 41.25,
    "macd": {
      "line": -1.1055,
      "signal": -0.995,
      "histogram": -0.1106
    },
    "bollinger_bands": {
      "upper": 612.44,
      "middle": 601.25,
      "lower": 590.06
    }
  },
  "bsm_analysis": {
    "greeks": {
      "delta": 0.5392,
      "gamma": 0.010061,
      "theta": -0.3049,
      "vega": 0.6789,
      "rho": 0.2503
    },
    "atm_call_price": 17.02,
    "atm_put_price": 14.45,
    "implied_move": 0.59
  },
  "prediction": {
    "signal": "NEUTRAL",
    "score": -1,
    "confidence": 25.0,
    "reasons": [
      "MACD histogram negative (bearish momentum)"
    ],
    "target_price": 596.46,
    "support": 594.3,
    "resistance": 598.67
  },
  "simulation": {
    "statistics": {
      "mean": 596.4564437464055,
      "std": 3.5146336055702108,
      "p05": 590.6097645542562,
      "p25": 594.2971884350956,
      "p50": 596.5126776098,
      "p75": 598.6729581360826,
      "p95": 602.2223757724378,
      "min": 585.722109336859,
      "max": 607.1858354750574
    },
    "simulations": 1000,
    "volatility": 0.2307
  }
}