{
  "ticker": "SPY",
  "timestamp": "2026-03-13T12:49:53.126699",
  "current_price": 593.26,
  "forecast_minutes": 60,
  "technical_indicators": {
    "rsi": 47.67,
    "macd": {
      "line": 5.3818,
      "signal": 4.8436,
      "histogram": 0.5382
    },
    "bollinger_bands": {
      "upper": 649.89,
      "middle": 614.2,
      "lower": 578.52
    }
  },
  "bsm_analysis": {
    "greeks": {
      "delta": 0.5374,
      "gamma": 0.008379,
      "theta": -0.3567,
      "vega": 0.6755,
      "rho": 0.2455
    },
    "atm_call_price": 20.17,
    "atm_put_price": 17.61,
    "implied_move": 0.68
  },
  "prediction": {
    "signal": "NEUTRAL",
    "score": 1,
    "confidence": 25.0,
    "reasons": [
      "MACD histogram positive (bullish momentum)"
    ],
    "target_price": 593.22,
    "support": 590.39,
    "resistance": 595.96
  },
  "simulation": {
    "statistics": {
      "mean": 593.2166566824292,
      "std": 4.031769221935893,
      "p05": 586.8528533615312,
      "p25": 590.394786583126,
      "p50": 593.1238256313632,
      "p75": 595.9638398813645,
      "p95": 599.5552513992924,
      "min": 580.5063646653946,
      "max": 606.4544248910239
    },
    "simulations": 1000,
    "volatility": 0.2787
  }
}