{
  "ticker": "SPY",
  "timestamp": "2026-02-08T18:15:38.257509",
  "current_price": 595.36,
  "forecast_minutes": 60,
  "technical_indicators": {
    "rsi": 65.53,
    "macd": {
      "line": 6.4421,
      "signal": 5.7979,
      "histogram": 0.6442
    },
    "bollinger_bands": {
      "upper": 615.25,
      "middle": 590.14,
      "lower": 565.03
    }
  },
  "bsm_analysis": {
    "greeks": {
      "delta": 0.5408,
      "gamma": 0.011247,
      "theta": -0.2775,
      "vega": 0.6774,
      "rho": 0.252
    },
    "atm_call_price": 15.36,
    "atm_put_price": 12.8,
    "implied_move": 0.52
  },
  "prediction": {
    "signal": "NEUTRAL",
    "score": 1,
    "confidence": 25.0,
    "reasons": [
      "MACD histogram positive (bullish momentum)"
    ],
    "target_price": 595.43,
    "support": 593.35,
    "resistance": 597.44
  },
  "simulation": {
    "statistics": {
      "mean": 595.4269773460343,
      "std": 3.0775568578525885,
      "p05": 590.4858315543214,
      "p25": 593.3511213621883,
      "p50": 595.2890115939304,
      "p75": 597.4393673961329,
      "p95": 600.9711093442927,
      "min": 585.8759841565399,
      "max": 605.3060517913233
    },
    "simulations": 1000,
    "volatility": 0.2067
  }
}