{
  "ticker": "SPY",
  "timestamp": "2026-02-13T23:45:32.329581",
  "current_price": 594.17,
  "forecast_minutes": 60,
  "technical_indicators": {
    "rsi": 70.87,
    "macd": {
      "line": 6.1461,
      "signal": 5.5315,
      "histogram": 0.6146
    },
    "bollinger_bands": {
      "upper": 597.07,
      "middle": 577.43,
      "lower": 557.78
    }
  },
  "bsm_analysis": {
    "greeks": {
      "delta": 0.54,
      "gamma": 0.010712,
      "theta": -0.289,
      "vega": 0.6762,
      "rho": 0.2505
    },
    "atm_call_price": 16.06,
    "atm_put_price": 13.5,
    "implied_move": 0.54
  },
  "prediction": {
    "signal": "NEUTRAL",
    "score": -1,
    "confidence": 25.0,
    "reasons": [
      "RSI indicates overbought conditions",
      "MACD histogram positive (bullish momentum)"
    ],
    "target_price": 594.01,
    "support": 591.67,
    "resistance": 596.17
  },
  "simulation": {
    "statistics": {
      "mean": 594.0123274688199,
      "std": 3.222327752692073,
      "p05": 589.0038007165923,
      "p25": 591.6743991763219,
      "p50": 593.9505963953571,
      "p75": 596.1701630981943,
      "p95": 599.4993547468354,
      "min": 584.5097255730701,
      "max": 603.6668683216335
    },
    "simulations": 1000,
    "volatility": 0.2175
  }
}