{
  "ticker": "SPY",
  "timestamp": "2026-03-20T18:49:04.406556",
  "current_price": 597.26,
  "forecast_minutes": 60,
  "technical_indicators": {
    "rsi": 45.87,
    "macd": {
      "line": 2.9376,
      "signal": 2.6439,
      "histogram": 0.2938
    },
    "bollinger_bands": {
      "upper": 635.06,
      "middle": 616.55,
      "lower": 598.04
    }
  },
  "bsm_analysis": {
    "greeks": {
      "delta": 0.5379,
      "gamma": 0.008928,
      "theta": -0.3379,
      "vega": 0.68,
      "rho": 0.2484
    },
    "atm_call_price": 19.02,
    "atm_put_price": 16.45,
    "implied_move": 0.64
  },
  "prediction": {
    "signal": "NEUTRAL",
    "score": 1,
    "confidence": 25.0,
    "reasons": [
      "MACD histogram positive (bullish momentum)"
    ],
    "target_price": 597.47,
    "support": 594.87,
    "resistance": 599.96
  },
  "simulation": {
    "statistics": {
      "mean": 597.4683472513582,
      "std": 3.7986060116105786,
      "p05": 591.5311877937816,
      "p25": 594.8694358532001,
      "p50": 597.2613599770286,
      "p75": 599.9566172809996,
      "p95": 604.0402933246088,
      "min": 586.4416087767761,
      "max": 610.8629811480257
    },
    "simulations": 1000,
    "volatility": 0.2598
  }
}