{
  "ticker": "SPY",
  "timestamp": "2026-04-03T22:44:57.037799",
  "current_price": 594.72,
  "forecast_minutes": 60,
  "technical_indicators": {
    "rsi": 71.0,
    "macd": {
      "line": 1.3676,
      "signal": 1.2308,
      "histogram": 0.1368
    },
    "bollinger_bands": {
      "upper": 569.69,
      "middle": 540.04,
      "lower": 510.4
    }
  },
  "bsm_analysis": {
    "greeks": {
      "delta": 0.5392,
      "gamma": 0.005085,
      "theta": -0.5581,
      "vega": 0.6769,
      "rho": 0.237
    },
    "atm_call_price": 32.36,
    "atm_put_price": 29.8,
    "implied_move": 1.13
  },
  "prediction": {
    "signal": "NEUTRAL",
    "score": -1,
    "confidence": 25.0,
    "reasons": [
      "RSI indicates overbought conditions",
      "MACD histogram positive (bullish momentum)"
    ],
    "target_price": 594.29,
    "support": 589.64,
    "resistance": 598.73
  },
  "simulation": {
    "statistics": {
      "mean": 594.2903151760693,
      "std": 6.70739430969968,
      "p05": 583.3502493591845,
      "p25": 589.6431730095796,
      "p50": 594.2466295560002,
      "p75": 598.7339710766272,
      "p95": 605.2738548690246,
      "min": 573.3881596747242,
      "max": 620.4077976693961
    },
    "simulations": 1000,
    "volatility": 0.4579
  }
}