{
  "ticker": "SPY",
  "timestamp": "2026-03-01T21:26:22.879627",
  "current_price": 595.79,
  "forecast_minutes": 60,
  "technical_indicators": {
    "rsi": 40.24,
    "macd": {
      "line": -0.9364,
      "signal": -0.8428,
      "histogram": -0.0936
    },
    "bollinger_bands": {
      "upper": 615.92,
      "middle": 604.11,
      "lower": 592.29
    }
  },
  "bsm_analysis": {
    "greeks": {
      "delta": 0.5388,
      "gamma": 0.00977,
      "theta": -0.3126,
      "vega": 0.6782,
      "rho": 0.2495
    },
    "atm_call_price": 17.49,
    "atm_put_price": 14.93,
    "implied_move": 0.6
  },
  "prediction": {
    "signal": "NEUTRAL",
    "score": -1,
    "confidence": 25.0,
    "reasons": [
      "MACD histogram negative (bearish momentum)"
    ],
    "target_price": 595.84,
    "support": 593.34,
    "resistance": 598.22
  },
  "simulation": {
    "statistics": {
      "mean": 595.84030001269,
      "std": 3.5648676689917025,
      "p05": 590.0664694803988,
      "p25": 593.3388254665872,
      "p50": 595.7718070751581,
      "p75": 598.2188801912939,
      "p95": 601.8633860443886,
      "min": 584.8471386622282,
      "max": 606.3765495070662
    },
    "simulations": 1000,
    "volatility": 0.2379
  }
}