{
  "ticker": "SPY",
  "timestamp": "2026-02-27T16:49:08.207872",
  "current_price": 594.22,
  "forecast_minutes": 60,
  "technical_indicators": {
    "rsi": 57.2,
    "macd": {
      "line": 0.4749,
      "signal": 0.4274,
      "histogram": 0.0475
    },
    "bollinger_bands": {
      "upper": 591.36,
      "middle": 571.76,
      "lower": 552.16
    }
  },
  "bsm_analysis": {
    "greeks": {
      "delta": 0.5393,
      "gamma": 0.010176,
      "theta": -0.3018,
      "vega": 0.6763,
      "rho": 0.2495
    },
    "atm_call_price": 16.84,
    "atm_put_price": 14.28,
    "implied_move": 0.58
  },
  "prediction": {
    "signal": "NEUTRAL",
    "score": 1,
    "confidence": 25.0,
    "reasons": [
      "MACD histogram positive (bullish momentum)"
    ],
    "target_price": 594.41,
    "support": 592.1,
    "resistance": 596.72
  },
  "simulation": {
    "statistics": {
      "mean": 594.4065960478888,
      "std": 3.455234467230645,
      "p05": 588.9251171142806,
      "p25": 592.0957994963287,
      "p50": 594.34250675603,
      "p75": 596.7212747307926,
      "p95": 600.265487243019,
      "min": 584.9874868599975,
      "max": 606.8959581392024
    },
    "simulations": 1000,
    "volatility": 0.229
  }
}