{
  "ticker": "SPY",
  "timestamp": "2026-03-13T23:57:32.332021",
  "current_price": 597.62,
  "forecast_minutes": 60,
  "technical_indicators": {
    "rsi": 46.79,
    "macd": {
      "line": -1.0478,
      "signal": -0.943,
      "histogram": -0.1048
    },
    "bollinger_bands": {
      "upper": 610.86,
      "middle": 600.53,
      "lower": 590.2
    }
  },
  "bsm_analysis": {
    "greeks": {
      "delta": 0.5523,
      "gamma": 0.017228,
      "theta": -0.1973,
      "vega": 0.6776,
      "rho": 0.2627
    },
    "atm_call_price": 10.48,
    "atm_put_price": 7.91,
    "implied_move": 0.32
  },
  "prediction": {
    "signal": "NEUTRAL",
    "score": -1,
    "confidence": 25.0,
    "reasons": [
      "MACD histogram negative (bearish momentum)"
    ],
    "target_price": 597.72,
    "support": 596.34,
    "resistance": 598.99
  },
  "simulation": {
    "statistics": {
      "mean": 597.722081918942,
      "std": 1.9249545391536629,
      "p05": 594.5907047125174,
      "p25": 596.3390803628481,
      "p50": 597.6445699092789,
      "p75": 598.9944746019187,
      "p95": 600.9267382878444,
      "min": 592.284464674144,
      "max": 604.7658868461781
    },
    "simulations": 1000,
    "volatility": 0.134
  }
}