{
  "ticker": "SPY",
  "timestamp": "2026-04-07T09:37:55.264651",
  "current_price": 595.52,
  "forecast_minutes": 60,
  "technical_indicators": {
    "rsi": 63.65,
    "macd": {
      "line": -6.8014,
      "signal": -6.1213,
      "histogram": -0.6801
    },
    "bollinger_bands": {
      "upper": 594.99,
      "middle": 551.52,
      "lower": 508.04
    }
  },
  "bsm_analysis": {
    "greeks": {
      "delta": 0.5386,
      "gamma": 0.005341,
      "theta": -0.5337,
      "vega": 0.6779,
      "rho": 0.2383
    },
    "atm_call_price": 30.87,
    "atm_put_price": 28.31,
    "implied_move": 1.1
  },
  "prediction": {
    "signal": "NEUTRAL",
    "score": -1,
    "confidence": 25.0,
    "reasons": [
      "MACD histogram negative (bearish momentum)"
    ],
    "target_price": 595.72,
    "support": 591.33,
    "resistance": 600.35
  },
  "simulation": {
    "statistics": {
      "mean": 595.7173453937631,
      "std": 6.550522130630445,
      "p05": 584.8115618967422,
      "p25": 591.3316181617604,
      "p50": 595.6809482936027,
      "p75": 600.3479576274792,
      "p95": 606.4796052209982,
      "min": 572.2209872533741,
      "max": 616.3674260255012
    },
    "simulations": 1000,
    "volatility": 0.4354
  }
}