{
  "ticker": "SPY",
  "timestamp": "2026-02-14T07:36:46.106435",
  "current_price": 595.73,
  "forecast_minutes": 60,
  "technical_indicators": {
    "rsi": 40.55,
    "macd": {
      "line": 5.9073,
      "signal": 5.3166,
      "histogram": 0.5907
    },
    "bollinger_bands": {
      "upper": 670.25,
      "middle": 634.23,
      "lower": 598.21
    }
  },
  "bsm_analysis": {
    "greeks": {
      "delta": 0.5373,
      "gamma": 0.006345,
      "theta": -0.4567,
      "vega": 0.6784,
      "rho": 0.2415
    },
    "atm_call_price": 26.21,
    "atm_put_price": 23.65,
    "implied_move": 0.9
  },
  "prediction": {
    "signal": "NEUTRAL",
    "score": 1,
    "confidence": 25.0,
    "reasons": [
      "MACD histogram positive (bullish momentum)"
    ],
    "target_price": 595.65,
    "support": 592.01,
    "resistance": 599.4
  },
  "simulation": {
    "statistics": {
      "mean": 595.6508741510473,
      "std": 5.33972482842543,
      "p05": 586.6373828781827,
      "p25": 592.0109860310861,
      "p50": 595.70087941364,
      "p75": 599.3991062320756,
      "p95": 604.3552249790259,
      "min": 577.2606437231202,
      "max": 612.5633545111336
    },
    "simulations": 1000,
    "volatility": 0.3665
  }
}