{
  "ticker": "SPY",
  "timestamp": "2026-02-20T18:04:54.594549",
  "current_price": 596.23,
  "forecast_minutes": 60,
  "technical_indicators": {
    "rsi": 59.91,
    "macd": {
      "line": 2.9616,
      "signal": 2.6654,
      "histogram": 0.2962
    },
    "bollinger_bands": {
      "upper": 611.08,
      "middle": 590.85,
      "lower": 570.63
    }
  },
  "bsm_analysis": {
    "greeks": {
      "delta": 0.5481,
      "gamma": 0.015271,
      "theta": -0.2165,
      "vega": 0.677,
      "rho": 0.259
    },
    "atm_call_price": 11.66,
    "atm_put_price": 9.09,
    "implied_move": 0.37
  },
  "prediction": {
    "signal": "NEUTRAL",
    "score": 1,
    "confidence": 25.0,
    "reasons": [
      "MACD histogram positive (bullish momentum)"
    ],
    "target_price": 596.22,
    "support": 594.65,
    "resistance": 597.76
  },
  "simulation": {
    "statistics": {
      "mean": 596.215606583381,
      "std": 2.228259855047695,
      "p05": 592.6825342841041,
      "p25": 594.6520051593255,
      "p50": 596.1284258811766,
      "p75": 597.7603937548863,
      "p95": 600.0074216274304,
      "min": 590.0993935537723,
      "max": 605.4930054487434
    },
    "simulations": 1000,
    "volatility": 0.1517
  }
}