{
  "ticker": "SPY",
  "timestamp": "2026-03-29T08:48:04.436980",
  "current_price": 596.18,
  "forecast_minutes": 60,
  "technical_indicators": {
    "rsi": 50.97,
    "macd": {
      "line": 0.9055,
      "signal": 0.8149,
      "histogram": 0.0905
    },
    "bollinger_bands": {
      "upper": 601.28,
      "middle": 588.35,
      "lower": 575.43
    }
  },
  "bsm_analysis": {
    "greeks": {
      "delta": 0.5476,
      "gamma": 0.015017,
      "theta": -0.2194,
      "vega": 0.677,
      "rho": 0.2586
    },
    "atm_call_price": 11.83,
    "atm_put_price": 9.27,
    "implied_move": 0.39
  },
  "prediction": {
    "signal": "NEUTRAL",
    "score": 1,
    "confidence": 25.0,
    "reasons": [
      "MACD histogram positive (bullish momentum)"
    ],
    "target_price": 596.09,
    "support": 594.61,
    "resistance": 597.65
  },
  "simulation": {
    "statistics": {
      "mean": 596.0907616994003,
      "std": 2.3002961388127456,
      "p05": 592.3580582699491,
      "p25": 594.6054959917046,
      "p50": 596.0994912366152,
      "p75": 597.6464733303945,
      "p95": 599.9891018800845,
      "min": 589.7435982652086,
      "max": 603.8802187901091
    },
    "simulations": 1000,
    "volatility": 0.1543
  }
}