{
  "ticker": "SPY",
  "timestamp": "2026-03-04T21:34:40.032387",
  "current_price": 597.41,
  "forecast_minutes": 60,
  "technical_indicators": {
    "rsi": 53.24,
    "macd": {
      "line": -1.5817,
      "signal": -1.4235,
      "histogram": -0.1582
    },
    "bollinger_bands": {
      "upper": 605.1,
      "middle": 587.98,
      "lower": 570.86
    }
  },
  "bsm_analysis": {
    "greeks": {
      "delta": 0.5454,
      "gamma": 0.013829,
      "theta": -0.2344,
      "vega": 0.6789,
      "rho": 0.2573
    },
    "atm_call_price": 12.74,
    "atm_put_price": 10.17,
    "implied_move": 0.42
  },
  "prediction": {
    "signal": "NEUTRAL",
    "score": -1,
    "confidence": 25.0,
    "reasons": [
      "MACD histogram negative (bearish momentum)"
    ],
    "target_price": 597.31,
    "support": 595.62,
    "resistance": 598.98
  },
  "simulation": {
    "statistics": {
      "mean": 597.3128272922006,
      "std": 2.519343029124754,
      "p05": 593.2831722362677,
      "p25": 595.624359773085,
      "p50": 597.3278042303771,
      "p75": 598.976244401798,
      "p95": 601.5492122490294,
      "min": 589.3597989776238,
      "max": 605.9883604008165
    },
    "simulations": 1000,
    "volatility": 0.1673
  }
}