{
  "ticker": "SPY",
  "timestamp": "2026-03-11T07:08:23.463200",
  "current_price": 593.78,
  "forecast_minutes": 60,
  "technical_indicators": {
    "rsi": 62.18,
    "macd": {
      "line": -2.2296,
      "signal": -2.0066,
      "histogram": -0.223
    },
    "bollinger_bands": {
      "upper": 591.53,
      "middle": 577.69,
      "lower": 563.86
    }
  },
  "bsm_analysis": {
    "greeks": {
      "delta": 0.5389,
      "gamma": 0.0099,
      "theta": -0.3089,
      "vega": 0.6759,
      "rho": 0.2488
    },
    "atm_call_price": 17.27,
    "atm_put_price": 14.72,
    "implied_move": 0.56
  },
  "prediction": {
    "signal": "NEUTRAL",
    "score": -1,
    "confidence": 25.0,
    "reasons": [
      "MACD histogram negative (bearish momentum)"
    ],
    "target_price": 593.95,
    "support": 591.79,
    "resistance": 596.05
  },
  "simulation": {
    "statistics": {
      "mean": 593.9546816923889,
      "std": 3.317291724774021,
      "p05": 588.4517043543556,
      "p25": 591.7937937925359,
      "p50": 593.9915421485207,
      "p75": 596.0545889611874,
      "p95": 599.4594285319691,
      "min": 582.8020487314047,
      "max": 604.5679813785022
    },
    "simulations": 1000,
    "volatility": 0.2356
  }
}