{
  "ticker": "SPY",
  "timestamp": "2026-02-25T22:29:38.311863",
  "current_price": 592.36,
  "forecast_minutes": 60,
  "technical_indicators": {
    "rsi": 54.08,
    "macd": {
      "line": -0.7552,
      "signal": -0.6797,
      "histogram": -0.0755
    },
    "bollinger_bands": {
      "upper": 598.78,
      "middle": 588.87,
      "lower": 578.96
    }
  },
  "bsm_analysis": {
    "greeks": {
      "delta": 0.55,
      "gamma": 0.016303,
      "theta": -0.2054,
      "vega": 0.6722,
      "rho": 0.2588
    },
    "atm_call_price": 10.99,
    "atm_put_price": 8.44,
    "implied_move": 0.35
  },
  "prediction": {
    "signal": "NEUTRAL",
    "score": -1,
    "confidence": 25.0,
    "reasons": [
      "MACD histogram negative (bearish momentum)"
    ],
    "target_price": 592.24,
    "support": 590.83,
    "resistance": 593.65
  },
  "simulation": {
    "statistics": {
      "mean": 592.2364579137554,
      "std": 2.095308249826567,
      "p05": 588.9182823052689,
      "p25": 590.8315669376497,
      "p50": 592.1996919267564,
      "p75": 593.6464113923801,
      "p95": 595.7294168329856,
      "min": 586.214360031888,
      "max": 598.7739527071393
    },
    "simulations": 1000,
    "volatility": 0.143
  }
}