{
  "ticker": "SPY",
  "timestamp": "2026-02-15T17:12:52.706728",
  "current_price": 594.83,
  "forecast_minutes": 60,
  "technical_indicators": {
    "rsi": 65.06,
    "macd": {
      "line": -2.6832,
      "signal": -2.4149,
      "histogram": -0.2683
    },
    "bollinger_bands": {
      "upper": 584.72,
      "middle": 553.26,
      "lower": 521.8
    }
  },
  "bsm_analysis": {
    "greeks": {
      "delta": 0.5378,
      "gamma": 0.005883,
      "theta": -0.4888,
      "vega": 0.6773,
      "rho": 0.2398
    },
    "atm_call_price": 28.16,
    "atm_put_price": 25.6,
    "implied_move": 1.0
  },
  "prediction": {
    "signal": "NEUTRAL",
    "score": -1,
    "confidence": 25.0,
    "reasons": [
      "MACD histogram negative (bearish momentum)"
    ],
    "target_price": 594.97,
    "support": 590.83,
    "resistance": 599.07
  },
  "simulation": {
    "statistics": {
      "mean": 594.9745657722564,
      "std": 5.940623230421387,
      "p05": 585.3535051205222,
      "p25": 590.8346317495942,
      "p50": 595.0673132200009,
      "p75": 599.0665592830356,
      "p95": 604.1256633843577,
      "min": 576.3022294237699,
      "max": 616.1096243652744
    },
    "simulations": 1000,
    "volatility": 0.3959
  }
}