{
  "ticker": "SPY",
  "timestamp": "2026-03-17T10:06:26.974353",
  "current_price": 594.47,
  "forecast_minutes": 60,
  "technical_indicators": {
    "rsi": 47.46,
    "macd": {
      "line": -4.3557,
      "signal": -3.9201,
      "histogram": -0.4356
    },
    "bollinger_bands": {
      "upper": 608.47,
      "middle": 590.48,
      "lower": 572.48
    }
  },
  "bsm_analysis": {
    "greeks": {
      "delta": 0.5434,
      "gamma": 0.012829,
      "theta": -0.2488,
      "vega": 0.6759,
      "rho": 0.2543
    },
    "atm_call_price": 13.63,
    "atm_put_price": 11.07,
    "implied_move": 0.46
  },
  "prediction": {
    "signal": "NEUTRAL",
    "score": -1,
    "confidence": 25.0,
    "reasons": [
      "MACD histogram negative (bearish momentum)"
    ],
    "target_price": 594.47,
    "support": 592.64,
    "resistance": 596.22
  },
  "simulation": {
    "statistics": {
      "mean": 594.4719017642951,
      "std": 2.7143918504491413,
      "p05": 590.0608293780182,
      "p25": 592.6429618447636,
      "p50": 594.4965152257699,
      "p75": 596.2218186107419,
      "p95": 598.9421094629598,
      "min": 585.2206278062379,
      "max": 603.9935894932465
    },
    "simulations": 1000,
    "volatility": 0.1814
  }
}