{
  "ticker": "SPY",
  "timestamp": "2026-03-01T12:14:26.837431",
  "current_price": 592.83,
  "forecast_minutes": 60,
  "technical_indicators": {
    "rsi": 67.88,
    "macd": {
      "line": 5.6419,
      "signal": 5.0777,
      "histogram": 0.5642
    },
    "bollinger_bands": {
      "upper": 577.86,
      "middle": 556.41,
      "lower": 534.97
    }
  },
  "bsm_analysis": {
    "greeks": {
      "delta": 0.5371,
      "gamma": 0.006776,
      "theta": -0.4303,
      "vega": 0.6751,
      "rho": 0.2415
    },
    "atm_call_price": 24.62,
    "atm_put_price": 22.07,
    "implied_move": 0.85
  },
  "prediction": {
    "signal": "NEUTRAL",
    "score": 1,
    "confidence": 25.0,
    "reasons": [
      "MACD histogram positive (bullish momentum)"
    ],
    "target_price": 592.86,
    "support": 589.66,
    "resistance": 596.21
  },
  "simulation": {
    "statistics": {
      "mean": 592.8629272235706,
      "std": 5.024601127822701,
      "p05": 584.5100214503839,
      "p25": 589.6630193235925,
      "p50": 592.8382087866884,
      "p75": 596.2076996643548,
      "p95": 601.4851393409309,
      "min": 577.1661394930157,
      "max": 606.8207359019474
    },
    "simulations": 1000,
    "volatility": 0.3449
  }
}