{
  "ticker": "SPY",
  "timestamp": "2026-02-08T08:29:30.291280",
  "current_price": 597.09,
  "forecast_minutes": 60,
  "technical_indicators": {
    "rsi": 49.98,
    "macd": {
      "line": 14.3885,
      "signal": 12.9497,
      "histogram": 1.4389
    },
    "bollinger_bands": {
      "upper": 675.4,
      "middle": 620.27,
      "lower": 565.14
    }
  },
  "bsm_analysis": {
    "greeks": {
      "delta": 0.5387,
      "gamma": 0.005282,
      "theta": -0.5392,
      "vega": 0.6797,
      "rho": 0.2387
    },
    "atm_call_price": 31.21,
    "atm_put_price": 28.64,
    "implied_move": 1.05
  },
  "prediction": {
    "signal": "NEUTRAL",
    "score": 1,
    "confidence": 25.0,
    "reasons": [
      "MACD histogram positive (bullish momentum)"
    ],
    "target_price": 596.74,
    "support": 592.67,
    "resistance": 600.95
  },
  "simulation": {
    "statistics": {
      "mean": 596.7370168071247,
      "std": 6.266383895969334,
      "p05": 586.4984057796471,
      "p25": 592.6724983107407,
      "p50": 596.9386737087475,
      "p75": 600.9488686380763,
      "p95": 607.5629847454219,
      "min": 578.0054775567706,
      "max": 617.5662404050722
    },
    "simulations": 1000,
    "volatility": 0.4391
  }
}