{
  "ticker": "SPY",
  "timestamp": "2026-03-14T19:55:22.910088",
  "current_price": 596.67,
  "forecast_minutes": 60,
  "technical_indicators": {
    "rsi": 78.2,
    "macd": {
      "line": 4.1886,
      "signal": 3.7698,
      "histogram": 0.4189
    },
    "bollinger_bands": {
      "upper": 572.76,
      "middle": 547.84,
      "lower": 522.92
    }
  },
  "bsm_analysis": {
    "greeks": {
      "delta": 0.5371,
      "gamma": 0.006767,
      "theta": -0.4312,
      "vega": 0.6795,
      "rho": 0.2431
    },
    "atm_call_price": 24.67,
    "atm_put_price": 22.1,
    "implied_move": 0.85
  },
  "prediction": {
    "signal": "NEUTRAL",
    "score": -1,
    "confidence": 25.0,
    "reasons": [
      "RSI indicates overbought conditions",
      "MACD histogram positive (bullish momentum)"
    ],
    "target_price": 596.59,
    "support": 593.17,
    "resistance": 599.92
  },
  "simulation": {
    "statistics": {
      "mean": 596.5889198737987,
      "std": 5.045655268276034,
      "p05": 588.1121600308585,
      "p25": 593.1749620542065,
      "p50": 596.518306986691,
      "p75": 599.916520671439,
      "p95": 604.8261173306516,
      "min": 580.8716086850415,
      "max": 615.3930705002564
    },
    "simulations": 1000,
    "volatility": 0.3432
  }
}