{
  "ticker": "SPY",
  "timestamp": "2026-03-02T11:43:41.684734",
  "current_price": 595.66,
  "forecast_minutes": 60,
  "technical_indicators": {
    "rsi": 75.01,
    "macd": {
      "line": 3.9949,
      "signal": 3.5954,
      "histogram": 0.3995
    },
    "bollinger_bands": {
      "upper": 578.32,
      "middle": 557.81,
      "lower": 537.29
    }
  },
  "bsm_analysis": {
    "greeks": {
      "delta": 0.5372,
      "gamma": 0.007899,
      "theta": -0.3759,
      "vega": 0.6783,
      "rho": 0.2455
    },
    "atm_call_price": 21.32,
    "atm_put_price": 18.76,
    "implied_move": 0.73
  },
  "prediction": {
    "signal": "NEUTRAL",
    "score": -1,
    "confidence": 25.0,
    "reasons": [
      "RSI indicates overbought conditions",
      "MACD histogram positive (bullish momentum)"
    ],
    "target_price": 595.64,
    "support": 592.68,
    "resistance": 598.67
  },
  "simulation": {
    "statistics": {
      "mean": 595.6397455761281,
      "std": 4.363268663434978,
      "p05": 588.2654139392669,
      "p25": 592.6847690326754,
      "p50": 595.701528313273,
      "p75": 598.6687238841689,
      "p95": 602.5027073099199,
      "min": 579.5996310409761,
      "max": 610.3376667929591
    },
    "simulations": 1000,
    "volatility": 0.2945
  }
}