{
  "ticker": "SPY",
  "timestamp": "2026-04-11T21:16:15.011356",
  "current_price": 593.49,
  "forecast_minutes": 60,
  "technical_indicators": {
    "rsi": 69.63,
    "macd": {
      "line": 3.6606,
      "signal": 3.2945,
      "histogram": 0.3661
    },
    "bollinger_bands": {
      "upper": 592.6,
      "middle": 576.79,
      "lower": 560.98
    }
  },
  "bsm_analysis": {
    "greeks": {
      "delta": 0.546,
      "gamma": 0.014248,
      "theta": -0.2285,
      "vega": 0.6743,
      "rho": 0.2561
    },
    "atm_call_price": 12.4,
    "atm_put_price": 9.84,
    "implied_move": 0.4
  },
  "prediction": {
    "signal": "NEUTRAL",
    "score": 1,
    "confidence": 25.0,
    "reasons": [
      "MACD histogram positive (bullish momentum)"
    ],
    "target_price": 593.55,
    "support": 591.99,
    "resistance": 595.18
  },
  "simulation": {
    "statistics": {
      "mean": 593.5497802618542,
      "std": 2.3838883607272607,
      "p05": 589.5523278466987,
      "p25": 591.9856810911178,
      "p50": 593.5337791395627,
      "p75": 595.1756289362627,
      "p95": 597.4660954481184,
      "min": 585.5765550515225,
      "max": 601.8894828444622
    },
    "simulations": 1000,
    "volatility": 0.1635
  }
}