{
  "ticker": "SPY",
  "timestamp": "2026-03-21T22:26:27.492548",
  "current_price": 596.82,
  "forecast_minutes": 60,
  "technical_indicators": {
    "rsi": 48.87,
    "macd": {
      "line": -3.1187,
      "signal": -2.8068,
      "histogram": -0.3119
    },
    "bollinger_bands": {
      "upper": 606.38,
      "middle": 588.27,
      "lower": 570.16
    }
  },
  "bsm_analysis": {
    "greeks": {
      "delta": 0.5441,
      "gamma": 0.013189,
      "theta": -0.2435,
      "vega": 0.6784,
      "rho": 0.256
    },
    "atm_call_price": 13.3,
    "atm_put_price": 10.73,
    "implied_move": 0.42
  },
  "prediction": {
    "signal": "NEUTRAL",
    "score": -1,
    "confidence": 25.0,
    "reasons": [
      "MACD histogram negative (bearish momentum)"
    ],
    "target_price": 596.77,
    "support": 595.0,
    "resistance": 598.44
  },
  "simulation": {
    "statistics": {
      "mean": 596.7676967218073,
      "std": 2.528828691024139,
      "p05": 592.7768303613927,
      "p25": 595.0048439036002,
      "p50": 596.8129515823878,
      "p75": 598.4415153047926,
      "p95": 600.8645429559892,
      "min": 588.4235545562118,
      "max": 605.8752560664942
    },
    "simulations": 1000,
    "volatility": 0.1757
  }
}