{
  "ticker": "SPY",
  "timestamp": "2026-03-31T01:16:47.234898",
  "current_price": 592.31,
  "forecast_minutes": 60,
  "technical_indicators": {
    "rsi": 50.52,
    "macd": {
      "line": -3.056,
      "signal": -2.7504,
      "histogram": -0.3056
    },
    "bollinger_bands": {
      "upper": 601.76,
      "middle": 583.94,
      "lower": 566.12
    }
  },
  "bsm_analysis": {
    "greeks": {
      "delta": 0.5439,
      "gamma": 0.01314,
      "theta": -0.2438,
      "vega": 0.6733,
      "rho": 0.2538
    },
    "atm_call_price": 13.33,
    "atm_put_price": 10.78,
    "implied_move": 0.45
  },
  "prediction": {
    "signal": "NEUTRAL",
    "score": -1,
    "confidence": 25.0,
    "reasons": [
      "MACD histogram negative (bearish momentum)"
    ],
    "target_price": 592.32,
    "support": 590.61,
    "resistance": 594.23
  },
  "simulation": {
    "statistics": {
      "mean": 592.3214883747934,
      "std": 2.650366103152818,
      "p05": 587.9343761565198,
      "p25": 590.6142415637121,
      "p50": 592.3522156239196,
      "p75": 594.2290795135524,
      "p95": 596.5387169985856,
      "min": 583.7554898431321,
      "max": 601.6259263299262
    },
    "simulations": 1000,
    "volatility": 0.1777
  }
}