{
  "ticker": "SPY",
  "timestamp": "2026-02-28T22:08:09.461962",
  "current_price": 593.0,
  "forecast_minutes": 60,
  "technical_indicators": {
    "rsi": 56.99,
    "macd": {
      "line": 6.1,
      "signal": 5.49,
      "histogram": 0.61
    },
    "bollinger_bands": {
      "upper": 619.4,
      "middle": 595.72,
      "lower": 572.04
    }
  },
  "bsm_analysis": {
    "greeks": {
      "delta": 0.5387,
      "gamma": 0.009756,
      "theta": -0.3128,
      "vega": 0.675,
      "rho": 0.2482
    },
    "atm_call_price": 17.51,
    "atm_put_price": 14.95,
    "implied_move": 0.6
  },
  "prediction": {
    "signal": "NEUTRAL",
    "score": 1,
    "confidence": 25.0,
    "reasons": [
      "MACD histogram positive (bullish momentum)"
    ],
    "target_price": 593.14,
    "support": 590.5,
    "resistance": 595.54
  },
  "simulation": {
    "statistics": {
      "mean": 593.1359491109392,
      "std": 3.547994205527786,
      "p05": 587.3942501912071,
      "p25": 590.5017997994088,
      "p50": 593.2273389552045,
      "p75": 595.5397872992958,
      "p95": 598.9832396128816,
      "min": 582.939147710472,
      "max": 605.4997528858003
    },
    "simulations": 1000,
    "volatility": 0.2394
  }
}