{
  "ticker": "SPY",
  "timestamp": "2026-03-12T10:47:59.929173",
  "current_price": 594.31,
  "forecast_minutes": 60,
  "technical_indicators": {
    "rsi": 47.62,
    "macd": {
      "line": -0.7506,
      "signal": -0.6756,
      "histogram": -0.0751
    },
    "bollinger_bands": {
      "upper": 606.82,
      "middle": 590.57,
      "lower": 574.31
    }
  },
  "bsm_analysis": {
    "greeks": {
      "delta": 0.5459,
      "gamma": 0.014195,
      "theta": -0.2293,
      "vega": 0.6752,
      "rho": 0.2564
    },
    "atm_call_price": 12.44,
    "atm_put_price": 9.88,
    "implied_move": 0.4
  },
  "prediction": {
    "signal": "NEUTRAL",
    "score": -1,
    "confidence": 25.0,
    "reasons": [
      "MACD histogram negative (bearish momentum)"
    ],
    "target_price": 594.44,
    "support": 592.91,
    "resistance": 595.92
  },
  "simulation": {
    "statistics": {
      "mean": 594.439854832914,
      "std": 2.3641310526788315,
      "p05": 590.8223644803479,
      "p25": 592.9099983326776,
      "p50": 594.407091678883,
      "p75": 595.9181499447956,
      "p95": 598.3360756299853,
      "min": 585.2788699889206,
      "max": 604.0329493455698
    },
    "simulations": 1000,
    "volatility": 0.1639
  }
}