{
  "ticker": "SPY",
  "timestamp": "2026-03-31T15:44:36.638371",
  "current_price": 596.81,
  "forecast_minutes": 60,
  "technical_indicators": {
    "rsi": 62.47,
    "macd": {
      "line": -2.6477,
      "signal": -2.3829,
      "histogram": -0.2648
    },
    "bollinger_bands": {
      "upper": 589.04,
      "middle": 568.82,
      "lower": 548.59
    }
  },
  "bsm_analysis": {
    "greeks": {
      "delta": 0.5372,
      "gamma": 0.008026,
      "theta": -0.3707,
      "vega": 0.6796,
      "rho": 0.2463
    },
    "atm_call_price": 21.01,
    "atm_put_price": 18.44,
    "implied_move": 0.69
  },
  "prediction": {
    "signal": "NEUTRAL",
    "score": -1,
    "confidence": 25.0,
    "reasons": [
      "MACD histogram negative (bearish momentum)"
    ],
    "target_price": 596.81,
    "support": 594.01,
    "resistance": 599.48
  },
  "simulation": {
    "statistics": {
      "mean": 596.8090267607487,
      "std": 4.104995719995773,
      "p05": 590.2361580112669,
      "p25": 594.0077794641402,
      "p50": 596.8533661163376,
      "p75": 599.4760281302123,
      "p95": 603.6818036199074,
      "min": 582.7348452726951,
      "max": 613.516893628674
    },
    "simulations": 1000,
    "volatility": 0.2892
  }
}