{
  "ticker": "SPY",
  "timestamp": "2026-02-22T10:30:28.377856",
  "current_price": 594.85,
  "forecast_minutes": 60,
  "technical_indicators": {
    "rsi": 60.27,
    "macd": {
      "line": -0.747,
      "signal": -0.6723,
      "histogram": -0.0747
    },
    "bollinger_bands": {
      "upper": 594.22,
      "middle": 571.32,
      "lower": 548.42
    }
  },
  "bsm_analysis": {
    "greeks": {
      "delta": 0.5384,
      "gamma": 0.009455,
      "theta": -0.3214,
      "vega": 0.6772,
      "rho": 0.2484
    },
    "atm_call_price": 18.03,
    "atm_put_price": 15.47,
    "implied_move": 0.61
  },
  "prediction": {
    "signal": "NEUTRAL",
    "score": -1,
    "confidence": 25.0,
    "reasons": [
      "MACD histogram negative (bearish momentum)"
    ],
    "target_price": 594.81,
    "support": 592.56,
    "resistance": 597.2
  },
  "simulation": {
    "statistics": {
      "mean": 594.8145267266768,
      "std": 3.6197662874673857,
      "p05": 588.6850499937796,
      "p25": 592.5580708445102,
      "p50": 594.9312222744447,
      "p75": 597.2031729106293,
      "p95": 600.6844324146401,
      "min": 584.1088301464121,
      "max": 605.2814579869166
    },
    "simulations": 1000,
    "volatility": 0.2463
  }
}