{
  "ticker": "SPY",
  "timestamp": "2026-03-08T09:11:45.799633",
  "current_price": 593.06,
  "forecast_minutes": 60,
  "technical_indicators": {
    "rsi": 48.39,
    "macd": {
      "line": 2.9005,
      "signal": 2.6105,
      "histogram": 0.2901
    },
    "bollinger_bands": {
      "upper": 614.12,
      "middle": 600.79,
      "lower": 587.46
    }
  },
  "bsm_analysis": {
    "greeks": {
      "delta": 0.5432,
      "gamma": 0.012728,
      "theta": -0.2503,
      "vega": 0.6743,
      "rho": 0.2535
    },
    "atm_call_price": 13.72,
    "atm_put_price": 11.17,
    "implied_move": 0.47
  },
  "prediction": {
    "signal": "NEUTRAL",
    "score": 1,
    "confidence": 25.0,
    "reasons": [
      "MACD histogram positive (bullish momentum)"
    ],
    "target_price": 592.99,
    "support": 591.0,
    "resistance": 594.87
  },
  "simulation": {
    "statistics": {
      "mean": 592.9930518832603,
      "std": 2.8074221264221646,
      "p05": 588.2952572564247,
      "p25": 590.9961605886443,
      "p50": 592.9771917521272,
      "p75": 594.8680717934235,
      "p95": 597.7182027365855,
      "min": 583.4946956333994,
      "max": 602.2030821391912
    },
    "simulations": 1000,
    "volatility": 0.1833
  }
}