{
  "ticker": "SPY",
  "timestamp": "2026-02-28T18:28:06.380559",
  "current_price": 597.02,
  "forecast_minutes": 60,
  "technical_indicators": {
    "rsi": 48.08,
    "macd": {
      "line": 3.2495,
      "signal": 2.9246,
      "histogram": 0.325
    },
    "bollinger_bands": {
      "upper": 618.87,
      "middle": 601.77,
      "lower": 584.67
    }
  },
  "bsm_analysis": {
    "greeks": {
      "delta": 0.5372,
      "gamma": 0.007924,
      "theta": -0.3749,
      "vega": 0.6799,
      "rho": 0.2461
    },
    "atm_call_price": 21.26,
    "atm_put_price": 18.69,
    "implied_move": 0.72
  },
  "prediction": {
    "signal": "NEUTRAL",
    "score": 1,
    "confidence": 25.0,
    "reasons": [
      "MACD histogram positive (bullish momentum)"
    ],
    "target_price": 597.1,
    "support": 594.25,
    "resistance": 599.88
  },
  "simulation": {
    "statistics": {
      "mean": 597.0954190416367,
      "std": 4.284855042730305,
      "p05": 590.14917719835,
      "p25": 594.2542393828321,
      "p50": 597.0582190157302,
      "p75": 599.8839331054392,
      "p95": 604.1376146704122,
      "min": 584.1743985314209,
      "max": 611.100504589281
    },
    "simulations": 1000,
    "volatility": 0.2929
  }
}