{
  "ticker": "SPY",
  "timestamp": "2026-03-27T10:33:32.474488",
  "current_price": 595.18,
  "forecast_minutes": 60,
  "technical_indicators": {
    "rsi": 29.95,
    "macd": {
      "line": 0.6483,
      "signal": 0.5835,
      "histogram": 0.0648
    },
    "bollinger_bands": {
      "upper": 654.52,
      "middle": 631.16,
      "lower": 607.81
    }
  },
  "bsm_analysis": {
    "greeks": {
      "delta": 0.5386,
      "gamma": 0.00959,
      "theta": -0.3176,
      "vega": 0.6775,
      "rho": 0.2488
    },
    "atm_call_price": 17.79,
    "atm_put_price": 15.23,
    "implied_move": 0.62
  },
  "prediction": {
    "signal": "BULLISH",
    "score": 3,
    "confidence": 75.0,
    "reasons": [
      "RSI indicates oversold conditions",
      "MACD histogram positive (bullish momentum)"
    ],
    "target_price": 595.16,
    "support": 592.64,
    "resistance": 597.68
  },
  "simulation": {
    "statistics": {
      "mean": 595.1615563683345,
      "std": 3.7066210202799867,
      "p05": 588.8082979915453,
      "p25": 592.6388279603369,
      "p50": 595.1107756669171,
      "p75": 597.6773368172026,
      "p95": 601.1100994598274,
      "min": 584.7871467497868,
      "max": 606.4668080789505
    },
    "simulations": 1000,
    "volatility": 0.2427
  }
}