{
  "ticker": "SPY",
  "timestamp": "2026-03-22T17:26:23.568902",
  "current_price": 593.85,
  "forecast_minutes": 60,
  "technical_indicators": {
    "rsi": 72.0,
    "macd": {
      "line": 3.2004,
      "signal": 2.8804,
      "histogram": 0.32
    },
    "bollinger_bands": {
      "upper": 602.7,
      "middle": 587.4,
      "lower": 572.09
    }
  },
  "bsm_analysis": {
    "greeks": {
      "delta": 0.5603,
      "gamma": 0.020895,
      "theta": -0.1706,
      "vega": 0.6714,
      "rho": 0.2662
    },
    "atm_call_price": 8.86,
    "atm_put_price": 6.3,
    "implied_move": 0.28
  },
  "prediction": {
    "signal": "NEUTRAL",
    "score": -1,
    "confidence": 25.0,
    "reasons": [
      "RSI indicates overbought conditions",
      "MACD histogram positive (bullish momentum)"
    ],
    "target_price": 593.84,
    "support": 592.79,
    "resistance": 594.94
  },
  "simulation": {
    "statistics": {
      "mean": 593.8372215431959,
      "std": 1.6441801307987536,
      "p05": 591.1518567352123,
      "p25": 592.7931014858673,
      "p50": 593.7838476353488,
      "p75": 594.9445131162591,
      "p95": 596.5722126345081,
      "min": 588.631794602154,
      "max": 599.2767137864561
    },
    "simulations": 1000,
    "volatility": 0.1109
  }
}