{
  "ticker": "SPY",
  "timestamp": "2026-03-14T06:29:50.087054",
  "current_price": 594.63,
  "forecast_minutes": 60,
  "technical_indicators": {
    "rsi": 76.11,
    "macd": {
      "line": 7.5206,
      "signal": 6.7685,
      "histogram": 0.7521
    },
    "bollinger_bands": {
      "upper": 609.72,
      "middle": 583.99,
      "lower": 558.26
    }
  },
  "bsm_analysis": {
    "greeks": {
      "delta": 0.5572,
      "gamma": 0.0195,
      "theta": -0.1795,
      "vega": 0.6731,
      "rho": 0.2646
    },
    "atm_call_price": 9.4,
    "atm_put_price": 6.84,
    "implied_move": 0.29
  },
  "prediction": {
    "signal": "NEUTRAL",
    "score": -1,
    "confidence": 25.0,
    "reasons": [
      "RSI indicates overbought conditions",
      "MACD histogram positive (bullish momentum)"
    ],
    "target_price": 594.65,
    "support": 593.48,
    "resistance": 595.84
  },
  "simulation": {
    "statistics": {
      "mean": 594.6489342849385,
      "std": 1.7278289404453573,
      "p05": 591.8414941669332,
      "p25": 593.480572749442,
      "p50": 594.6255748156117,
      "p75": 595.8378435284438,
      "p95": 597.5244340635894,
      "min": 588.2912184043278,
      "max": 599.929595423565
    },
    "simulations": 1000,
    "volatility": 0.1188
  }
}