{
  "ticker": "SPY",
  "timestamp": "2026-03-01T08:48:22.935189",
  "current_price": 595.91,
  "forecast_minutes": 60,
  "technical_indicators": {
    "rsi": 39.73,
    "macd": {
      "line": -0.9977,
      "signal": -0.8979,
      "histogram": -0.0998
    },
    "bollinger_bands": {
      "upper": 617.54,
      "middle": 606.77,
      "lower": 596.01
    }
  },
  "bsm_analysis": {
    "greeks": {
      "delta": 0.544,
      "gamma": 0.013149,
      "theta": -0.244,
      "vega": 0.6774,
      "rho": 0.2555
    },
    "atm_call_price": 13.33,
    "atm_put_price": 10.76,
    "implied_move": 0.42
  },
  "prediction": {
    "signal": "NEUTRAL",
    "score": -1,
    "confidence": 25.0,
    "reasons": [
      "MACD histogram negative (bearish momentum)"
    ],
    "target_price": 595.9,
    "support": 594.27,
    "resistance": 597.54
  },
  "simulation": {
    "statistics": {
      "mean": 595.8974752629684,
      "std": 2.475972793130793,
      "p05": 591.7677650851268,
      "p25": 594.2667909542483,
      "p50": 595.834519839877,
      "p75": 597.5447375164322,
      "p95": 600.0083464768888,
      "min": 588.1085315652126,
      "max": 603.7737288882987
    },
    "simulations": 1000,
    "volatility": 0.1765
  }
}