{
  "ticker": "SPY",
  "timestamp": "2026-02-15T05:09:05.704848",
  "current_price": 593.13,
  "forecast_minutes": 60,
  "technical_indicators": {
    "rsi": 74.36,
    "macd": {
      "line": 6.2854,
      "signal": 5.6569,
      "histogram": 0.6285
    },
    "bollinger_bands": {
      "upper": 590.23,
      "middle": 571.65,
      "lower": 553.06
    }
  },
  "bsm_analysis": {
    "greeks": {
      "delta": 0.5514,
      "gamma": 0.016935,
      "theta": -0.1996,
      "vega": 0.6727,
      "rho": 0.2601
    },
    "atm_call_price": 10.63,
    "atm_put_price": 8.08,
    "implied_move": 0.34
  },
  "prediction": {
    "signal": "NEUTRAL",
    "score": -1,
    "confidence": 25.0,
    "reasons": [
      "RSI indicates overbought conditions",
      "MACD histogram positive (bullish momentum)"
    ],
    "target_price": 593.1,
    "support": 591.73,
    "resistance": 594.45
  },
  "simulation": {
    "statistics": {
      "mean": 593.1031519146596,
      "std": 2.0456974386135025,
      "p05": 589.6516170584968,
      "p25": 591.7312047122487,
      "p50": 593.1397426306903,
      "p75": 594.4463749966071,
      "p95": 596.4352928480133,
      "min": 586.9189361241084,
      "max": 601.0016208038223
    },
    "simulations": 1000,
    "volatility": 0.1374
  }
}