{
  "ticker": "SPY",
  "timestamp": "2026-03-30T23:16:23.816776",
  "current_price": 594.1,
  "forecast_minutes": 60,
  "technical_indicators": {
    "rsi": 36.49,
    "macd": {
      "line": -1.2474,
      "signal": -1.1226,
      "histogram": -0.1247
    },
    "bollinger_bands": {
      "upper": 626.53,
      "middle": 607.93,
      "lower": 589.34
    }
  },
  "bsm_analysis": {
    "greeks": {
      "delta": 0.5551,
      "gamma": 0.018615,
      "theta": -0.1858,
      "vega": 0.673,
      "rho": 0.263
    },
    "atm_call_price": 9.79,
    "atm_put_price": 7.23,
    "implied_move": 0.31
  },
  "prediction": {
    "signal": "NEUTRAL",
    "score": -1,
    "confidence": 25.0,
    "reasons": [
      "MACD histogram negative (bearish momentum)"
    ],
    "target_price": 594.04,
    "support": 592.75,
    "resistance": 595.28
  },
  "simulation": {
    "statistics": {
      "mean": 594.038789325769,
      "std": 1.8615412762045573,
      "p05": 590.9892730741858,
      "p25": 592.7535825359805,
      "p50": 594.1112284291498,
      "p75": 595.2803815345898,
      "p95": 597.1999206427093,
      "min": 588.4040909433918,
      "max": 599.7782802480654
    },
    "simulations": 1000,
    "volatility": 0.1246
  }
}