{
  "ticker": "SPY",
  "timestamp": "2026-03-20T06:34:56.870398",
  "current_price": 594.91,
  "forecast_minutes": 60,
  "technical_indicators": {
    "rsi": 75.24,
    "macd": {
      "line": 4.6169,
      "signal": 4.1552,
      "histogram": 0.4617
    },
    "bollinger_bands": {
      "upper": 585.83,
      "middle": 563.99,
      "lower": 542.14
    }
  },
  "bsm_analysis": {
    "greeks": {
      "delta": 0.5399,
      "gamma": 0.010612,
      "theta": -0.2913,
      "vega": 0.677,
      "rho": 0.2507
    },
    "atm_call_price": 16.2,
    "atm_put_price": 13.64,
    "implied_move": 0.54
  },
  "prediction": {
    "signal": "NEUTRAL",
    "score": -1,
    "confidence": 25.0,
    "reasons": [
      "RSI indicates overbought conditions",
      "MACD histogram positive (bullish momentum)"
    ],
    "target_price": 595.05,
    "support": 592.95,
    "resistance": 597.17
  },
  "simulation": {
    "statistics": {
      "mean": 595.0501356961548,
      "std": 3.194119971019277,
      "p05": 589.6564193991607,
      "p25": 592.9494525601734,
      "p50": 595.2308970994272,
      "p75": 597.1669041502983,
      "p95": 600.252628493402,
      "min": 582.9990034706765,
      "max": 606.5649792685399
    },
    "simulations": 1000,
    "volatility": 0.2193
  }
}