{
  "ticker": "SPY",
  "timestamp": "2026-03-16T06:16:54.015152",
  "current_price": 592.99,
  "forecast_minutes": 60,
  "technical_indicators": {
    "rsi": 43.36,
    "macd": {
      "line": 5.2998,
      "signal": 4.7698,
      "histogram": 0.53
    },
    "bollinger_bands": {
      "upper": 613.6,
      "middle": 595.65,
      "lower": 577.7
    }
  },
  "bsm_analysis": {
    "greeks": {
      "delta": 0.5493,
      "gamma": 0.015926,
      "theta": -0.2093,
      "vega": 0.673,
      "rho": 0.2585
    },
    "atm_call_price": 11.22,
    "atm_put_price": 8.67,
    "implied_move": 0.36
  },
  "prediction": {
    "signal": "NEUTRAL",
    "score": 1,
    "confidence": 25.0,
    "reasons": [
      "MACD histogram positive (bullish momentum)"
    ],
    "target_price": 592.96,
    "support": 591.55,
    "resistance": 594.4
  },
  "simulation": {
    "statistics": {
      "mean": 592.9621948825072,
      "std": 2.1597462820294298,
      "p05": 589.4956977687214,
      "p25": 591.5485570099773,
      "p50": 592.8878339270046,
      "p75": 594.4038274413308,
      "p95": 596.7370526265357,
      "min": 587.1155124728236,
      "max": 600.437245900554
    },
    "simulations": 1000,
    "volatility": 0.1462
  }
}