{
  "ticker": "SPY",
  "timestamp": "2026-03-05T08:48:50.001024",
  "current_price": 595.48,
  "forecast_minutes": 60,
  "technical_indicators": {
    "rsi": 63.24,
    "macd": {
      "line": -1.6281,
      "signal": -1.4653,
      "histogram": -0.1628
    },
    "bollinger_bands": {
      "upper": 586.52,
      "middle": 562.89,
      "lower": 539.25
    }
  },
  "bsm_analysis": {
    "greeks": {
      "delta": 0.5375,
      "gamma": 0.008446,
      "theta": -0.3545,
      "vega": 0.6781,
      "rho": 0.2466
    },
    "atm_call_price": 20.03,
    "atm_put_price": 17.46,
    "implied_move": 0.68
  },
  "prediction": {
    "signal": "NEUTRAL",
    "score": -1,
    "confidence": 25.0,
    "reasons": [
      "MACD histogram negative (bearish momentum)"
    ],
    "target_price": 595.66,
    "support": 592.78,
    "resistance": 598.49
  },
  "simulation": {
    "statistics": {
      "mean": 595.6553401519028,
      "std": 4.023529393920526,
      "p05": 589.272982348978,
      "p25": 592.7767889722993,
      "p50": 595.6630105126316,
      "p75": 598.4932901683619,
      "p95": 602.3903806042238,
      "min": 579.7845711867078,
      "max": 607.6533182460684
    },
    "simulations": 1000,
    "volatility": 0.2755
  }
}