{
  "ticker": "SPY",
  "timestamp": "2026-02-16T07:42:13.346530",
  "current_price": 597.55,
  "forecast_minutes": 60,
  "technical_indicators": {
    "rsi": 69.48,
    "macd": {
      "line": 0.4274,
      "signal": 0.3846,
      "histogram": 0.0427
    },
    "bollinger_bands": {
      "upper": 586.36,
      "middle": 561.94,
      "lower": 537.51
    }
  },
  "bsm_analysis": {
    "greeks": {
      "delta": 0.5376,
      "gamma": 0.008544,
      "theta": -0.3511,
      "vega": 0.6804,
      "rho": 0.2477
    },
    "atm_call_price": 19.82,
    "atm_put_price": 17.24,
    "implied_move": 0.68
  },
  "prediction": {
    "signal": "NEUTRAL",
    "score": 1,
    "confidence": 25.0,
    "reasons": [
      "MACD histogram positive (bullish momentum)"
    ],
    "target_price": 597.57,
    "support": 594.96,
    "resistance": 600.41
  },
  "simulation": {
    "statistics": {
      "mean": 597.5725130054672,
      "std": 4.0471502105445625,
      "p05": 591.0561667853658,
      "p25": 594.9630647912938,
      "p50": 597.4148557990134,
      "p75": 600.4073808837397,
      "p95": 604.4690973869808,
      "min": 586.1285082276768,
      "max": 609.723067794673
    },
    "simulations": 1000,
    "volatility": 0.2713
  }
}