{
  "ticker": "SPY",
  "timestamp": "2026-03-07T05:06:52.960302",
  "current_price": 593.81,
  "forecast_minutes": 60,
  "technical_indicators": {
    "rsi": 71.75,
    "macd": {
      "line": 3.5681,
      "signal": 3.2113,
      "histogram": 0.3568
    },
    "bollinger_bands": {
      "upper": 583.77,
      "middle": 560.49,
      "lower": 537.21
    }
  },
  "bsm_analysis": {
    "greeks": {
      "delta": 0.5401,
      "gamma": 0.010777,
      "theta": -0.2875,
      "vega": 0.6757,
      "rho": 0.2505
    },
    "atm_call_price": 15.97,
    "atm_put_price": 13.42,
    "implied_move": 0.53
  },
  "prediction": {
    "signal": "NEUTRAL",
    "score": -1,
    "confidence": 25.0,
    "reasons": [
      "RSI indicates overbought conditions",
      "MACD histogram positive (bullish momentum)"
    ],
    "target_price": 593.82,
    "support": 591.65,
    "resistance": 596.02
  },
  "simulation": {
    "statistics": {
      "mean": 593.8199465075494,
      "std": 3.1582795213578043,
      "p05": 588.5842721622748,
      "p25": 591.6458716187311,
      "p50": 593.7934518077836,
      "p75": 596.0172346507721,
      "p95": 598.9847376801753,
      "min": 584.0209937646346,
      "max": 604.6140264121904
    },
    "simulations": 1000,
    "volatility": 0.2164
  }
}