{
  "ticker": "SPY",
  "timestamp": "2026-03-05T09:20:22.516254",
  "current_price": 593.15,
  "forecast_minutes": 60,
  "technical_indicators": {
    "rsi": 42.6,
    "macd": {
      "line": -6.3841,
      "signal": -5.7457,
      "histogram": -0.6384
    },
    "bollinger_bands": {
      "upper": 617.53,
      "middle": 594.96,
      "lower": 572.38
    }
  },
  "bsm_analysis": {
    "greeks": {
      "delta": 0.5458,
      "gamma": 0.014142,
      "theta": -0.2299,
      "vega": 0.6739,
      "rho": 0.2558
    },
    "atm_call_price": 12.48,
    "atm_put_price": 9.92,
    "implied_move": 0.41
  },
  "prediction": {
    "signal": "NEUTRAL",
    "score": -1,
    "confidence": 25.0,
    "reasons": [
      "MACD histogram negative (bearish momentum)"
    ],
    "target_price": 593.09,
    "support": 591.45,
    "resistance": 594.75
  },
  "simulation": {
    "statistics": {
      "mean": 593.0910559635531,
      "std": 2.4256260265119813,
      "p05": 589.2064583884313,
      "p25": 591.4461920850553,
      "p50": 593.0728341064006,
      "p75": 594.748065066052,
      "p95": 596.9387678717051,
      "min": 584.2477171958964,
      "max": 601.9539407113139
    },
    "simulations": 1000,
    "volatility": 0.1648
  }
}