{
  "ticker": "SPY",
  "timestamp": "2026-02-15T11:02:00.885398",
  "current_price": 594.0,
  "forecast_minutes": 60,
  "technical_indicators": {
    "rsi": 40.56,
    "macd": {
      "line": -7.4719,
      "signal": -6.7247,
      "histogram": -0.7472
    },
    "bollinger_bands": {
      "upper": 622.37,
      "middle": 595.85,
      "lower": 569.32
    }
  },
  "bsm_analysis": {
    "greeks": {
      "delta": 0.5387,
      "gamma": 0.009719,
      "theta": -0.3139,
      "vega": 0.6762,
      "rho": 0.2486
    },
    "atm_call_price": 17.57,
    "atm_put_price": 15.01,
    "implied_move": 0.61
  },
  "prediction": {
    "signal": "NEUTRAL",
    "score": -1,
    "confidence": 25.0,
    "reasons": [
      "MACD histogram negative (bearish momentum)"
    ],
    "target_price": 594.15,
    "support": 591.59,
    "resistance": 596.6
  },
  "simulation": {
    "statistics": {
      "mean": 594.1512712994257,
      "std": 3.609191683225384,
      "p05": 588.3179492740531,
      "p25": 591.5920628973072,
      "p50": 594.0627777753839,
      "p75": 596.5964777876895,
      "p95": 600.1973011488913,
      "min": 584.0888056294056,
      "max": 606.3783836597923
    },
    "simulations": 1000,
    "volatility": 0.2399
  }
}