{
  "ticker": "SPY",
  "timestamp": "2026-02-28T12:13:32.859042",
  "current_price": 595.33,
  "forecast_minutes": 60,
  "technical_indicators": {
    "rsi": 53.65,
    "macd": {
      "line": 1.5308,
      "signal": 1.3778,
      "histogram": 0.1531
    },
    "bollinger_bands": {
      "upper": 613.19,
      "middle": 598.1,
      "lower": 583.01
    }
  },
  "bsm_analysis": {
    "greeks": {
      "delta": 0.5428,
      "gamma": 0.012502,
      "theta": -0.2542,
      "vega": 0.677,
      "rho": 0.2542
    },
    "atm_call_price": 13.95,
    "atm_put_price": 11.39,
    "implied_move": 0.46
  },
  "prediction": {
    "signal": "NEUTRAL",
    "score": 1,
    "confidence": 25.0,
    "reasons": [
      "MACD histogram positive (bullish momentum)"
    ],
    "target_price": 595.27,
    "support": 593.37,
    "resistance": 597.12
  },
  "simulation": {
    "statistics": {
      "mean": 595.2659392356959,
      "std": 2.7395861756451847,
      "p05": 591.0398743867279,
      "p25": 593.3712735840829,
      "p50": 595.1427786440584,
      "p75": 597.11659731642,
      "p95": 599.6913980987505,
      "min": 586.7268962548303,
      "max": 604.8146125596357
    },
    "simulations": 1000,
    "volatility": 0.1859
  }
}