{
  "ticker": "SPY",
  "timestamp": "2026-04-02T13:53:32.145321",
  "current_price": 596.35,
  "forecast_minutes": 60,
  "technical_indicators": {
    "rsi": 45.71,
    "macd": {
      "line": 1.9121,
      "signal": 1.7209,
      "histogram": 0.1912
    },
    "bollinger_bands": {
      "upper": 617.45,
      "middle": 604.52,
      "lower": 591.6
    }
  },
  "bsm_analysis": {
    "greeks": {
      "delta": 0.5455,
      "gamma": 0.013938,
      "theta": -0.2328,
      "vega": 0.6776,
      "rho": 0.257
    },
    "atm_call_price": 12.65,
    "atm_put_price": 10.08,
    "implied_move": 0.43
  },
  "prediction": {
    "signal": "NEUTRAL",
    "score": 1,
    "confidence": 25.0,
    "reasons": [
      "MACD histogram positive (bullish momentum)"
    ],
    "target_price": 596.37,
    "support": 594.55,
    "resistance": 598.19
  },
  "simulation": {
    "statistics": {
      "mean": 596.3740705736576,
      "std": 2.572846764880975,
      "p05": 592.0885137684135,
      "p25": 594.5474980089041,
      "p50": 596.4720184191291,
      "p75": 598.1890475842034,
      "p95": 600.4197829953839,
      "min": 586.4701866439846,
      "max": 605.7776668453082
    },
    "simulations": 1000,
    "volatility": 0.1663
  }
}