{
  "ticker": "SPY",
  "timestamp": "2026-04-01T10:27:54.879994",
  "current_price": 593.95,
  "forecast_minutes": 60,
  "technical_indicators": {
    "rsi": 54.92,
    "macd": {
      "line": -6.6622,
      "signal": -5.9959,
      "histogram": -0.6662
    },
    "bollinger_bands": {
      "upper": 601.75,
      "middle": 567.34,
      "lower": 532.94
    }
  },
  "bsm_analysis": {
    "greeks": {
      "delta": 0.5383,
      "gamma": 0.005509,
      "theta": -0.5188,
      "vega": 0.6762,
      "rho": 0.2382
    },
    "atm_call_price": 29.98,
    "atm_put_price": 27.42,
    "implied_move": 1.07
  },
  "prediction": {
    "signal": "NEUTRAL",
    "score": -1,
    "confidence": 25.0,
    "reasons": [
      "MACD histogram negative (bearish momentum)"
    ],
    "target_price": 594.15,
    "support": 590.14,
    "resistance": 598.34
  },
  "simulation": {
    "statistics": {
      "mean": 594.1516800085376,
      "std": 6.358334108435185,
      "p05": 583.5619423300365,
      "p25": 590.1375876876607,
      "p50": 594.0356380604322,
      "p75": 598.3367291638458,
      "p95": 604.7344172077406,
      "min": 572.870260054752,
      "max": 614.7175157468645
    },
    "simulations": 1000,
    "volatility": 0.4233
  }
}