{
  "ticker": "SPY",
  "timestamp": "2026-02-25T04:30:38.565606",
  "current_price": 597.21,
  "forecast_minutes": 60,
  "technical_indicators": {
    "rsi": 55.04,
    "macd": {
      "line": -2.6411,
      "signal": -2.377,
      "histogram": -0.2641
    },
    "bollinger_bands": {
      "upper": 600.57,
      "middle": 583.6,
      "lower": 566.63
    }
  },
  "bsm_analysis": {
    "greeks": {
      "delta": 0.5447,
      "gamma": 0.013512,
      "theta": -0.2388,
      "vega": 0.6787,
      "rho": 0.2567
    },
    "atm_call_price": 13.01,
    "atm_put_price": 10.44,
    "implied_move": 0.43
  },
  "prediction": {
    "signal": "NEUTRAL",
    "score": -1,
    "confidence": 25.0,
    "reasons": [
      "MACD histogram negative (bearish momentum)"
    ],
    "target_price": 597.17,
    "support": 595.41,
    "resistance": 598.93
  },
  "simulation": {
    "statistics": {
      "mean": 597.173585203756,
      "std": 2.579713024887271,
      "p05": 592.9967034795806,
      "p25": 595.4085970953827,
      "p50": 597.1317677511504,
      "p75": 598.93122382707,
      "p95": 601.4526872733262,
      "min": 589.2751328462451,
      "max": 604.5705111622699
    },
    "simulations": 1000,
    "volatility": 0.1714
  }
}