{
  "ticker": "SPY",
  "timestamp": "2026-02-28T11:50:30.134489",
  "current_price": 596.21,
  "forecast_minutes": 60,
  "technical_indicators": {
    "rsi": 40.02,
    "macd": {
      "line": -1.7224,
      "signal": -1.5502,
      "histogram": -0.1722
    },
    "bollinger_bands": {
      "upper": 620.2,
      "middle": 603.4,
      "lower": 586.6
    }
  },
  "bsm_analysis": {
    "greeks": {
      "delta": 0.5447,
      "gamma": 0.013486,
      "theta": -0.2391,
      "vega": 0.6776,
      "rho": 0.2562
    },
    "atm_call_price": 13.03,
    "atm_put_price": 10.46,
    "implied_move": 0.43
  },
  "prediction": {
    "signal": "NEUTRAL",
    "score": -1,
    "confidence": 25.0,
    "reasons": [
      "MACD histogram negative (bearish momentum)"
    ],
    "target_price": 596.2,
    "support": 594.39,
    "resistance": 597.87
  },
  "simulation": {
    "statistics": {
      "mean": 596.2038697299141,
      "std": 2.542682924797907,
      "p05": 592.1837070400873,
      "p25": 594.3897544308784,
      "p50": 596.2964789507382,
      "p75": 597.8669219029991,
      "p95": 600.5024489855649,
      "min": 586.9983617038964,
      "max": 604.3692932745422
    },
    "simulations": 1000,
    "volatility": 0.172
  }
}