{
  "ticker": "SPY",
  "timestamp": "2026-02-22T07:56:08.418667",
  "current_price": 597.76,
  "forecast_minutes": 60,
  "technical_indicators": {
    "rsi": 64.72,
    "macd": {
      "line": -3.9575,
      "signal": -3.5618,
      "histogram": -0.3958
    },
    "bollinger_bands": {
      "upper": 589.41,
      "middle": 558.31,
      "lower": 527.2
    }
  },
  "bsm_analysis": {
    "greeks": {
      "delta": 0.5377,
      "gamma": 0.005866,
      "theta": -0.4903,
      "vega": 0.6806,
      "rho": 0.241
    },
    "atm_call_price": 28.25,
    "atm_put_price": 25.67,
    "implied_move": 0.96
  },
  "prediction": {
    "signal": "NEUTRAL",
    "score": -1,
    "confidence": 25.0,
    "reasons": [
      "MACD histogram negative (bearish momentum)"
    ],
    "target_price": 597.66,
    "support": 593.77,
    "resistance": 601.87
  },
  "simulation": {
    "statistics": {
      "mean": 597.661455895695,
      "std": 5.741842489858871,
      "p05": 588.3355098934854,
      "p25": 593.7652781871129,
      "p50": 597.4610570725018,
      "p75": 601.8719729627047,
      "p95": 606.9126189873073,
      "min": 580.9651259022802,
      "max": 613.7886336813624
    },
    "simulations": 1000,
    "volatility": 0.3951
  }
}