{
  "ticker": "SPY",
  "timestamp": "2026-02-26T10:49:08.297633",
  "current_price": 594.05,
  "forecast_minutes": 60,
  "technical_indicators": {
    "rsi": 37.68,
    "macd": {
      "line": -1.237,
      "signal": -1.1133,
      "histogram": -0.1237
    },
    "bollinger_bands": {
      "upper": 614.89,
      "middle": 600.77,
      "lower": 586.64
    }
  },
  "bsm_analysis": {
    "greeks": {
      "delta": 0.5449,
      "gamma": 0.013689,
      "theta": -0.236,
      "vega": 0.6751,
      "rho": 0.2555
    },
    "atm_call_price": 12.85,
    "atm_put_price": 10.29,
    "implied_move": 0.43
  },
  "prediction": {
    "signal": "NEUTRAL",
    "score": -1,
    "confidence": 25.0,
    "reasons": [
      "MACD histogram negative (bearish momentum)"
    ],
    "target_price": 594.08,
    "support": 592.33,
    "resistance": 595.8
  },
  "simulation": {
    "statistics": {
      "mean": 594.0769719616707,
      "std": 2.572797805930184,
      "p05": 589.8540602168696,
      "p25": 592.3319168164292,
      "p50": 594.1923268151314,
      "p75": 595.8009901366645,
      "p95": 598.1267073163235,
      "min": 585.4620104658393,
      "max": 603.0109310485
    },
    "simulations": 1000,
    "volatility": 0.17
  }
}