{
  "ticker": "SPY",
  "timestamp": "2026-03-07T20:41:41.701647",
  "current_price": 593.67,
  "forecast_minutes": 60,
  "technical_indicators": {
    "rsi": 61.89,
    "macd": {
      "line": 0.5658,
      "signal": 0.5092,
      "histogram": 0.0566
    },
    "bollinger_bands": {
      "upper": 584.07,
      "middle": 565.98,
      "lower": 547.89
    }
  },
  "bsm_analysis": {
    "greeks": {
      "delta": 0.537,
      "gamma": 0.00725,
      "theta": -0.4053,
      "vega": 0.6761,
      "rho": 0.243
    },
    "atm_call_price": 23.11,
    "atm_put_price": 20.55,
    "implied_move": 0.82
  },
  "prediction": {
    "signal": "NEUTRAL",
    "score": 1,
    "confidence": 25.0,
    "reasons": [
      "MACD histogram positive (bullish momentum)"
    ],
    "target_price": 594.07,
    "support": 590.87,
    "resistance": 597.35
  },
  "simulation": {
    "statistics": {
      "mean": 594.0696538334631,
      "std": 4.858492668639806,
      "p05": 586.2448451502573,
      "p25": 590.872366011534,
      "p50": 594.1369019853614,
      "p75": 597.3527927484297,
      "p95": 602.072199158363,
      "min": 577.2640722355496,
      "max": 608.5179123407573
    },
    "simulations": 1000,
    "volatility": 0.3219
  }
}