{
  "ticker": "SPY",
  "timestamp": "2026-02-25T05:43:21.441315",
  "current_price": 597.01,
  "forecast_minutes": 60,
  "technical_indicators": {
    "rsi": 66.46,
    "macd": {
      "line": 1.7767,
      "signal": 1.5991,
      "histogram": 0.1777
    },
    "bollinger_bands": {
      "upper": 595.05,
      "middle": 582.95,
      "lower": 570.84
    }
  },
  "bsm_analysis": {
    "greeks": {
      "delta": 0.5494,
      "gamma": 0.015873,
      "theta": -0.2101,
      "vega": 0.6776,
      "rho": 0.2603
    },
    "atm_call_price": 11.27,
    "atm_put_price": 8.7,
    "implied_move": 0.37
  },
  "prediction": {
    "signal": "NEUTRAL",
    "score": 1,
    "confidence": 25.0,
    "reasons": [
      "MACD histogram positive (bullish momentum)"
    ],
    "target_price": 596.99,
    "support": 595.5,
    "resistance": 598.5
  },
  "simulation": {
    "statistics": {
      "mean": 596.9907326149221,
      "std": 2.1900769763058205,
      "p05": 593.4944011273388,
      "p25": 595.4999223183063,
      "p50": 596.9784074327104,
      "p75": 598.4990866682328,
      "p95": 600.6719959094071,
      "min": 589.8965957929308,
      "max": 603.3897278911348
    },
    "simulations": 1000,
    "volatility": 0.1457
  }
}