{
  "ticker": "SPY",
  "timestamp": "2026-04-06T10:33:58.514854",
  "current_price": 593.01,
  "forecast_minutes": 60,
  "technical_indicators": {
    "rsi": 45.75,
    "macd": {
      "line": 8.7417,
      "signal": 7.8676,
      "histogram": 0.8742
    },
    "bollinger_bands": {
      "upper": 651.45,
      "middle": 614.99,
      "lower": 578.53
    }
  },
  "bsm_analysis": {
    "greeks": {
      "delta": 0.5373,
      "gamma": 0.006325,
      "theta": -0.4578,
      "vega": 0.6753,
      "rho": 0.2403
    },
    "atm_call_price": 26.29,
    "atm_put_price": 23.73,
    "implied_move": 0.94
  },
  "prediction": {
    "signal": "NEUTRAL",
    "score": 1,
    "confidence": 25.0,
    "reasons": [
      "MACD histogram positive (bullish momentum)"
    ],
    "target_price": 592.71,
    "support": 588.84,
    "resistance": 596.36
  },
  "simulation": {
    "statistics": {
      "mean": 592.7061921203663,
      "std": 5.565897224529134,
      "p05": 584.1477976311273,
      "p25": 588.8437054902943,
      "p50": 592.7404482943257,
      "p75": 596.3579411446998,
      "p95": 601.796237091344,
      "min": 575.0227204860322,
      "max": 613.5058226774778
    },
    "simulations": 1000,
    "volatility": 0.3694
  }
}