{
  "ticker": "SPY",
  "timestamp": "2026-04-01T17:35:18.580446",
  "current_price": 596.8,
  "forecast_minutes": 60,
  "technical_indicators": {
    "rsi": 61.83,
    "macd": {
      "line": 6.4658,
      "signal": 5.8192,
      "histogram": 0.6466
    },
    "bollinger_bands": {
      "upper": 602.1,
      "middle": 581.94,
      "lower": 561.78
    }
  },
  "bsm_analysis": {
    "greeks": {
      "delta": 0.5465,
      "gamma": 0.014426,
      "theta": -0.2265,
      "vega": 0.6779,
      "rho": 0.258
    },
    "atm_call_price": 12.27,
    "atm_put_price": 9.7,
    "implied_move": 0.4
  },
  "prediction": {
    "signal": "NEUTRAL",
    "score": 1,
    "confidence": 25.0,
    "reasons": [
      "MACD histogram positive (bullish momentum)"
    ],
    "target_price": 596.9,
    "support": 595.35,
    "resistance": 598.5
  },
  "simulation": {
    "statistics": {
      "mean": 596.9038408695097,
      "std": 2.389459108476088,
      "p05": 592.8949619055854,
      "p25": 595.3499714450876,
      "p50": 596.8894389846344,
      "p75": 598.4967592907333,
      "p95": 601.0539646529209,
      "min": 588.8934820617984,
      "max": 603.4776492283022
    },
    "simulations": 1000,
    "volatility": 0.1605
  }
}