{
  "ticker": "SPY",
  "timestamp": "2026-02-25T19:58:09.409760",
  "current_price": 593.33,
  "forecast_minutes": 60,
  "technical_indicators": {
    "rsi": 50.04,
    "macd": {
      "line": 1.4897,
      "signal": 1.3407,
      "histogram": 0.149
    },
    "bollinger_bands": {
      "upper": 618.44,
      "middle": 602.63,
      "lower": 586.82
    }
  },
  "bsm_analysis": {
    "greeks": {
      "delta": 0.5415,
      "gamma": 0.011763,
      "theta": -0.2671,
      "vega": 0.6749,
      "rho": 0.252
    },
    "atm_call_price": 14.74,
    "atm_put_price": 12.19,
    "implied_move": 0.48
  },
  "prediction": {
    "signal": "NEUTRAL",
    "score": 1,
    "confidence": 25.0,
    "reasons": [
      "MACD histogram positive (bullish momentum)"
    ],
    "target_price": 593.24,
    "support": 591.22,
    "resistance": 595.24
  },
  "simulation": {
    "statistics": {
      "mean": 593.2434032486342,
      "std": 2.8763494140773878,
      "p05": 588.5967487833713,
      "p25": 591.2170377892432,
      "p50": 593.142992946242,
      "p75": 595.2385722351164,
      "p95": 597.9543348961815,
      "min": 584.3337621770498,
      "max": 602.3357655593882
    },
    "simulations": 1000,
    "volatility": 0.1983
  }
}