{
  "ticker": "SPY",
  "timestamp": "2026-02-23T06:16:45.635053",
  "current_price": 593.53,
  "forecast_minutes": 60,
  "technical_indicators": {
    "rsi": 63.75,
    "macd": {
      "line": 1.2787,
      "signal": 1.1508,
      "histogram": 0.1279
    },
    "bollinger_bands": {
      "upper": 595.95,
      "middle": 579.28,
      "lower": 562.6
    }
  },
  "bsm_analysis": {
    "greeks": {
      "delta": 0.5512,
      "gamma": 0.016801,
      "theta": -0.2008,
      "vega": 0.6732,
      "rho": 0.2601
    },
    "atm_call_price": 10.71,
    "atm_put_price": 8.15,
    "implied_move": 0.34
  },
  "prediction": {
    "signal": "NEUTRAL",
    "score": 1,
    "confidence": 25.0,
    "reasons": [
      "MACD histogram positive (bullish momentum)"
    ],
    "target_price": 593.6,
    "support": 592.27,
    "resistance": 594.91
  },
  "simulation": {
    "statistics": {
      "mean": 593.5994744815551,
      "std": 2.002853723643474,
      "p05": 590.2657211841863,
      "p25": 592.2700423807604,
      "p50": 593.603934958782,
      "p75": 594.9137683806065,
      "p95": 596.8345181145646,
      "min": 587.1347221985571,
      "max": 601.3572381887127
    },
    "simulations": 1000,
    "volatility": 0.1384
  }
}