{
  "ticker": "SPY",
  "timestamp": "2026-04-11T08:56:55.887239",
  "current_price": 592.86,
  "forecast_minutes": 60,
  "technical_indicators": {
    "rsi": 80.32,
    "macd": {
      "line": 9.8687,
      "signal": 8.8818,
      "histogram": 0.9869
    },
    "bollinger_bands": {
      "upper": 584.46,
      "middle": 553.22,
      "lower": 521.99
    }
  },
  "bsm_analysis": {
    "greeks": {
      "delta": 0.5429,
      "gamma": 0.012562,
      "theta": -0.253,
      "vega": 0.6742,
      "rho": 0.2531
    },
    "atm_call_price": 13.89,
    "atm_put_price": 11.33,
    "implied_move": 0.45
  },
  "prediction": {
    "signal": "NEUTRAL",
    "score": -1,
    "confidence": 25.0,
    "reasons": [
      "RSI indicates overbought conditions",
      "MACD histogram positive (bullish momentum)"
    ],
    "target_price": 592.78,
    "support": 591.11,
    "resistance": 594.62
  },
  "simulation": {
    "statistics": {
      "mean": 592.7780266243635,
      "std": 2.6837369994005784,
      "p05": 588.3383487192368,
      "p25": 591.1105278295065,
      "p50": 592.738730052496,
      "p75": 594.6195135506559,
      "p95": 597.132368376361,
      "min": 582.7355378322409,
      "max": 601.834158111537
    },
    "simulations": 1000,
    "volatility": 0.1858
  }
}