{
  "ticker": "SPY",
  "timestamp": "2026-03-07T23:26:06.945824",
  "current_price": 592.59,
  "forecast_minutes": 60,
  "technical_indicators": {
    "rsi": 31.02,
    "macd": {
      "line": 2.1977,
      "signal": 1.978,
      "histogram": 0.2198
    },
    "bollinger_bands": {
      "upper": 656.21,
      "middle": 632.45,
      "lower": 608.69
    }
  },
  "bsm_analysis": {
    "greeks": {
      "delta": 0.5379,
      "gamma": 0.005823,
      "theta": -0.4932,
      "vega": 0.6747,
      "rho": 0.2386
    },
    "atm_call_price": 28.43,
    "atm_put_price": 25.88,
    "implied_move": 1.0
  },
  "prediction": {
    "signal": "NEUTRAL",
    "score": 1,
    "confidence": 25.0,
    "reasons": [
      "MACD histogram positive (bullish momentum)"
    ],
    "target_price": 592.51,
    "support": 588.58,
    "resistance": 596.6
  },
  "simulation": {
    "statistics": {
      "mean": 592.5107016896382,
      "std": 5.917282420035996,
      "p05": 582.7411940262962,
      "p25": 588.579872879744,
      "p50": 592.3164685455408,
      "p75": 596.5970739785644,
      "p95": 602.0091570900208,
      "min": 573.796014254449,
      "max": 612.6674919776096
    },
    "simulations": 1000,
    "volatility": 0.4015
  }
}