{
  "ticker": "SPY",
  "timestamp": "2026-03-17T20:51:32.236206",
  "current_price": 595.78,
  "forecast_minutes": 60,
  "technical_indicators": {
    "rsi": 61.76,
    "macd": {
      "line": 4.0692,
      "signal": 3.6622,
      "histogram": 0.4069
    },
    "bollinger_bands": {
      "upper": 614.69,
      "middle": 597.19,
      "lower": 579.69
    }
  },
  "bsm_analysis": {
    "greeks": {
      "delta": 0.5525,
      "gamma": 0.017344,
      "theta": -0.1962,
      "vega": 0.6755,
      "rho": 0.262
    },
    "atm_call_price": 10.42,
    "atm_put_price": 7.85,
    "implied_move": 0.33
  },
  "prediction": {
    "signal": "NEUTRAL",
    "score": 1,
    "confidence": 25.0,
    "reasons": [
      "MACD histogram positive (bullish momentum)"
    ],
    "target_price": 595.82,
    "support": 594.41,
    "resistance": 597.11
  },
  "simulation": {
    "statistics": {
      "mean": 595.823035244821,
      "std": 1.9775908048597657,
      "p05": 592.669428613906,
      "p25": 594.408092178303,
      "p50": 595.7864980683892,
      "p75": 597.1069228212425,
      "p95": 599.1243496408764,
      "min": 590.6496055600801,
      "max": 602.5986502732536
    },
    "simulations": 1000,
    "volatility": 0.1335
  }
}