{
  "ticker": "SPY",
  "timestamp": "2026-03-07T14:26:08.028957",
  "current_price": 596.11,
  "forecast_minutes": 60,
  "technical_indicators": {
    "rsi": 60.9,
    "macd": {
      "line": -3.301,
      "signal": -2.9709,
      "histogram": -0.3301
    },
    "bollinger_bands": {
      "upper": 597.55,
      "middle": 571.83,
      "lower": 546.12
    }
  },
  "bsm_analysis": {
    "greeks": {
      "delta": 0.5375,
      "gamma": 0.006079,
      "theta": -0.4747,
      "vega": 0.6788,
      "rho": 0.2409
    },
    "atm_call_price": 27.3,
    "atm_put_price": 24.73,
    "implied_move": 0.93
  },
  "prediction": {
    "signal": "NEUTRAL",
    "score": -1,
    "confidence": 25.0,
    "reasons": [
      "MACD histogram negative (bearish momentum)"
    ],
    "target_price": 595.98,
    "support": 592.31,
    "resistance": 599.67
  },
  "simulation": {
    "statistics": {
      "mean": 595.9769380134479,
      "std": 5.549388178959802,
      "p05": 586.6383970640616,
      "p25": 592.3120083275446,
      "p50": 596.0437185608357,
      "p75": 599.6661530573656,
      "p95": 605.182358907873,
      "min": 578.3164616886265,
      "max": 614.2207286660716
    },
    "simulations": 1000,
    "volatility": 0.3823
  }
}