{
  "ticker": "SPY",
  "timestamp": "2026-04-01T11:49:35.334201",
  "current_price": 596.87,
  "forecast_minutes": 60,
  "technical_indicators": {
    "rsi": 69.41,
    "macd": {
      "line": 5.4908,
      "signal": 4.9418,
      "histogram": 0.5491
    },
    "bollinger_bands": {
      "upper": 583.07,
      "middle": 557.16,
      "lower": 531.25
    }
  },
  "bsm_analysis": {
    "greeks": {
      "delta": 0.537,
      "gamma": 0.006849,
      "theta": -0.4266,
      "vega": 0.6797,
      "rho": 0.2434
    },
    "atm_call_price": 24.39,
    "atm_put_price": 21.82,
    "implied_move": 0.82
  },
  "prediction": {
    "signal": "NEUTRAL",
    "score": 1,
    "confidence": 25.0,
    "reasons": [
      "MACD histogram positive (bullish momentum)"
    ],
    "target_price": 596.88,
    "support": 593.54,
    "resistance": 600.37
  },
  "simulation": {
    "statistics": {
      "mean": 596.8774169434877,
      "std": 4.9030765882918175,
      "p05": 589.0808591960322,
      "p25": 593.5372481804133,
      "p50": 596.8941124205619,
      "p75": 600.3744840805552,
      "p95": 604.8863819546207,
      "min": 582.0601499022317,
      "max": 611.7498475612095
    },
    "simulations": 1000,
    "volatility": 0.3389
  }
}