{
  "ticker": "SPY",
  "timestamp": "2026-02-24T23:37:01.626178",
  "current_price": 593.75,
  "forecast_minutes": 60,
  "technical_indicators": {
    "rsi": 69.46,
    "macd": {
      "line": -2.151,
      "signal": -1.9359,
      "histogram": -0.2151
    },
    "bollinger_bands": {
      "upper": 579.8,
      "middle": 557.16,
      "lower": 534.52
    }
  },
  "bsm_analysis": {
    "greeks": {
      "delta": 0.5372,
      "gamma": 0.006521,
      "theta": -0.4455,
      "vega": 0.6761,
      "rho": 0.2412
    },
    "atm_call_price": 25.54,
    "atm_put_price": 22.98,
    "implied_move": 0.87
  },
  "prediction": {
    "signal": "NEUTRAL",
    "score": -1,
    "confidence": 25.0,
    "reasons": [
      "MACD histogram negative (bearish momentum)"
    ],
    "target_price": 593.83,
    "support": 590.25,
    "resistance": 597.33
  },
  "simulation": {
    "statistics": {
      "mean": 593.829931083478,
      "std": 5.160868855717709,
      "p05": 585.5331968257561,
      "p25": 590.2492496847922,
      "p50": 593.4814680825954,
      "p75": 597.3286308971005,
      "p95": 602.4854293011962,
      "min": 576.9470272767351,
      "max": 611.284177176653
    },
    "simulations": 1000,
    "volatility": 0.3579
  }
}