{
  "ticker": "SPY",
  "timestamp": "2026-04-03T23:20:48.504731",
  "current_price": 595.95,
  "forecast_minutes": 60,
  "technical_indicators": {
    "rsi": 55.02,
    "macd": {
      "line": -10.1996,
      "signal": -9.1797,
      "histogram": -1.02
    },
    "bollinger_bands": {
      "upper": 618.9,
      "middle": 580.18,
      "lower": 541.45
    }
  },
  "bsm_analysis": {
    "greeks": {
      "delta": 0.537,
      "gamma": 0.007138,
      "theta": -0.4111,
      "vega": 0.6787,
      "rho": 0.2438
    },
    "atm_call_price": 23.45,
    "atm_put_price": 20.89,
    "implied_move": 0.82
  },
  "prediction": {
    "signal": "NEUTRAL",
    "score": -1,
    "confidence": 25.0,
    "reasons": [
      "MACD histogram negative (bearish momentum)"
    ],
    "target_price": 596.17,
    "support": 592.92,
    "resistance": 599.53
  },
  "simulation": {
    "statistics": {
      "mean": 596.171814430034,
      "std": 4.908354106552175,
      "p05": 588.2028055367248,
      "p25": 592.9154123759466,
      "p50": 595.996224289412,
      "p75": 599.5347562657724,
      "p95": 604.2934856479633,
      "min": 581.4750447418648,
      "max": 619.244365424601
    },
    "simulations": 1000,
    "volatility": 0.3257
  }
}