{
  "ticker": "SPY",
  "timestamp": "2026-03-18T13:11:46.887366",
  "current_price": 594.85,
  "forecast_minutes": 60,
  "technical_indicators": {
    "rsi": 67.38,
    "macd": {
      "line": 6.1451,
      "signal": 5.5306,
      "histogram": 0.6145
    },
    "bollinger_bands": {
      "upper": 588.63,
      "middle": 568.94,
      "lower": 549.25
    }
  },
  "bsm_analysis": {
    "greeks": {
      "delta": 0.5375,
      "gamma": 0.008458,
      "theta": -0.354,
      "vega": 0.6773,
      "rho": 0.2464
    },
    "atm_call_price": 20.0,
    "atm_put_price": 17.44,
    "implied_move": 0.69
  },
  "prediction": {
    "signal": "NEUTRAL",
    "score": 1,
    "confidence": 25.0,
    "reasons": [
      "MACD histogram positive (bullish momentum)"
    ],
    "target_price": 595.07,
    "support": 592.39,
    "resistance": 597.67
  },
  "simulation": {
    "statistics": {
      "mean": 595.0674332877559,
      "std": 4.085583575547193,
      "p05": 588.3668662714686,
      "p25": 592.3854627509488,
      "p50": 595.0736081454031,
      "p75": 597.6696205884924,
      "p95": 601.8769574985123,
      "min": 581.9176951473252,
      "max": 607.7767761555148
    },
    "simulations": 1000,
    "volatility": 0.2754
  }
}