{
  "ticker": "SPY",
  "timestamp": "2026-02-14T10:39:24.271520",
  "current_price": 594.67,
  "forecast_minutes": 60,
  "technical_indicators": {
    "rsi": 61.14,
    "macd": {
      "line": 0.6046,
      "signal": 0.5441,
      "histogram": 0.0605
    },
    "bollinger_bands": {
      "upper": 592.28,
      "middle": 576.94,
      "lower": 561.6
    }
  },
  "bsm_analysis": {
    "greeks": {
      "delta": 0.5384,
      "gamma": 0.009411,
      "theta": -0.3227,
      "vega": 0.677,
      "rho": 0.2482
    },
    "atm_call_price": 18.1,
    "atm_put_price": 15.54,
    "implied_move": 0.62
  },
  "prediction": {
    "signal": "NEUTRAL",
    "score": 1,
    "confidence": 25.0,
    "reasons": [
      "MACD histogram positive (bullish momentum)"
    ],
    "target_price": 594.72,
    "support": 592.41,
    "resistance": 597.24
  },
  "simulation": {
    "statistics": {
      "mean": 594.7237183521503,
      "std": 3.6666910817487612,
      "p05": 588.2568706670104,
      "p25": 592.4135535519963,
      "p50": 594.6999121173892,
      "p75": 597.2400028707291,
      "p95": 600.9163871523152,
      "min": 583.4472622592541,
      "max": 606.9470232112463
    },
    "simulations": 1000,
    "volatility": 0.2475
  }
}