{
  "ticker": "SPY",
  "timestamp": "2026-02-10T15:42:14.519801",
  "current_price": 594.57,
  "forecast_minutes": 60,
  "technical_indicators": {
    "rsi": 44.73,
    "macd": {
      "line": 0.2094,
      "signal": 0.1885,
      "histogram": 0.0209
    },
    "bollinger_bands": {
      "upper": 603.86,
      "middle": 595.6,
      "lower": 587.34
    }
  },
  "bsm_analysis": {
    "greeks": {
      "delta": 0.5479,
      "gamma": 0.015177,
      "theta": -0.2174,
      "vega": 0.6751,
      "rho": 0.2581
    },
    "atm_call_price": 11.72,
    "atm_put_price": 9.16,
    "implied_move": 0.37
  },
  "prediction": {
    "signal": "NEUTRAL",
    "score": 1,
    "confidence": 25.0,
    "reasons": [
      "MACD histogram positive (bullish momentum)"
    ],
    "target_price": 594.66,
    "support": 593.23,
    "resistance": 596.11
  },
  "simulation": {
    "statistics": {
      "mean": 594.6577400104394,
      "std": 2.178718845620873,
      "p05": 591.0563728085099,
      "p25": 593.2305792625198,
      "p50": 594.5993367008216,
      "p75": 596.1063712898567,
      "p95": 598.2473261721653,
      "min": 587.630601437469,
      "max": 601.7852893471685
    },
    "simulations": 1000,
    "volatility": 0.1531
  }
}