{
  "ticker": "SPY",
  "timestamp": "2026-03-01T18:12:10.718683",
  "current_price": 593.49,
  "forecast_minutes": 60,
  "technical_indicators": {
    "rsi": 47.08,
    "macd": {
      "line": -1.3976,
      "signal": -1.2578,
      "histogram": -0.1398
    },
    "bollinger_bands": {
      "upper": 611.7,
      "middle": 595.14,
      "lower": 578.58
    }
  },
  "bsm_analysis": {
    "greeks": {
      "delta": 0.5463,
      "gamma": 0.014403,
      "theta": -0.2266,
      "vega": 0.6742,
      "rho": 0.2564
    },
    "atm_call_price": 12.28,
    "atm_put_price": 9.72,
    "implied_move": 0.4
  },
  "prediction": {
    "signal": "NEUTRAL",
    "score": -1,
    "confidence": 25.0,
    "reasons": [
      "MACD histogram negative (bearish momentum)"
    ],
    "target_price": 593.44,
    "support": 591.87,
    "resistance": 594.96
  },
  "simulation": {
    "statistics": {
      "mean": 593.4449704866745,
      "std": 2.3563853272886477,
      "p05": 589.6554635420264,
      "p25": 591.8688902483116,
      "p50": 593.4146478591244,
      "p75": 594.9610241806068,
      "p95": 597.5526559285789,
      "min": 586.6268717898857,
      "max": 601.4438824395984
    },
    "simulations": 1000,
    "volatility": 0.1617
  }
}