{
  "ticker": "SPY",
  "timestamp": "2026-03-07T00:36:55.837182",
  "current_price": 594.9,
  "forecast_minutes": 60,
  "technical_indicators": {
    "rsi": 52.15,
    "macd": {
      "line": 4.9513,
      "signal": 4.4562,
      "histogram": 0.4951
    },
    "bollinger_bands": {
      "upper": 617.6,
      "middle": 599.62,
      "lower": 581.63
    }
  },
  "bsm_analysis": {
    "greeks": {
      "delta": 0.5437,
      "gamma": 0.012986,
      "theta": -0.2464,
      "vega": 0.6763,
      "rho": 0.2548
    },
    "atm_call_price": 13.48,
    "atm_put_price": 10.92,
    "implied_move": 0.42
  },
  "prediction": {
    "signal": "NEUTRAL",
    "score": 1,
    "confidence": 25.0,
    "reasons": [
      "MACD histogram positive (bullish momentum)"
    ],
    "target_price": 594.92,
    "support": 593.33,
    "resistance": 596.64
  },
  "simulation": {
    "statistics": {
      "mean": 594.9235529381327,
      "std": 2.4699637096116724,
      "p05": 590.7747690663598,
      "p25": 593.32971629078,
      "p50": 594.9624042472403,
      "p75": 596.6375694103544,
      "p95": 598.778265310065,
      "min": 585.7533948378855,
      "max": 602.7656625394497
    },
    "simulations": 1000,
    "volatility": 0.1791
  }
}