{
  "ticker": "SPY",
  "timestamp": "2026-03-03T21:32:22.968235",
  "current_price": 597.45,
  "forecast_minutes": 60,
  "technical_indicators": {
    "rsi": 34.25,
    "macd": {
      "line": 0.7199,
      "signal": 0.6479,
      "histogram": 0.072
    },
    "bollinger_bands": {
      "upper": 649.62,
      "middle": 628.49,
      "lower": 607.35
    }
  },
  "bsm_analysis": {
    "greeks": {
      "delta": 0.537,
      "gamma": 0.007285,
      "theta": -0.4038,
      "vega": 0.6804,
      "rho": 0.2448
    },
    "atm_call_price": 23.01,
    "atm_put_price": 20.44,
    "implied_move": 0.77
  },
  "prediction": {
    "signal": "NEUTRAL",
    "score": 1,
    "confidence": 25.0,
    "reasons": [
      "MACD histogram positive (bullish momentum)"
    ],
    "target_price": 597.57,
    "support": 594.42,
    "resistance": 600.54
  },
  "simulation": {
    "statistics": {
      "mean": 597.5688008053244,
      "std": 4.595481048140803,
      "p05": 589.9766441760796,
      "p25": 594.4206702346864,
      "p50": 597.5808379714133,
      "p75": 600.5378011517053,
      "p95": 605.0725560443092,
      "min": 584.6965896904743,
      "max": 613.558047017097
    },
    "simulations": 1000,
    "volatility": 0.3184
  }
}