{
  "ticker": "SPY",
  "timestamp": "2026-03-03T13:30:36.159280",
  "current_price": 596.76,
  "forecast_minutes": 60,
  "technical_indicators": {
    "rsi": 68.67,
    "macd": {
      "line": 2.0771,
      "signal": 1.8694,
      "histogram": 0.2077
    },
    "bollinger_bands": {
      "upper": 583.66,
      "middle": 562.88,
      "lower": 542.11
    }
  },
  "bsm_analysis": {
    "greeks": {
      "delta": 0.5371,
      "gamma": 0.007748,
      "theta": -0.3824,
      "vega": 0.6796,
      "rho": 0.2456
    },
    "atm_call_price": 21.71,
    "atm_put_price": 19.14,
    "implied_move": 0.74
  },
  "prediction": {
    "signal": "NEUTRAL",
    "score": 1,
    "confidence": 25.0,
    "reasons": [
      "MACD histogram positive (bullish momentum)"
    ],
    "target_price": 596.73,
    "support": 593.74,
    "resistance": 599.59
  },
  "simulation": {
    "statistics": {
      "mean": 596.7263686012539,
      "std": 4.4243121257981155,
      "p05": 589.3896575457961,
      "p25": 593.7446556606911,
      "p50": 596.6506604241247,
      "p75": 599.5909834396966,
      "p95": 604.0699277905757,
      "min": 580.7200887549284,
      "max": 609.8640823612552
    },
    "simulations": 1000,
    "volatility": 0.2996
  }
}