{
  "ticker": "SPY",
  "timestamp": "2026-03-28T22:26:49.532645",
  "current_price": 594.31,
  "forecast_minutes": 60,
  "technical_indicators": {
    "rsi": 67.44,
    "macd": {
      "line": 3.0884,
      "signal": 2.7796,
      "histogram": 0.3088
    },
    "bollinger_bands": {
      "upper": 600.12,
      "middle": 586.2,
      "lower": 572.28
    }
  },
  "bsm_analysis": {
    "greeks": {
      "delta": 0.5521,
      "gamma": 0.017219,
      "theta": -0.1971,
      "vega": 0.6739,
      "rho": 0.2611
    },
    "atm_call_price": 10.48,
    "atm_put_price": 7.92,
    "implied_move": 0.33
  },
  "prediction": {
    "signal": "NEUTRAL",
    "score": 1,
    "confidence": 25.0,
    "reasons": [
      "MACD histogram positive (bullish momentum)"
    ],
    "target_price": 594.32,
    "support": 593.02,
    "resistance": 595.63
  },
  "simulation": {
    "statistics": {
      "mean": 594.3171216804991,
      "std": 1.973660436318529,
      "p05": 591.1681496858523,
      "p25": 593.0246621655774,
      "p50": 594.2440909837394,
      "p75": 595.6349751366928,
      "p95": 597.71407035984,
      "min": 586.8675297470049,
      "max": 600.7470546142836
    },
    "simulations": 1000,
    "volatility": 0.1348
  }
}