{
  "ticker": "SPY",
  "timestamp": "2026-02-12T17:55:26.964595",
  "current_price": 594.93,
  "forecast_minutes": 60,
  "technical_indicators": {
    "rsi": 43.05,
    "macd": {
      "line": 5.1767,
      "signal": 4.659,
      "histogram": 0.5177
    },
    "bollinger_bands": {
      "upper": 629.77,
      "middle": 610.02,
      "lower": 590.27
    }
  },
  "bsm_analysis": {
    "greeks": {
      "delta": 0.5383,
      "gamma": 0.009357,
      "theta": -0.3243,
      "vega": 0.6773,
      "rho": 0.2483
    },
    "atm_call_price": 18.2,
    "atm_put_price": 15.64,
    "implied_move": 0.59
  },
  "prediction": {
    "signal": "NEUTRAL",
    "score": 1,
    "confidence": 25.0,
    "reasons": [
      "MACD histogram positive (bullish momentum)"
    ],
    "target_price": 594.85,
    "support": 592.43,
    "resistance": 597.19
  },
  "simulation": {
    "statistics": {
      "mean": 594.8482758264205,
      "std": 3.535474145433508,
      "p05": 589.0566759894557,
      "p25": 592.4280892962727,
      "p50": 594.8201308141317,
      "p75": 597.1917239012539,
      "p95": 600.8014636290544,
      "min": 583.7095489346844,
      "max": 605.4240690482386
    },
    "simulations": 1000,
    "volatility": 0.2488
  }
}