{
  "ticker": "SPY",
  "timestamp": "2026-02-26T12:50:24.243350",
  "current_price": 592.3,
  "forecast_minutes": 60,
  "technical_indicators": {
    "rsi": 60.83,
    "macd": {
      "line": -1.2374,
      "signal": -1.1137,
      "histogram": -0.1237
    },
    "bollinger_bands": {
      "upper": 588.41,
      "middle": 569.3,
      "lower": 550.18
    }
  },
  "bsm_analysis": {
    "greeks": {
      "delta": 0.5387,
      "gamma": 0.009764,
      "theta": -0.3125,
      "vega": 0.6742,
      "rho": 0.2479
    },
    "atm_call_price": 17.49,
    "atm_put_price": 14.94,
    "implied_move": 0.57
  },
  "prediction": {
    "signal": "NEUTRAL",
    "score": -1,
    "confidence": 25.0,
    "reasons": [
      "MACD histogram negative (bearish momentum)"
    ],
    "target_price": 592.31,
    "support": 590.04,
    "resistance": 594.55
  },
  "simulation": {
    "statistics": {
      "mean": 592.3082988124191,
      "std": 3.4047974723173833,
      "p05": 586.6856368598521,
      "p25": 590.0353235648934,
      "p50": 592.2965760392084,
      "p75": 594.5546397754817,
      "p95": 597.8943686696883,
      "min": 581.8814698847963,
      "max": 603.3557478911389
    },
    "simulations": 1000,
    "volatility": 0.2395
  }
}