{
  "ticker": "SPY",
  "timestamp": "2026-04-02T12:01:37.009469",
  "current_price": 597.64,
  "forecast_minutes": 60,
  "technical_indicators": {
    "rsi": 66.45,
    "macd": {
      "line": 0.655,
      "signal": 0.5895,
      "histogram": 0.0655
    },
    "bollinger_bands": {
      "upper": 585.49,
      "middle": 564.26,
      "lower": 543.03
    }
  },
  "bsm_analysis": {
    "greeks": {
      "delta": 0.5376,
      "gamma": 0.006019,
      "theta": -0.479,
      "vega": 0.6805,
      "rho": 0.2414
    },
    "atm_call_price": 27.56,
    "atm_put_price": 24.99,
    "implied_move": 0.91
  },
  "prediction": {
    "signal": "NEUTRAL",
    "score": 1,
    "confidence": 25.0,
    "reasons": [
      "MACD histogram positive (bullish momentum)"
    ],
    "target_price": 597.35,
    "support": 593.68,
    "resistance": 601.04
  },
  "simulation": {
    "statistics": {
      "mean": 597.3492378090439,
      "std": 5.415989589321254,
      "p05": 588.6900364427718,
      "p25": 593.675619820548,
      "p50": 597.5340760837709,
      "p75": 601.0351227168198,
      "p95": 606.0133287067692,
      "min": 578.8212515993441,
      "max": 613.9515016260569
    },
    "simulations": 1000,
    "volatility": 0.3851
  }
}