{
  "ticker": "SPY",
  "timestamp": "2026-03-09T09:24:08.626411",
  "current_price": 592.9,
  "forecast_minutes": 60,
  "technical_indicators": {
    "rsi": 77.25,
    "macd": {
      "line": 2.4607,
      "signal": 2.2147,
      "histogram": 0.2461
    },
    "bollinger_bands": {
      "upper": 570.43,
      "middle": 544.92,
      "lower": 519.42
    }
  },
  "bsm_analysis": {
    "greeks": {
      "delta": 0.5372,
      "gamma": 0.006591,
      "theta": -0.4411,
      "vega": 0.6752,
      "rho": 0.241
    },
    "atm_call_price": 25.28,
    "atm_put_price": 22.73,
    "implied_move": 0.88
  },
  "prediction": {
    "signal": "NEUTRAL",
    "score": -1,
    "confidence": 25.0,
    "reasons": [
      "RSI indicates overbought conditions",
      "MACD histogram positive (bullish momentum)"
    ],
    "target_price": 592.58,
    "support": 589.17,
    "resistance": 596.1
  },
  "simulation": {
    "statistics": {
      "mean": 592.5832770476446,
      "std": 5.199890016310487,
      "p05": 583.588502797494,
      "p25": 589.1691681429793,
      "p50": 592.6119759705648,
      "p75": 596.1006426804435,
      "p95": 601.077145055334,
      "min": 575.2976741953719,
      "max": 609.9928358581989
    },
    "simulations": 1000,
    "volatility": 0.3545
  }
}