{
  "ticker": "SPY",
  "timestamp": "2026-03-15T18:48:03.357090",
  "current_price": 597.52,
  "forecast_minutes": 60,
  "technical_indicators": {
    "rsi": 56.94,
    "macd": {
      "line": -3.57,
      "signal": -3.213,
      "histogram": -0.357
    },
    "bollinger_bands": {
      "upper": 612.85,
      "middle": 593.11,
      "lower": 573.37
    }
  },
  "bsm_analysis": {
    "greeks": {
      "delta": 0.5446,
      "gamma": 0.013414,
      "theta": -0.2402,
      "vega": 0.6791,
      "rho": 0.2567
    },
    "atm_call_price": 13.1,
    "atm_put_price": 10.52,
    "implied_move": 0.42
  },
  "prediction": {
    "signal": "NEUTRAL",
    "score": -1,
    "confidence": 25.0,
    "reasons": [
      "MACD histogram negative (bearish momentum)"
    ],
    "target_price": 597.58,
    "support": 595.76,
    "resistance": 599.41
  },
  "simulation": {
    "statistics": {
      "mean": 597.5816630563195,
      "std": 2.510084006721051,
      "p05": 593.4846372091484,
      "p25": 595.7639846144898,
      "p50": 597.6116961551056,
      "p75": 599.4051195576353,
      "p95": 601.6704495567054,
      "min": 590.1596229147988,
      "max": 607.5822974346041
    },
    "simulations": 1000,
    "volatility": 0.1725
  }
}