{
  "ticker": "SPY",
  "timestamp": "2026-02-14T20:31:47.401425",
  "current_price": 597.84,
  "forecast_minutes": 60,
  "technical_indicators": {
    "rsi": 31.73,
    "macd": {
      "line": -4.1124,
      "signal": -3.7012,
      "histogram": -0.4112
    },
    "bollinger_bands": {
      "upper": 627.07,
      "middle": 610.45,
      "lower": 593.84
    }
  },
  "bsm_analysis": {
    "greeks": {
      "delta": 0.5522,
      "gamma": 0.017182,
      "theta": -0.1977,
      "vega": 0.6779,
      "rho": 0.2627
    },
    "atm_call_price": 10.51,
    "atm_put_price": 7.93,
    "implied_move": 0.33
  },
  "prediction": {
    "signal": "NEUTRAL",
    "score": -1,
    "confidence": 25.0,
    "reasons": [
      "MACD histogram negative (bearish momentum)"
    ],
    "target_price": 597.96,
    "support": 596.73,
    "resistance": 599.3
  },
  "simulation": {
    "statistics": {
      "mean": 597.9644800019198,
      "std": 1.9528445787166113,
      "p05": 594.6896897380823,
      "p25": 596.7312734690462,
      "p50": 597.9478892714944,
      "p75": 599.2990067737852,
      "p95": 601.0583987198842,
      "min": 591.8984765306218,
      "max": 604.3907855496253
    },
    "simulations": 1000,
    "volatility": 0.1343
  }
}