{
  "ticker": "SPY",
  "timestamp": "2026-04-11T21:57:37.583729",
  "current_price": 593.29,
  "forecast_minutes": 60,
  "technical_indicators": {
    "rsi": 32.42,
    "macd": {
      "line": 0.1285,
      "signal": 0.1157,
      "histogram": 0.0129
    },
    "bollinger_bands": {
      "upper": 634.7,
      "middle": 612.23,
      "lower": 589.77
    }
  },
  "bsm_analysis": {
    "greeks": {
      "delta": 0.5387,
      "gamma": 0.009701,
      "theta": -0.3143,
      "vega": 0.6754,
      "rho": 0.2482
    },
    "atm_call_price": 17.6,
    "atm_put_price": 15.05,
    "implied_move": 0.58
  },
  "prediction": {
    "signal": "NEUTRAL",
    "score": 1,
    "confidence": 25.0,
    "reasons": [
      "MACD histogram positive (bullish momentum)"
    ],
    "target_price": 593.34,
    "support": 590.88,
    "resistance": 595.68
  },
  "simulation": {
    "statistics": {
      "mean": 593.3360434086624,
      "std": 3.456085532077688,
      "p05": 587.5906413366091,
      "p25": 590.8751329581584,
      "p50": 593.3769834889931,
      "p75": 595.6755703071207,
      "p95": 598.9099580921381,
      "min": 581.0093300956753,
      "max": 604.1703267314609
    },
    "simulations": 1000,
    "volatility": 0.2407
  }
}