{
  "ticker": "SPY",
  "timestamp": "2026-02-16T08:29:24.490369",
  "current_price": 592.31,
  "forecast_minutes": 60,
  "technical_indicators": {
    "rsi": 54.22,
    "macd": {
      "line": -4.4676,
      "signal": -4.0208,
      "histogram": -0.4468
    },
    "bollinger_bands": {
      "upper": 602.97,
      "middle": 576.29,
      "lower": 549.6
    }
  },
  "bsm_analysis": {
    "greeks": {
      "delta": 0.5371,
      "gamma": 0.007862,
      "theta": -0.3772,
      "vega": 0.6745,
      "rho": 0.2439
    },
    "atm_call_price": 21.41,
    "atm_put_price": 18.86,
    "implied_move": 0.76
  },
  "prediction": {
    "signal": "NEUTRAL",
    "score": -1,
    "confidence": 25.0,
    "reasons": [
      "MACD histogram negative (bearish momentum)"
    ],
    "target_price": 592.21,
    "support": 589.06,
    "resistance": 595.11
  },
  "simulation": {
    "statistics": {
      "mean": 592.2079546724749,
      "std": 4.472008609791294,
      "p05": 584.9932848739058,
      "p25": 589.0576021903867,
      "p50": 592.3730433495004,
      "p75": 595.1072464357493,
      "p95": 599.590627139416,
      "min": 576.1122703340693,
      "max": 608.2380904288835
    },
    "simulations": 1000,
    "volatility": 0.2975
  }
}