{
  "ticker": "SPY",
  "timestamp": "2026-03-16T23:32:05.705291",
  "current_price": 592.31,
  "forecast_minutes": 60,
  "technical_indicators": {
    "rsi": 69.35,
    "macd": {
      "line": 4.7504,
      "signal": 4.2753,
      "histogram": 0.475
    },
    "bollinger_bands": {
      "upper": 597.56,
      "middle": 578.12,
      "lower": 558.69
    }
  },
  "bsm_analysis": {
    "greeks": {
      "delta": 0.5478,
      "gamma": 0.015218,
      "theta": -0.2168,
      "vega": 0.6726,
      "rho": 0.2571
    },
    "atm_call_price": 11.68,
    "atm_put_price": 9.13,
    "implied_move": 0.38
  },
  "prediction": {
    "signal": "NEUTRAL",
    "score": 1,
    "confidence": 25.0,
    "reasons": [
      "MACD histogram positive (bullish momentum)"
    ],
    "target_price": 592.44,
    "support": 590.83,
    "resistance": 593.94
  },
  "simulation": {
    "statistics": {
      "mean": 592.4360910138613,
      "std": 2.271375651791659,
      "p05": 588.7713171728064,
      "p25": 590.8344507587157,
      "p50": 592.4214934056666,
      "p75": 593.9402660319387,
      "p95": 596.088478767284,
      "min": 586.4977093216123,
      "max": 600.6865125761834
    },
    "simulations": 1000,
    "volatility": 0.1533
  }
}