{
  "ticker": "SPY",
  "timestamp": "2026-03-08T13:08:39.151935",
  "current_price": 595.49,
  "forecast_minutes": 60,
  "technical_indicators": {
    "rsi": 73.59,
    "macd": {
      "line": 2.9685,
      "signal": 2.6717,
      "histogram": 0.2969
    },
    "bollinger_bands": {
      "upper": 575.63,
      "middle": 553.81,
      "lower": 532.0
    }
  },
  "bsm_analysis": {
    "greeks": {
      "delta": 0.5371,
      "gamma": 0.006703,
      "theta": -0.4348,
      "vega": 0.6781,
      "rho": 0.2424
    },
    "atm_call_price": 24.89,
    "atm_put_price": 22.32,
    "implied_move": 0.89
  },
  "prediction": {
    "signal": "NEUTRAL",
    "score": -1,
    "confidence": 25.0,
    "reasons": [
      "RSI indicates overbought conditions",
      "MACD histogram positive (bullish momentum)"
    ],
    "target_price": 595.63,
    "support": 592.07,
    "resistance": 599.24
  },
  "simulation": {
    "statistics": {
      "mean": 595.6291063598907,
      "std": 5.325464703073098,
      "p05": 586.7196115952952,
      "p25": 592.0748797307115,
      "p50": 595.6016309633785,
      "p75": 599.2447692363686,
      "p95": 604.1984311965389,
      "min": 578.4690970305984,
      "max": 612.3074027116314
    },
    "simulations": 1000,
    "volatility": 0.3471
  }
}