{
  "ticker": "SPY",
  "timestamp": "2026-02-27T17:15:56.610654",
  "current_price": 597.34,
  "forecast_minutes": 60,
  "technical_indicators": {
    "rsi": 44.28,
    "macd": {
      "line": 6.4713,
      "signal": 5.8242,
      "histogram": 0.6471
    },
    "bollinger_bands": {
      "upper": 639.58,
      "middle": 613.81,
      "lower": 588.04
    }
  },
  "bsm_analysis": {
    "greeks": {
      "delta": 0.5377,
      "gamma": 0.0087,
      "theta": -0.3456,
      "vega": 0.6801,
      "rho": 0.248
    },
    "atm_call_price": 19.48,
    "atm_put_price": 16.91,
    "implied_move": 0.67
  },
  "prediction": {
    "signal": "NEUTRAL",
    "score": 1,
    "confidence": 25.0,
    "reasons": [
      "MACD histogram positive (bullish momentum)"
    ],
    "target_price": 597.31,
    "support": 594.62,
    "resistance": 600.0
  },
  "simulation": {
    "statistics": {
      "mean": 597.3079462338029,
      "std": 4.006830286709643,
      "p05": 590.6237250840873,
      "p25": 594.6202111994678,
      "p50": 597.3991999075417,
      "p75": 599.9983416214775,
      "p95": 603.973816099396,
      "min": 585.4893774337869,
      "max": 610.0700976032613
    },
    "simulations": 1000,
    "volatility": 0.2666
  }
}