{
  "ticker": "SPY",
  "timestamp": "2026-03-21T09:15:49.835799",
  "current_price": 596.31,
  "forecast_minutes": 60,
  "technical_indicators": {
    "rsi": 52.8,
    "macd": {
      "line": -1.2849,
      "signal": -1.1564,
      "histogram": -0.1285
    },
    "bollinger_bands": {
      "upper": 609.03,
      "middle": 590.25,
      "lower": 571.46
    }
  },
  "bsm_analysis": {
    "greeks": {
      "delta": 0.5415,
      "gamma": 0.011675,
      "theta": -0.2691,
      "vega": 0.6783,
      "rho": 0.2532
    },
    "atm_call_price": 14.85,
    "atm_put_price": 12.28,
    "implied_move": 0.5
  },
  "prediction": {
    "signal": "NEUTRAL",
    "score": -1,
    "confidence": 25.0,
    "reasons": [
      "MACD histogram negative (bearish momentum)"
    ],
    "target_price": 596.29,
    "support": 594.35,
    "resistance": 598.39
  },
  "simulation": {
    "statistics": {
      "mean": 596.2900059859262,
      "std": 3.00196757622689,
      "p05": 591.2403837213435,
      "p25": 594.3483230208626,
      "p50": 596.2501367119047,
      "p75": 598.3908727461621,
      "p95": 601.2339639084604,
      "min": 586.8940760456155,
      "max": 605.3667571663793
    },
    "simulations": 1000,
    "volatility": 0.1988
  }
}