{
  "ticker": "SPY",
  "timestamp": "2026-03-19T23:28:38.917695",
  "current_price": 596.66,
  "forecast_minutes": 60,
  "technical_indicators": {
    "rsi": 77.13,
    "macd": {
      "line": 6.3081,
      "signal": 5.6773,
      "histogram": 0.6308
    },
    "bollinger_bands": {
      "upper": 576.57,
      "middle": 552.19,
      "lower": 527.82
    }
  },
  "bsm_analysis": {
    "greeks": {
      "delta": 0.5375,
      "gamma": 0.008385,
      "theta": -0.3568,
      "vega": 0.6794,
      "rho": 0.247
    },
    "atm_call_price": 20.16,
    "atm_put_price": 17.6,
    "implied_move": 0.68
  },
  "prediction": {
    "signal": "NEUTRAL",
    "score": -1,
    "confidence": 25.0,
    "reasons": [
      "RSI indicates overbought conditions",
      "MACD histogram positive (bullish momentum)"
    ],
    "target_price": 596.75,
    "support": 593.9,
    "resistance": 599.61
  },
  "simulation": {
    "statistics": {
      "mean": 596.7530137016133,
      "std": 4.048223432576115,
      "p05": 590.2316663435645,
      "p25": 593.9029714807165,
      "p50": 596.6309036420491,
      "p75": 599.6075021909168,
      "p95": 603.4910788382678,
      "min": 582.8398047117813,
      "max": 608.3318908296137
    },
    "simulations": 1000,
    "volatility": 0.2769
  }
}