{
  "ticker": "SPY",
  "timestamp": "2026-03-26T01:40:19.353117",
  "current_price": 595.81,
  "forecast_minutes": 60,
  "technical_indicators": {
    "rsi": 61.38,
    "macd": {
      "line": 8.3293,
      "signal": 7.4964,
      "histogram": 0.8329
    },
    "bollinger_bands": {
      "upper": 611.81,
      "middle": 589.3,
      "lower": 566.78
    }
  },
  "bsm_analysis": {
    "greeks": {
      "delta": 0.5495,
      "gamma": 0.015937,
      "theta": -0.2094,
      "vega": 0.6762,
      "rho": 0.2599
    },
    "atm_call_price": 11.22,
    "atm_put_price": 8.66,
    "implied_move": 0.37
  },
  "prediction": {
    "signal": "NEUTRAL",
    "score": 1,
    "confidence": 25.0,
    "reasons": [
      "MACD histogram positive (bullish momentum)"
    ],
    "target_price": 595.8,
    "support": 594.25,
    "resistance": 597.22
  },
  "simulation": {
    "statistics": {
      "mean": 595.7950498509741,
      "std": 2.1779290798606485,
      "p05": 592.291000742854,
      "p25": 594.2519567115817,
      "p50": 595.801892048649,
      "p75": 597.217359198042,
      "p95": 599.4234860586263,
      "min": 589.7179907322881,
      "max": 602.5038714381919
    },
    "simulations": 1000,
    "volatility": 0.1454
  }
}