{
  "ticker": "SPY",
  "timestamp": "2026-02-08T11:25:56.091218",
  "current_price": 592.89,
  "forecast_minutes": 60,
  "technical_indicators": {
    "rsi": 39.19,
    "macd": {
      "line": 6.9964,
      "signal": 6.2967,
      "histogram": 0.6996
    },
    "bollinger_bands": {
      "upper": 683.21,
      "middle": 639.07,
      "lower": 594.94
    }
  },
  "bsm_analysis": {
    "greeks": {
      "delta": 0.5395,
      "gamma": 0.005009,
      "theta": -0.5657,
      "vega": 0.6748,
      "rho": 0.2359
    },
    "atm_call_price": 32.82,
    "atm_put_price": 30.27,
    "implied_move": 1.14
  },
  "prediction": {
    "signal": "NEUTRAL",
    "score": 1,
    "confidence": 25.0,
    "reasons": [
      "MACD histogram positive (bullish momentum)"
    ],
    "target_price": 592.76,
    "support": 588.25,
    "resistance": 597.36
  },
  "simulation": {
    "statistics": {
      "mean": 592.7582303424473,
      "std": 6.731812332751266,
      "p05": 581.4556673810467,
      "p25": 588.2532603766697,
      "p50": 592.5398891540701,
      "p75": 597.355539503288,
      "p95": 603.7210630401405,
      "min": 568.0239171371645,
      "max": 616.1572020372481
    },
    "simulations": 1000,
    "volatility": 0.4663
  }
}