{
  "ticker": "SPY",
  "timestamp": "2026-03-24T07:38:34.936751",
  "current_price": 592.69,
  "forecast_minutes": 60,
  "technical_indicators": {
    "rsi": 67.47,
    "macd": {
      "line": 5.4826,
      "signal": 4.9343,
      "histogram": 0.5483
    },
    "bollinger_bands": {
      "upper": 598.74,
      "middle": 580.68,
      "lower": 562.63
    }
  },
  "bsm_analysis": {
    "greeks": {
      "delta": 0.5525,
      "gamma": 0.017457,
      "theta": -0.1949,
      "vega": 0.672,
      "rho": 0.2606
    },
    "atm_call_price": 10.35,
    "atm_put_price": 7.8,
    "implied_move": 0.34
  },
  "prediction": {
    "signal": "NEUTRAL",
    "score": 1,
    "confidence": 25.0,
    "reasons": [
      "MACD histogram positive (bullish momentum)"
    ],
    "target_price": 592.74,
    "support": 591.38,
    "resistance": 594.11
  },
  "simulation": {
    "statistics": {
      "mean": 592.7411916230333,
      "std": 2.0162959700413916,
      "p05": 589.4680567562817,
      "p25": 591.3820030049176,
      "p50": 592.7736468004841,
      "p75": 594.1081618519902,
      "p95": 596.0650102404232,
      "min": 585.6493665301285,
      "max": 598.8681542364471
    },
    "simulations": 1000,
    "volatility": 0.1333
  }
}