{
  "ticker": "SPY",
  "timestamp": "2026-02-25T18:39:04.552882",
  "current_price": 592.62,
  "forecast_minutes": 60,
  "technical_indicators": {
    "rsi": 64.57,
    "macd": {
      "line": 1.5291,
      "signal": 1.3762,
      "histogram": 0.1529
    },
    "bollinger_bands": {
      "upper": 591.28,
      "middle": 572.19,
      "lower": 553.1
    }
  },
  "bsm_analysis": {
    "greeks": {
      "delta": 0.5427,
      "gamma": 0.012459,
      "theta": -0.2547,
      "vega": 0.6739,
      "rho": 0.2528
    },
    "atm_call_price": 13.99,
    "atm_put_price": 11.44,
    "implied_move": 0.45
  },
  "prediction": {
    "signal": "NEUTRAL",
    "score": 1,
    "confidence": 25.0,
    "reasons": [
      "MACD histogram positive (bullish momentum)"
    ],
    "target_price": 592.62,
    "support": 590.86,
    "resistance": 594.36
  },
  "simulation": {
    "statistics": {
      "mean": 592.6175810342005,
      "std": 2.6833365044854545,
      "p05": 588.0465738022496,
      "p25": 590.8625285286192,
      "p50": 592.6686078122,
      "p75": 594.3580280519676,
      "p95": 597.0053545386139,
      "min": 584.8294675801403,
      "max": 601.4076130203282
    },
    "simulations": 1000,
    "volatility": 0.1874
  }
}