{
  "ticker": "SPY",
  "timestamp": "2026-02-10T07:35:45.819744",
  "current_price": 596.32,
  "forecast_minutes": 60,
  "technical_indicators": {
    "rsi": 38.64,
    "macd": {
      "line": -7.8584,
      "signal": -7.0726,
      "histogram": -0.7858
    },
    "bollinger_bands": {
      "upper": 625.48,
      "middle": 594.53,
      "lower": 563.57
    }
  },
  "bsm_analysis": {
    "greeks": {
      "delta": 0.5442,
      "gamma": 0.013219,
      "theta": -0.243,
      "vega": 0.6778,
      "rho": 0.2558
    },
    "atm_call_price": 13.27,
    "atm_put_price": 10.7,
    "implied_move": 0.43
  },
  "prediction": {
    "signal": "NEUTRAL",
    "score": -1,
    "confidence": 25.0,
    "reasons": [
      "MACD histogram negative (bearish momentum)"
    ],
    "target_price": 596.3,
    "support": 594.47,
    "resistance": 597.96
  },
  "simulation": {
    "statistics": {
      "mean": 596.299348118446,
      "std": 2.5871658799932824,
      "p05": 592.112677846009,
      "p25": 594.4694323192857,
      "p50": 596.3167841791148,
      "p75": 597.9649924672955,
      "p95": 600.6907653043371,
      "min": 587.58354094665,
      "max": 604.9539350294979
    },
    "simulations": 1000,
    "volatility": 0.1754
  }
}