{
  "ticker": "SPY",
  "timestamp": "2026-03-01T20:26:48.863115",
  "current_price": 594.43,
  "forecast_minutes": 60,
  "technical_indicators": {
    "rsi": 37.98,
    "macd": {
      "line": -6.3435,
      "signal": -5.7091,
      "histogram": -0.6343
    },
    "bollinger_bands": {
      "upper": 624.6,
      "middle": 596.07,
      "lower": 567.53
    }
  },
  "bsm_analysis": {
    "greeks": {
      "delta": 0.5425,
      "gamma": 0.012328,
      "theta": -0.2571,
      "vega": 0.676,
      "rho": 0.2534
    },
    "atm_call_price": 14.13,
    "atm_put_price": 11.57,
    "implied_move": 0.46
  },
  "prediction": {
    "signal": "NEUTRAL",
    "score": -1,
    "confidence": 25.0,
    "reasons": [
      "MACD histogram negative (bearish momentum)"
    ],
    "target_price": 594.41,
    "support": 592.59,
    "resistance": 596.31
  },
  "simulation": {
    "statistics": {
      "mean": 594.4087216936972,
      "std": 2.7372876319043846,
      "p05": 590.002896044571,
      "p25": 592.593623746496,
      "p50": 594.5288133232696,
      "p75": 596.3055575493513,
      "p95": 598.6378981705622,
      "min": 586.377414975602,
      "max": 605.4606997145951
    },
    "simulations": 1000,
    "volatility": 0.1888
  }
}