{
  "ticker": "SPY",
  "timestamp": "2026-03-02T06:36:12.729532",
  "current_price": 596.93,
  "forecast_minutes": 60,
  "technical_indicators": {
    "rsi": 45.09,
    "macd": {
      "line": 0.709,
      "signal": 0.6381,
      "histogram": 0.0709
    },
    "bollinger_bands": {
      "upper": 611.18,
      "middle": 601.76,
      "lower": 592.34
    }
  },
  "bsm_analysis": {
    "greeks": {
      "delta": 0.5485,
      "gamma": 0.015429,
      "theta": -0.2148,
      "vega": 0.6777,
      "rho": 0.2596
    },
    "atm_call_price": 11.55,
    "atm_put_price": 8.98,
    "implied_move": 0.37
  },
  "prediction": {
    "signal": "NEUTRAL",
    "score": 1,
    "confidence": 25.0,
    "reasons": [
      "MACD histogram positive (bullish momentum)"
    ],
    "target_price": 596.96,
    "support": 595.46,
    "resistance": 598.5
  },
  "simulation": {
    "statistics": {
      "mean": 596.9566944198975,
      "std": 2.2210685502264305,
      "p05": 593.2850859569546,
      "p25": 595.4593135796187,
      "p50": 596.9253024107653,
      "p75": 598.5031782278464,
      "p95": 600.6167421293608,
      "min": 589.3137026553959,
      "max": 602.9485593459899
    },
    "simulations": 1000,
    "volatility": 0.15
  }
}