{
  "ticker": "SPY",
  "timestamp": "2026-03-16T19:59:23.842308",
  "current_price": 597.81,
  "forecast_minutes": 60,
  "technical_indicators": {
    "rsi": 67.94,
    "macd": {
      "line": 5.8027,
      "signal": 5.2224,
      "histogram": 0.5803
    },
    "bollinger_bands": {
      "upper": 598.44,
      "middle": 583.44,
      "lower": 568.43
    }
  },
  "bsm_analysis": {
    "greeks": {
      "delta": 0.5459,
      "gamma": 0.014102,
      "theta": -0.2308,
      "vega": 0.6792,
      "rho": 0.2579
    },
    "atm_call_price": 12.52,
    "atm_put_price": 9.95,
    "implied_move": 0.41
  },
  "prediction": {
    "signal": "NEUTRAL",
    "score": 1,
    "confidence": 25.0,
    "reasons": [
      "MACD histogram positive (bullish momentum)"
    ],
    "target_price": 597.88,
    "support": 596.22,
    "resistance": 599.58
  },
  "simulation": {
    "statistics": {
      "mean": 597.8815411790097,
      "std": 2.427885566198209,
      "p05": 594.0324287376861,
      "p25": 596.2219852515087,
      "p50": 597.8316766830828,
      "p75": 599.5801018207176,
      "p95": 601.8354413094897,
      "min": 589.4715935576436,
      "max": 606.4962345847944
    },
    "simulations": 1000,
    "volatility": 0.164
  }
}