{
  "ticker": "SPY",
  "timestamp": "2026-03-08T22:26:02.820505",
  "current_price": 593.94,
  "forecast_minutes": 60,
  "technical_indicators": {
    "rsi": 65.13,
    "macd": {
      "line": -1.1712,
      "signal": -1.0541,
      "histogram": -0.1171
    },
    "bollinger_bands": {
      "upper": 577.23,
      "middle": 552.41,
      "lower": 527.59
    }
  },
  "bsm_analysis": {
    "greeks": {
      "delta": 0.5378,
      "gamma": 0.005833,
      "theta": -0.4925,
      "vega": 0.6763,
      "rho": 0.2392
    },
    "atm_call_price": 28.39,
    "atm_put_price": 25.83,
    "implied_move": 1.0
  },
  "prediction": {
    "signal": "NEUTRAL",
    "score": -1,
    "confidence": 25.0,
    "reasons": [
      "MACD histogram negative (bearish momentum)"
    ],
    "target_price": 593.81,
    "support": 589.45,
    "resistance": 597.93
  },
  "simulation": {
    "statistics": {
      "mean": 593.8088816403579,
      "std": 5.923815006032491,
      "p05": 584.1851062084002,
      "p25": 589.4545635052903,
      "p50": 593.7295677481981,
      "p75": 597.9335361125449,
      "p95": 603.378856784946,
      "min": 576.3945449340146,
      "max": 611.724537239445
    },
    "simulations": 1000,
    "volatility": 0.3999
  }
}