{
  "ticker": "SPY",
  "timestamp": "2026-02-26T07:10:20.255984",
  "current_price": 596.77,
  "forecast_minutes": 60,
  "technical_indicators": {
    "rsi": 59.5,
    "macd": {
      "line": -7.2605,
      "signal": -6.5345,
      "histogram": -0.7261
    },
    "bollinger_bands": {
      "upper": 608.0,
      "middle": 573.22,
      "lower": 538.45
    }
  },
  "bsm_analysis": {
    "greeks": {
      "delta": 0.5372,
      "gamma": 0.007909,
      "theta": -0.3755,
      "vega": 0.6796,
      "rho": 0.246
    },
    "atm_call_price": 21.3,
    "atm_put_price": 18.73,
    "implied_move": 0.72
  },
  "prediction": {
    "signal": "NEUTRAL",
    "score": -1,
    "confidence": 25.0,
    "reasons": [
      "MACD histogram negative (bearish momentum)"
    ],
    "target_price": 596.94,
    "support": 593.87,
    "resistance": 599.84
  },
  "simulation": {
    "statistics": {
      "mean": 596.9369952857994,
      "std": 4.268740839129503,
      "p05": 590.217022049685,
      "p25": 593.8713672827638,
      "p50": 596.7422915776053,
      "p75": 599.8393804976861,
      "p95": 604.1409731493774,
      "min": 581.4055030128836,
      "max": 610.099082204875
    },
    "simulations": 1000,
    "volatility": 0.2936
  }
}