{
  "ticker": "SPY",
  "timestamp": "2026-03-07T18:11:25.366819",
  "current_price": 597.71,
  "forecast_minutes": 60,
  "technical_indicators": {
    "rsi": 38.08,
    "macd": {
      "line": -2.0322,
      "signal": -1.829,
      "histogram": -0.2032
    },
    "bollinger_bands": {
      "upper": 655.38,
      "middle": 632.37,
      "lower": 609.36
    }
  },
  "bsm_analysis": {
    "greeks": {
      "delta": 0.5371,
      "gamma": 0.007507,
      "theta": -0.3933,
      "vega": 0.6807,
      "rho": 0.2455
    },
    "atm_call_price": 22.37,
    "atm_put_price": 19.79,
    "implied_move": 0.76
  },
  "prediction": {
    "signal": "NEUTRAL",
    "score": -1,
    "confidence": 25.0,
    "reasons": [
      "MACD histogram negative (bearish momentum)"
    ],
    "target_price": 597.85,
    "support": 594.75,
    "resistance": 600.88
  },
  "simulation": {
    "statistics": {
      "mean": 597.8488882914942,
      "std": 4.518636880515636,
      "p05": 590.7488126006651,
      "p25": 594.7495578238595,
      "p50": 597.6933044396999,
      "p75": 600.8757653905745,
      "p95": 605.3029760456276,
      "min": 580.8243238601536,
      "max": 611.6601569080439
    },
    "simulations": 1000,
    "volatility": 0.3088
  }
}