{
  "ticker": "SPY",
  "timestamp": "2026-02-10T09:38:17.079633",
  "current_price": 592.71,
  "forecast_minutes": 60,
  "technical_indicators": {
    "rsi": 39.84,
    "macd": {
      "line": -3.3946,
      "signal": -3.0551,
      "histogram": -0.3395
    },
    "bollinger_bands": {
      "upper": 644.03,
      "middle": 622.42,
      "lower": 600.81
    }
  },
  "bsm_analysis": {
    "greeks": {
      "delta": 0.537,
      "gamma": 0.007211,
      "theta": -0.4071,
      "vega": 0.675,
      "rho": 0.2425
    },
    "atm_call_price": 23.22,
    "atm_put_price": 20.67,
    "implied_move": 0.78
  },
  "prediction": {
    "signal": "NEUTRAL",
    "score": -1,
    "confidence": 25.0,
    "reasons": [
      "MACD histogram negative (bearish momentum)"
    ],
    "target_price": 592.64,
    "support": 589.61,
    "resistance": 595.75
  },
  "simulation": {
    "statistics": {
      "mean": 592.6384432288417,
      "std": 4.607308019721598,
      "p05": 584.8957442854611,
      "p25": 589.6108908168142,
      "p50": 592.4829968508775,
      "p75": 595.7470008628701,
      "p95": 600.3136229349557,
      "min": 579.5736261197679,
      "max": 607.6174306617016
    },
    "simulations": 1000,
    "volatility": 0.3242
  }
}