{
  "ticker": "SPY",
  "timestamp": "2026-03-09T08:00:51.296038",
  "current_price": 593.99,
  "forecast_minutes": 60,
  "technical_indicators": {
    "rsi": 63.8,
    "macd": {
      "line": 0.7244,
      "signal": 0.652,
      "histogram": 0.0724
    },
    "bollinger_bands": {
      "upper": 586.6,
      "middle": 570.49,
      "lower": 554.37
    }
  },
  "bsm_analysis": {
    "greeks": {
      "delta": 0.5387,
      "gamma": 0.009766,
      "theta": -0.3126,
      "vega": 0.6762,
      "rho": 0.2486
    },
    "atm_call_price": 17.49,
    "atm_put_price": 14.93,
    "implied_move": 0.6
  },
  "prediction": {
    "signal": "NEUTRAL",
    "score": 1,
    "confidence": 25.0,
    "reasons": [
      "MACD histogram positive (bullish momentum)"
    ],
    "target_price": 593.9,
    "support": 591.52,
    "resistance": 596.26
  },
  "simulation": {
    "statistics": {
      "mean": 593.9010401753532,
      "std": 3.5603292206382235,
      "p05": 588.0489781061581,
      "p25": 591.5203747955078,
      "p50": 593.90682947401,
      "p75": 596.2573183872126,
      "p95": 599.8109813742417,
      "min": 583.5284373991823,
      "max": 608.0790644109188
    },
    "simulations": 1000,
    "volatility": 0.2387
  }
}