{
  "ticker": "SPY",
  "timestamp": "2026-03-04T12:49:44.985913",
  "current_price": 595.0,
  "forecast_minutes": 60,
  "technical_indicators": {
    "rsi": 48.09,
    "macd": {
      "line": -0.4697,
      "signal": -0.4227,
      "histogram": -0.047
    },
    "bollinger_bands": {
      "upper": 611.85,
      "middle": 596.28,
      "lower": 580.71
    }
  },
  "bsm_analysis": {
    "greeks": {
      "delta": 0.5445,
      "gamma": 0.013428,
      "theta": -0.2398,
      "vega": 0.6763,
      "rho": 0.2555
    },
    "atm_call_price": 13.08,
    "atm_put_price": 10.52,
    "implied_move": 0.43
  },
  "prediction": {
    "signal": "NEUTRAL",
    "score": -1,
    "confidence": 25.0,
    "reasons": [
      "MACD histogram negative (bearish momentum)"
    ],
    "target_price": 595.02,
    "support": 593.39,
    "resistance": 596.8
  },
  "simulation": {
    "statistics": {
      "mean": 595.0206928090489,
      "std": 2.5480210825488023,
      "p05": 590.7852012330524,
      "p25": 593.3857809930386,
      "p50": 594.8974728061636,
      "p75": 596.7962788726978,
      "p95": 599.1497718774394,
      "min": 586.9632105564674,
      "max": 602.1280287855425
    },
    "simulations": 1000,
    "volatility": 0.1731
  }
}