{
  "ticker": "SPY",
  "timestamp": "2026-03-31T06:03:46.045867",
  "current_price": 594.22,
  "forecast_minutes": 60,
  "technical_indicators": {
    "rsi": 52.18,
    "macd": {
      "line": 2.4398,
      "signal": 2.1958,
      "histogram": 0.244
    },
    "bollinger_bands": {
      "upper": 602.37,
      "middle": 589.09,
      "lower": 575.81
    }
  },
  "bsm_analysis": {
    "greeks": {
      "delta": 0.546,
      "gamma": 0.014246,
      "theta": -0.2286,
      "vega": 0.6751,
      "rho": 0.2565
    },
    "atm_call_price": 12.4,
    "atm_put_price": 9.84,
    "implied_move": 0.39
  },
  "prediction": {
    "signal": "NEUTRAL",
    "score": 1,
    "confidence": 25.0,
    "reasons": [
      "MACD histogram positive (bullish momentum)"
    ],
    "target_price": 594.17,
    "support": 592.61,
    "resistance": 595.74
  },
  "simulation": {
    "statistics": {
      "mean": 594.1701152327264,
      "std": 2.3323672426442816,
      "p05": 590.2749833306012,
      "p25": 592.6054643008986,
      "p50": 594.2082731120805,
      "p75": 595.7411988779963,
      "p95": 597.9200933890121,
      "min": 587.602541295713,
      "max": 603.7523367395436
    },
    "simulations": 1000,
    "volatility": 0.1633
  }
}