{
  "ticker": "SPY",
  "timestamp": "2026-02-25T10:35:10.739786",
  "current_price": 597.12,
  "forecast_minutes": 60,
  "technical_indicators": {
    "rsi": 49.58,
    "macd": {
      "line": -6.6479,
      "signal": -5.9831,
      "histogram": -0.6648
    },
    "bollinger_bands": {
      "upper": 614.16,
      "middle": 585.72,
      "lower": 557.28
    }
  },
  "bsm_analysis": {
    "greeks": {
      "delta": 0.537,
      "gamma": 0.007277,
      "theta": -0.4042,
      "vega": 0.68,
      "rho": 0.2446
    },
    "atm_call_price": 23.03,
    "atm_put_price": 20.46,
    "implied_move": 0.79
  },
  "prediction": {
    "signal": "NEUTRAL",
    "score": -1,
    "confidence": 25.0,
    "reasons": [
      "MACD histogram negative (bearish momentum)"
    ],
    "target_price": 597.14,
    "support": 594.0,
    "resistance": 600.15
  },
  "simulation": {
    "statistics": {
      "mean": 597.1386881415141,
      "std": 4.708131027588287,
      "p05": 589.2393347112852,
      "p25": 594.0045148379722,
      "p50": 596.9943532248434,
      "p75": 600.1468053615159,
      "p95": 604.9727862076362,
      "min": 584.1067490380561,
      "max": 615.6590917138032
    },
    "simulations": 1000,
    "volatility": 0.3189
  }
}