{
  "ticker": "SPY",
  "timestamp": "2026-02-09T06:32:39.224019",
  "current_price": 596.29,
  "forecast_minutes": 60,
  "technical_indicators": {
    "rsi": 52.61,
    "macd": {
      "line": 0.253,
      "signal": 0.2277,
      "histogram": 0.0253
    },
    "bollinger_bands": {
      "upper": 605.74,
      "middle": 592.33,
      "lower": 578.92
    }
  },
  "bsm_analysis": {
    "greeks": {
      "delta": 0.5451,
      "gamma": 0.013698,
      "theta": -0.2361,
      "vega": 0.6776,
      "rho": 0.2566
    },
    "atm_call_price": 12.85,
    "atm_put_price": 10.28,
    "implied_move": 0.41
  },
  "prediction": {
    "signal": "NEUTRAL",
    "score": 1,
    "confidence": 25.0,
    "reasons": [
      "MACD histogram positive (bullish momentum)"
    ],
    "target_price": 596.18,
    "support": 594.5,
    "resistance": 597.88
  },
  "simulation": {
    "statistics": {
      "mean": 596.1831326077431,
      "std": 2.4584334794152416,
      "p05": 592.1590993652409,
      "p25": 594.4974671758218,
      "p50": 596.1922202900118,
      "p75": 597.8827644780382,
      "p95": 600.2562537169944,
      "min": 586.4837882562185,
      "max": 604.0988459926052
    },
    "simulations": 1000,
    "volatility": 0.1693
  }
}