{
  "ticker": "SPY",
  "timestamp": "2026-02-08T17:44:49.210157",
  "current_price": 596.47,
  "forecast_minutes": 60,
  "technical_indicators": {
    "rsi": 53.64,
    "macd": {
      "line": -4.8217,
      "signal": -4.3395,
      "histogram": -0.4822
    },
    "bollinger_bands": {
      "upper": 604.28,
      "middle": 579.51,
      "lower": 554.73
    }
  },
  "bsm_analysis": {
    "greeks": {
      "delta": 0.537,
      "gamma": 0.007424,
      "theta": -0.3971,
      "vega": 0.6793,
      "rho": 0.2447
    },
    "atm_call_price": 22.6,
    "atm_put_price": 20.03,
    "implied_move": 0.78
  },
  "prediction": {
    "signal": "NEUTRAL",
    "score": -1,
    "confidence": 25.0,
    "reasons": [
      "MACD histogram negative (bearish momentum)"
    ],
    "target_price": 596.31,
    "support": 593.3,
    "resistance": 599.56
  },
  "simulation": {
    "statistics": {
      "mean": 596.3100430454969,
      "std": 4.680783773194383,
      "p05": 588.8433352225999,
      "p25": 593.2987521346147,
      "p50": 596.2859452333347,
      "p75": 599.5620944902017,
      "p95": 603.8754665661285,
      "min": 579.7125228554887,
      "max": 609.3264455516198
    },
    "simulations": 1000,
    "volatility": 0.3129
  }
}