{
  "ticker": "SPY",
  "timestamp": "2026-03-10T21:57:31.831739",
  "current_price": 593.92,
  "forecast_minutes": 60,
  "technical_indicators": {
    "rsi": 79.75,
    "macd": {
      "line": 8.6867,
      "signal": 7.818,
      "histogram": 0.8687
    },
    "bollinger_bands": {
      "upper": 595.33,
      "middle": 569.43,
      "lower": 543.53
    }
  },
  "bsm_analysis": {
    "greeks": {
      "delta": 0.5496,
      "gamma": 0.016034,
      "theta": -0.2082,
      "vega": 0.674,
      "rho": 0.2591
    },
    "atm_call_price": 11.16,
    "atm_put_price": 8.6,
    "implied_move": 0.36
  },
  "prediction": {
    "signal": "NEUTRAL",
    "score": -1,
    "confidence": 25.0,
    "reasons": [
      "RSI indicates overbought conditions",
      "MACD histogram positive (bullish momentum)"
    ],
    "target_price": 593.94,
    "support": 592.5,
    "resistance": 595.34
  },
  "simulation": {
    "statistics": {
      "mean": 593.9383988636949,
      "std": 2.1418490436986573,
      "p05": 590.3370584658666,
      "p25": 592.4967033136214,
      "p50": 593.9882307788978,
      "p75": 595.344871708489,
      "p95": 597.4217135647964,
      "min": 587.6157833577192,
      "max": 601.0552037461958
    },
    "simulations": 1000,
    "volatility": 0.145
  }
}