{
  "ticker": "SPY",
  "timestamp": "2026-03-15T18:17:49.866890",
  "current_price": 595.67,
  "forecast_minutes": 60,
  "technical_indicators": {
    "rsi": 43.93,
    "macd": {
      "line": -0.4502,
      "signal": -0.4052,
      "histogram": -0.045
    },
    "bollinger_bands": {
      "upper": 615.84,
      "middle": 601.72,
      "lower": 587.6
    }
  },
  "bsm_analysis": {
    "greeks": {
      "delta": 0.5449,
      "gamma": 0.013615,
      "theta": -0.2372,
      "vega": 0.677,
      "rho": 0.2562
    },
    "atm_call_price": 12.92,
    "atm_put_price": 10.35,
    "implied_move": 0.41
  },
  "prediction": {
    "signal": "NEUTRAL",
    "score": -1,
    "confidence": 25.0,
    "reasons": [
      "MACD histogram negative (bearish momentum)"
    ],
    "target_price": 595.69,
    "support": 594.05,
    "resistance": 597.39
  },
  "simulation": {
    "statistics": {
      "mean": 595.6949416502509,
      "std": 2.467568035694025,
      "p05": 591.7179800737857,
      "p25": 594.0507141457838,
      "p50": 595.6603422603812,
      "p75": 597.3851985700118,
      "p95": 599.7928507685923,
      "min": 588.1431025149275,
      "max": 604.5495533126668
    },
    "simulations": 1000,
    "volatility": 0.1705
  }
}