{
  "ticker": "SPY",
  "timestamp": "2026-03-29T22:48:59.987982",
  "current_price": 593.27,
  "forecast_minutes": 60,
  "technical_indicators": {
    "rsi": 37.59,
    "macd": {
      "line": 0.1783,
      "signal": 0.1604,
      "histogram": 0.0178
    },
    "bollinger_bands": {
      "upper": 628.36,
      "middle": 610.77,
      "lower": 593.19
    }
  },
  "bsm_analysis": {
    "greeks": {
      "delta": 0.5429,
      "gamma": 0.012578,
      "theta": -0.2528,
      "vega": 0.6746,
      "rho": 0.2533
    },
    "atm_call_price": 13.87,
    "atm_put_price": 11.32,
    "implied_move": 0.46
  },
  "prediction": {
    "signal": "NEUTRAL",
    "score": 1,
    "confidence": 25.0,
    "reasons": [
      "MACD histogram positive (bullish momentum)"
    ],
    "target_price": 593.34,
    "support": 591.47,
    "resistance": 595.15
  },
  "simulation": {
    "statistics": {
      "mean": 593.337787727761,
      "std": 2.75412200650926,
      "p05": 588.9553718718953,
      "p25": 591.4673255035011,
      "p50": 593.3493589655518,
      "p75": 595.1467729855221,
      "p95": 597.862702954034,
      "min": 584.1809737840262,
      "max": 603.1842314853958
    },
    "simulations": 1000,
    "volatility": 0.1854
  }
}