{
  "ticker": "SPY",
  "timestamp": "2026-02-17T05:47:31.249873",
  "current_price": 597.97,
  "forecast_minutes": 60,
  "technical_indicators": {
    "rsi": 51.09,
    "macd": {
      "line": 5.9794,
      "signal": 5.3815,
      "histogram": 0.5979
    },
    "bollinger_bands": {
      "upper": 619.92,
      "middle": 603.15,
      "lower": 586.37
    }
  },
  "bsm_analysis": {
    "greeks": {
      "delta": 0.5415,
      "gamma": 0.011637,
      "theta": -0.2699,
      "vega": 0.6802,
      "rho": 0.2539
    },
    "atm_call_price": 14.9,
    "atm_put_price": 12.32,
    "implied_move": 0.5
  },
  "prediction": {
    "signal": "NEUTRAL",
    "score": 1,
    "confidence": 25.0,
    "reasons": [
      "MACD histogram positive (bullish momentum)"
    ],
    "target_price": 597.8,
    "support": 595.81,
    "resistance": 599.81
  },
  "simulation": {
    "statistics": {
      "mean": 597.8039587149922,
      "std": 2.963765483977906,
      "p05": 592.8816340307243,
      "p25": 595.8052498640309,
      "p50": 597.8500664664117,
      "p75": 599.8125084426262,
      "p95": 602.6428313104434,
      "min": 589.4020777018018,
      "max": 608.0857022249373
    },
    "simulations": 1000,
    "volatility": 0.1989
  }
}