{
  "ticker": "SPY",
  "timestamp": "2026-03-16T12:01:11.228230",
  "current_price": 596.29,
  "forecast_minutes": 60,
  "technical_indicators": {
    "rsi": 47.21,
    "macd": {
      "line": 1.3457,
      "signal": 1.2111,
      "histogram": 0.1346
    },
    "bollinger_bands": {
      "upper": 632.48,
      "middle": 614.08,
      "lower": 595.67
    }
  },
  "bsm_analysis": {
    "greeks": {
      "delta": 0.543,
      "gamma": 0.012596,
      "theta": -0.2527,
      "vega": 0.678,
      "rho": 0.2548
    },
    "atm_call_price": 13.86,
    "atm_put_price": 11.29,
    "implied_move": 0.46
  },
  "prediction": {
    "signal": "NEUTRAL",
    "score": 1,
    "confidence": 25.0,
    "reasons": [
      "MACD histogram positive (bullish momentum)"
    ],
    "target_price": 596.33,
    "support": 594.47,
    "resistance": 598.04
  },
  "simulation": {
    "statistics": {
      "mean": 596.3331297122552,
      "std": 2.725904505590555,
      "p05": 592.0139907209913,
      "p25": 594.4712811634453,
      "p50": 596.2972170093947,
      "p75": 598.0434002245676,
      "p95": 601.0044458043501,
      "min": 586.5952514975208,
      "max": 605.0613015130839
    },
    "simulations": 1000,
    "volatility": 0.1842
  }
}