{
  "ticker": "SPY",
  "timestamp": "2026-04-02T23:46:10.116631",
  "current_price": 597.08,
  "forecast_minutes": 60,
  "technical_indicators": {
    "rsi": 54.6,
    "macd": {
      "line": -5.6495,
      "signal": -5.0846,
      "histogram": -0.565
    },
    "bollinger_bands": {
      "upper": 607.91,
      "middle": 584.21,
      "lower": 560.5
    }
  },
  "bsm_analysis": {
    "greeks": {
      "delta": 0.5401,
      "gamma": 0.010756,
      "theta": -0.2882,
      "vega": 0.6794,
      "rho": 0.2519
    },
    "atm_call_price": 16.01,
    "atm_put_price": 13.44,
    "implied_move": 0.54
  },
  "prediction": {
    "signal": "NEUTRAL",
    "score": -1,
    "confidence": 25.0,
    "reasons": [
      "MACD histogram negative (bearish momentum)"
    ],
    "target_price": 596.98,
    "support": 594.99,
    "resistance": 599.24
  },
  "simulation": {
    "statistics": {
      "mean": 596.9815748760889,
      "std": 3.218313177762972,
      "p05": 591.4445019763996,
      "p25": 594.9861476366902,
      "p50": 597.037501115914,
      "p75": 599.237833276947,
      "p95": 602.2426447819713,
      "min": 587.2454866666071,
      "max": 605.7414496283552
    },
    "simulations": 1000,
    "volatility": 0.2156
  }
}