{
  "ticker": "SPY",
  "timestamp": "2026-03-08T03:59:10.305275",
  "current_price": 597.07,
  "forecast_minutes": 60,
  "technical_indicators": {
    "rsi": 56.13,
    "macd": {
      "line": 2.609,
      "signal": 2.3481,
      "histogram": 0.2609
    },
    "bollinger_bands": {
      "upper": 614.37,
      "middle": 595.58,
      "lower": 576.79
    }
  },
  "bsm_analysis": {
    "greeks": {
      "delta": 0.5468,
      "gamma": 0.014566,
      "theta": -0.2248,
      "vega": 0.6782,
      "rho": 0.2583
    },
    "atm_call_price": 12.16,
    "atm_put_price": 9.59,
    "implied_move": 0.38
  },
  "prediction": {
    "signal": "NEUTRAL",
    "score": 1,
    "confidence": 25.0,
    "reasons": [
      "MACD histogram positive (bullish momentum)"
    ],
    "target_price": 596.94,
    "support": 595.46,
    "resistance": 598.44
  },
  "simulation": {
    "statistics": {
      "mean": 596.9427128084025,
      "std": 2.240135857166117,
      "p05": 593.205442263468,
      "p25": 595.4583857816289,
      "p50": 596.9009317203823,
      "p75": 598.4443637759031,
      "p95": 600.6130038660153,
      "min": 589.2011941919297,
      "max": 603.6361484344599
    },
    "simulations": 1000,
    "volatility": 0.1589
  }
}