{
  "ticker": "SPY",
  "timestamp": "2026-04-02T17:07:33.399975",
  "current_price": 594.49,
  "forecast_minutes": 60,
  "technical_indicators": {
    "rsi": 50.88,
    "macd": {
      "line": 11.4669,
      "signal": 10.3202,
      "histogram": 1.1467
    },
    "bollinger_bands": {
      "upper": 642.46,
      "middle": 601.28,
      "lower": 560.11
    }
  },
  "bsm_analysis": {
    "greeks": {
      "delta": 0.5372,
      "gamma": 0.008059,
      "theta": -0.3692,
      "vega": 0.677,
      "rho": 0.2453
    },
    "atm_call_price": 20.92,
    "atm_put_price": 18.36,
    "implied_move": 0.73
  },
  "prediction": {
    "signal": "NEUTRAL",
    "score": 1,
    "confidence": 25.0,
    "reasons": [
      "MACD histogram positive (bullish momentum)"
    ],
    "target_price": 594.45,
    "support": 591.42,
    "resistance": 597.4
  },
  "simulation": {
    "statistics": {
      "mean": 594.4540105564353,
      "std": 4.345402628045674,
      "p05": 587.2819858654203,
      "p25": 591.4223768327702,
      "p50": 594.3802915337942,
      "p75": 597.3954046590451,
      "p95": 601.5709785796071,
      "min": 581.625629297266,
      "max": 606.2274675043948
    },
    "simulations": 1000,
    "volatility": 0.2892
  }
}