{
  "ticker": "SPY",
  "timestamp": "2026-03-12T06:24:59.025760",
  "current_price": 597.11,
  "forecast_minutes": 60,
  "technical_indicators": {
    "rsi": 67.36,
    "macd": {
      "line": -1.9349,
      "signal": -1.7414,
      "histogram": -0.1935
    },
    "bollinger_bands": {
      "upper": 590.44,
      "middle": 563.02,
      "lower": 535.6
    }
  },
  "bsm_analysis": {
    "greeks": {
      "delta": 0.537,
      "gamma": 0.007298,
      "theta": -0.4032,
      "vega": 0.68,
      "rho": 0.2447
    },
    "atm_call_price": 22.97,
    "atm_put_price": 20.4,
    "implied_move": 0.8
  },
  "prediction": {
    "signal": "NEUTRAL",
    "score": -1,
    "confidence": 25.0,
    "reasons": [
      "MACD histogram negative (bearish momentum)"
    ],
    "target_price": 597.23,
    "support": 593.92,
    "resistance": 600.59
  },
  "simulation": {
    "statistics": {
      "mean": 597.2330090684782,
      "std": 4.803137864747868,
      "p05": 589.0903003244773,
      "p25": 593.9244310904897,
      "p50": 597.183809284793,
      "p75": 600.5922309520179,
      "p95": 605.100557554642,
      "min": 579.1609182179747,
      "max": 611.3701301900044
    },
    "simulations": 1000,
    "volatility": 0.318
  }
}