{
  "ticker": "SPY",
  "timestamp": "2026-04-15T17:21:10.622941",
  "current_price": 595.81,
  "forecast_minutes": 60,
  "technical_indicators": {
    "rsi": 29.04,
    "macd": {
      "line": 7.8497,
      "signal": 7.0648,
      "histogram": 0.785
    },
    "bollinger_bands": {
      "upper": 740.67,
      "middle": 680.4,
      "lower": 620.13
    }
  },
  "bsm_analysis": {
    "greeks": {
      "delta": 0.5478,
      "gamma": 0.003388,
      "theta": -0.8119,
      "vega": 0.6765,
      "rho": 0.229
    },
    "atm_call_price": 47.76,
    "atm_put_price": 45.2,
    "implied_move": 1.69
  },
  "prediction": {
    "signal": "BULLISH",
    "score": 3,
    "confidence": 75.0,
    "reasons": [
      "RSI indicates oversold conditions",
      "MACD histogram positive (bullish momentum)"
    ],
    "target_price": 595.35,
    "support": 588.33,
    "resistance": 602.03
  },
  "simulation": {
    "statistics": {
      "mean": 595.3491658102812,
      "std": 10.060968423323326,
      "p05": 578.5853087224515,
      "p25": 588.329572274058,
      "p50": 595.1827324010231,
      "p75": 602.0283585778541,
      "p95": 611.8817523435836,
      "min": 565.5956720178436,
      "max": 627.067088488759
    },
    "simulations": 1000,
    "volatility": 0.6845
  }
}