{
  "ticker": "SPY",
  "timestamp": "2026-03-22T15:54:06.213587",
  "current_price": 597.97,
  "forecast_minutes": 60,
  "technical_indicators": {
    "rsi": 67.28,
    "macd": {
      "line": -1.3852,
      "signal": -1.2467,
      "histogram": -0.1385
    },
    "bollinger_bands": {
      "upper": 590.31,
      "middle": 571.7,
      "lower": 553.08
    }
  },
  "bsm_analysis": {
    "greeks": {
      "delta": 0.5373,
      "gamma": 0.008178,
      "theta": -0.3648,
      "vega": 0.6809,
      "rho": 0.2471
    },
    "atm_call_price": 20.64,
    "atm_put_price": 18.07,
    "implied_move": 0.7
  },
  "prediction": {
    "signal": "NEUTRAL",
    "score": -1,
    "confidence": 25.0,
    "reasons": [
      "MACD histogram negative (bearish momentum)"
    ],
    "target_price": 598.17,
    "support": 595.54,
    "resistance": 600.99
  },
  "simulation": {
    "statistics": {
      "mean": 598.1729497448194,
      "std": 4.201924007571839,
      "p05": 591.2160308754032,
      "p25": 595.5376390021095,
      "p50": 598.0754760219015,
      "p75": 600.9944799353616,
      "p95": 605.1375864347979,
      "min": 581.8210413181803,
      "max": 612.8687281871614
    },
    "simulations": 1000,
    "volatility": 0.2833
  }
}