{
  "ticker": "SPY",
  "timestamp": "2026-02-15T19:31:08.729815",
  "current_price": 592.32,
  "forecast_minutes": 60,
  "technical_indicators": {
    "rsi": 49.92,
    "macd": {
      "line": 1.5884,
      "signal": 1.4296,
      "histogram": 0.1588
    },
    "bollinger_bands": {
      "upper": 598.47,
      "middle": 581.53,
      "lower": 564.59
    }
  },
  "bsm_analysis": {
    "greeks": {
      "delta": 0.5472,
      "gamma": 0.014894,
      "theta": -0.2205,
      "vega": 0.6727,
      "rho": 0.2566
    },
    "atm_call_price": 11.91,
    "atm_put_price": 9.36,
    "implied_move": 0.4
  },
  "prediction": {
    "signal": "NEUTRAL",
    "score": 1,
    "confidence": 25.0,
    "reasons": [
      "MACD histogram positive (bullish momentum)"
    ],
    "target_price": 592.25,
    "support": 590.69,
    "resistance": 593.78
  },
  "simulation": {
    "statistics": {
      "mean": 592.2547489616742,
      "std": 2.3502773490042843,
      "p05": 588.5141296249734,
      "p25": 590.6936601486707,
      "p50": 592.2196921689188,
      "p75": 593.775974719302,
      "p95": 596.1858328833018,
      "min": 585.1194575775542,
      "max": 599.5975724709717
    },
    "simulations": 1000,
    "volatility": 0.1566
  }
}