{
  "ticker": "SPY",
  "timestamp": "2026-02-28T14:52:53.087556",
  "current_price": 593.69,
  "forecast_minutes": 60,
  "technical_indicators": {
    "rsi": 47.03,
    "macd": {
      "line": 0.7852,
      "signal": 0.7067,
      "histogram": 0.0785
    },
    "bollinger_bands": {
      "upper": 609.83,
      "middle": 596.48,
      "lower": 583.14
    }
  },
  "bsm_analysis": {
    "greeks": {
      "delta": 0.5458,
      "gamma": 0.014131,
      "theta": -0.2301,
      "vega": 0.6745,
      "rho": 0.256
    },
    "atm_call_price": 12.49,
    "atm_put_price": 9.93,
    "implied_move": 0.42
  },
  "prediction": {
    "signal": "NEUTRAL",
    "score": 1,
    "confidence": 25.0,
    "reasons": [
      "MACD histogram positive (bullish momentum)"
    ],
    "target_price": 593.87,
    "support": 592.14,
    "resistance": 595.57
  },
  "simulation": {
    "statistics": {
      "mean": 593.873029512058,
      "std": 2.4783769037295,
      "p05": 589.8399031808952,
      "p25": 592.1397407480517,
      "p50": 593.8459695529567,
      "p75": 595.574761772227,
      "p95": 597.9156994147885,
      "min": 586.056799500901,
      "max": 602.2029651021718
    },
    "simulations": 1000,
    "volatility": 0.1648
  }
}