{
  "ticker": "SPY",
  "timestamp": "2026-04-05T15:02:30.698026",
  "current_price": 594.94,
  "forecast_minutes": 60,
  "technical_indicators": {
    "rsi": 72.32,
    "macd": {
      "line": -1.6089,
      "signal": -1.448,
      "histogram": -0.1609
    },
    "bollinger_bands": {
      "upper": 578.74,
      "middle": 551.46,
      "lower": 524.19
    }
  },
  "bsm_analysis": {
    "greeks": {
      "delta": 0.5371,
      "gamma": 0.006793,
      "theta": -0.4296,
      "vega": 0.6775,
      "rho": 0.2424
    },
    "atm_call_price": 24.57,
    "atm_put_price": 22.01,
    "implied_move": 0.83
  },
  "prediction": {
    "signal": "BEARISH",
    "score": -3,
    "confidence": 75.0,
    "reasons": [
      "RSI indicates overbought conditions",
      "MACD histogram negative (bearish momentum)"
    ],
    "target_price": 594.7,
    "support": 591.11,
    "resistance": 598.24
  },
  "simulation": {
    "statistics": {
      "mean": 594.7011170639047,
      "std": 4.961226624924042,
      "p05": 586.5422627924556,
      "p25": 591.1073976443809,
      "p50": 594.6130900074497,
      "p75": 598.2400340254385,
      "p95": 602.7344921633912,
      "min": 581.6359894477748,
      "max": 612.1577053379185
    },
    "simulations": 1000,
    "volatility": 0.3428
  }
}