{
  "ticker": "SPY",
  "timestamp": "2026-02-09T15:36:09.499304",
  "current_price": 597.47,
  "forecast_minutes": 60,
  "technical_indicators": {
    "rsi": 33.26,
    "macd": {
      "line": 7.1595,
      "signal": 6.4436,
      "histogram": 0.716
    },
    "bollinger_bands": {
      "upper": 692.0,
      "middle": 647.41,
      "lower": 602.82
    }
  },
  "bsm_analysis": {
    "greeks": {
      "delta": 0.5385,
      "gamma": 0.00538,
      "theta": -0.5303,
      "vega": 0.6802,
      "rho": 0.2392
    },
    "atm_call_price": 30.67,
    "atm_put_price": 28.09,
    "implied_move": 1.08
  },
  "prediction": {
    "signal": "NEUTRAL",
    "score": 1,
    "confidence": 25.0,
    "reasons": [
      "MACD histogram positive (bullish momentum)"
    ],
    "target_price": 597.64,
    "support": 593.5,
    "resistance": 602.19
  },
  "simulation": {
    "statistics": {
      "mean": 597.643368030958,
      "std": 6.4744278756484,
      "p05": 586.7926828203109,
      "p25": 593.4963345360095,
      "p50": 597.4258308375108,
      "p75": 602.1891674159253,
      "p95": 608.2212134715195,
      "min": 576.8946926821802,
      "max": 618.7756604728327
    },
    "simulations": 1000,
    "volatility": 0.4309
  }
}