{
  "ticker": "SPY",
  "timestamp": "2026-04-02T20:47:05.285593",
  "current_price": 597.77,
  "forecast_minutes": 60,
  "technical_indicators": {
    "rsi": 62.35,
    "macd": {
      "line": 7.3943,
      "signal": 6.6549,
      "histogram": 0.7394
    },
    "bollinger_bands": {
      "upper": 611.59,
      "middle": 587.27,
      "lower": 562.95
    }
  },
  "bsm_analysis": {
    "greeks": {
      "delta": 0.5471,
      "gamma": 0.014702,
      "theta": -0.2232,
      "vega": 0.6789,
      "rho": 0.2589
    },
    "atm_call_price": 12.06,
    "atm_put_price": 9.49,
    "implied_move": 0.41
  },
  "prediction": {
    "signal": "NEUTRAL",
    "score": 1,
    "confidence": 25.0,
    "reasons": [
      "MACD histogram positive (bullish momentum)"
    ],
    "target_price": 597.87,
    "support": 596.17,
    "resistance": 599.53
  },
  "simulation": {
    "statistics": {
      "mean": 597.8700913650074,
      "std": 2.4557440744789143,
      "p05": 593.8197867121326,
      "p25": 596.1710984841324,
      "p50": 597.8975659227358,
      "p75": 599.5293710902358,
      "p95": 602.0037175964933,
      "min": 590.6442011357145,
      "max": 605.1094307684771
    },
    "simulations": 1000,
    "volatility": 0.1572
  }
}