{
  "ticker": "SPY",
  "timestamp": "2026-02-28T15:08:25.554161",
  "current_price": 593.71,
  "forecast_minutes": 60,
  "technical_indicators": {
    "rsi": 49.53,
    "macd": {
      "line": -3.2065,
      "signal": -2.8859,
      "histogram": -0.3207
    },
    "bollinger_bands": {
      "upper": 600.39,
      "middle": 575.28,
      "lower": 550.17
    }
  },
  "bsm_analysis": {
    "greeks": {
      "delta": 0.5413,
      "gamma": 0.011571,
      "theta": -0.2709,
      "vega": 0.6754,
      "rho": 0.2518
    },
    "atm_call_price": 14.97,
    "atm_put_price": 12.41,
    "implied_move": 0.49
  },
  "prediction": {
    "signal": "NEUTRAL",
    "score": -1,
    "confidence": 25.0,
    "reasons": [
      "MACD histogram negative (bearish momentum)"
    ],
    "target_price": 593.65,
    "support": 591.73,
    "resistance": 595.49
  },
  "simulation": {
    "statistics": {
      "mean": 593.6475113818203,
      "std": 2.8836859175589757,
      "p05": 588.8089944883434,
      "p25": 591.7289269350107,
      "p50": 593.6536911581146,
      "p75": 595.4916530177201,
      "p95": 598.3668877029149,
      "min": 584.8586462716446,
      "max": 602.336396076469
    },
    "simulations": 1000,
    "volatility": 0.2015
  }
}