{
  "ticker": "SPY",
  "timestamp": "2026-02-25T07:37:46.772294",
  "current_price": 596.17,
  "forecast_minutes": 60,
  "technical_indicators": {
    "rsi": 66.69,
    "macd": {
      "line": 3.9135,
      "signal": 3.5222,
      "histogram": 0.3914
    },
    "bollinger_bands": {
      "upper": 588.61,
      "middle": 574.62,
      "lower": 560.63
    }
  },
  "bsm_analysis": {
    "greeks": {
      "delta": 0.5422,
      "gamma": 0.012101,
      "theta": -0.2612,
      "vega": 0.678,
      "rho": 0.2539
    },
    "atm_call_price": 14.37,
    "atm_put_price": 11.8,
    "implied_move": 0.47
  },
  "prediction": {
    "signal": "NEUTRAL",
    "score": 1,
    "confidence": 25.0,
    "reasons": [
      "MACD histogram positive (bullish momentum)"
    ],
    "target_price": 596.17,
    "support": 594.26,
    "resistance": 598.08
  },
  "simulation": {
    "statistics": {
      "mean": 596.1704192573313,
      "std": 2.787293356505785,
      "p05": 591.5114918729653,
      "p25": 594.2620316464879,
      "p50": 596.2573095817311,
      "p75": 598.0824953191741,
      "p95": 600.5330524417606,
      "min": 587.2980894762942,
      "max": 605.9095787014886
    },
    "simulations": 1000,
    "volatility": 0.1918
  }
}