{
  "ticker": "SPY",
  "timestamp": "2026-02-25T22:50:26.772623",
  "current_price": 596.57,
  "forecast_minutes": 60,
  "technical_indicators": {
    "rsi": 55.35,
    "macd": {
      "line": 8.9298,
      "signal": 8.0368,
      "histogram": 0.893
    },
    "bollinger_bands": {
      "upper": 625.87,
      "middle": 594.26,
      "lower": 562.64
    }
  },
  "bsm_analysis": {
    "greeks": {
      "delta": 0.538,
      "gamma": 0.009076,
      "theta": -0.3331,
      "vega": 0.6792,
      "rho": 0.2484
    },
    "atm_call_price": 18.73,
    "atm_put_price": 16.16,
    "implied_move": 0.65
  },
  "prediction": {
    "signal": "NEUTRAL",
    "score": 1,
    "confidence": 25.0,
    "reasons": [
      "MACD histogram positive (bullish momentum)"
    ],
    "target_price": 596.7,
    "support": 594.11,
    "resistance": 599.07
  },
  "simulation": {
    "statistics": {
      "mean": 596.7020319135094,
      "std": 3.877968097754512,
      "p05": 590.3085913204175,
      "p25": 594.1146004766324,
      "p50": 596.628841874164,
      "p75": 599.0740962347062,
      "p95": 603.323649909414,
      "min": 584.4088891845147,
      "max": 608.6148676585757
    },
    "simulations": 1000,
    "volatility": 0.2558
  }
}