{
  "ticker": "SPY",
  "timestamp": "2026-03-29T06:00:26.092649",
  "current_price": 595.27,
  "forecast_minutes": 60,
  "technical_indicators": {
    "rsi": 51.5,
    "macd": {
      "line": 8.9427,
      "signal": 8.0485,
      "histogram": 0.8943
    },
    "bollinger_bands": {
      "upper": 644.41,
      "middle": 608.67,
      "lower": 572.92
    }
  },
  "bsm_analysis": {
    "greeks": {
      "delta": 0.537,
      "gamma": 0.007081,
      "theta": -0.414,
      "vega": 0.6779,
      "rho": 0.2433
    },
    "atm_call_price": 23.63,
    "atm_put_price": 21.06,
    "implied_move": 0.81
  },
  "prediction": {
    "signal": "NEUTRAL",
    "score": 1,
    "confidence": 25.0,
    "reasons": [
      "MACD histogram positive (bullish momentum)"
    ],
    "target_price": 595.56,
    "support": 592.34,
    "resistance": 598.96
  },
  "simulation": {
    "statistics": {
      "mean": 595.5628990934673,
      "std": 4.792112118672395,
      "p05": 587.7086550738691,
      "p25": 592.3418542063548,
      "p50": 595.702880386372,
      "p75": 598.9558916313915,
      "p95": 603.0300411562463,
      "min": 576.2508648609679,
      "max": 610.9774216585731
    },
    "simulations": 1000,
    "volatility": 0.3287
  }
}