{
  "ticker": "SPY",
  "timestamp": "2026-02-14T21:57:38.602614",
  "current_price": 595.26,
  "forecast_minutes": 60,
  "technical_indicators": {
    "rsi": 61.35,
    "macd": {
      "line": -3.0347,
      "signal": -2.7312,
      "histogram": -0.3035
    },
    "bollinger_bands": {
      "upper": 597.95,
      "middle": 567.51,
      "lower": 537.07
    }
  },
  "bsm_analysis": {
    "greeks": {
      "delta": 0.5395,
      "gamma": 0.010365,
      "theta": -0.2972,
      "vega": 0.6775,
      "rho": 0.2504
    },
    "atm_call_price": 16.56,
    "atm_put_price": 14.0,
    "implied_move": 0.57
  },
  "prediction": {
    "signal": "NEUTRAL",
    "score": -1,
    "confidence": 25.0,
    "reasons": [
      "MACD histogram negative (bearish momentum)"
    ],
    "target_price": 595.13,
    "support": 592.81,
    "resistance": 597.34
  },
  "simulation": {
    "statistics": {
      "mean": 595.1258323656104,
      "std": 3.378008743580932,
      "p05": 589.8020694598083,
      "p25": 592.8086789197839,
      "p50": 595.1528969325781,
      "p75": 597.3411973003629,
      "p95": 600.6911140415126,
      "min": 584.1721513621313,
      "max": 606.9617844544305
    },
    "simulations": 1000,
    "volatility": 0.2244
  }
}