{
  "ticker": "SPY",
  "timestamp": "2026-03-12T22:44:18.574247",
  "current_price": 596.74,
  "forecast_minutes": 60,
  "technical_indicators": {
    "rsi": 63.56,
    "macd": {
      "line": -5.6025,
      "signal": -5.0423,
      "histogram": -0.5603
    },
    "bollinger_bands": {
      "upper": 595.82,
      "middle": 558.31,
      "lower": 520.81
    }
  },
  "bsm_analysis": {
    "greeks": {
      "delta": 0.5429,
      "gamma": 0.004103,
      "theta": -0.6799,
      "vega": 0.6786,
      "rho": 0.2336
    },
    "atm_call_price": 39.74,
    "atm_put_price": 37.17,
    "implied_move": 1.45
  },
  "prediction": {
    "signal": "NEUTRAL",
    "score": -1,
    "confidence": 25.0,
    "reasons": [
      "MACD histogram negative (bearish momentum)"
    ],
    "target_price": 596.86,
    "support": 591.14,
    "resistance": 602.36
  },
  "simulation": {
    "statistics": {
      "mean": 596.860016649216,
      "std": 8.635150016152584,
      "p05": 582.9697479579282,
      "p25": 591.1411361721546,
      "p50": 596.7868060452793,
      "p75": 602.3584080593957,
      "p95": 611.4442082746694,
      "min": 568.4035979926166,
      "max": 623.4899275598829
    },
    "simulations": 1000,
    "volatility": 0.565
  }
}