{
  "ticker": "SPY",
  "timestamp": "2026-03-17T08:03:00.230713",
  "current_price": 593.57,
  "forecast_minutes": 60,
  "technical_indicators": {
    "rsi": 42.43,
    "macd": {
      "line": 7.9157,
      "signal": 7.1241,
      "histogram": 0.7916
    },
    "bollinger_bands": {
      "upper": 665.76,
      "middle": 628.23,
      "lower": 590.7
    }
  },
  "bsm_analysis": {
    "greeks": {
      "delta": 0.5378,
      "gamma": 0.005846,
      "theta": -0.4915,
      "vega": 0.6758,
      "rho": 0.2391
    },
    "atm_call_price": 28.33,
    "atm_put_price": 25.77,
    "implied_move": 0.98
  },
  "prediction": {
    "signal": "NEUTRAL",
    "score": 1,
    "confidence": 25.0,
    "reasons": [
      "MACD histogram positive (bullish momentum)"
    ],
    "target_price": 593.71,
    "support": 589.8,
    "resistance": 597.53
  },
  "simulation": {
    "statistics": {
      "mean": 593.7072580542443,
      "std": 5.829537588337891,
      "p05": 583.5198512525792,
      "p25": 589.7978129487153,
      "p50": 593.8371139389094,
      "p75": 597.5283354862228,
      "p95": 602.940790206415,
      "min": 572.9221571810829,
      "max": 611.2294265358145
    },
    "simulations": 1000,
    "volatility": 0.3992
  }
}