{
  "ticker": "SPY",
  "timestamp": "2026-03-08T18:11:54.980894",
  "current_price": 592.93,
  "forecast_minutes": 60,
  "technical_indicators": {
    "rsi": 61.01,
    "macd": {
      "line": 0.4332,
      "signal": 0.3899,
      "histogram": 0.0433
    },
    "bollinger_bands": {
      "upper": 588.51,
      "middle": 570.33,
      "lower": 552.15
    }
  },
  "bsm_analysis": {
    "greeks": {
      "delta": 0.5416,
      "gamma": 0.011831,
      "theta": -0.2659,
      "vega": 0.6745,
      "rho": 0.2519
    },
    "atm_call_price": 14.66,
    "atm_put_price": 12.11,
    "implied_move": 0.51
  },
  "prediction": {
    "signal": "NEUTRAL",
    "score": 1,
    "confidence": 25.0,
    "reasons": [
      "MACD histogram positive (bullish momentum)"
    ],
    "target_price": 592.87,
    "support": 590.74,
    "resistance": 594.91
  },
  "simulation": {
    "statistics": {
      "mean": 592.873522028696,
      "std": 3.013772111875676,
      "p05": 588.0296216875988,
      "p25": 590.7370823714342,
      "p50": 592.7872095201113,
      "p75": 594.9063572826743,
      "p95": 597.981921557086,
      "min": 581.8280784464185,
      "max": 603.403553677756
    },
    "simulations": 1000,
    "volatility": 0.1973
  }
}