{
  "ticker": "SPY",
  "timestamp": "2026-03-25T21:47:42.071605",
  "current_price": 597.53,
  "forecast_minutes": 60,
  "technical_indicators": {
    "rsi": 66.2,
    "macd": {
      "line": 0.1459,
      "signal": 0.1313,
      "histogram": 0.0146
    },
    "bollinger_bands": {
      "upper": 590.51,
      "middle": 576.55,
      "lower": 562.59
    }
  },
  "bsm_analysis": {
    "greeks": {
      "delta": 0.5427,
      "gamma": 0.012392,
      "theta": -0.2562,
      "vega": 0.6795,
      "rho": 0.255
    },
    "atm_call_price": 14.07,
    "atm_put_price": 11.5,
    "implied_move": 0.44
  },
  "prediction": {
    "signal": "NEUTRAL",
    "score": 1,
    "confidence": 25.0,
    "reasons": [
      "MACD histogram positive (bullish momentum)"
    ],
    "target_price": 597.52,
    "support": 595.75,
    "resistance": 599.35
  },
  "simulation": {
    "statistics": {
      "mean": 597.5207435933941,
      "std": 2.6566135727022413,
      "p05": 593.0723497238342,
      "p25": 595.7525454889981,
      "p50": 597.6350191937252,
      "p75": 599.3531699555604,
      "p95": 601.6550697317912,
      "min": 588.4167205144915,
      "max": 606.3148068908587
    },
    "simulations": 1000,
    "volatility": 0.1869
  }
}