{
  "ticker": "SPY",
  "timestamp": "2026-02-28T04:15:47.327310",
  "current_price": 594.89,
  "forecast_minutes": 60,
  "technical_indicators": {
    "rsi": 73.4,
    "macd": {
      "line": 9.0229,
      "signal": 8.1206,
      "histogram": 0.9023
    },
    "bollinger_bands": {
      "upper": 580.74,
      "middle": 553.2,
      "lower": 525.66
    }
  },
  "bsm_analysis": {
    "greeks": {
      "delta": 0.5371,
      "gamma": 0.007647,
      "theta": -0.3867,
      "vega": 0.6775,
      "rho": 0.2445
    },
    "atm_call_price": 21.98,
    "atm_put_price": 19.42,
    "implied_move": 0.76
  },
  "prediction": {
    "signal": "NEUTRAL",
    "score": -1,
    "confidence": 25.0,
    "reasons": [
      "RSI indicates overbought conditions",
      "MACD histogram positive (bullish momentum)"
    ],
    "target_price": 594.84,
    "support": 592.06,
    "resistance": 597.69
  },
  "simulation": {
    "statistics": {
      "mean": 594.8398491756468,
      "std": 4.542403771593278,
      "p05": 587.0497409376201,
      "p25": 592.0554219096555,
      "p50": 594.6663009909789,
      "p75": 597.6904987013577,
      "p95": 602.5700485891582,
      "min": 581.6865252084185,
      "max": 614.7719263649451
    },
    "simulations": 1000,
    "volatility": 0.3046
  }
}