{
  "ticker": "SPY",
  "timestamp": "2026-03-07T07:14:45.225693",
  "current_price": 593.32,
  "forecast_minutes": 60,
  "technical_indicators": {
    "rsi": 27.77,
    "macd": {
      "line": 0.9716,
      "signal": 0.8744,
      "histogram": 0.0972
    },
    "bollinger_bands": {
      "upper": 668.55,
      "middle": 642.0,
      "lower": 615.45
    }
  },
  "bsm_analysis": {
    "greeks": {
      "delta": 0.5375,
      "gamma": 0.006151,
      "theta": -0.4694,
      "vega": 0.6756,
      "rho": 0.2399
    },
    "atm_call_price": 26.99,
    "atm_put_price": 24.44,
    "implied_move": 0.92
  },
  "prediction": {
    "signal": "BULLISH",
    "score": 3,
    "confidence": 75.0,
    "reasons": [
      "RSI indicates oversold conditions",
      "MACD histogram positive (bullish momentum)"
    ],
    "target_price": 593.5,
    "support": 590.11,
    "resistance": 597.23
  },
  "simulation": {
    "statistics": {
      "mean": 593.4991762358686,
      "std": 5.436503506432029,
      "p05": 584.05151619891,
      "p25": 590.1072283611353,
      "p50": 593.6380160661333,
      "p75": 597.2277452842975,
      "p95": 602.4821990272984,
      "min": 574.8554338418633,
      "max": 610.5980999147802
    },
    "simulations": 1000,
    "volatility": 0.3796
  }
}