{
  "ticker": "SPY",
  "timestamp": "2026-02-26T09:23:10.227543",
  "current_price": 593.66,
  "forecast_minutes": 60,
  "technical_indicators": {
    "rsi": 61.84,
    "macd": {
      "line": -0.4182,
      "signal": -0.3764,
      "histogram": -0.0418
    },
    "bollinger_bands": {
      "upper": 582.76,
      "middle": 561.27,
      "lower": 539.77
    }
  },
  "bsm_analysis": {
    "greeks": {
      "delta": 0.5372,
      "gamma": 0.008038,
      "theta": -0.37,
      "vega": 0.676,
      "rho": 0.2449
    },
    "atm_call_price": 20.97,
    "atm_put_price": 18.41,
    "implied_move": 0.71
  },
  "prediction": {
    "signal": "NEUTRAL",
    "score": -1,
    "confidence": 25.0,
    "reasons": [
      "MACD histogram negative (bearish momentum)"
    ],
    "target_price": 593.72,
    "support": 591.06,
    "resistance": 596.48
  },
  "simulation": {
    "statistics": {
      "mean": 593.7214520406649,
      "std": 4.241412550873591,
      "p05": 586.8666662772598,
      "p25": 591.0629798984174,
      "p50": 593.8090939257424,
      "p75": 596.4828503586085,
      "p95": 600.7892203828308,
      "min": 581.2798376159587,
      "max": 605.9535852843577
    },
    "simulations": 1000,
    "volatility": 0.2903
  }
}