{
  "ticker": "SPY",
  "timestamp": "2026-03-12T20:16:34.724086",
  "current_price": 594.29,
  "forecast_minutes": 60,
  "technical_indicators": {
    "rsi": 58.6,
    "macd": {
      "line": -3.2715,
      "signal": -2.9443,
      "histogram": -0.3271
    },
    "bollinger_bands": {
      "upper": 600.45,
      "middle": 583.71,
      "lower": 566.98
    }
  },
  "bsm_analysis": {
    "greeks": {
      "delta": 0.5427,
      "gamma": 0.012416,
      "theta": -0.2556,
      "vega": 0.6758,
      "rho": 0.2535
    },
    "atm_call_price": 14.04,
    "atm_put_price": 11.48,
    "implied_move": 0.46
  },
  "prediction": {
    "signal": "NEUTRAL",
    "score": -1,
    "confidence": 25.0,
    "reasons": [
      "MACD histogram negative (bearish momentum)"
    ],
    "target_price": 594.33,
    "support": 592.51,
    "resistance": 596.21
  },
  "simulation": {
    "statistics": {
      "mean": 594.3250530950918,
      "std": 2.7410690011157826,
      "p05": 589.9738205596302,
      "p25": 592.5084573453414,
      "p50": 594.3262960318978,
      "p75": 596.2145759046566,
      "p95": 598.8171234089724,
      "min": 586.334560575959,
      "max": 603.032130304499
    },
    "simulations": 1000,
    "volatility": 0.1875
  }
}