{
  "ticker": "SPY",
  "timestamp": "2026-03-22T08:31:00.596651",
  "current_price": 593.23,
  "forecast_minutes": 60,
  "technical_indicators": {
    "rsi": 46.76,
    "macd": {
      "line": -8.5756,
      "signal": -7.7181,
      "histogram": -0.8576
    },
    "bollinger_bands": {
      "upper": 612.69,
      "middle": 581.68,
      "lower": 550.67
    }
  },
  "bsm_analysis": {
    "greeks": {
      "delta": 0.537,
      "gamma": 0.007449,
      "theta": -0.3956,
      "vega": 0.6756,
      "rho": 0.2433
    },
    "atm_call_price": 22.52,
    "atm_put_price": 19.97,
    "implied_move": 0.76
  },
  "prediction": {
    "signal": "NEUTRAL",
    "score": -1,
    "confidence": 25.0,
    "reasons": [
      "MACD histogram negative (bearish momentum)"
    ],
    "target_price": 593.37,
    "support": 590.39,
    "resistance": 596.45
  },
  "simulation": {
    "statistics": {
      "mean": 593.3673314435904,
      "std": 4.495716162367945,
      "p05": 586.1370356228824,
      "p25": 590.3863001240286,
      "p50": 593.3427761092557,
      "p75": 596.4501681805464,
      "p95": 600.9292225939837,
      "min": 579.2428794221222,
      "max": 609.1744938291858
    },
    "simulations": 1000,
    "volatility": 0.3135
  }
}