{
  "ticker": "SPY",
  "timestamp": "2026-03-01T22:42:34.444168",
  "current_price": 592.65,
  "forecast_minutes": 60,
  "technical_indicators": {
    "rsi": 80.16,
    "macd": {
      "line": 7.169,
      "signal": 6.4521,
      "histogram": 0.7169
    },
    "bollinger_bands": {
      "upper": 570.76,
      "middle": 544.94,
      "lower": 519.12
    }
  },
  "bsm_analysis": {
    "greeks": {
      "delta": 0.5372,
      "gamma": 0.008053,
      "theta": -0.3693,
      "vega": 0.6749,
      "rho": 0.2445
    },
    "atm_call_price": 20.93,
    "atm_put_price": 18.38,
    "implied_move": 0.73
  },
  "prediction": {
    "signal": "NEUTRAL",
    "score": -1,
    "confidence": 25.0,
    "reasons": [
      "RSI indicates overbought conditions",
      "MACD histogram positive (bullish momentum)"
    ],
    "target_price": 592.77,
    "support": 589.9,
    "resistance": 595.69
  },
  "simulation": {
    "statistics": {
      "mean": 592.7722646095051,
      "std": 4.328358712838053,
      "p05": 585.5401090107814,
      "p25": 589.899977274304,
      "p50": 592.7203966484185,
      "p75": 595.6874953118333,
      "p95": 599.8529083539814,
      "min": 580.4939132915202,
      "max": 606.1484965451998
    },
    "simulations": 1000,
    "volatility": 0.2903
  }
}