{
  "ticker": "SPY",
  "timestamp": "2026-03-10T09:20:50.683395",
  "current_price": 597.19,
  "forecast_minutes": 60,
  "technical_indicators": {
    "rsi": 54.47,
    "macd": {
      "line": 0.7171,
      "signal": 0.6454,
      "histogram": 0.0717
    },
    "bollinger_bands": {
      "upper": 609.92,
      "middle": 594.21,
      "lower": 578.51
    }
  },
  "bsm_analysis": {
    "greeks": {
      "delta": 0.5473,
      "gamma": 0.014823,
      "theta": -0.2217,
      "vega": 0.6782,
      "rho": 0.2588
    },
    "atm_call_price": 11.97,
    "atm_put_price": 9.4,
    "implied_move": 0.38
  },
  "prediction": {
    "signal": "NEUTRAL",
    "score": 1,
    "confidence": 25.0,
    "reasons": [
      "MACD histogram positive (bullish momentum)"
    ],
    "target_price": 597.15,
    "support": 595.61,
    "resistance": 598.76
  },
  "simulation": {
    "statistics": {
      "mean": 597.1538852003272,
      "std": 2.2791091848157587,
      "p05": 593.4049666411042,
      "p25": 595.6123892251635,
      "p50": 597.1223336287406,
      "p75": 598.7633831641708,
      "p95": 600.8754081817996,
      "min": 589.7475842960326,
      "max": 604.431383627058
    },
    "simulations": 1000,
    "volatility": 0.1561
  }
}