{
  "ticker": "SPY",
  "timestamp": "2026-02-13T11:21:52.642739",
  "current_price": 595.87,
  "forecast_minutes": 60,
  "technical_indicators": {
    "rsi": 77.15,
    "macd": {
      "line": 8.9208,
      "signal": 8.0287,
      "histogram": 0.8921
    },
    "bollinger_bands": {
      "upper": 578.82,
      "middle": 549.64,
      "lower": 520.47
    }
  },
  "bsm_analysis": {
    "greeks": {
      "delta": 0.5381,
      "gamma": 0.009101,
      "theta": -0.3322,
      "vega": 0.6784,
      "rho": 0.2482
    },
    "atm_call_price": 18.68,
    "atm_put_price": 16.11,
    "implied_move": 0.65
  },
  "prediction": {
    "signal": "NEUTRAL",
    "score": -1,
    "confidence": 25.0,
    "reasons": [
      "RSI indicates overbought conditions",
      "MACD histogram positive (bullish momentum)"
    ],
    "target_price": 595.65,
    "support": 593.08,
    "resistance": 598.29
  },
  "simulation": {
    "statistics": {
      "mean": 595.6538247835229,
      "std": 3.859291222672943,
      "p05": 589.180717196486,
      "p25": 593.0776545031964,
      "p50": 595.7358274015344,
      "p75": 598.288328636705,
      "p95": 602.1124629826139,
      "min": 582.6213101601429,
      "max": 608.9481915912276
    },
    "simulations": 1000,
    "volatility": 0.2554
  }
}