{
  "ticker": "SPY",
  "timestamp": "2026-03-02T22:11:58.179293",
  "current_price": 597.01,
  "forecast_minutes": 60,
  "technical_indicators": {
    "rsi": 64.06,
    "macd": {
      "line": 7.7889,
      "signal": 7.01,
      "histogram": 0.7789
    },
    "bollinger_bands": {
      "upper": 618.41,
      "middle": 590.94,
      "lower": 563.47
    }
  },
  "bsm_analysis": {
    "greeks": {
      "delta": 0.5445,
      "gamma": 0.013399,
      "theta": -0.2404,
      "vega": 0.6786,
      "rho": 0.2564
    },
    "atm_call_price": 13.11,
    "atm_put_price": 10.54,
    "implied_move": 0.41
  },
  "prediction": {
    "signal": "NEUTRAL",
    "score": 1,
    "confidence": 25.0,
    "reasons": [
      "MACD histogram positive (bullish momentum)"
    ],
    "target_price": 597.1,
    "support": 595.42,
    "resistance": 598.88
  },
  "simulation": {
    "statistics": {
      "mean": 597.0997067426816,
      "std": 2.475314696852383,
      "p05": 593.0302754757477,
      "p25": 595.4195811149725,
      "p50": 597.0902480925818,
      "p75": 598.8813371187002,
      "p95": 601.0342572909615,
      "min": 588.8619958762195,
      "max": 606.2193487963473
    },
    "simulations": 1000,
    "volatility": 0.1729
  }
}