{
  "ticker": "SPY",
  "timestamp": "2026-03-15T23:44:37.489691",
  "current_price": 593.32,
  "forecast_minutes": 60,
  "technical_indicators": {
    "rsi": 57.42,
    "macd": {
      "line": -1.8037,
      "signal": -1.6234,
      "histogram": -0.1804
    },
    "bollinger_bands": {
      "upper": 600.27,
      "middle": 583.77,
      "lower": 567.26
    }
  },
  "bsm_analysis": {
    "greeks": {
      "delta": 0.5389,
      "gamma": 0.009901,
      "theta": -0.3089,
      "vega": 0.6754,
      "rho": 0.2486
    },
    "atm_call_price": 17.27,
    "atm_put_price": 14.72,
    "implied_move": 0.57
  },
  "prediction": {
    "signal": "NEUTRAL",
    "score": -1,
    "confidence": 25.0,
    "reasons": [
      "MACD histogram negative (bearish momentum)"
    ],
    "target_price": 593.25,
    "support": 590.9,
    "resistance": 595.5
  },
  "simulation": {
    "statistics": {
      "mean": 593.2515027164407,
      "std": 3.405941280425752,
      "p05": 587.7968648461022,
      "p25": 590.896339707996,
      "p50": 593.225548778916,
      "p75": 595.4987608015326,
      "p95": 599.0772984947527,
      "min": 581.7126868625531,
      "max": 603.2549741852822
    },
    "simulations": 1000,
    "volatility": 0.2357
  }
}