{
  "ticker": "SPY",
  "timestamp": "2026-02-28T08:58:10.319824",
  "current_price": 596.27,
  "forecast_minutes": 60,
  "technical_indicators": {
    "rsi": 68.04,
    "macd": {
      "line": 3.6461,
      "signal": 3.2815,
      "histogram": 0.3646
    },
    "bollinger_bands": {
      "upper": 598.75,
      "middle": 580.37,
      "lower": 561.99
    }
  },
  "bsm_analysis": {
    "greeks": {
      "delta": 0.5491,
      "gamma": 0.015725,
      "theta": -0.2116,
      "vega": 0.6768,
      "rho": 0.2598
    },
    "atm_call_price": 11.36,
    "atm_put_price": 8.79,
    "implied_move": 0.36
  },
  "prediction": {
    "signal": "NEUTRAL",
    "score": 1,
    "confidence": 25.0,
    "reasons": [
      "MACD histogram positive (bullish momentum)"
    ],
    "target_price": 596.25,
    "support": 594.77,
    "resistance": 597.67
  },
  "simulation": {
    "statistics": {
      "mean": 596.2465440073161,
      "std": 2.149793548006264,
      "p05": 592.7743553973821,
      "p25": 594.7697099538518,
      "p50": 596.1721708098607,
      "p75": 597.66636620982,
      "p95": 599.8358467148906,
      "min": 589.1638429716368,
      "max": 603.2714921370801
    },
    "simulations": 1000,
    "volatility": 0.1473
  }
}