{
  "ticker": "SPY",
  "timestamp": "2026-03-20T19:45:11.194164",
  "current_price": 593.04,
  "forecast_minutes": 60,
  "technical_indicators": {
    "rsi": 56.93,
    "macd": {
      "line": -1.6839,
      "signal": -1.5155,
      "histogram": -0.1684
    },
    "bollinger_bands": {
      "upper": 599.7,
      "middle": 586.24,
      "lower": 572.79
    }
  },
  "bsm_analysis": {
    "greeks": {
      "delta": 0.541,
      "gamma": 0.011451,
      "theta": -0.2732,
      "vega": 0.6747,
      "rho": 0.2513
    },
    "atm_call_price": 15.11,
    "atm_put_price": 12.55,
    "implied_move": 0.51
  },
  "prediction": {
    "signal": "NEUTRAL",
    "score": -1,
    "confidence": 25.0,
    "reasons": [
      "MACD histogram negative (bearish momentum)"
    ],
    "target_price": 593.12,
    "support": 591.11,
    "resistance": 595.15
  },
  "simulation": {
    "statistics": {
      "mean": 593.1172811119056,
      "std": 3.0080291532717394,
      "p05": 588.0331306819814,
      "p25": 591.1137599255239,
      "p50": 593.1223491109349,
      "p75": 595.1456417144982,
      "p95": 598.1828514295853,
      "min": 584.1084498110453,
      "max": 602.3031932475675
    },
    "simulations": 1000,
    "volatility": 0.2038
  }
}