{
  "ticker": "SPY",
  "timestamp": "2026-02-14T11:56:18.862796",
  "current_price": 594.43,
  "forecast_minutes": 60,
  "technical_indicators": {
    "rsi": 56.28,
    "macd": {
      "line": -1.3519,
      "signal": -1.2167,
      "histogram": -0.1352
    },
    "bollinger_bands": {
      "upper": 597.0,
      "middle": 582.64,
      "lower": 568.29
    }
  },
  "bsm_analysis": {
    "greeks": {
      "delta": 0.5377,
      "gamma": 0.008723,
      "theta": -0.3445,
      "vega": 0.6768,
      "rho": 0.2467
    },
    "atm_call_price": 19.43,
    "atm_put_price": 16.87,
    "implied_move": 0.68
  },
  "prediction": {
    "signal": "NEUTRAL",
    "score": -1,
    "confidence": 25.0,
    "reasons": [
      "MACD histogram negative (bearish momentum)"
    ],
    "target_price": 594.4,
    "support": 592.0,
    "resistance": 596.95
  },
  "simulation": {
    "statistics": {
      "mean": 594.3984309383733,
      "std": 4.016173113030816,
      "p05": 587.4953661389901,
      "p25": 592.0038614651576,
      "p50": 594.3276299701853,
      "p75": 596.9477027498674,
      "p95": 601.1136748253206,
      "min": 579.8102886217655,
      "max": 608.8560089028106
    },
    "simulations": 1000,
    "volatility": 0.2672
  }
}