{
  "ticker": "SPY",
  "timestamp": "2026-02-19T18:56:28.089786",
  "current_price": 595.26,
  "forecast_minutes": 60,
  "technical_indicators": {
    "rsi": 53.85,
    "macd": {
      "line": 9.8287,
      "signal": 8.8458,
      "histogram": 0.9829
    },
    "bollinger_bands": {
      "upper": 641.18,
      "middle": 602.39,
      "lower": 563.6
    }
  },
  "bsm_analysis": {
    "greeks": {
      "delta": 0.5413,
      "gamma": 0.01157,
      "theta": -0.271,
      "vega": 0.6772,
      "rho": 0.2525
    },
    "atm_call_price": 14.97,
    "atm_put_price": 12.41,
    "implied_move": 0.49
  },
  "prediction": {
    "signal": "NEUTRAL",
    "score": 1,
    "confidence": 25.0,
    "reasons": [
      "MACD histogram positive (bullish momentum)"
    ],
    "target_price": 595.44,
    "support": 593.58,
    "resistance": 597.27
  },
  "simulation": {
    "statistics": {
      "mean": 595.4440130024994,
      "std": 2.9200347936355118,
      "p05": 590.6056387510569,
      "p25": 593.5803697073126,
      "p50": 595.5299047296357,
      "p75": 597.2654541772348,
      "p95": 600.2035961859622,
      "min": 586.4114830681976,
      "max": 605.3836198509769
    },
    "simulations": 1000,
    "volatility": 0.201
  }
}