{
  "ticker": "SPY",
  "timestamp": "2026-03-26T11:35:26.135148",
  "current_price": 594.87,
  "forecast_minutes": 60,
  "technical_indicators": {
    "rsi": 40.81,
    "macd": {
      "line": 6.7484,
      "signal": 6.0735,
      "histogram": 0.6748
    },
    "bollinger_bands": {
      "upper": 657.83,
      "middle": 622.63,
      "lower": 587.44
    }
  },
  "bsm_analysis": {
    "greeks": {
      "delta": 0.5378,
      "gamma": 0.005837,
      "theta": -0.4923,
      "vega": 0.6773,
      "rho": 0.2396
    },
    "atm_call_price": 28.37,
    "atm_put_price": 25.81,
    "implied_move": 0.98
  },
  "prediction": {
    "signal": "NEUTRAL",
    "score": 1,
    "confidence": 25.0,
    "reasons": [
      "MACD histogram positive (bullish momentum)"
    ],
    "target_price": 594.79,
    "support": 590.76,
    "resistance": 598.83
  },
  "simulation": {
    "statistics": {
      "mean": 594.7898296257,
      "std": 5.830352120288269,
      "p05": 585.4330059124422,
      "p25": 590.7603435178818,
      "p50": 594.4552932573706,
      "p75": 598.8259310463372,
      "p95": 604.4160192417202,
      "min": 575.7613089326798,
      "max": 611.147708353975
    },
    "simulations": 1000,
    "volatility": 0.399
  }
}