{
  "ticker": "SPY",
  "timestamp": "2026-02-28T09:13:22.798588",
  "current_price": 593.01,
  "forecast_minutes": 60,
  "technical_indicators": {
    "rsi": 63.91,
    "macd": {
      "line": 3.7436,
      "signal": 3.3692,
      "histogram": 0.3744
    },
    "bollinger_bands": {
      "upper": 586.32,
      "middle": 571.34,
      "lower": 556.35
    }
  },
  "bsm_analysis": {
    "greeks": {
      "delta": 0.5385,
      "gamma": 0.009543,
      "theta": -0.3187,
      "vega": 0.6751,
      "rho": 0.2478
    },
    "atm_call_price": 17.87,
    "atm_put_price": 15.32,
    "implied_move": 0.6
  },
  "prediction": {
    "signal": "NEUTRAL",
    "score": 1,
    "confidence": 25.0,
    "reasons": [
      "MACD histogram positive (bullish momentum)"
    ],
    "target_price": 592.97,
    "support": 590.83,
    "resistance": 595.28
  },
  "simulation": {
    "statistics": {
      "mean": 592.9707297985036,
      "std": 3.5460885450271804,
      "p05": 587.08063846866,
      "p25": 590.8306866168766,
      "p50": 592.9982817922232,
      "p75": 595.2835930732392,
      "p95": 598.7164584167466,
      "min": 580.05231098564,
      "max": 603.7357382875099
    },
    "simulations": 1000,
    "volatility": 0.2448
  }
}