{
  "ticker": "SPY",
  "timestamp": "2026-03-16T13:11:44.073067",
  "current_price": 597.31,
  "forecast_minutes": 60,
  "technical_indicators": {
    "rsi": 70.64,
    "macd": {
      "line": 2.9759,
      "signal": 2.6783,
      "histogram": 0.2976
    },
    "bollinger_bands": {
      "upper": 582.62,
      "middle": 561.49,
      "lower": 540.35
    }
  },
  "bsm_analysis": {
    "greeks": {
      "delta": 0.5378,
      "gamma": 0.008838,
      "theta": -0.3409,
      "vega": 0.6801,
      "rho": 0.2483
    },
    "atm_call_price": 19.2,
    "atm_put_price": 16.63,
    "implied_move": 0.64
  },
  "prediction": {
    "signal": "NEUTRAL",
    "score": -1,
    "confidence": 25.0,
    "reasons": [
      "RSI indicates overbought conditions",
      "MACD histogram positive (bullish momentum)"
    ],
    "target_price": 597.61,
    "support": 594.94,
    "resistance": 600.19
  },
  "simulation": {
    "statistics": {
      "mean": 597.6101444177007,
      "std": 3.8203291500906813,
      "p05": 591.3696160724018,
      "p25": 594.9410909156167,
      "p50": 597.6311043095253,
      "p75": 600.1904364817914,
      "p95": 603.8340283402426,
      "min": 586.0568586447512,
      "max": 609.2551143217414
    },
    "simulations": 1000,
    "volatility": 0.2624
  }
}