{
  "ticker": "SPY",
  "timestamp": "2026-02-08T09:29:00.447161",
  "current_price": 592.53,
  "forecast_minutes": 60,
  "technical_indicators": {
    "rsi": 58.41,
    "macd": {
      "line": 7.2588,
      "signal": 6.5329,
      "histogram": 0.7259
    },
    "bollinger_bands": {
      "upper": 616.55,
      "middle": 592.38,
      "lower": 568.21
    }
  },
  "bsm_analysis": {
    "greeks": {
      "delta": 0.5437,
      "gamma": 0.013069,
      "theta": -0.2449,
      "vega": 0.6736,
      "rho": 0.2538
    },
    "atm_call_price": 13.4,
    "atm_put_price": 10.84,
    "implied_move": 0.44
  },
  "prediction": {
    "signal": "NEUTRAL",
    "score": 1,
    "confidence": 25.0,
    "reasons": [
      "MACD histogram positive (bullish momentum)"
    ],
    "target_price": 592.62,
    "support": 591.0,
    "resistance": 594.41
  },
  "simulation": {
    "statistics": {
      "mean": 592.6163069625363,
      "std": 2.596491318753025,
      "p05": 588.396614165564,
      "p25": 591.0033284748624,
      "p50": 592.5947651070906,
      "p75": 594.4124368857357,
      "p95": 596.8676768159319,
      "min": 583.3864270159015,
      "max": 601.8918865910076
    },
    "simulations": 1000,
    "volatility": 0.1786
  }
}