{
  "ticker": "SPY",
  "timestamp": "2026-03-14T02:20:11.778802",
  "current_price": 593.89,
  "forecast_minutes": 60,
  "technical_indicators": {
    "rsi": 44.49,
    "macd": {
      "line": 4.9167,
      "signal": 4.425,
      "histogram": 0.4917
    },
    "bollinger_bands": {
      "upper": 646.55,
      "middle": 618.02,
      "lower": 589.49
    }
  },
  "bsm_analysis": {
    "greeks": {
      "delta": 0.5378,
      "gamma": 0.005882,
      "theta": -0.4888,
      "vega": 0.6762,
      "rho": 0.2394
    },
    "atm_call_price": 28.16,
    "atm_put_price": 25.6,
    "implied_move": 0.95
  },
  "prediction": {
    "signal": "NEUTRAL",
    "score": 1,
    "confidence": 25.0,
    "reasons": [
      "MACD histogram positive (bullish momentum)"
    ],
    "target_price": 593.86,
    "support": 590.0,
    "resistance": 597.45
  },
  "simulation": {
    "statistics": {
      "mean": 593.8603464524608,
      "std": 5.6574604937244,
      "p05": 584.4196496052156,
      "p25": 589.9966785999792,
      "p50": 593.7911362902543,
      "p75": 597.4485243479799,
      "p95": 603.6275861211682,
      "min": 577.0743851565593,
      "max": 611.8043023227847
    },
    "simulations": 1000,
    "volatility": 0.3965
  }
}