{
  "ticker": "SPY",
  "timestamp": "2026-03-15T20:12:35.715449",
  "current_price": 592.95,
  "forecast_minutes": 60,
  "technical_indicators": {
    "rsi": 39.86,
    "macd": {
      "line": 0.8284,
      "signal": 0.7455,
      "histogram": 0.0828
    },
    "bollinger_bands": {
      "upper": 629.97,
      "middle": 611.14,
      "lower": 592.32
    }
  },
  "bsm_analysis": {
    "greeks": {
      "delta": 0.5435,
      "gamma": 0.012924,
      "theta": -0.2472,
      "vega": 0.6741,
      "rho": 0.2538
    },
    "atm_call_price": 13.53,
    "atm_put_price": 10.98,
    "implied_move": 0.46
  },
  "prediction": {
    "signal": "NEUTRAL",
    "score": 1,
    "confidence": 25.0,
    "reasons": [
      "MACD histogram positive (bullish momentum)"
    ],
    "target_price": 592.98,
    "support": 591.03,
    "resistance": 594.83
  },
  "simulation": {
    "statistics": {
      "mean": 592.9812635628844,
      "std": 2.7164906079390256,
      "p05": 588.6116027674649,
      "p25": 591.034460817521,
      "p50": 592.977148942674,
      "p75": 594.8342802233976,
      "p95": 597.5428200148247,
      "min": 584.1939175938088,
      "max": 601.9315693080804
    },
    "simulations": 1000,
    "volatility": 0.1805
  }
}