{
  "ticker": "SPY",
  "timestamp": "2026-04-03T07:43:08.919791",
  "current_price": 595.5,
  "forecast_minutes": 60,
  "technical_indicators": {
    "rsi": 52.7,
    "macd": {
      "line": -4.4357,
      "signal": -3.9921,
      "histogram": -0.4436
    },
    "bollinger_bands": {
      "upper": 602.18,
      "middle": 579.65,
      "lower": 557.12
    }
  },
  "bsm_analysis": {
    "greeks": {
      "delta": 0.5378,
      "gamma": 0.008792,
      "theta": -0.3423,
      "vega": 0.678,
      "rho": 0.2474
    },
    "atm_call_price": 19.29,
    "atm_put_price": 16.73,
    "implied_move": 0.68
  },
  "prediction": {
    "signal": "NEUTRAL",
    "score": -1,
    "confidence": 25.0,
    "reasons": [
      "MACD histogram negative (bearish momentum)"
    ],
    "target_price": 595.45,
    "support": 592.7,
    "resistance": 598.21
  },
  "simulation": {
    "statistics": {
      "mean": 595.4451495855462,
      "std": 4.043406340240332,
      "p05": 588.6033588036053,
      "p25": 592.702841855065,
      "p50": 595.4155446447414,
      "p75": 598.2106430423378,
      "p95": 602.008213552204,
      "min": 584.47463812287,
      "max": 606.3533197249492
    },
    "simulations": 1000,
    "volatility": 0.2646
  }
}