{
  "ticker": "SPY",
  "timestamp": "2026-02-18T07:34:22.673018",
  "current_price": 597.35,
  "forecast_minutes": 60,
  "technical_indicators": {
    "rsi": 67.99,
    "macd": {
      "line": 5.2109,
      "signal": 4.6898,
      "histogram": 0.5211
    },
    "bollinger_bands": {
      "upper": 603.34,
      "middle": 583.16,
      "lower": 562.98
    }
  },
  "bsm_analysis": {
    "greeks": {
      "delta": 0.5472,
      "gamma": 0.014753,
      "theta": -0.2226,
      "vega": 0.6784,
      "rho": 0.2588
    },
    "atm_call_price": 12.02,
    "atm_put_price": 9.45,
    "implied_move": 0.38
  },
  "prediction": {
    "signal": "NEUTRAL",
    "score": 1,
    "confidence": 25.0,
    "reasons": [
      "MACD histogram positive (bullish momentum)"
    ],
    "target_price": 597.36,
    "support": 595.85,
    "resistance": 598.89
  },
  "simulation": {
    "statistics": {
      "mean": 597.359127805582,
      "std": 2.251316445088552,
      "p05": 593.6874470874073,
      "p25": 595.8527919388462,
      "p50": 597.3543330560107,
      "p75": 598.8889268016903,
      "p95": 601.1528705470326,
      "min": 590.5677807334919,
      "max": 604.7881859166889
    },
    "simulations": 1000,
    "volatility": 0.1568
  }
}