{
  "ticker": "SPY",
  "timestamp": "2026-03-08T08:11:43.628406",
  "current_price": 592.68,
  "forecast_minutes": 60,
  "technical_indicators": {
    "rsi": 53.45,
    "macd": {
      "line": 4.8259,
      "signal": 4.3434,
      "histogram": 0.4826
    },
    "bollinger_bands": {
      "upper": 629.95,
      "middle": 604.7,
      "lower": 579.46
    }
  },
  "bsm_analysis": {
    "greeks": {
      "delta": 0.537,
      "gamma": 0.007422,
      "theta": -0.3969,
      "vega": 0.6749,
      "rho": 0.243
    },
    "atm_call_price": 22.6,
    "atm_put_price": 20.05,
    "implied_move": 0.76
  },
  "prediction": {
    "signal": "NEUTRAL",
    "score": 1,
    "confidence": 25.0,
    "reasons": [
      "MACD histogram positive (bullish momentum)"
    ],
    "target_price": 592.62,
    "support": 589.64,
    "resistance": 595.76
  },
  "simulation": {
    "statistics": {
      "mean": 592.615726102702,
      "std": 4.520109638487268,
      "p05": 585.3555069906974,
      "p25": 589.638258226021,
      "p50": 592.6695924237595,
      "p75": 595.7599306048379,
      "p95": 600.0768258891985,
      "min": 576.9994373169624,
      "max": 605.6791033737757
    },
    "simulations": 1000,
    "volatility": 0.315
  }
}