{
  "ticker": "SPY",
  "timestamp": "2026-03-21T20:43:11.268446",
  "current_price": 592.06,
  "forecast_minutes": 60,
  "technical_indicators": {
    "rsi": 64.56,
    "macd": {
      "line": -3.4798,
      "signal": -3.1319,
      "histogram": -0.348
    },
    "bollinger_bands": {
      "upper": 580.22,
      "middle": 549.67,
      "lower": 519.12
    }
  },
  "bsm_analysis": {
    "greeks": {
      "delta": 0.5412,
      "gamma": 0.004507,
      "theta": -0.6232,
      "vega": 0.6735,
      "rho": 0.2335
    },
    "atm_call_price": 36.31,
    "atm_put_price": 33.76,
    "implied_move": 1.26
  },
  "prediction": {
    "signal": "NEUTRAL",
    "score": -1,
    "confidence": 25.0,
    "reasons": [
      "MACD histogram negative (bearish momentum)"
    ],
    "target_price": 592.15,
    "support": 587.11,
    "resistance": 597.11
  },
  "simulation": {
    "statistics": {
      "mean": 592.1497618187317,
      "std": 7.471067306193379,
      "p05": 580.4564598597841,
      "p25": 587.1090899287997,
      "p50": 592.2870211831881,
      "p75": 597.1107501833367,
      "p95": 604.16986962862,
      "min": 565.859191623341,
      "max": 624.2874038297058
    },
    "simulations": 1000,
    "volatility": 0.5187
  }
}