{
  "ticker": "SPY",
  "timestamp": "2026-02-19T22:52:16.098958",
  "current_price": 597.09,
  "forecast_minutes": 60,
  "technical_indicators": {
    "rsi": 45.61,
    "macd": {
      "line": -0.7956,
      "signal": -0.716,
      "histogram": -0.0796
    },
    "bollinger_bands": {
      "upper": 605.7,
      "middle": 596.49,
      "lower": 587.29
    }
  },
  "bsm_analysis": {
    "greeks": {
      "delta": 0.5545,
      "gamma": 0.018237,
      "theta": -0.1889,
      "vega": 0.6765,
      "rho": 0.2639
    },
    "atm_call_price": 9.97,
    "atm_put_price": 7.4,
    "implied_move": 0.3
  },
  "prediction": {
    "signal": "NEUTRAL",
    "score": -1,
    "confidence": 25.0,
    "reasons": [
      "MACD histogram negative (bearish momentum)"
    ],
    "target_price": 597.07,
    "support": 595.85,
    "resistance": 598.28
  },
  "simulation": {
    "statistics": {
      "mean": 597.0658627213626,
      "std": 1.8103820351862034,
      "p05": 594.0911859957749,
      "p25": 595.8484221099437,
      "p50": 597.021194567994,
      "p75": 598.2797935878664,
      "p95": 600.0307405103756,
      "min": 590.6289446381393,
      "max": 603.6310062028189
    },
    "simulations": 1000,
    "volatility": 0.1266
  }
}