{
  "ticker": "SPY",
  "timestamp": "2026-03-26T06:01:07.766778",
  "current_price": 592.1,
  "forecast_minutes": 60,
  "technical_indicators": {
    "rsi": 46.06,
    "macd": {
      "line": 5.0024,
      "signal": 4.5021,
      "histogram": 0.5002
    },
    "bollinger_bands": {
      "upper": 637.74,
      "middle": 614.13,
      "lower": 590.52
    }
  },
  "bsm_analysis": {
    "greeks": {
      "delta": 0.5373,
      "gamma": 0.008102,
      "theta": -0.3673,
      "vega": 0.6743,
      "rho": 0.2444
    },
    "atm_call_price": 20.81,
    "atm_put_price": 18.26,
    "implied_move": 0.72
  },
  "prediction": {
    "signal": "NEUTRAL",
    "score": 1,
    "confidence": 25.0,
    "reasons": [
      "MACD histogram positive (bullish momentum)"
    ],
    "target_price": 592.3,
    "support": 589.32,
    "resistance": 595.22
  },
  "simulation": {
    "statistics": {
      "mean": 592.2978762057216,
      "std": 4.282893130142538,
      "p05": 585.597097064129,
      "p25": 589.3221233788198,
      "p50": 592.1494036679595,
      "p75": 595.2154888261774,
      "p95": 599.249055792354,
      "min": 579.6609150551814,
      "max": 604.7306726790157
    },
    "simulations": 1000,
    "volatility": 0.2888
  }
}