{
  "ticker": "SPY",
  "timestamp": "2026-03-05T07:07:36.724480",
  "current_price": 594.81,
  "forecast_minutes": 60,
  "technical_indicators": {
    "rsi": 57.12,
    "macd": {
      "line": 2.0966,
      "signal": 1.8869,
      "histogram": 0.2097
    },
    "bollinger_bands": {
      "upper": 596.8,
      "middle": 585.72,
      "lower": 574.64
    }
  },
  "bsm_analysis": {
    "greeks": {
      "delta": 0.5434,
      "gamma": 0.012806,
      "theta": -0.2492,
      "vega": 0.6763,
      "rho": 0.2544
    },
    "atm_call_price": 13.65,
    "atm_put_price": 11.09,
    "implied_move": 0.46
  },
  "prediction": {
    "signal": "NEUTRAL",
    "score": 1,
    "confidence": 25.0,
    "reasons": [
      "MACD histogram positive (bullish momentum)"
    ],
    "target_price": 594.88,
    "support": 592.99,
    "resistance": 596.68
  },
  "simulation": {
    "statistics": {
      "mean": 594.8757613795105,
      "std": 2.7396424869229867,
      "p05": 590.4205562243875,
      "p25": 592.9871661518963,
      "p50": 594.9212015195135,
      "p75": 596.6761972979372,
      "p95": 599.2604850538332,
      "min": 586.2937428021929,
      "max": 603.9224135694715
    },
    "simulations": 1000,
    "volatility": 0.1816
  }
}