{
  "ticker": "SPY",
  "timestamp": "2026-02-27T15:47:42.204174",
  "current_price": 596.39,
  "forecast_minutes": 60,
  "technical_indicators": {
    "rsi": 57.74,
    "macd": {
      "line": -3.1227,
      "signal": -2.8104,
      "histogram": -0.3123
    },
    "bollinger_bands": {
      "upper": 595.61,
      "middle": 569.45,
      "lower": 543.29
    }
  },
  "bsm_analysis": {
    "greeks": {
      "delta": 0.5372,
      "gamma": 0.006531,
      "theta": -0.445,
      "vega": 0.6791,
      "rho": 0.2423
    },
    "atm_call_price": 25.51,
    "atm_put_price": 22.94,
    "implied_move": 0.87
  },
  "prediction": {
    "signal": "NEUTRAL",
    "score": -1,
    "confidence": 25.0,
    "reasons": [
      "MACD histogram negative (bearish momentum)"
    ],
    "target_price": 596.4,
    "support": 592.96,
    "resistance": 600.04
  },
  "simulation": {
    "statistics": {
      "mean": 596.4027103238207,
      "std": 5.205299437587359,
      "p05": 587.6690797325359,
      "p25": 592.957895548264,
      "p50": 596.4721708003228,
      "p75": 600.0395090354359,
      "p95": 604.6563973512167,
      "min": 580.3938982267154,
      "max": 613.2385410219298
    },
    "simulations": 1000,
    "volatility": 0.3557
  }
}