{
  "ticker": "SPY",
  "timestamp": "2026-03-01T19:39:04.569707",
  "current_price": 592.34,
  "forecast_minutes": 60,
  "technical_indicators": {
    "rsi": 48.64,
    "macd": {
      "line": -2.4659,
      "signal": -2.2193,
      "histogram": -0.2466
    },
    "bollinger_bands": {
      "upper": 608.9,
      "middle": 593.47,
      "lower": 578.03
    }
  },
  "bsm_analysis": {
    "greeks": {
      "delta": 0.5525,
      "gamma": 0.017469,
      "theta": -0.1948,
      "vega": 0.6716,
      "rho": 0.2605
    },
    "atm_call_price": 10.34,
    "atm_put_price": 7.79,
    "implied_move": 0.33
  },
  "prediction": {
    "signal": "NEUTRAL",
    "score": -1,
    "confidence": 25.0,
    "reasons": [
      "MACD histogram negative (bearish momentum)"
    ],
    "target_price": 592.34,
    "support": 591.06,
    "resistance": 593.63
  },
  "simulation": {
    "statistics": {
      "mean": 592.3367378924883,
      "std": 1.9746085693046809,
      "p05": 589.0615521996114,
      "p25": 591.0643641824506,
      "p50": 592.3338543365101,
      "p75": 593.6331135230182,
      "p95": 595.503005626982,
      "min": 585.278170701274,
      "max": 599.6685326656769
    },
    "simulations": 1000,
    "volatility": 0.1333
  }
}