{
  "ticker": "SPY",
  "timestamp": "2026-03-17T23:59:29.407904",
  "current_price": 597.55,
  "forecast_minutes": 60,
  "technical_indicators": {
    "rsi": 63.21,
    "macd": {
      "line": 3.0728,
      "signal": 2.7655,
      "histogram": 0.3073
    },
    "bollinger_bands": {
      "upper": 583.23,
      "middle": 564.51,
      "lower": 545.79
    }
  },
  "bsm_analysis": {
    "greeks": {
      "delta": 0.5372,
      "gamma": 0.006513,
      "theta": -0.4463,
      "vega": 0.6805,
      "rho": 0.2428
    },
    "atm_call_price": 25.58,
    "atm_put_price": 23.0,
    "implied_move": 0.87
  },
  "prediction": {
    "signal": "NEUTRAL",
    "score": 1,
    "confidence": 25.0,
    "reasons": [
      "MACD histogram positive (bullish momentum)"
    ],
    "target_price": 597.79,
    "support": 594.12,
    "resistance": 601.39
  },
  "simulation": {
    "statistics": {
      "mean": 597.7928946174377,
      "std": 5.196476162537675,
      "p05": 589.3314146143657,
      "p25": 594.1170923068387,
      "p50": 597.6567584200873,
      "p75": 601.3939035947537,
      "p95": 606.5915949869603,
      "min": 580.4339988558435,
      "max": 616.8645135595434
    },
    "simulations": 1000,
    "volatility": 0.356
  }
}