{
  "ticker": "SPY",
  "timestamp": "2026-02-16T17:56:34.451487",
  "current_price": 594.11,
  "forecast_minutes": 60,
  "technical_indicators": {
    "rsi": 49.07,
    "macd": {
      "line": 0.9413,
      "signal": 0.8472,
      "histogram": 0.0941
    },
    "bollinger_bands": {
      "upper": 605.12,
      "middle": 593.88,
      "lower": 582.65
    }
  },
  "bsm_analysis": {
    "greeks": {
      "delta": 0.5476,
      "gamma": 0.015069,
      "theta": -0.2186,
      "vega": 0.6747,
      "rho": 0.2577
    },
    "atm_call_price": 11.79,
    "atm_put_price": 9.23,
    "implied_move": 0.37
  },
  "prediction": {
    "signal": "NEUTRAL",
    "score": 1,
    "confidence": 25.0,
    "reasons": [
      "MACD histogram positive (bullish momentum)"
    ],
    "target_price": 594.13,
    "support": 592.59,
    "resistance": 595.66
  },
  "simulation": {
    "statistics": {
      "mean": 594.1349955642154,
      "std": 2.2129682887630513,
      "p05": 590.4477582936513,
      "p25": 592.5924512188843,
      "p50": 594.1335692047664,
      "p75": 595.663139847425,
      "p95": 597.7104222298447,
      "min": 587.1509716082975,
      "max": 601.5687765427912
    },
    "simulations": 1000,
    "volatility": 0.1543
  }
}