{
  "ticker": "SPY",
  "timestamp": "2026-02-23T10:35:51.557710",
  "current_price": 593.35,
  "forecast_minutes": 60,
  "technical_indicators": {
    "rsi": 79.29,
    "macd": {
      "line": 9.6543,
      "signal": 8.6889,
      "histogram": 0.9654
    },
    "bollinger_bands": {
      "upper": 587.88,
      "middle": 554.98,
      "lower": 522.07
    }
  },
  "bsm_analysis": {
    "greeks": {
      "delta": 0.5379,
      "gamma": 0.008951,
      "theta": -0.3369,
      "vega": 0.6756,
      "rho": 0.2467
    },
    "atm_call_price": 18.97,
    "atm_put_price": 16.41,
    "implied_move": 0.64
  },
  "prediction": {
    "signal": "NEUTRAL",
    "score": -1,
    "confidence": 25.0,
    "reasons": [
      "RSI indicates overbought conditions",
      "MACD histogram positive (bullish momentum)"
    ],
    "target_price": 593.63,
    "support": 591.03,
    "resistance": 595.99
  },
  "simulation": {
    "statistics": {
      "mean": 593.6296792939228,
      "std": 3.823534493576872,
      "p05": 587.6675112599618,
      "p25": 591.0268966923654,
      "p50": 593.5328360234071,
      "p75": 595.9917871309431,
      "p95": 599.9901215170073,
      "min": 579.3550051175265,
      "max": 606.7562907471261
    },
    "simulations": 1000,
    "volatility": 0.2608
  }
}