{
  "ticker": "SPY",
  "timestamp": "2026-03-28T23:29:29.455277",
  "current_price": 596.69,
  "forecast_minutes": 60,
  "technical_indicators": {
    "rsi": 62.9,
    "macd": {
      "line": 3.9622,
      "signal": 3.566,
      "histogram": 0.3962
    },
    "bollinger_bands": {
      "upper": 599.89,
      "middle": 581.66,
      "lower": 563.44
    }
  },
  "bsm_analysis": {
    "greeks": {
      "delta": 0.5442,
      "gamma": 0.013214,
      "theta": -0.2431,
      "vega": 0.6783,
      "rho": 0.256
    },
    "atm_call_price": 13.27,
    "atm_put_price": 10.7,
    "implied_move": 0.44
  },
  "prediction": {
    "signal": "NEUTRAL",
    "score": 1,
    "confidence": 25.0,
    "reasons": [
      "MACD histogram positive (bullish momentum)"
    ],
    "target_price": 596.69,
    "support": 594.92,
    "resistance": 598.43
  },
  "simulation": {
    "statistics": {
      "mean": 596.6883200051125,
      "std": 2.6075646956238545,
      "p05": 592.3433229579244,
      "p25": 594.9246486172106,
      "p50": 596.6537623869781,
      "p75": 598.4252988049711,
      "p95": 600.9477924611672,
      "min": 589.0583076161165,
      "max": 604.7457839639106
    },
    "simulations": 1000,
    "volatility": 0.1754
  }
}