{
  "ticker": "SPY",
  "timestamp": "2026-03-11T09:20:35.198180",
  "current_price": 596.72,
  "forecast_minutes": 60,
  "technical_indicators": {
    "rsi": 79.73,
    "macd": {
      "line": 4.1706,
      "signal": 3.7536,
      "histogram": 0.4171
    },
    "bollinger_bands": {
      "upper": 573.92,
      "middle": 549.22,
      "lower": 524.52
    }
  },
  "bsm_analysis": {
    "greeks": {
      "delta": 0.5372,
      "gamma": 0.006429,
      "theta": -0.4514,
      "vega": 0.6795,
      "rho": 0.2422
    },
    "atm_call_price": 25.89,
    "atm_put_price": 23.32,
    "implied_move": 0.85
  },
  "prediction": {
    "signal": "NEUTRAL",
    "score": -1,
    "confidence": 25.0,
    "reasons": [
      "RSI indicates overbought conditions",
      "MACD histogram positive (bullish momentum)"
    ],
    "target_price": 596.82,
    "support": 593.54,
    "resistance": 600.23
  },
  "simulation": {
    "statistics": {
      "mean": 596.817541425394,
      "std": 5.055520566438242,
      "p05": 588.5275877584821,
      "p25": 593.5434052872565,
      "p50": 596.621183552018,
      "p75": 600.2275530795287,
      "p95": 605.1229234644084,
      "min": 579.6824386984804,
      "max": 610.7528407747354
    },
    "simulations": 1000,
    "volatility": 0.3611
  }
}