{
  "ticker": "SPY",
  "timestamp": "2026-03-03T21:56:17.055391",
  "current_price": 594.08,
  "forecast_minutes": 60,
  "technical_indicators": {
    "rsi": 45.4,
    "macd": {
      "line": -4.9759,
      "signal": -4.4783,
      "histogram": -0.4976
    },
    "bollinger_bands": {
      "upper": 614.86,
      "middle": 591.32,
      "lower": 567.77
    }
  },
  "bsm_analysis": {
    "greeks": {
      "delta": 0.5383,
      "gamma": 0.009413,
      "theta": -0.3226,
      "vega": 0.6763,
      "rho": 0.248
    },
    "atm_call_price": 18.1,
    "atm_put_price": 15.54,
    "implied_move": 0.58
  },
  "prediction": {
    "signal": "NEUTRAL",
    "score": -1,
    "confidence": 25.0,
    "reasons": [
      "MACD histogram negative (bearish momentum)"
    ],
    "target_price": 594.26,
    "support": 592.12,
    "resistance": 596.52
  },
  "simulation": {
    "statistics": {
      "mean": 594.2557641231601,
      "std": 3.449456429668881,
      "p05": 588.5361587748574,
      "p25": 592.1213103984072,
      "p50": 594.2622308501044,
      "p75": 596.5187264564431,
      "p95": 600.0786097120265,
      "min": 583.4074025578332,
      "max": 603.7586945604369
    },
    "simulations": 1000,
    "volatility": 0.2477
  }
}