{
  "ticker": "SPY",
  "timestamp": "2026-04-15T03:43:00.748429",
  "current_price": 596.31,
  "forecast_minutes": 60,
  "technical_indicators": {
    "rsi": 64.52,
    "macd": {
      "line": -1.1353,
      "signal": -1.0218,
      "histogram": -0.1135
    },
    "bollinger_bands": {
      "upper": 609.95,
      "middle": 594.61,
      "lower": 579.28
    }
  },
  "bsm_analysis": {
    "greeks": {
      "delta": 0.5529,
      "gamma": 0.01751,
      "theta": -0.1948,
      "vega": 0.676,
      "rho": 0.2625
    },
    "atm_call_price": 10.33,
    "atm_put_price": 7.76,
    "implied_move": 0.34
  },
  "prediction": {
    "signal": "NEUTRAL",
    "score": -1,
    "confidence": 25.0,
    "reasons": [
      "MACD histogram negative (bearish momentum)"
    ],
    "target_price": 596.36,
    "support": 594.88,
    "resistance": 597.78
  },
  "simulation": {
    "statistics": {
      "mean": 596.3558110461352,
      "std": 2.0412808674040686,
      "p05": 593.1067030893945,
      "p25": 594.8774293534668,
      "p50": 596.3536848701472,
      "p75": 597.7790247343919,
      "p95": 599.6363356265676,
      "min": 589.7874897991338,
      "max": 602.9181659534448
    },
    "simulations": 1000,
    "volatility": 0.1321
  }
}