{
  "ticker": "SPY",
  "timestamp": "2026-04-08T05:15:00.652100",
  "current_price": 596.52,
  "forecast_minutes": 60,
  "technical_indicators": {
    "rsi": 76.07,
    "macd": {
      "line": 2.9815,
      "signal": 2.6834,
      "histogram": 0.2982
    },
    "bollinger_bands": {
      "upper": 575.86,
      "middle": 553.17,
      "lower": 530.49
    }
  },
  "bsm_analysis": {
    "greeks": {
      "delta": 0.537,
      "gamma": 0.007044,
      "theta": -0.416,
      "vega": 0.6793,
      "rho": 0.2438
    },
    "atm_call_price": 23.75,
    "atm_put_price": 21.18,
    "implied_move": 0.81
  },
  "prediction": {
    "signal": "NEUTRAL",
    "score": -1,
    "confidence": 25.0,
    "reasons": [
      "RSI indicates overbought conditions",
      "MACD histogram positive (bullish momentum)"
    ],
    "target_price": 596.38,
    "support": 592.93,
    "resistance": 599.7
  },
  "simulation": {
    "statistics": {
      "mean": 596.3777249021579,
      "std": 4.837038431139625,
      "p05": 588.2079241740297,
      "p25": 592.9323581550752,
      "p50": 596.5193633861707,
      "p75": 599.6950776901461,
      "p95": 604.0825944250869,
      "min": 583.6983042383415,
      "max": 611.6539933992776
    },
    "simulations": 1000,
    "volatility": 0.3297
  }
}