{
  "ticker": "SPY",
  "timestamp": "2026-03-30T19:52:52.321660",
  "current_price": 596.08,
  "forecast_minutes": 60,
  "technical_indicators": {
    "rsi": 48.04,
    "macd": {
      "line": 6.4524,
      "signal": 5.8071,
      "histogram": 0.6452
    },
    "bollinger_bands": {
      "upper": 622.85,
      "middle": 603.07,
      "lower": 583.28
    }
  },
  "bsm_analysis": {
    "greeks": {
      "delta": 0.5415,
      "gamma": 0.011677,
      "theta": -0.269,
      "vega": 0.6781,
      "rho": 0.2531
    },
    "atm_call_price": 14.85,
    "atm_put_price": 12.28,
    "implied_move": 0.5
  },
  "prediction": {
    "signal": "NEUTRAL",
    "score": 1,
    "confidence": 25.0,
    "reasons": [
      "MACD histogram positive (bullish momentum)"
    ],
    "target_price": 596.3,
    "support": 594.23,
    "resistance": 598.3
  },
  "simulation": {
    "statistics": {
      "mean": 596.2954930222536,
      "std": 2.9642665456747466,
      "p05": 591.4588070098458,
      "p25": 594.2306041255013,
      "p50": 596.1710177677476,
      "p75": 598.2996618585478,
      "p95": 601.3060060455992,
      "min": 586.1777881206028,
      "max": 605.0157551881678
    },
    "simulations": 1000,
    "volatility": 0.1988
  }
}