{
  "ticker": "SPY",
  "timestamp": "2026-02-18T14:28:31.748186",
  "current_price": 594.14,
  "forecast_minutes": 60,
  "technical_indicators": {
    "rsi": 38.85,
    "macd": {
      "line": -3.6297,
      "signal": -3.2667,
      "histogram": -0.363
    },
    "bollinger_bands": {
      "upper": 626.05,
      "middle": 611.7,
      "lower": 597.35
    }
  },
  "bsm_analysis": {
    "greeks": {
      "delta": 0.5381,
      "gamma": 0.009182,
      "theta": -0.3296,
      "vega": 0.6764,
      "rho": 0.2476
    },
    "atm_call_price": 18.52,
    "atm_put_price": 15.96,
    "implied_move": 0.62
  },
  "prediction": {
    "signal": "NEUTRAL",
    "score": -1,
    "confidence": 25.0,
    "reasons": [
      "MACD histogram negative (bearish momentum)"
    ],
    "target_price": 593.85,
    "support": 591.32,
    "resistance": 596.46
  },
  "simulation": {
    "statistics": {
      "mean": 593.8466449615811,
      "std": 3.6983696329813216,
      "p05": 587.950860834488,
      "p25": 591.3231281569228,
      "p50": 593.7750105428132,
      "p75": 596.4569627179513,
      "p95": 599.705600568464,
      "min": 579.7728655870651,
      "max": 606.1300627619771
    },
    "simulations": 1000,
    "volatility": 0.2539
  }
}