{
  "ticker": "SPY",
  "timestamp": "2026-03-05T19:03:50.379270",
  "current_price": 596.21,
  "forecast_minutes": 60,
  "technical_indicators": {
    "rsi": 33.58,
    "macd": {
      "line": -4.9382,
      "signal": -4.4444,
      "histogram": -0.4938
    },
    "bollinger_bands": {
      "upper": 629.43,
      "middle": 611.87,
      "lower": 594.3
    }
  },
  "bsm_analysis": {
    "greeks": {
      "delta": 0.5454,
      "gamma": 0.013882,
      "theta": -0.2336,
      "vega": 0.6775,
      "rho": 0.2568
    },
    "atm_call_price": 12.69,
    "atm_put_price": 10.13,
    "implied_move": 0.42
  },
  "prediction": {
    "signal": "NEUTRAL",
    "score": -1,
    "confidence": 25.0,
    "reasons": [
      "MACD histogram negative (bearish momentum)"
    ],
    "target_price": 596.3,
    "support": 594.69,
    "resistance": 597.91
  },
  "simulation": {
    "statistics": {
      "mean": 596.2996604059688,
      "std": 2.4778811347210725,
      "p05": 592.2340378382025,
      "p25": 594.6908945574228,
      "p50": 596.3276871182761,
      "p75": 597.9092507077453,
      "p95": 600.6576906744837,
      "min": 588.4113165039074,
      "max": 605.8112234724867
    },
    "simulations": 1000,
    "volatility": 0.167
  }
}