{
  "ticker": "SPY",
  "timestamp": "2026-02-26T21:59:29.957072",
  "current_price": 592.67,
  "forecast_minutes": 60,
  "technical_indicators": {
    "rsi": 65.93,
    "macd": {
      "line": -7.1292,
      "signal": -6.4162,
      "histogram": -0.7129
    },
    "bollinger_bands": {
      "upper": 595.0,
      "middle": 556.85,
      "lower": 518.7
    }
  },
  "bsm_analysis": {
    "greeks": {
      "delta": 0.5382,
      "gamma": 0.005594,
      "theta": -0.5115,
      "vega": 0.6747,
      "rho": 0.2379
    },
    "atm_call_price": 29.54,
    "atm_put_price": 26.98,
    "implied_move": 0.99
  },
  "prediction": {
    "signal": "NEUTRAL",
    "score": -1,
    "confidence": 25.0,
    "reasons": [
      "MACD histogram negative (bearish momentum)"
    ],
    "target_price": 592.99,
    "support": 588.89,
    "resistance": 596.96
  },
  "simulation": {
    "statistics": {
      "mean": 592.9897533076,
      "std": 5.892278365159751,
      "p05": 583.6537123208526,
      "p25": 588.8889083829561,
      "p50": 593.0214106567668,
      "p75": 596.9593228452263,
      "p95": 602.696055927032,
      "min": 573.1520383026922,
      "max": 617.2287504612348
    },
    "simulations": 1000,
    "volatility": 0.4178
  }
}