{
  "ticker": "SPY",
  "timestamp": "2026-03-11T11:16:54.465117",
  "current_price": 593.91,
  "forecast_minutes": 60,
  "technical_indicators": {
    "rsi": 62.33,
    "macd": {
      "line": 5.0305,
      "signal": 4.5275,
      "histogram": 0.5031
    },
    "bollinger_bands": {
      "upper": 602.46,
      "middle": 587.59,
      "lower": 572.73
    }
  },
  "bsm_analysis": {
    "greeks": {
      "delta": 0.553,
      "gamma": 0.01766,
      "theta": -0.1933,
      "vega": 0.6733,
      "rho": 0.2615
    },
    "atm_call_price": 10.25,
    "atm_put_price": 7.69,
    "implied_move": 0.33
  },
  "prediction": {
    "signal": "NEUTRAL",
    "score": 1,
    "confidence": 25.0,
    "reasons": [
      "MACD histogram positive (bullish momentum)"
    ],
    "target_price": 593.93,
    "support": 592.66,
    "resistance": 595.26
  },
  "simulation": {
    "statistics": {
      "mean": 593.9307520142569,
      "std": 1.939885103290011,
      "p05": 590.5442117685859,
      "p25": 592.6583197522742,
      "p50": 593.9640193745738,
      "p75": 595.264789914913,
      "p95": 597.0955528629161,
      "min": 588.3031343755761,
      "max": 599.4368753789942
    },
    "simulations": 1000,
    "volatility": 0.1315
  }
}