{
  "ticker": "SPY",
  "timestamp": "2026-02-10T14:34:13.598615",
  "current_price": 594.56,
  "forecast_minutes": 60,
  "technical_indicators": {
    "rsi": 46.29,
    "macd": {
      "line": 6.0138,
      "signal": 5.4124,
      "histogram": 0.6014
    },
    "bollinger_bands": {
      "upper": 623.64,
      "middle": 604.54,
      "lower": 585.44
    }
  },
  "bsm_analysis": {
    "greeks": {
      "delta": 0.5426,
      "gamma": 0.01237,
      "theta": -0.2564,
      "vega": 0.6761,
      "rho": 0.2536
    },
    "atm_call_price": 14.08,
    "atm_put_price": 11.52,
    "implied_move": 0.45
  },
  "prediction": {
    "signal": "NEUTRAL",
    "score": 1,
    "confidence": 25.0,
    "reasons": [
      "MACD histogram positive (bullish momentum)"
    ],
    "target_price": 594.64,
    "support": 592.94,
    "resistance": 596.38
  },
  "simulation": {
    "statistics": {
      "mean": 594.6380951868769,
      "std": 2.6764986386185505,
      "p05": 590.3774420836079,
      "p25": 592.9374215762982,
      "p50": 594.4617931530652,
      "p75": 596.3793658844378,
      "p95": 599.3222118030097,
      "min": 586.2497663826531,
      "max": 603.237668925032
    },
    "simulations": 1000,
    "volatility": 0.1881
  }
}