{
  "ticker": "SPY",
  "timestamp": "2026-04-11T11:55:03.031580",
  "current_price": 595.39,
  "forecast_minutes": 60,
  "technical_indicators": {
    "rsi": 71.37,
    "macd": {
      "line": 3.8328,
      "signal": 3.4496,
      "histogram": 0.3833
    },
    "bollinger_bands": {
      "upper": 587.51,
      "middle": 571.11,
      "lower": 554.71
    }
  },
  "bsm_analysis": {
    "greeks": {
      "delta": 0.5449,
      "gamma": 0.013615,
      "theta": -0.2372,
      "vega": 0.6767,
      "rho": 0.256
    },
    "atm_call_price": 12.92,
    "atm_put_price": 10.35,
    "implied_move": 0.42
  },
  "prediction": {
    "signal": "NEUTRAL",
    "score": -1,
    "confidence": 25.0,
    "reasons": [
      "RSI indicates overbought conditions",
      "MACD histogram positive (bullish momentum)"
    ],
    "target_price": 595.34,
    "support": 593.59,
    "resistance": 597.01
  },
  "simulation": {
    "statistics": {
      "mean": 595.3413162511489,
      "std": 2.5017262047616446,
      "p05": 591.2583528283099,
      "p25": 593.5896913468587,
      "p50": 595.3846462470456,
      "p75": 597.0057414149846,
      "p95": 599.4294699946412,
      "min": 588.4643026407368,
      "max": 603.8825161546771
    },
    "simulations": 1000,
    "volatility": 0.1706
  }
}