{
  "ticker": "SPY",
  "timestamp": "2026-02-21T05:31:49.122892",
  "current_price": 592.58,
  "forecast_minutes": 60,
  "technical_indicators": {
    "rsi": 57.45,
    "macd": {
      "line": 1.7074,
      "signal": 1.5367,
      "histogram": 0.1707
    },
    "bollinger_bands": {
      "upper": 601.96,
      "middle": 582.85,
      "lower": 563.73
    }
  },
  "bsm_analysis": {
    "greeks": {
      "delta": 0.5431,
      "gamma": 0.012715,
      "theta": -0.2505,
      "vega": 0.6738,
      "rho": 0.2532
    },
    "atm_call_price": 13.73,
    "atm_put_price": 11.18,
    "implied_move": 0.49
  },
  "prediction": {
    "signal": "NEUTRAL",
    "score": 1,
    "confidence": 25.0,
    "reasons": [
      "MACD histogram positive (bullish momentum)"
    ],
    "target_price": 592.67,
    "support": 590.77,
    "resistance": 594.48
  },
  "simulation": {
    "statistics": {
      "mean": 592.6667195693501,
      "std": 2.9073479259230894,
      "p05": 587.888843010558,
      "p25": 590.7688812284382,
      "p50": 592.7160065849537,
      "p75": 594.4769072743736,
      "p95": 597.388048681127,
      "min": 581.572865526205,
      "max": 602.2115914681201
    },
    "simulations": 1000,
    "volatility": 0.1836
  }
}