{
  "ticker": "SPY",
  "timestamp": "2026-03-06T23:43:04.548290",
  "current_price": 596.69,
  "forecast_minutes": 60,
  "technical_indicators": {
    "rsi": 69.96,
    "macd": {
      "line": 2.2191,
      "signal": 1.9972,
      "histogram": 0.2219
    },
    "bollinger_bands": {
      "upper": 582.85,
      "middle": 563.28,
      "lower": 543.71
    }
  },
  "bsm_analysis": {
    "greeks": {
      "delta": 0.5377,
      "gamma": 0.008752,
      "theta": -0.3437,
      "vega": 0.6794,
      "rho": 0.2478
    },
    "atm_call_price": 19.37,
    "atm_put_price": 16.8,
    "implied_move": 0.66
  },
  "prediction": {
    "signal": "NEUTRAL",
    "score": 1,
    "confidence": 25.0,
    "reasons": [
      "MACD histogram positive (bullish momentum)"
    ],
    "target_price": 596.73,
    "support": 594.04,
    "resistance": 599.36
  },
  "simulation": {
    "statistics": {
      "mean": 596.7347658492176,
      "std": 3.9538499880822298,
      "p05": 590.2027023189963,
      "p25": 594.0437753741745,
      "p50": 596.7391572673681,
      "p75": 599.3643119817967,
      "p95": 603.0151331625478,
      "min": 585.5847772192868,
      "max": 612.7272846795157
    },
    "simulations": 1000,
    "volatility": 0.2653
  }
}