{
  "ticker": "SPY",
  "timestamp": "2026-03-06T21:29:18.543073",
  "current_price": 594.47,
  "forecast_minutes": 60,
  "technical_indicators": {
    "rsi": 75.09,
    "macd": {
      "line": 2.0237,
      "signal": 1.8213,
      "histogram": 0.2024
    },
    "bollinger_bands": {
      "upper": 575.07,
      "middle": 553.22,
      "lower": 531.38
    }
  },
  "bsm_analysis": {
    "greeks": {
      "delta": 0.5371,
      "gamma": 0.006641,
      "theta": -0.4383,
      "vega": 0.677,
      "rho": 0.2418
    },
    "atm_call_price": 25.1,
    "atm_put_price": 22.54,
    "implied_move": 0.88
  },
  "prediction": {
    "signal": "NEUTRAL",
    "score": -1,
    "confidence": 25.0,
    "reasons": [
      "RSI indicates overbought conditions",
      "MACD histogram positive (bullish momentum)"
    ],
    "target_price": 594.7,
    "support": 591.32,
    "resistance": 598.36
  },
  "simulation": {
    "statistics": {
      "mean": 594.7011043057239,
      "std": 5.258548000372357,
      "p05": 585.9311827732494,
      "p25": 591.3170366703805,
      "p50": 594.6645100604043,
      "p75": 598.3648680228885,
      "p95": 603.3590959167188,
      "min": 574.9234128838474,
      "max": 610.3825383779399
    },
    "simulations": 1000,
    "volatility": 0.3509
  }
}