{
  "ticker": "SPY",
  "timestamp": "2026-03-01T14:54:37.803716",
  "current_price": 594.15,
  "forecast_minutes": 60,
  "technical_indicators": {
    "rsi": 55.89,
    "macd": {
      "line": -0.2854,
      "signal": -0.2569,
      "histogram": -0.0285
    },
    "bollinger_bands": {
      "upper": 605.57,
      "middle": 592.06,
      "lower": 578.55
    }
  },
  "bsm_analysis": {
    "greeks": {
      "delta": 0.5475,
      "gamma": 0.014985,
      "theta": -0.2196,
      "vega": 0.6747,
      "rho": 0.2576
    },
    "atm_call_price": 11.85,
    "atm_put_price": 9.29,
    "implied_move": 0.38
  },
  "prediction": {
    "signal": "NEUTRAL",
    "score": -1,
    "confidence": 25.0,
    "reasons": [
      "MACD histogram negative (bearish momentum)"
    ],
    "target_price": 594.14,
    "support": 592.61,
    "resistance": 595.7
  },
  "simulation": {
    "statistics": {
      "mean": 594.1378021398896,
      "std": 2.2510505864966115,
      "p05": 590.3995122045593,
      "p25": 592.6130618131625,
      "p50": 594.138065253858,
      "p75": 595.6961550920211,
      "p95": 597.7897864649055,
      "min": 587.7025848005201,
      "max": 602.0917961162854
    },
    "simulations": 1000,
    "volatility": 0.1552
  }
}