{
  "ticker": "SPY",
  "timestamp": "2026-03-28T22:10:15.577229",
  "current_price": 592.28,
  "forecast_minutes": 60,
  "technical_indicators": {
    "rsi": 59.66,
    "macd": {
      "line": 3.2617,
      "signal": 2.9356,
      "histogram": 0.3262
    },
    "bollinger_bands": {
      "upper": 598.45,
      "middle": 582.85,
      "lower": 567.25
    }
  },
  "bsm_analysis": {
    "greeks": {
      "delta": 0.5467,
      "gamma": 0.014634,
      "theta": -0.2236,
      "vega": 0.6728,
      "rho": 0.2562
    },
    "atm_call_price": 12.1,
    "atm_put_price": 9.55,
    "implied_move": 0.4
  },
  "prediction": {
    "signal": "NEUTRAL",
    "score": 1,
    "confidence": 25.0,
    "reasons": [
      "MACD histogram positive (bullish momentum)"
    ],
    "target_price": 592.26,
    "support": 590.62,
    "resistance": 593.83
  },
  "simulation": {
    "statistics": {
      "mean": 592.2614836419656,
      "std": 2.3407954089622915,
      "p05": 588.4138584366939,
      "p25": 590.6200540918275,
      "p50": 592.1871684057387,
      "p75": 593.8345594908842,
      "p95": 596.1079710115371,
      "min": 585.4248220010662,
      "max": 599.7766126732258
    },
    "simulations": 1000,
    "volatility": 0.1595
  }
}