{
  "ticker": "SPY",
  "timestamp": "2026-02-19T07:05:54.443228",
  "current_price": 595.85,
  "forecast_minutes": 60,
  "technical_indicators": {
    "rsi": 32.84,
    "macd": {
      "line": 0.3925,
      "signal": 0.3532,
      "histogram": 0.0392
    },
    "bollinger_bands": {
      "upper": 627.33,
      "middle": 607.18,
      "lower": 587.02
    }
  },
  "bsm_analysis": {
    "greeks": {
      "delta": 0.5422,
      "gamma": 0.012088,
      "theta": -0.2614,
      "vega": 0.6777,
      "rho": 0.2537
    },
    "atm_call_price": 14.39,
    "atm_put_price": 11.82,
    "implied_move": 0.49
  },
  "prediction": {
    "signal": "NEUTRAL",
    "score": 1,
    "confidence": 25.0,
    "reasons": [
      "MACD histogram positive (bullish momentum)"
    ],
    "target_price": 595.92,
    "support": 593.89,
    "resistance": 597.92
  },
  "simulation": {
    "statistics": {
      "mean": 595.9154972039769,
      "std": 2.919534553693846,
      "p05": 591.184409248693,
      "p25": 593.8857788408311,
      "p50": 595.9613634064403,
      "p75": 597.9217145655289,
      "p95": 600.6668145481023,
      "min": 587.2594177125133,
      "max": 604.6715533953372
    },
    "simulations": 1000,
    "volatility": 0.1921
  }
}