{
  "ticker": "SPY",
  "timestamp": "2026-04-11T10:38:54.528398",
  "current_price": 596.0,
  "forecast_minutes": 60,
  "technical_indicators": {
    "rsi": 42.72,
    "macd": {
      "line": -2.1971,
      "signal": -1.9774,
      "histogram": -0.2197
    },
    "bollinger_bands": {
      "upper": 622.27,
      "middle": 605.45,
      "lower": 588.64
    }
  },
  "bsm_analysis": {
    "greeks": {
      "delta": 0.5501,
      "gamma": 0.01624,
      "theta": -0.2063,
      "vega": 0.6763,
      "rho": 0.2604
    },
    "atm_call_price": 11.04,
    "atm_put_price": 8.47,
    "implied_move": 0.35
  },
  "prediction": {
    "signal": "NEUTRAL",
    "score": -1,
    "confidence": 25.0,
    "reasons": [
      "MACD histogram negative (bearish momentum)"
    ],
    "target_price": 596.09,
    "support": 594.64,
    "resistance": 597.46
  },
  "simulation": {
    "statistics": {
      "mean": 596.0905028534411,
      "std": 2.077699710209561,
      "p05": 592.6217539144864,
      "p25": 594.6429865882972,
      "p50": 596.0887891169714,
      "p75": 597.4617447495302,
      "p95": 599.4666604415497,
      "min": 590.0111385289947,
      "max": 603.4216996919896
    },
    "simulations": 1000,
    "volatility": 0.1426
  }
}