{
  "ticker": "SPY",
  "timestamp": "2026-03-05T21:57:30.083729",
  "current_price": 594.96,
  "forecast_minutes": 60,
  "technical_indicators": {
    "rsi": 57.4,
    "macd": {
      "line": 3.8658,
      "signal": 3.4793,
      "histogram": 0.3866
    },
    "bollinger_bands": {
      "upper": 601.11,
      "middle": 587.98,
      "lower": 574.85
    }
  },
  "bsm_analysis": {
    "greeks": {
      "delta": 0.5499,
      "gamma": 0.016155,
      "theta": -0.2071,
      "vega": 0.6752,
      "rho": 0.2598
    },
    "atm_call_price": 11.09,
    "atm_put_price": 8.53,
    "implied_move": 0.35
  },
  "prediction": {
    "signal": "NEUTRAL",
    "score": 1,
    "confidence": 25.0,
    "reasons": [
      "MACD histogram positive (bullish momentum)"
    ],
    "target_price": 595.02,
    "support": 593.64,
    "resistance": 596.46
  },
  "simulation": {
    "statistics": {
      "mean": 595.0248719746336,
      "std": 2.0992961744155068,
      "p05": 591.4846282094738,
      "p25": 593.6389959099758,
      "p50": 595.0573088377639,
      "p75": 596.4627820366123,
      "p95": 598.4017338510315,
      "min": 588.1852818241352,
      "max": 601.087377072302
    },
    "simulations": 1000,
    "volatility": 0.1436
  }
}