{
  "ticker": "SPY",
  "timestamp": "2026-04-01T11:24:57.899261",
  "current_price": 593.18,
  "forecast_minutes": 60,
  "technical_indicators": {
    "rsi": 65.23,
    "macd": {
      "line": 4.534,
      "signal": 4.0806,
      "histogram": 0.4534
    },
    "bollinger_bands": {
      "upper": 600.89,
      "middle": 584.97,
      "lower": 569.05
    }
  },
  "bsm_analysis": {
    "greeks": {
      "delta": 0.5526,
      "gamma": 0.017496,
      "theta": -0.1946,
      "vega": 0.6725,
      "rho": 0.2609
    },
    "atm_call_price": 10.33,
    "atm_put_price": 7.78,
    "implied_move": 0.32
  },
  "prediction": {
    "signal": "NEUTRAL",
    "score": 1,
    "confidence": 25.0,
    "reasons": [
      "MACD histogram positive (bullish momentum)"
    ],
    "target_price": 593.38,
    "support": 592.1,
    "resistance": 594.68
  },
  "simulation": {
    "statistics": {
      "mean": 593.3849368018235,
      "std": 1.9192465482894656,
      "p05": 590.3513464653532,
      "p25": 592.1034502193666,
      "p50": 593.3589719870006,
      "p75": 594.682910803391,
      "p95": 596.6196911309057,
      "min": 586.1742259582744,
      "max": 600.2490257760818
    },
    "simulations": 1000,
    "volatility": 0.1329
  }
}