{
  "ticker": "SPY",
  "timestamp": "2026-04-12T03:39:43.914917",
  "current_price": 597.01,
  "forecast_minutes": 60,
  "technical_indicators": {
    "rsi": 40.0,
    "macd": {
      "line": 0.2081,
      "signal": 0.1873,
      "histogram": 0.0208
    },
    "bollinger_bands": {
      "upper": 612.57,
      "middle": 601.8,
      "lower": 591.03
    }
  },
  "bsm_analysis": {
    "greeks": {
      "delta": 0.5423,
      "gamma": 0.012155,
      "theta": -0.2603,
      "vega": 0.679,
      "rho": 0.2543
    },
    "atm_call_price": 14.32,
    "atm_put_price": 11.75,
    "implied_move": 0.47
  },
  "prediction": {
    "signal": "NEUTRAL",
    "score": 1,
    "confidence": 25.0,
    "reasons": [
      "MACD histogram positive (bullish momentum)"
    ],
    "target_price": 597.06,
    "support": 595.17,
    "resistance": 598.86
  },
  "simulation": {
    "statistics": {
      "mean": 597.0576098287293,
      "std": 2.793862907028506,
      "p05": 592.4593565412821,
      "p25": 595.1675585408839,
      "p50": 597.1185121885809,
      "p75": 598.8630420047948,
      "p95": 601.468926935261,
      "min": 587.8155862691443,
      "max": 605.4009771682764
    },
    "simulations": 1000,
    "volatility": 0.1907
  }
}