{
  "ticker": "SPY",
  "timestamp": "2026-03-01T06:30:45.742650",
  "current_price": 593.72,
  "forecast_minutes": 60,
  "technical_indicators": {
    "rsi": 59.64,
    "macd": {
      "line": 1.7118,
      "signal": 1.5406,
      "histogram": 0.1712
    },
    "bollinger_bands": {
      "upper": 581.95,
      "middle": 565.49,
      "lower": 549.03
    }
  },
  "bsm_analysis": {
    "greeks": {
      "delta": 0.5373,
      "gamma": 0.008243,
      "theta": -0.3619,
      "vega": 0.6761,
      "rho": 0.2454
    },
    "atm_call_price": 20.48,
    "atm_put_price": 17.93,
    "implied_move": 0.71
  },
  "prediction": {
    "signal": "NEUTRAL",
    "score": 1,
    "confidence": 25.0,
    "reasons": [
      "MACD histogram positive (bullish momentum)"
    ],
    "target_price": 594.03,
    "support": 591.2,
    "resistance": 596.87
  },
  "simulation": {
    "statistics": {
      "mean": 594.0264766660127,
      "std": 4.202512313417133,
      "p05": 587.407850713307,
      "p25": 591.195200107087,
      "p50": 594.0517305650671,
      "p75": 596.8652103498683,
      "p95": 600.879156406009,
      "min": 580.6130631647925,
      "max": 612.2097404440651
    },
    "simulations": 1000,
    "volatility": 0.2831
  }
}