{
  "ticker": "SPY",
  "timestamp": "2026-03-27T13:36:55.555638",
  "current_price": 594.19,
  "forecast_minutes": 60,
  "technical_indicators": {
    "rsi": 62.71,
    "macd": {
      "line": 1.2719,
      "signal": 1.1447,
      "histogram": 0.1272
    },
    "bollinger_bands": {
      "upper": 589.9,
      "middle": 580.5,
      "lower": 571.1
    }
  },
  "bsm_analysis": {
    "greeks": {
      "delta": 0.5448,
      "gamma": 0.013605,
      "theta": -0.2372,
      "vega": 0.6753,
      "rho": 0.2554
    },
    "atm_call_price": 12.92,
    "atm_put_price": 10.36,
    "implied_move": 0.43
  },
  "prediction": {
    "signal": "NEUTRAL",
    "score": 1,
    "confidence": 25.0,
    "reasons": [
      "MACD histogram positive (bullish momentum)"
    ],
    "target_price": 594.22,
    "support": 592.41,
    "resistance": 596.03
  },
  "simulation": {
    "statistics": {
      "mean": 594.2170989736302,
      "std": 2.5670561954305855,
      "p05": 589.9463545548841,
      "p25": 592.4091613431362,
      "p50": 594.1337891549856,
      "p75": 596.0324132417843,
      "p95": 598.238151285473,
      "min": 586.339560085975,
      "max": 602.383041074533
    },
    "simulations": 1000,
    "volatility": 0.1711
  }
}