{
  "ticker": "SPY",
  "timestamp": "2026-02-08T22:26:25.176187",
  "current_price": 596.86,
  "forecast_minutes": 60,
  "technical_indicators": {
    "rsi": 46.56,
    "macd": {
      "line": 4.5668,
      "signal": 4.1101,
      "histogram": 0.4567
    },
    "bollinger_bands": {
      "upper": 625.27,
      "middle": 606.53,
      "lower": 587.79
    }
  },
  "bsm_analysis": {
    "greeks": {
      "delta": 0.5405,
      "gamma": 0.011028,
      "theta": -0.2822,
      "vega": 0.6791,
      "rho": 0.2523
    },
    "atm_call_price": 15.65,
    "atm_put_price": 13.08,
    "implied_move": 0.52
  },
  "prediction": {
    "signal": "NEUTRAL",
    "score": 1,
    "confidence": 25.0,
    "reasons": [
      "MACD histogram positive (bullish momentum)"
    ],
    "target_price": 596.92,
    "support": 594.87,
    "resistance": 598.95
  },
  "simulation": {
    "statistics": {
      "mean": 596.9197793516557,
      "std": 3.1000793497834187,
      "p05": 591.6398500067125,
      "p25": 594.8686216487556,
      "p50": 597.0506949674112,
      "p75": 598.9494001171371,
      "p95": 601.8578902640866,
      "min": 586.0211650185171,
      "max": 605.5862758046563
    },
    "simulations": 1000,
    "volatility": 0.2103
  }
}