{
  "ticker": "SPY",
  "timestamp": "2026-03-27T23:14:36.110780",
  "current_price": 597.23,
  "forecast_minutes": 60,
  "technical_indicators": {
    "rsi": 49.35,
    "macd": {
      "line": 0.8662,
      "signal": 0.7796,
      "histogram": 0.0866
    },
    "bollinger_bands": {
      "upper": 633.58,
      "middle": 615.52,
      "lower": 597.46
    }
  },
  "bsm_analysis": {
    "greeks": {
      "delta": 0.5412,
      "gamma": 0.01149,
      "theta": -0.2727,
      "vega": 0.6794,
      "rho": 0.2533
    },
    "atm_call_price": 15.07,
    "atm_put_price": 12.5,
    "implied_move": 0.51
  },
  "prediction": {
    "signal": "NEUTRAL",
    "score": 1,
    "confidence": 25.0,
    "reasons": [
      "MACD histogram positive (bullish momentum)"
    ],
    "target_price": 597.27,
    "support": 595.3,
    "resistance": 599.3
  },
  "simulation": {
    "statistics": {
      "mean": 597.2680640770485,
      "std": 3.0340522421865854,
      "p05": 592.3979287788774,
      "p25": 595.3010279245643,
      "p50": 597.2551237471903,
      "p75": 599.2957865334262,
      "p95": 602.4519296496929,
      "min": 588.6176595810633,
      "max": 607.5983418879051
    },
    "simulations": 1000,
    "volatility": 0.2017
  }
}