{
  "ticker": "SPY",
  "timestamp": "2026-03-14T20:45:06.223800",
  "current_price": 595.65,
  "forecast_minutes": 60,
  "technical_indicators": {
    "rsi": 62.72,
    "macd": {
      "line": 8.131,
      "signal": 7.3179,
      "histogram": 0.8131
    },
    "bollinger_bands": {
      "upper": 610.82,
      "middle": 580.75,
      "lower": 550.67
    }
  },
  "bsm_analysis": {
    "greeks": {
      "delta": 0.5422,
      "gamma": 0.01211,
      "theta": -0.261,
      "vega": 0.6775,
      "rho": 0.2536
    },
    "atm_call_price": 14.36,
    "atm_put_price": 11.8,
    "implied_move": 0.47
  },
  "prediction": {
    "signal": "NEUTRAL",
    "score": 1,
    "confidence": 25.0,
    "reasons": [
      "MACD histogram positive (bullish momentum)"
    ],
    "target_price": 595.55,
    "support": 593.64,
    "resistance": 597.47
  },
  "simulation": {
    "statistics": {
      "mean": 595.5453604564518,
      "std": 2.805035008245067,
      "p05": 590.8794619388731,
      "p25": 593.6359274246554,
      "p50": 595.5799551449336,
      "p75": 597.4698070044077,
      "p95": 600.0750172938555,
      "min": 587.3570291056024,
      "max": 605.2944172322964
    },
    "simulations": 1000,
    "volatility": 0.1918
  }
}