{
  "ticker": "SPY",
  "timestamp": "2026-03-08T04:40:16.060982",
  "current_price": 596.77,
  "forecast_minutes": 60,
  "technical_indicators": {
    "rsi": 34.85,
    "macd": {
      "line": -4.2771,
      "signal": -3.8493,
      "histogram": -0.4277
    },
    "bollinger_bands": {
      "upper": 626.87,
      "middle": 611.61,
      "lower": 596.35
    }
  },
  "bsm_analysis": {
    "greeks": {
      "delta": 0.5472,
      "gamma": 0.014812,
      "theta": -0.2218,
      "vega": 0.6778,
      "rho": 0.2586
    },
    "atm_call_price": 11.98,
    "atm_put_price": 9.41,
    "implied_move": 0.37
  },
  "prediction": {
    "signal": "NEUTRAL",
    "score": -1,
    "confidence": 25.0,
    "reasons": [
      "MACD histogram negative (bearish momentum)"
    ],
    "target_price": 596.79,
    "support": 595.32,
    "resistance": 598.29
  },
  "simulation": {
    "statistics": {
      "mean": 596.7904284413776,
      "std": 2.20047757273618,
      "p05": 593.3438793376546,
      "p25": 595.324983476818,
      "p50": 596.7802047001691,
      "p75": 598.2862466995672,
      "p95": 600.4409852783594,
      "min": 587.9145303276592,
      "max": 603.1505082510421
    },
    "simulations": 1000,
    "volatility": 0.1563
  }
}