{
  "ticker": "SPY",
  "timestamp": "2026-03-14T23:58:09.893545",
  "current_price": 597.06,
  "forecast_minutes": 60,
  "technical_indicators": {
    "rsi": 67.37,
    "macd": {
      "line": -4.5397,
      "signal": -4.0857,
      "histogram": -0.454
    },
    "bollinger_bands": {
      "upper": 582.01,
      "middle": 545.65,
      "lower": 509.3
    }
  },
  "bsm_analysis": {
    "greeks": {
      "delta": 0.5431,
      "gamma": 0.004061,
      "theta": -0.6865,
      "vega": 0.6789,
      "rho": 0.2335
    },
    "atm_call_price": 40.13,
    "atm_put_price": 37.56,
    "implied_move": 1.34
  },
  "prediction": {
    "signal": "NEUTRAL",
    "score": -1,
    "confidence": 25.0,
    "reasons": [
      "MACD histogram negative (bearish momentum)"
    ],
    "target_price": 596.74,
    "support": 591.14,
    "resistance": 602.17
  },
  "simulation": {
    "statistics": {
      "mean": 596.7375197174438,
      "std": 7.997135041055607,
      "p05": 583.8786169779852,
      "p25": 591.1390274311278,
      "p50": 596.3907942451547,
      "p75": 602.1659703192129,
      "p95": 610.490672784449,
      "min": 572.9252747030501,
      "max": 622.6975993583434
    },
    "simulations": 1000,
    "volatility": 0.5706
  }
}