{
  "ticker": "SPY",
  "timestamp": "2026-03-09T07:37:06.259590",
  "current_price": 592.11,
  "forecast_minutes": 60,
  "technical_indicators": {
    "rsi": 44.72,
    "macd": {
      "line": -6.336,
      "signal": -5.7024,
      "histogram": -0.6336
    },
    "bollinger_bands": {
      "upper": 617.98,
      "middle": 596.79,
      "lower": 575.59
    }
  },
  "bsm_analysis": {
    "greeks": {
      "delta": 0.5403,
      "gamma": 0.010962,
      "theta": -0.2833,
      "vega": 0.6738,
      "rho": 0.25
    },
    "atm_call_price": 15.72,
    "atm_put_price": 13.17,
    "implied_move": 0.54
  },
  "prediction": {
    "signal": "NEUTRAL",
    "score": -1,
    "confidence": 25.0,
    "reasons": [
      "MACD histogram negative (bearish momentum)"
    ],
    "target_price": 592.04,
    "support": 589.76,
    "resistance": 594.18
  },
  "simulation": {
    "statistics": {
      "mean": 592.0352710154156,
      "std": 3.2069656831369904,
      "p05": 586.848748436725,
      "p25": 589.763387614715,
      "p50": 592.1318661641799,
      "p75": 594.1844289405622,
      "p95": 597.1091683702255,
      "min": 582.5123073174013,
      "max": 601.5037752849246
    },
    "simulations": 1000,
    "volatility": 0.2133
  }
}