{
  "ticker": "SPY",
  "timestamp": "2026-03-26T20:46:26.912719",
  "current_price": 597.25,
  "forecast_minutes": 60,
  "technical_indicators": {
    "rsi": 47.13,
    "macd": {
      "line": 1.3573,
      "signal": 1.2216,
      "histogram": 0.1357
    },
    "bollinger_bands": {
      "upper": 630.08,
      "middle": 613.25,
      "lower": 596.41
    }
  },
  "bsm_analysis": {
    "greeks": {
      "delta": 0.5468,
      "gamma": 0.0146,
      "theta": -0.2244,
      "vega": 0.6784,
      "rho": 0.2585
    },
    "atm_call_price": 12.14,
    "atm_put_price": 9.56,
    "implied_move": 0.39
  },
  "prediction": {
    "signal": "NEUTRAL",
    "score": 1,
    "confidence": 25.0,
    "reasons": [
      "MACD histogram positive (bullish momentum)"
    ],
    "target_price": 597.17,
    "support": 595.62,
    "resistance": 598.72
  },
  "simulation": {
    "statistics": {
      "mean": 597.1700251891259,
      "std": 2.3335393760012537,
      "p05": 593.3966480216238,
      "p25": 595.6182443056617,
      "p50": 597.1887165041303,
      "p75": 598.723610685945,
      "p95": 601.0558219169899,
      "min": 589.013556336733,
      "max": 604.1367786401092
    },
    "simulations": 1000,
    "volatility": 0.1585
  }
}