{
  "ticker": "SPY",
  "timestamp": "2026-02-08T17:27:02.837285",
  "current_price": 596.49,
  "forecast_minutes": 60,
  "technical_indicators": {
    "rsi": 45.12,
    "macd": {
      "line": -0.665,
      "signal": -0.5985,
      "histogram": -0.0665
    },
    "bollinger_bands": {
      "upper": 608.42,
      "middle": 600.06,
      "lower": 591.69
    }
  },
  "bsm_analysis": {
    "greeks": {
      "delta": 0.5443,
      "gamma": 0.013276,
      "theta": -0.2421,
      "vega": 0.678,
      "rho": 0.256
    },
    "atm_call_price": 13.22,
    "atm_put_price": 10.65,
    "implied_move": 0.45
  },
  "prediction": {
    "signal": "NEUTRAL",
    "score": -1,
    "confidence": 25.0,
    "reasons": [
      "MACD histogram negative (bearish momentum)"
    ],
    "target_price": 596.44,
    "support": 594.61,
    "resistance": 598.22
  },
  "simulation": {
    "statistics": {
      "mean": 596.4368219894932,
      "std": 2.6603654919245368,
      "p05": 592.1305437861814,
      "p25": 594.6084004408357,
      "p50": 596.4399030193133,
      "p75": 598.2199155835606,
      "p95": 600.8807107396857,
      "min": 588.2014187984217,
      "max": 604.6141358481036
    },
    "simulations": 1000,
    "volatility": 0.1746
  }
}