{
  "ticker": "SPY",
  "timestamp": "2026-02-18T05:12:15.570173",
  "current_price": 592.86,
  "forecast_minutes": 60,
  "technical_indicators": {
    "rsi": 31.61,
    "macd": {
      "line": -1.9625,
      "signal": -1.7663,
      "histogram": -0.1963
    },
    "bollinger_bands": {
      "upper": 638.91,
      "middle": 620.82,
      "lower": 602.72
    }
  },
  "bsm_analysis": {
    "greeks": {
      "delta": 0.539,
      "gamma": 0.01,
      "theta": -0.3062,
      "vega": 0.6748,
      "rho": 0.2486
    },
    "atm_call_price": 17.11,
    "atm_put_price": 14.56,
    "implied_move": 0.58
  },
  "prediction": {
    "signal": "NEUTRAL",
    "score": -1,
    "confidence": 25.0,
    "reasons": [
      "MACD histogram negative (bearish momentum)"
    ],
    "target_price": 592.79,
    "support": 590.44,
    "resistance": 595.13
  },
  "simulation": {
    "statistics": {
      "mean": 592.7853211843538,
      "std": 3.456997414919458,
      "p05": 587.1704325786434,
      "p25": 590.4417500217331,
      "p50": 592.7729571414652,
      "p75": 595.1252799919914,
      "p95": 598.5308993344643,
      "min": 581.0235266230948,
      "max": 604.0853789297138
    },
    "simulations": 1000,
    "volatility": 0.2336
  }
}