{
  "ticker": "SPY",
  "timestamp": "2026-03-18T05:53:34.290738",
  "current_price": 596.41,
  "forecast_minutes": 60,
  "technical_indicators": {
    "rsi": 44.92,
    "macd": {
      "line": -0.3936,
      "signal": -0.3543,
      "histogram": -0.0394
    },
    "bollinger_bands": {
      "upper": 608.95,
      "middle": 600.03,
      "lower": 591.11
    }
  },
  "bsm_analysis": {
    "greeks": {
      "delta": 0.5533,
      "gamma": 0.017724,
      "theta": -0.193,
      "vega": 0.676,
      "rho": 0.2628
    },
    "atm_call_price": 10.22,
    "atm_put_price": 7.65,
    "implied_move": 0.33
  },
  "prediction": {
    "signal": "NEUTRAL",
    "score": -1,
    "confidence": 25.0,
    "reasons": [
      "MACD histogram negative (bearish momentum)"
    ],
    "target_price": 596.41,
    "support": 595.21,
    "resistance": 597.66
  },
  "simulation": {
    "statistics": {
      "mean": 596.4056468760301,
      "std": 1.9439582645041775,
      "p05": 593.067728705308,
      "p25": 595.2110537125782,
      "p50": 596.4809883739213,
      "p75": 597.6625765385094,
      "p95": 599.5814722894513,
      "min": 589.9843927417518,
      "max": 601.6089541923477
    },
    "simulations": 1000,
    "volatility": 0.1305
  }
}