{
  "ticker": "SPY",
  "timestamp": "2026-02-09T14:39:31.660614",
  "current_price": 593.33,
  "forecast_minutes": 60,
  "technical_indicators": {
    "rsi": 62.23,
    "macd": {
      "line": -0.0246,
      "signal": -0.0221,
      "histogram": -0.0025
    },
    "bollinger_bands": {
      "upper": 583.09,
      "middle": 563.19,
      "lower": 543.29
    }
  },
  "bsm_analysis": {
    "greeks": {
      "delta": 0.5378,
      "gamma": 0.00888,
      "theta": -0.3392,
      "vega": 0.6756,
      "rho": 0.2466
    },
    "atm_call_price": 19.11,
    "atm_put_price": 16.55,
    "implied_move": 0.65
  },
  "prediction": {
    "signal": "NEUTRAL",
    "score": -1,
    "confidence": 25.0,
    "reasons": [
      "MACD histogram negative (bearish momentum)"
    ],
    "target_price": 593.62,
    "support": 590.96,
    "resistance": 596.23
  },
  "simulation": {
    "statistics": {
      "mean": 593.6202902739517,
      "std": 3.8734170081440067,
      "p05": 587.142555023562,
      "p25": 590.9556103302414,
      "p50": 593.6447694326314,
      "p75": 596.2265643656061,
      "p95": 599.8489493837205,
      "min": 580.1785083194442,
      "max": 606.1770981088299
    },
    "simulations": 1000,
    "volatility": 0.2629
  }
}