{
  "ticker": "SPY",
  "timestamp": "2026-02-09T02:01:09.027145",
  "current_price": 597.4,
  "forecast_minutes": 60,
  "technical_indicators": {
    "rsi": 63.57,
    "macd": {
      "line": 1.5616,
      "signal": 1.4055,
      "histogram": 0.1562
    },
    "bollinger_bands": {
      "upper": 593.52,
      "middle": 578.99,
      "lower": 564.47
    }
  },
  "bsm_analysis": {
    "greeks": {
      "delta": 0.5444,
      "gamma": 0.013311,
      "theta": -0.2417,
      "vega": 0.679,
      "rho": 0.2565
    },
    "atm_call_price": 13.19,
    "atm_put_price": 10.61,
    "implied_move": 0.43
  },
  "prediction": {
    "signal": "NEUTRAL",
    "score": 1,
    "confidence": 25.0,
    "reasons": [
      "MACD histogram positive (bullish momentum)"
    ],
    "target_price": 597.36,
    "support": 595.65,
    "resistance": 599.13
  },
  "simulation": {
    "statistics": {
      "mean": 597.3624126706934,
      "std": 2.5662488996952435,
      "p05": 593.1673653692958,
      "p25": 595.6489668756778,
      "p50": 597.4392123519685,
      "p75": 599.1322810644899,
      "p95": 601.5131301743846,
      "min": 589.3131465033056,
      "max": 605.1907806523999
    },
    "simulations": 1000,
    "volatility": 0.1739
  }
}