{
  "ticker": "SPY",
  "timestamp": "2026-02-27T14:20:42.962498",
  "current_price": 593.87,
  "forecast_minutes": 60,
  "technical_indicators": {
    "rsi": 54.36,
    "macd": {
      "line": -9.2346,
      "signal": -8.3111,
      "histogram": -0.9235
    },
    "bollinger_bands": {
      "upper": 618.35,
      "middle": 581.18,
      "lower": 544.02
    }
  },
  "bsm_analysis": {
    "greeks": {
      "delta": 0.5371,
      "gamma": 0.007693,
      "theta": -0.3846,
      "vega": 0.6763,
      "rho": 0.2442
    },
    "atm_call_price": 21.85,
    "atm_put_price": 19.3,
    "implied_move": 0.76
  },
  "prediction": {
    "signal": "NEUTRAL",
    "score": -1,
    "confidence": 25.0,
    "reasons": [
      "MACD histogram negative (bearish momentum)"
    ],
    "target_price": 594.12,
    "support": 591.08,
    "resistance": 597.15
  },
  "simulation": {
    "statistics": {
      "mean": 594.1182505864111,
      "std": 4.538135970327949,
      "p05": 586.6884323738749,
      "p25": 591.0767188263169,
      "p50": 594.0996713104186,
      "p75": 597.1513804730233,
      "p95": 601.5676722137927,
      "min": 578.8655437959777,
      "max": 608.3852697182383
    },
    "simulations": 1000,
    "volatility": 0.3033
  }
}