{
  "ticker": "SPY",
  "timestamp": "2026-03-19T21:34:09.970781",
  "current_price": 592.42,
  "forecast_minutes": 60,
  "technical_indicators": {
    "rsi": 65.2,
    "macd": {
      "line": -2.8069,
      "signal": -2.5262,
      "histogram": -0.2807
    },
    "bollinger_bands": {
      "upper": 585.38,
      "middle": 555.49,
      "lower": 525.59
    }
  },
  "bsm_analysis": {
    "greeks": {
      "delta": 0.5379,
      "gamma": 0.005826,
      "theta": -0.4929,
      "vega": 0.6745,
      "rho": 0.2385
    },
    "atm_call_price": 28.42,
    "atm_put_price": 25.86,
    "implied_move": 1.0
  },
  "prediction": {
    "signal": "NEUTRAL",
    "score": -1,
    "confidence": 25.0,
    "reasons": [
      "MACD histogram negative (bearish momentum)"
    ],
    "target_price": 592.55,
    "support": 588.81,
    "resistance": 596.31
  },
  "simulation": {
    "statistics": {
      "mean": 592.5511049588553,
      "std": 5.898037024795586,
      "p05": 583.0282064071399,
      "p25": 588.8093037148501,
      "p50": 592.2582972028657,
      "p75": 596.3106382599778,
      "p95": 602.089865219092,
      "min": 573.6894885159119,
      "max": 615.7165597346172
    },
    "simulations": 1000,
    "volatility": 0.4014
  }
}