{
  "ticker": "SPY",
  "timestamp": "2026-03-04T06:30:33.754124",
  "current_price": 594.35,
  "forecast_minutes": 60,
  "technical_indicators": {
    "rsi": 54.65,
    "macd": {
      "line": -6.1327,
      "signal": -5.5195,
      "histogram": -0.6133
    },
    "bollinger_bands": {
      "upper": 603.76,
      "middle": 569.88,
      "lower": 536.0
    }
  },
  "bsm_analysis": {
    "greeks": {
      "delta": 0.5387,
      "gamma": 0.005314,
      "theta": -0.536,
      "vega": 0.6766,
      "rho": 0.2377
    },
    "atm_call_price": 31.02,
    "atm_put_price": 28.46,
    "implied_move": 1.07
  },
  "prediction": {
    "signal": "NEUTRAL",
    "score": -1,
    "confidence": 25.0,
    "reasons": [
      "MACD histogram negative (bearish momentum)"
    ],
    "target_price": 593.89,
    "support": 589.45,
    "resistance": 598.02
  },
  "simulation": {
    "statistics": {
      "mean": 593.885435603769,
      "std": 6.347911169013949,
      "p05": 583.6548892562328,
      "p25": 589.4540238241352,
      "p50": 593.8701650742881,
      "p75": 598.0210835826683,
      "p95": 604.7190777250943,
      "min": 573.8594156076306,
      "max": 615.4019083718665
    },
    "simulations": 1000,
    "volatility": 0.4385
  }
}