{
  "ticker": "SPY",
  "timestamp": "2026-03-25T22:16:20.154233",
  "current_price": 597.38,
  "forecast_minutes": 60,
  "technical_indicators": {
    "rsi": 55.25,
    "macd": {
      "line": 4.7537,
      "signal": 4.2783,
      "histogram": 0.4754
    },
    "bollinger_bands": {
      "upper": 610.75,
      "middle": 594.28,
      "lower": 577.81
    }
  },
  "bsm_analysis": {
    "greeks": {
      "delta": 0.5477,
      "gamma": 0.015038,
      "theta": -0.2192,
      "vega": 0.6783,
      "rho": 0.2592
    },
    "atm_call_price": 11.82,
    "atm_put_price": 9.25,
    "implied_move": 0.38
  },
  "prediction": {
    "signal": "NEUTRAL",
    "score": 1,
    "confidence": 25.0,
    "reasons": [
      "MACD histogram positive (bullish momentum)"
    ],
    "target_price": 597.34,
    "support": 595.86,
    "resistance": 598.82
  },
  "simulation": {
    "statistics": {
      "mean": 597.3356245181157,
      "std": 2.246982298293019,
      "p05": 593.6153987346527,
      "p25": 595.8616728870519,
      "p50": 597.3980536639344,
      "p75": 598.8171937172767,
      "p95": 600.9241249898286,
      "min": 590.4524972950487,
      "max": 605.226619000534
    },
    "simulations": 1000,
    "volatility": 0.1538
  }
}