{
  "ticker": "SPY",
  "timestamp": "2026-04-11T14:02:13.931134",
  "current_price": 595.82,
  "forecast_minutes": 60,
  "technical_indicators": {
    "rsi": 36.49,
    "macd": {
      "line": 8.0981,
      "signal": 7.2882,
      "histogram": 0.8098
    },
    "bollinger_bands": {
      "upper": 735.27,
      "middle": 674.18,
      "lower": 613.09
    }
  },
  "bsm_analysis": {
    "greeks": {
      "delta": 0.5455,
      "gamma": 0.003683,
      "theta": -0.7514,
      "vega": 0.677,
      "rho": 0.2309
    },
    "atm_call_price": 44.08,
    "atm_put_price": 41.51,
    "implied_move": 1.47
  },
  "prediction": {
    "signal": "NEUTRAL",
    "score": 1,
    "confidence": 25.0,
    "reasons": [
      "MACD histogram positive (bullish momentum)"
    ],
    "target_price": 595.23,
    "support": 589.47,
    "resistance": 601.04
  },
  "simulation": {
    "statistics": {
      "mean": 595.2314868384984,
      "std": 8.773702058431478,
      "p05": 580.9920183520964,
      "p25": 589.4700234613372,
      "p50": 595.3214432100417,
      "p75": 601.042670741588,
      "p95": 609.7490921239727,
      "min": 563.7169823282866,
      "max": 621.6585031131742
    },
    "simulations": 1000,
    "volatility": 0.6301
  }
}