{
  "ticker": "SPY",
  "timestamp": "2026-03-30T16:52:54.998879",
  "current_price": 596.45,
  "forecast_minutes": 60,
  "technical_indicators": {
    "rsi": 66.29,
    "macd": {
      "line": 6.9517,
      "signal": 6.2565,
      "histogram": 0.6952
    },
    "bollinger_bands": {
      "upper": 599.36,
      "middle": 580.49,
      "lower": 561.63
    }
  },
  "bsm_analysis": {
    "greeks": {
      "delta": 0.5406,
      "gamma": 0.011078,
      "theta": -0.2811,
      "vega": 0.6786,
      "rho": 0.2522
    },
    "atm_call_price": 15.58,
    "atm_put_price": 13.01,
    "implied_move": 0.51
  },
  "prediction": {
    "signal": "NEUTRAL",
    "score": 1,
    "confidence": 25.0,
    "reasons": [
      "MACD histogram positive (bullish momentum)"
    ],
    "target_price": 596.36,
    "support": 594.48,
    "resistance": 598.29
  },
  "simulation": {
    "statistics": {
      "mean": 596.3552939394617,
      "std": 3.0250143217432273,
      "p05": 591.3522139382302,
      "p25": 594.477815184284,
      "p50": 596.3988200168823,
      "p75": 598.2907838952431,
      "p95": 601.1364341541006,
      "min": 585.9936746820644,
      "max": 605.8206099348607
    },
    "simulations": 1000,
    "volatility": 0.2095
  }
}