{
  "ticker": "SPY",
  "timestamp": "2026-03-20T23:44:18.413241",
  "current_price": 594.61,
  "forecast_minutes": 60,
  "technical_indicators": {
    "rsi": 67.29,
    "macd": {
      "line": 4.0794,
      "signal": 3.6715,
      "histogram": 0.4079
    },
    "bollinger_bands": {
      "upper": 592.44,
      "middle": 576.0,
      "lower": 559.56
    }
  },
  "bsm_analysis": {
    "greeks": {
      "delta": 0.5523,
      "gamma": 0.017309,
      "theta": -0.1964,
      "vega": 0.6742,
      "rho": 0.2614
    },
    "atm_call_price": 10.43,
    "atm_put_price": 7.87,
    "implied_move": 0.34
  },
  "prediction": {
    "signal": "NEUTRAL",
    "score": 1,
    "confidence": 25.0,
    "reasons": [
      "MACD histogram positive (bullish momentum)"
    ],
    "target_price": 594.67,
    "support": 593.24,
    "resistance": 596.04
  },
  "simulation": {
    "statistics": {
      "mean": 594.6690995730194,
      "std": 2.026477927325664,
      "p05": 591.5072799649756,
      "p25": 593.2407465116892,
      "p50": 594.6384760985407,
      "p75": 596.0437306972979,
      "p95": 598.0772442672708,
      "min": 588.4184551047475,
      "max": 600.4830732856074
    },
    "simulations": 1000,
    "volatility": 0.134
  }
}