{
  "ticker": "SPY",
  "timestamp": "2026-02-21T11:26:57.550032",
  "current_price": 595.34,
  "forecast_minutes": 60,
  "technical_indicators": {
    "rsi": 50.33,
    "macd": {
      "line": -2.2742,
      "signal": -2.0467,
      "histogram": -0.2274
    },
    "bollinger_bands": {
      "upper": 611.12,
      "middle": 596.31,
      "lower": 581.5
    }
  },
  "bsm_analysis": {
    "greeks": {
      "delta": 0.5439,
      "gamma": 0.013091,
      "theta": -0.2448,
      "vega": 0.6768,
      "rho": 0.2551
    },
    "atm_call_price": 13.38,
    "atm_put_price": 10.82,
    "implied_move": 0.44
  },
  "prediction": {
    "signal": "NEUTRAL",
    "score": -1,
    "confidence": 25.0,
    "reasons": [
      "MACD histogram negative (bearish momentum)"
    ],
    "target_price": 595.46,
    "support": 593.82,
    "resistance": 597.2
  },
  "simulation": {
    "statistics": {
      "mean": 595.4578400647924,
      "std": 2.5909014882883765,
      "p05": 591.0896631054849,
      "p25": 593.8211649772793,
      "p50": 595.519767221044,
      "p75": 597.2048527896275,
      "p95": 599.5618074905911,
      "min": 587.411431181674,
      "max": 604.7886451982506
    },
    "simulations": 1000,
    "volatility": 0.1775
  }
}