{
  "ticker": "SPY",
  "timestamp": "2026-03-10T04:40:58.637886",
  "current_price": 597.6,
  "forecast_minutes": 60,
  "technical_indicators": {
    "rsi": 19.76,
    "macd": {
      "line": -4.0652,
      "signal": -3.6587,
      "histogram": -0.4065
    },
    "bollinger_bands": {
      "upper": 661.46,
      "middle": 634.53,
      "lower": 607.6
    }
  },
  "bsm_analysis": {
    "greeks": {
      "delta": 0.5421,
      "gamma": 0.011986,
      "theta": -0.2634,
      "vega": 0.6797,
      "rho": 0.2543
    },
    "atm_call_price": 14.5,
    "atm_put_price": 11.93,
    "implied_move": 0.47
  },
  "prediction": {
    "signal": "NEUTRAL",
    "score": 1,
    "confidence": 25.0,
    "reasons": [
      "RSI indicates oversold conditions",
      "MACD histogram negative (bearish momentum)"
    ],
    "target_price": 597.55,
    "support": 595.63,
    "resistance": 599.45
  },
  "simulation": {
    "statistics": {
      "mean": 597.5478591624728,
      "std": 2.8022120368043266,
      "p05": 593.002830143556,
      "p25": 595.6306034895347,
      "p50": 597.403726150552,
      "p75": 599.4508070881947,
      "p95": 602.2585688126604,
      "min": 588.5845353815508,
      "max": 608.2788508336514
    },
    "simulations": 1000,
    "volatility": 0.1932
  }
}