{
  "ticker": "SPY",
  "timestamp": "2026-02-22T10:55:37.415325",
  "current_price": 595.44,
  "forecast_minutes": 60,
  "technical_indicators": {
    "rsi": 44.83,
    "macd": {
      "line": 1.4384,
      "signal": 1.2946,
      "histogram": 0.1438
    },
    "bollinger_bands": {
      "upper": 620.38,
      "middle": 605.49,
      "lower": 590.59
    }
  },
  "bsm_analysis": {
    "greeks": {
      "delta": 0.5438,
      "gamma": 0.013043,
      "theta": -0.2456,
      "vega": 0.6769,
      "rho": 0.2551
    },
    "atm_call_price": 13.43,
    "atm_put_price": 10.86,
    "implied_move": 0.44
  },
  "prediction": {
    "signal": "NEUTRAL",
    "score": 1,
    "confidence": 25.0,
    "reasons": [
      "MACD histogram positive (bullish momentum)"
    ],
    "target_price": 595.47,
    "support": 593.79,
    "resistance": 597.13
  },
  "simulation": {
    "statistics": {
      "mean": 595.4703497465684,
      "std": 2.6185912312635544,
      "p05": 591.128129154683,
      "p25": 593.7870846117019,
      "p50": 595.5507506604392,
      "p75": 597.1316970987258,
      "p95": 599.7510840746094,
      "min": 586.1893404889772,
      "max": 604.1673619495782
    },
    "simulations": 1000,
    "volatility": 0.1781
  }
}