{
  "ticker": "SPY",
  "timestamp": "2026-03-14T05:35:05.636580",
  "current_price": 593.79,
  "forecast_minutes": 60,
  "technical_indicators": {
    "rsi": 39.93,
    "macd": {
      "line": 5.0699,
      "signal": 4.5629,
      "histogram": 0.507
    },
    "bollinger_bands": {
      "upper": 669.05,
      "middle": 636.18,
      "lower": 603.31
    }
  },
  "bsm_analysis": {
    "greeks": {
      "delta": 0.539,
      "gamma": 0.005184,
      "theta": -0.5483,
      "vega": 0.6759,
      "rho": 0.237
    },
    "atm_call_price": 31.76,
    "atm_put_price": 29.21,
    "implied_move": 1.11
  },
  "prediction": {
    "signal": "NEUTRAL",
    "score": 1,
    "confidence": 25.0,
    "reasons": [
      "MACD histogram positive (bullish momentum)"
    ],
    "target_price": 593.81,
    "support": 589.09,
    "resistance": 598.33
  },
  "simulation": {
    "statistics": {
      "mean": 593.8052762735549,
      "std": 6.595849965878991,
      "p05": 583.1565950117919,
      "p25": 589.0901207272177,
      "p50": 593.8119859744568,
      "p75": 598.3333311958133,
      "p95": 604.597963544313,
      "min": 574.7198426251402,
      "max": 615.0844790648395
    },
    "simulations": 1000,
    "volatility": 0.4499
  }
}