{
  "ticker": "SPY",
  "timestamp": "2026-02-21T10:30:47.613694",
  "current_price": 593.44,
  "forecast_minutes": 60,
  "technical_indicators": {
    "rsi": 42.76,
    "macd": {
      "line": 4.299,
      "signal": 3.8691,
      "histogram": 0.4299
    },
    "bollinger_bands": {
      "upper": 627.33,
      "middle": 605.67,
      "lower": 584.01
    }
  },
  "bsm_analysis": {
    "greeks": {
      "delta": 0.5397,
      "gamma": 0.010504,
      "theta": -0.2938,
      "vega": 0.6754,
      "rho": 0.2498
    },
    "atm_call_price": 16.35,
    "atm_put_price": 13.8,
    "implied_move": 0.54
  },
  "prediction": {
    "signal": "NEUTRAL",
    "score": 1,
    "confidence": 25.0,
    "reasons": [
      "MACD histogram positive (bullish momentum)"
    ],
    "target_price": 593.42,
    "support": 591.14,
    "resistance": 595.51
  },
  "simulation": {
    "statistics": {
      "mean": 593.4236685261069,
      "std": 3.1899716306997576,
      "p05": 588.1418130241291,
      "p25": 591.138608021016,
      "p50": 593.3853947676243,
      "p75": 595.5102406556122,
      "p95": 598.7310946425836,
      "min": 583.3527228692577,
      "max": 603.4183194284028
    },
    "simulations": 1000,
    "volatility": 0.2221
  }
}