{
  "ticker": "SPY",
  "timestamp": "2026-03-22T09:31:06.057947",
  "current_price": 592.17,
  "forecast_minutes": 60,
  "technical_indicators": {
    "rsi": 41.72,
    "macd": {
      "line": -4.1092,
      "signal": -3.6983,
      "histogram": -0.4109
    },
    "bollinger_bands": {
      "upper": 606.16,
      "middle": 589.23,
      "lower": 572.3
    }
  },
  "bsm_analysis": {
    "greeks": {
      "delta": 0.5422,
      "gamma": 0.012204,
      "theta": -0.2591,
      "vega": 0.6735,
      "rho": 0.2522
    },
    "atm_call_price": 14.25,
    "atm_put_price": 11.7,
    "implied_move": 0.46
  },
  "prediction": {
    "signal": "NEUTRAL",
    "score": -1,
    "confidence": 25.0,
    "reasons": [
      "MACD histogram negative (bearish momentum)"
    ],
    "target_price": 592.13,
    "support": 590.43,
    "resistance": 593.88
  },
  "simulation": {
    "statistics": {
      "mean": 592.1337692236011,
      "std": 2.7174866128501898,
      "p05": 587.5455892285495,
      "p25": 590.4300076154465,
      "p50": 592.1012279606327,
      "p75": 593.8846959729049,
      "p95": 596.5804026330946,
      "min": 583.8800012860063,
      "max": 600.7711560715269
    },
    "simulations": 1000,
    "volatility": 0.1915
  }
}