{
  "ticker": "SPY",
  "timestamp": "2026-03-12T03:10:04.600925",
  "current_price": 593.77,
  "forecast_minutes": 60,
  "technical_indicators": {
    "rsi": 39.36,
    "macd": {
      "line": -0.123,
      "signal": -0.1107,
      "histogram": -0.0123
    },
    "bollinger_bands": {
      "upper": 610.65,
      "middle": 599.46,
      "lower": 588.27
    }
  },
  "bsm_analysis": {
    "greeks": {
      "delta": 0.5444,
      "gamma": 0.013382,
      "theta": -0.2404,
      "vega": 0.6749,
      "rho": 0.2549
    },
    "atm_call_price": 13.12,
    "atm_put_price": 10.56,
    "implied_move": 0.44
  },
  "prediction": {
    "signal": "NEUTRAL",
    "score": -1,
    "confidence": 25.0,
    "reasons": [
      "MACD histogram negative (bearish momentum)"
    ],
    "target_price": 593.93,
    "support": 592.13,
    "resistance": 595.67
  },
  "simulation": {
    "statistics": {
      "mean": 593.9331609014278,
      "std": 2.601517556913176,
      "p05": 589.7913459481664,
      "p25": 592.1314247187125,
      "p50": 593.9542253852085,
      "p75": 595.6680347462718,
      "p95": 598.1351907966871,
      "min": 584.520216636021,
      "max": 604.0831254898717
    },
    "simulations": 1000,
    "volatility": 0.174
  }
}