{
  "ticker": "SPY",
  "timestamp": "2026-03-14T17:44:04.125915",
  "current_price": 592.26,
  "forecast_minutes": 60,
  "technical_indicators": {
    "rsi": 54.32,
    "macd": {
      "line": -5.4955,
      "signal": -4.9459,
      "histogram": -0.5495
    },
    "bollinger_bands": {
      "upper": 597.83,
      "middle": 571.25,
      "lower": 544.67
    }
  },
  "bsm_analysis": {
    "greeks": {
      "delta": 0.538,
      "gamma": 0.009063,
      "theta": -0.3332,
      "vega": 0.6743,
      "rho": 0.2465
    },
    "atm_call_price": 18.74,
    "atm_put_price": 16.19,
    "implied_move": 0.64
  },
  "prediction": {
    "signal": "NEUTRAL",
    "score": -1,
    "confidence": 25.0,
    "reasons": [
      "MACD histogram negative (bearish momentum)"
    ],
    "target_price": 592.21,
    "support": 589.72,
    "resistance": 594.89
  },
  "simulation": {
    "statistics": {
      "mean": 592.2096867857725,
      "std": 3.8080677547973427,
      "p05": 586.0415703109801,
      "p25": 589.7179024544398,
      "p50": 592.0341532038383,
      "p75": 594.8878000211874,
      "p95": 598.7860531694054,
      "min": 579.5926081990727,
      "max": 606.8482379732329
    },
    "simulations": 1000,
    "volatility": 0.2581
  }
}