{
  "ticker": "SPY",
  "timestamp": "2026-02-21T11:47:24.031018",
  "current_price": 593.01,
  "forecast_minutes": 60,
  "technical_indicators": {
    "rsi": 71.31,
    "macd": {
      "line": 3.0593,
      "signal": 2.7534,
      "histogram": 0.3059
    },
    "bollinger_bands": {
      "upper": 606.73,
      "middle": 582.85,
      "lower": 558.98
    }
  },
  "bsm_analysis": {
    "greeks": {
      "delta": 0.5396,
      "gamma": 0.01046,
      "theta": -0.2948,
      "vega": 0.6749,
      "rho": 0.2495
    },
    "atm_call_price": 16.42,
    "atm_put_price": 13.86,
    "implied_move": 0.55
  },
  "prediction": {
    "signal": "NEUTRAL",
    "score": -1,
    "confidence": 25.0,
    "reasons": [
      "RSI indicates overbought conditions",
      "MACD histogram positive (bullish momentum)"
    ],
    "target_price": 593.03,
    "support": 590.91,
    "resistance": 595.2
  },
  "simulation": {
    "statistics": {
      "mean": 593.0315711776637,
      "std": 3.2610549686845056,
      "p05": 587.4885733357049,
      "p25": 590.9108833595609,
      "p50": 593.0965211327073,
      "p75": 595.2024320439059,
      "p95": 598.3283782900552,
      "min": 581.5395747173378,
      "max": 603.2312059024389
    },
    "simulations": 1000,
    "volatility": 0.2232
  }
}