{
  "ticker": "SPY",
  "timestamp": "2026-04-03T15:30:37.413233",
  "current_price": 596.21,
  "forecast_minutes": 60,
  "technical_indicators": {
    "rsi": 61.96,
    "macd": {
      "line": 5.2448,
      "signal": 4.7203,
      "histogram": 0.5245
    },
    "bollinger_bands": {
      "upper": 598.88,
      "middle": 581.46,
      "lower": 564.03
    }
  },
  "bsm_analysis": {
    "greeks": {
      "delta": 0.5452,
      "gamma": 0.013765,
      "theta": -0.2352,
      "vega": 0.6775,
      "rho": 0.2566
    },
    "atm_call_price": 12.79,
    "atm_put_price": 10.22,
    "implied_move": 0.43
  },
  "prediction": {
    "signal": "NEUTRAL",
    "score": 1,
    "confidence": 25.0,
    "reasons": [
      "MACD histogram positive (bullish momentum)"
    ],
    "target_price": 596.27,
    "support": 594.55,
    "resistance": 598.03
  },
  "simulation": {
    "statistics": {
      "mean": 596.2731209687829,
      "std": 2.559888437754965,
      "p05": 592.0941577349721,
      "p25": 594.5523421643898,
      "p50": 596.3228761523401,
      "p75": 598.0284171291979,
      "p95": 600.4962842936102,
      "min": 588.105271247387,
      "max": 604.1996127499202
    },
    "simulations": 1000,
    "volatility": 0.1685
  }
}