{
  "ticker": "SPY",
  "timestamp": "2026-02-26T20:19:09.470804",
  "current_price": 592.28,
  "forecast_minutes": 60,
  "technical_indicators": {
    "rsi": 62.36,
    "macd": {
      "line": 7.0854,
      "signal": 6.3769,
      "histogram": 0.7085
    },
    "bollinger_bands": {
      "upper": 613.62,
      "middle": 588.66,
      "lower": 563.71
    }
  },
  "bsm_analysis": {
    "greeks": {
      "delta": 0.5444,
      "gamma": 0.013431,
      "theta": -0.2396,
      "vega": 0.6732,
      "rho": 0.2543
    },
    "atm_call_price": 13.07,
    "atm_put_price": 10.52,
    "implied_move": 0.42
  },
  "prediction": {
    "signal": "NEUTRAL",
    "score": 1,
    "confidence": 25.0,
    "reasons": [
      "MACD histogram positive (bullish momentum)"
    ],
    "target_price": 592.26,
    "support": 590.55,
    "resistance": 593.93
  },
  "simulation": {
    "statistics": {
      "mean": 592.2581367860901,
      "std": 2.5005142811099654,
      "p05": 588.127408668699,
      "p25": 590.5465941175771,
      "p50": 592.3560851729729,
      "p75": 593.9275908219764,
      "p95": 596.4231265539419,
      "min": 584.5878620019114,
      "max": 600.6728610395959
    },
    "simulations": 1000,
    "volatility": 0.1738
  }
}