{
  "ticker": "SPY",
  "timestamp": "2026-04-03T15:03:11.038675",
  "current_price": 597.71,
  "forecast_minutes": 60,
  "technical_indicators": {
    "rsi": 60.32,
    "macd": {
      "line": -5.315,
      "signal": -4.7835,
      "histogram": -0.5315
    },
    "bollinger_bands": {
      "upper": 598.64,
      "middle": 570.1,
      "lower": 541.57
    }
  },
  "bsm_analysis": {
    "greeks": {
      "delta": 0.537,
      "gamma": 0.007223,
      "theta": -0.4069,
      "vega": 0.6807,
      "rho": 0.2448
    },
    "atm_call_price": 23.19,
    "atm_put_price": 20.62,
    "implied_move": 0.79
  },
  "prediction": {
    "signal": "NEUTRAL",
    "score": -1,
    "confidence": 25.0,
    "reasons": [
      "MACD histogram negative (bearish momentum)"
    ],
    "target_price": 597.79,
    "support": 594.51,
    "resistance": 601.21
  },
  "simulation": {
    "statistics": {
      "mean": 597.7869211297732,
      "std": 4.718555451844769,
      "p05": 589.5985231224012,
      "p25": 594.5143161603582,
      "p50": 598.0579087380936,
      "p75": 601.2135758418418,
      "p95": 605.0599092030574,
      "min": 583.154231215732,
      "max": 610.3157936297293
    },
    "simulations": 1000,
    "volatility": 0.3209
  }
}