{
  "ticker": "SPY",
  "timestamp": "2026-04-03T18:22:22.825840",
  "current_price": 595.58,
  "forecast_minutes": 60,
  "technical_indicators": {
    "rsi": 70.63,
    "macd": {
      "line": 6.025,
      "signal": 5.4225,
      "histogram": 0.6025
    },
    "bollinger_bands": {
      "upper": 596.36,
      "middle": 577.51,
      "lower": 558.66
    }
  },
  "bsm_analysis": {
    "greeks": {
      "delta": 0.5562,
      "gamma": 0.019048,
      "theta": -0.1828,
      "vega": 0.6744,
      "rho": 0.2644
    },
    "atm_call_price": 9.6,
    "atm_put_price": 7.04,
    "implied_move": 0.3
  },
  "prediction": {
    "signal": "NEUTRAL",
    "score": -1,
    "confidence": 25.0,
    "reasons": [
      "RSI indicates overbought conditions",
      "MACD histogram positive (bullish momentum)"
    ],
    "target_price": 595.59,
    "support": 594.34,
    "resistance": 596.77
  },
  "simulation": {
    "statistics": {
      "mean": 595.5854373919052,
      "std": 1.7729130309543188,
      "p05": 592.7761424719153,
      "p25": 594.3415119052024,
      "p50": 595.5432789774279,
      "p75": 596.7669032929109,
      "p95": 598.6868269949698,
      "min": 588.9204035113352,
      "max": 602.0638916291767
    },
    "simulations": 1000,
    "volatility": 0.1214
  }
}