{
  "ticker": "SPY",
  "timestamp": "2026-03-14T14:55:41.045780",
  "current_price": 597.02,
  "forecast_minutes": 60,
  "technical_indicators": {
    "rsi": 46.75,
    "macd": {
      "line": 4.4925,
      "signal": 4.0433,
      "histogram": 0.4493
    },
    "bollinger_bands": {
      "upper": 626.63,
      "middle": 607.23,
      "lower": 587.84
    }
  },
  "bsm_analysis": {
    "greeks": {
      "delta": 0.5399,
      "gamma": 0.010641,
      "theta": -0.2908,
      "vega": 0.6794,
      "rho": 0.2517
    },
    "atm_call_price": 16.17,
    "atm_put_price": 13.6,
    "implied_move": 0.53
  },
  "prediction": {
    "signal": "NEUTRAL",
    "score": 1,
    "confidence": 25.0,
    "reasons": [
      "MACD histogram positive (bullish momentum)"
    ],
    "target_price": 597.07,
    "support": 594.98,
    "resistance": 599.16
  },
  "simulation": {
    "statistics": {
      "mean": 597.0717311943246,
      "std": 3.1803623927738296,
      "p05": 591.6455498291681,
      "p25": 594.9799363798633,
      "p50": 597.1042932052043,
      "p75": 599.1569789202017,
      "p95": 602.2404349287651,
      "min": 587.2935874705097,
      "max": 607.6919101730012
    },
    "simulations": 1000,
    "volatility": 0.2179
  }
}