{
  "ticker": "SPY",
  "timestamp": "2026-03-21T07:18:26.526972",
  "current_price": 594.57,
  "forecast_minutes": 60,
  "technical_indicators": {
    "rsi": 66.26,
    "macd": {
      "line": -0.1117,
      "signal": -0.1005,
      "histogram": -0.0112
    },
    "bollinger_bands": {
      "upper": 591.61,
      "middle": 572.82,
      "lower": 554.04
    }
  },
  "bsm_analysis": {
    "greeks": {
      "delta": 0.5381,
      "gamma": 0.009139,
      "theta": -0.3309,
      "vega": 0.6769,
      "rho": 0.2477
    },
    "atm_call_price": 18.6,
    "atm_put_price": 16.04,
    "implied_move": 0.64
  },
  "prediction": {
    "signal": "NEUTRAL",
    "score": -1,
    "confidence": 25.0,
    "reasons": [
      "MACD histogram negative (bearish momentum)"
    ],
    "target_price": 594.8,
    "support": 592.21,
    "resistance": 597.56
  },
  "simulation": {
    "statistics": {
      "mean": 594.8009645758323,
      "std": 3.802884787825681,
      "p05": 588.54373710652,
      "p25": 592.2137093667266,
      "p50": 594.7184765803934,
      "p75": 597.555165867364,
      "p95": 600.7382788780773,
      "min": 582.4197138468886,
      "max": 608.8137869550951
    },
    "simulations": 1000,
    "volatility": 0.2549
  }
}