{
  "ticker": "SPY",
  "timestamp": "2026-03-10T19:06:18.065123",
  "current_price": 595.57,
  "forecast_minutes": 60,
  "technical_indicators": {
    "rsi": 45.6,
    "macd": {
      "line": 2.1496,
      "signal": 1.9346,
      "histogram": 0.215
    },
    "bollinger_bands": {
      "upper": 623.9,
      "middle": 609.7,
      "lower": 595.51
    }
  },
  "bsm_analysis": {
    "greeks": {
      "delta": 0.5412,
      "gamma": 0.01151,
      "theta": -0.2722,
      "vega": 0.6775,
      "rho": 0.2526
    },
    "atm_call_price": 15.04,
    "atm_put_price": 12.48,
    "implied_move": 0.5
  },
  "prediction": {
    "signal": "NEUTRAL",
    "score": 1,
    "confidence": 25.0,
    "reasons": [
      "MACD histogram positive (bullish momentum)"
    ],
    "target_price": 595.59,
    "support": 593.49,
    "resistance": 597.72
  },
  "simulation": {
    "statistics": {
      "mean": 595.592255603544,
      "std": 2.9556180247904678,
      "p05": 590.7116128250312,
      "p25": 593.485070517965,
      "p50": 595.6887544433552,
      "p75": 597.7168742383413,
      "p95": 600.1315878847275,
      "min": 585.3095104582728,
      "max": 603.7433415762633
    },
    "simulations": 1000,
    "volatility": 0.2019
  }
}