{
  "ticker": "SPY",
  "timestamp": "2026-04-10T22:01:12.730026",
  "current_price": 595.09,
  "forecast_minutes": 60,
  "technical_indicators": {
    "rsi": 56.98,
    "macd": {
      "line": 1.8002,
      "signal": 1.6202,
      "histogram": 0.18
    },
    "bollinger_bands": {
      "upper": 598.35,
      "middle": 587.5,
      "lower": 576.66
    }
  },
  "bsm_analysis": {
    "greeks": {
      "delta": 0.546,
      "gamma": 0.014233,
      "theta": -0.2288,
      "vega": 0.6761,
      "rho": 0.2569
    },
    "atm_call_price": 12.41,
    "atm_put_price": 9.85,
    "implied_move": 0.41
  },
  "prediction": {
    "signal": "NEUTRAL",
    "score": 1,
    "confidence": 25.0,
    "reasons": [
      "MACD histogram positive (bullish momentum)"
    ],
    "target_price": 595.07,
    "support": 593.48,
    "resistance": 596.76
  },
  "simulation": {
    "statistics": {
      "mean": 595.0700106811854,
      "std": 2.429340590017162,
      "p05": 590.968235678587,
      "p25": 593.4842016423838,
      "p50": 595.0699202137758,
      "p75": 596.7596210158347,
      "p95": 599.0708230210189,
      "min": 587.4571928605844,
      "max": 602.8621571013315
    },
    "simulations": 1000,
    "volatility": 0.1632
  }
}