{
  "ticker": "SPY",
  "timestamp": "2026-03-24T04:55:51.177452",
  "current_price": 597.63,
  "forecast_minutes": 60,
  "technical_indicators": {
    "rsi": 59.89,
    "macd": {
      "line": -1.7999,
      "signal": -1.6199,
      "histogram": -0.18
    },
    "bollinger_bands": {
      "upper": 589.08,
      "middle": 559.5,
      "lower": 529.93
    }
  },
  "bsm_analysis": {
    "greeks": {
      "delta": 0.5371,
      "gamma": 0.006784,
      "theta": -0.4303,
      "vega": 0.6806,
      "rho": 0.2436
    },
    "atm_call_price": 24.61,
    "atm_put_price": 22.04,
    "implied_move": 0.83
  },
  "prediction": {
    "signal": "NEUTRAL",
    "score": -1,
    "confidence": 25.0,
    "reasons": [
      "MACD histogram negative (bearish momentum)"
    ],
    "target_price": 597.57,
    "support": 594.11,
    "resistance": 600.9
  },
  "simulation": {
    "statistics": {
      "mean": 597.5742143891033,
      "std": 4.935063633523691,
      "p05": 589.2822410452922,
      "p25": 594.1072951910573,
      "p50": 597.9343104453576,
      "p75": 600.9044920844105,
      "p95": 605.3555896620591,
      "min": 580.9145178648662,
      "max": 614.2901383035756
    },
    "simulations": 1000,
    "volatility": 0.3417
  }
}