{
  "ticker": "SPY",
  "timestamp": "2026-03-16T17:39:12.692976",
  "current_price": 596.33,
  "forecast_minutes": 60,
  "technical_indicators": {
    "rsi": 34.86,
    "macd": {
      "line": 0.4202,
      "signal": 0.3781,
      "histogram": 0.042
    },
    "bollinger_bands": {
      "upper": 621.53,
      "middle": 606.39,
      "lower": 591.24
    }
  },
  "bsm_analysis": {
    "greeks": {
      "delta": 0.5433,
      "gamma": 0.012746,
      "theta": -0.2503,
      "vega": 0.678,
      "rho": 0.255
    },
    "atm_call_price": 13.71,
    "atm_put_price": 11.14,
    "implied_move": 0.44
  },
  "prediction": {
    "signal": "NEUTRAL",
    "score": 1,
    "confidence": 25.0,
    "reasons": [
      "MACD histogram positive (bullish momentum)"
    ],
    "target_price": 596.23,
    "support": 594.51,
    "resistance": 597.99
  },
  "simulation": {
    "statistics": {
      "mean": 596.2262882555916,
      "std": 2.621656486183477,
      "p05": 591.8994469360536,
      "p25": 594.5056763151341,
      "p50": 596.2404480801538,
      "p75": 597.9868705189672,
      "p95": 600.5777213628253,
      "min": 587.6812469055831,
      "max": 605.2952677082075
    },
    "simulations": 1000,
    "volatility": 0.182
  }
}