{
  "ticker": "SPY",
  "timestamp": "2026-04-10T09:39:37.390717",
  "current_price": 596.29,
  "forecast_minutes": 60,
  "technical_indicators": {
    "rsi": 37.5,
    "macd": {
      "line": -6.5242,
      "signal": -5.8718,
      "histogram": -0.6524
    },
    "bollinger_bands": {
      "upper": 620.45,
      "middle": 600.29,
      "lower": 580.13
    }
  },
  "bsm_analysis": {
    "greeks": {
      "delta": 0.5441,
      "gamma": 0.013183,
      "theta": -0.2435,
      "vega": 0.6778,
      "rho": 0.2557
    },
    "atm_call_price": 13.3,
    "atm_put_price": 10.73,
    "implied_move": 0.45
  },
  "prediction": {
    "signal": "NEUTRAL",
    "score": -1,
    "confidence": 25.0,
    "reasons": [
      "MACD histogram negative (bearish momentum)"
    ],
    "target_price": 596.17,
    "support": 594.35,
    "resistance": 597.96
  },
  "simulation": {
    "statistics": {
      "mean": 596.1660305187804,
      "std": 2.683346440075404,
      "p05": 591.9108862624018,
      "p25": 594.3456039636774,
      "p50": 596.2061855232023,
      "p75": 597.964362457792,
      "p95": 600.4640281044346,
      "min": 586.2793970942994,
      "max": 605.4556091662776
    },
    "simulations": 1000,
    "volatility": 0.1759
  }
}