{
  "ticker": "SPY",
  "timestamp": "2026-02-28T06:59:43.865781",
  "current_price": 595.35,
  "forecast_minutes": 60,
  "technical_indicators": {
    "rsi": 61.53,
    "macd": {
      "line": -1.5417,
      "signal": -1.3875,
      "histogram": -0.1542
    },
    "bollinger_bands": {
      "upper": 596.59,
      "middle": 580.04,
      "lower": 563.49
    }
  },
  "bsm_analysis": {
    "greeks": {
      "delta": 0.5399,
      "gamma": 0.01062,
      "theta": -0.2912,
      "vega": 0.6775,
      "rho": 0.2509
    },
    "atm_call_price": 16.19,
    "atm_put_price": 13.63,
    "implied_move": 0.55
  },
  "prediction": {
    "signal": "NEUTRAL",
    "score": -1,
    "confidence": 25.0,
    "reasons": [
      "MACD histogram negative (bearish momentum)"
    ],
    "target_price": 595.24,
    "support": 593.03,
    "resistance": 597.4
  },
  "simulation": {
    "statistics": {
      "mean": 595.2367012515568,
      "std": 3.2811188352997127,
      "p05": 589.7443519375798,
      "p25": 593.0313132454446,
      "p50": 595.1121134393654,
      "p75": 597.3961003955458,
      "p95": 600.7966031772252,
      "min": 585.1218443270208,
      "max": 605.3078526728005
    },
    "simulations": 1000,
    "volatility": 0.219
  }
}