{
  "ticker": "SPY",
  "timestamp": "2026-03-13T19:17:11.203823",
  "current_price": 593.98,
  "forecast_minutes": 60,
  "technical_indicators": {
    "rsi": 36.15,
    "macd": {
      "line": 0.5622,
      "signal": 0.506,
      "histogram": 0.0562
    },
    "bollinger_bands": {
      "upper": 613.6,
      "middle": 595.8,
      "lower": 578.0
    }
  },
  "bsm_analysis": {
    "greeks": {
      "delta": 0.5494,
      "gamma": 0.015927,
      "theta": -0.2093,
      "vega": 0.6741,
      "rho": 0.259
    },
    "atm_call_price": 11.23,
    "atm_put_price": 8.67,
    "implied_move": 0.36
  },
  "prediction": {
    "signal": "NEUTRAL",
    "score": 1,
    "confidence": 25.0,
    "reasons": [
      "MACD histogram positive (bullish momentum)"
    ],
    "target_price": 593.95,
    "support": 592.55,
    "resistance": 595.36
  },
  "simulation": {
    "statistics": {
      "mean": 593.9464092967111,
      "std": 2.1165614335851157,
      "p05": 590.4454482397302,
      "p25": 592.5479856918801,
      "p50": 593.9996476778443,
      "p75": 595.3599066826923,
      "p95": 597.4352470452484,
      "min": 587.6168388061074,
      "max": 601.3866380650138
    },
    "simulations": 1000,
    "volatility": 0.146
  }
}