{
  "ticker": "SPY",
  "timestamp": "2026-02-17T04:33:21.265927",
  "current_price": 596.81,
  "forecast_minutes": 60,
  "technical_indicators": {
    "rsi": 63.03,
    "macd": {
      "line": 5.8074,
      "signal": 5.2267,
      "histogram": 0.5807
    },
    "bollinger_bands": {
      "upper": 588.72,
      "middle": 564.96,
      "lower": 541.21
    }
  },
  "bsm_analysis": {
    "greeks": {
      "delta": 0.5372,
      "gamma": 0.006562,
      "theta": -0.4432,
      "vega": 0.6796,
      "rho": 0.2426
    },
    "atm_call_price": 25.39,
    "atm_put_price": 22.82,
    "implied_move": 0.89
  },
  "prediction": {
    "signal": "NEUTRAL",
    "score": 1,
    "confidence": 25.0,
    "reasons": [
      "MACD histogram positive (bullish momentum)"
    ],
    "target_price": 596.6,
    "support": 592.75,
    "resistance": 600.22
  },
  "simulation": {
    "statistics": {
      "mean": 596.5991921567805,
      "std": 5.301040666452514,
      "p05": 588.1507495730074,
      "p25": 592.7496109126731,
      "p50": 596.3887844504711,
      "p75": 600.220302109572,
      "p95": 605.918837194893,
      "min": 581.3864899421642,
      "max": 612.1771559254025
    },
    "simulations": 1000,
    "volatility": 0.3538
  }
}