{
  "ticker": "SPY",
  "timestamp": "2026-03-14T12:15:23.146954",
  "current_price": 597.63,
  "forecast_minutes": 60,
  "technical_indicators": {
    "rsi": 75.8,
    "macd": {
      "line": 9.6667,
      "signal": 8.7001,
      "histogram": 0.9667
    },
    "bollinger_bands": {
      "upper": 600.69,
      "middle": 576.04,
      "lower": 551.38
    }
  },
  "bsm_analysis": {
    "greeks": {
      "delta": 0.5419,
      "gamma": 0.011881,
      "theta": -0.2653,
      "vega": 0.6798,
      "rho": 0.2542
    },
    "atm_call_price": 14.62,
    "atm_put_price": 12.04,
    "implied_move": 0.48
  },
  "prediction": {
    "signal": "NEUTRAL",
    "score": -1,
    "confidence": 25.0,
    "reasons": [
      "RSI indicates overbought conditions",
      "MACD histogram positive (bullish momentum)"
    ],
    "target_price": 597.75,
    "support": 595.71,
    "resistance": 599.65
  },
  "simulation": {
    "statistics": {
      "mean": 597.7495380213081,
      "std": 2.8563074289087633,
      "p05": 593.1505201536208,
      "p25": 595.7147787826924,
      "p50": 597.8729121684687,
      "p75": 599.6535857691895,
      "p95": 602.2265131697969,
      "min": 586.9186284632077,
      "max": 606.2138331245853
    },
    "simulations": 1000,
    "volatility": 0.1949
  }
}