{
  "ticker": "SPY",
  "timestamp": "2026-02-14T09:35:54.437584",
  "current_price": 594.12,
  "forecast_minutes": 60,
  "technical_indicators": {
    "rsi": 53.82,
    "macd": {
      "line": 1.1966,
      "signal": 1.0769,
      "histogram": 0.1197
    },
    "bollinger_bands": {
      "upper": 601.26,
      "middle": 583.0,
      "lower": 564.73
    }
  },
  "bsm_analysis": {
    "greeks": {
      "delta": 0.5433,
      "gamma": 0.012778,
      "theta": -0.2496,
      "vega": 0.6755,
      "rho": 0.2541
    },
    "atm_call_price": 13.68,
    "atm_put_price": 11.12,
    "implied_move": 0.46
  },
  "prediction": {
    "signal": "NEUTRAL",
    "score": 1,
    "confidence": 25.0,
    "reasons": [
      "MACD histogram positive (bullish momentum)"
    ],
    "target_price": 594.18,
    "support": 592.31,
    "resistance": 596.04
  },
  "simulation": {
    "statistics": {
      "mean": 594.1848938551423,
      "std": 2.7244501316683367,
      "p05": 589.6707082533072,
      "p25": 592.3096176353197,
      "p50": 594.1998944152249,
      "p75": 596.0409389153858,
      "p95": 598.732784557631,
      "min": 584.2574272826265,
      "max": 602.967099743051
    },
    "simulations": 1000,
    "volatility": 0.1822
  }
}