{
  "ticker": "SPY",
  "timestamp": "2026-02-21T23:29:36.309654",
  "current_price": 597.54,
  "forecast_minutes": 60,
  "technical_indicators": {
    "rsi": 39.37,
    "macd": {
      "line": 0.1421,
      "signal": 0.1279,
      "histogram": 0.0142
    },
    "bollinger_bands": {
      "upper": 605.08,
      "middle": 597.92,
      "lower": 590.77
    }
  },
  "bsm_analysis": {
    "greeks": {
      "delta": 0.557,
      "gamma": 0.019333,
      "theta": -0.1809,
      "vega": 0.6764,
      "rho": 0.2658
    },
    "atm_call_price": 9.48,
    "atm_put_price": 6.91,
    "implied_move": 0.29
  },
  "prediction": {
    "signal": "NEUTRAL",
    "score": 1,
    "confidence": 25.0,
    "reasons": [
      "MACD histogram positive (bullish momentum)"
    ],
    "target_price": 597.55,
    "support": 596.38,
    "resistance": 598.72
  },
  "simulation": {
    "statistics": {
      "mean": 597.5524069908975,
      "std": 1.7328261447113975,
      "p05": 594.7660934111273,
      "p25": 596.3825550064379,
      "p50": 597.4807808713722,
      "p75": 598.7156751817781,
      "p95": 600.3677166679173,
      "min": 591.9402102095073,
      "max": 603.6501366597104
    },
    "simulations": 1000,
    "volatility": 0.1192
  }
}