{
  "ticker": "SPY",
  "timestamp": "2026-04-02T13:11:52.663390",
  "current_price": 594.08,
  "forecast_minutes": 60,
  "technical_indicators": {
    "rsi": 50.84,
    "macd": {
      "line": 1.5595,
      "signal": 1.4035,
      "histogram": 0.1559
    },
    "bollinger_bands": {
      "upper": 611.2,
      "middle": 595.24,
      "lower": 579.28
    }
  },
  "bsm_analysis": {
    "greeks": {
      "delta": 0.5446,
      "gamma": 0.013486,
      "theta": -0.2389,
      "vega": 0.6752,
      "rho": 0.2552
    },
    "atm_call_price": 13.02,
    "atm_put_price": 10.47,
    "implied_move": 0.42
  },
  "prediction": {
    "signal": "NEUTRAL",
    "score": 1,
    "confidence": 25.0,
    "reasons": [
      "MACD histogram positive (bullish momentum)"
    ],
    "target_price": 594.18,
    "support": 592.42,
    "resistance": 595.85
  },
  "simulation": {
    "statistics": {
      "mean": 594.1811955303682,
      "std": 2.473588833755599,
      "p05": 590.129400624215,
      "p25": 592.4218088726695,
      "p50": 594.285366788265,
      "p75": 595.8451168261097,
      "p95": 598.1384611802176,
      "min": 586.5892668604545,
      "max": 601.8750307202141
    },
    "simulations": 1000,
    "volatility": 0.1726
  }
}