{
  "ticker": "SPY",
  "timestamp": "2026-02-21T13:47:11.370240",
  "current_price": 592.83,
  "forecast_minutes": 60,
  "technical_indicators": {
    "rsi": 67.83,
    "macd": {
      "line": 2.0217,
      "signal": 1.8196,
      "histogram": 0.2022
    },
    "bollinger_bands": {
      "upper": 571.52,
      "middle": 547.93,
      "lower": 524.34
    }
  },
  "bsm_analysis": {
    "greeks": {
      "delta": 0.5382,
      "gamma": 0.005573,
      "theta": -0.5132,
      "vega": 0.6749,
      "rho": 0.2379
    },
    "atm_call_price": 29.64,
    "atm_put_price": 27.09,
    "implied_move": 1.01
  },
  "prediction": {
    "signal": "NEUTRAL",
    "score": 1,
    "confidence": 25.0,
    "reasons": [
      "MACD histogram positive (bullish momentum)"
    ],
    "target_price": 592.91,
    "support": 588.58,
    "resistance": 597.07
  },
  "simulation": {
    "statistics": {
      "mean": 592.9060916878616,
      "std": 5.995986270180513,
      "p05": 583.3603347595114,
      "p25": 588.5841716831837,
      "p50": 592.8971669379409,
      "p75": 597.0667155501392,
      "p95": 603.000965320788,
      "min": 575.8603859531256,
      "max": 613.085379061446
    },
    "simulations": 1000,
    "volatility": 0.4192
  }
}