{
  "ticker": "SPY",
  "timestamp": "2026-02-19T05:47:35.395990",
  "current_price": 593.89,
  "forecast_minutes": 60,
  "technical_indicators": {
    "rsi": 54.95,
    "macd": {
      "line": -1.5297,
      "signal": -1.3767,
      "histogram": -0.153
    },
    "bollinger_bands": {
      "upper": 594.61,
      "middle": 583.38,
      "lower": 572.14
    }
  },
  "bsm_analysis": {
    "greeks": {
      "delta": 0.5403,
      "gamma": 0.010949,
      "theta": -0.2837,
      "vega": 0.6758,
      "rho": 0.2508
    },
    "atm_call_price": 15.74,
    "atm_put_price": 13.19,
    "implied_move": 0.53
  },
  "prediction": {
    "signal": "NEUTRAL",
    "score": -1,
    "confidence": 25.0,
    "reasons": [
      "MACD histogram negative (bearish momentum)"
    ],
    "target_price": 593.97,
    "support": 591.81,
    "resistance": 595.95
  },
  "simulation": {
    "statistics": {
      "mean": 593.9727380322406,
      "std": 3.135758793181099,
      "p05": 588.7862038597289,
      "p25": 591.8103190169279,
      "p50": 593.9891836992329,
      "p75": 595.9479243194494,
      "p95": 599.2496946773634,
      "min": 584.1044298596861,
      "max": 604.7713835789879
    },
    "simulations": 1000,
    "volatility": 0.2129
  }
}