{
  "ticker": "SPY",
  "timestamp": "2026-03-18T07:10:30.732157",
  "current_price": 592.37,
  "forecast_minutes": 60,
  "technical_indicators": {
    "rsi": 47.62,
    "macd": {
      "line": 3.2642,
      "signal": 2.9378,
      "histogram": 0.3264
    },
    "bollinger_bands": {
      "upper": 610.67,
      "middle": 594.26,
      "lower": 577.84
    }
  },
  "bsm_analysis": {
    "greeks": {
      "delta": 0.5503,
      "gamma": 0.016422,
      "theta": -0.2043,
      "vega": 0.6721,
      "rho": 0.259
    },
    "atm_call_price": 10.92,
    "atm_put_price": 8.37,
    "implied_move": 0.33
  },
  "prediction": {
    "signal": "NEUTRAL",
    "score": 1,
    "confidence": 25.0,
    "reasons": [
      "MACD histogram positive (bullish momentum)"
    ],
    "target_price": 592.42,
    "support": 591.03,
    "resistance": 593.75
  },
  "simulation": {
    "statistics": {
      "mean": 592.4234434078978,
      "std": 1.9678782089628433,
      "p05": 589.3074315100631,
      "p25": 591.0336273646853,
      "p50": 592.4804312879121,
      "p75": 593.7479665920523,
      "p95": 595.7015766271719,
      "min": 586.8000916039986,
      "max": 600.4353232277687
    },
    "simulations": 1000,
    "volatility": 0.1419
  }
}