{
  "ticker": "SPY",
  "timestamp": "2026-02-20T03:12:11.727590",
  "current_price": 595.78,
  "forecast_minutes": 60,
  "technical_indicators": {
    "rsi": 31.18,
    "macd": {
      "line": 3.7491,
      "signal": 3.3742,
      "histogram": 0.3749
    },
    "bollinger_bands": {
      "upper": 681.55,
      "middle": 646.49,
      "lower": 611.43
    }
  },
  "bsm_analysis": {
    "greeks": {
      "delta": 0.5397,
      "gamma": 0.0049,
      "theta": -0.5774,
      "vega": 0.678,
      "rho": 0.2367
    },
    "atm_call_price": 33.52,
    "atm_put_price": 30.96,
    "implied_move": 1.14
  },
  "prediction": {
    "signal": "NEUTRAL",
    "score": 1,
    "confidence": 25.0,
    "reasons": [
      "MACD histogram positive (bullish momentum)"
    ],
    "target_price": 595.75,
    "support": 591.1,
    "resistance": 600.43
  },
  "simulation": {
    "statistics": {
      "mean": 595.7509529870118,
      "std": 6.81981423248982,
      "p05": 584.675980343393,
      "p25": 591.1026508363741,
      "p50": 595.9014603212914,
      "p75": 600.4252840862837,
      "p95": 606.7958231058271,
      "min": 575.6336396544688,
      "max": 616.9506235628307
    },
    "simulations": 1000,
    "volatility": 0.4743
  }
}