{
  "ticker": "SPY",
  "timestamp": "2026-02-23T07:38:25.925183",
  "current_price": 595.57,
  "forecast_minutes": 60,
  "technical_indicators": {
    "rsi": 60.78,
    "macd": {
      "line": -0.6223,
      "signal": -0.5601,
      "histogram": -0.0622
    },
    "bollinger_bands": {
      "upper": 598.66,
      "middle": 588.12,
      "lower": 577.58
    }
  },
  "bsm_analysis": {
    "greeks": {
      "delta": 0.5453,
      "gamma": 0.013833,
      "theta": -0.2342,
      "vega": 0.6768,
      "rho": 0.2565
    },
    "atm_call_price": 12.73,
    "atm_put_price": 10.17,
    "implied_move": 0.42
  },
  "prediction": {
    "signal": "NEUTRAL",
    "score": -1,
    "confidence": 25.0,
    "reasons": [
      "MACD histogram negative (bearish momentum)"
    ],
    "target_price": 595.54,
    "support": 593.85,
    "resistance": 597.11
  },
  "simulation": {
    "statistics": {
      "mean": 595.544778535403,
      "std": 2.5185934743264506,
      "p05": 591.433882278078,
      "p25": 593.8472731845964,
      "p50": 595.6023742054966,
      "p75": 597.11346831982,
      "p95": 599.7053925885766,
      "min": 587.4846625718203,
      "max": 603.4457724131657
    },
    "simulations": 1000,
    "volatility": 0.1678
  }
}