{
  "ticker": "SPY",
  "timestamp": "2026-03-28T22:46:30.742797",
  "current_price": 597.61,
  "forecast_minutes": 60,
  "technical_indicators": {
    "rsi": 34.17,
    "macd": {
      "line": 2.8464,
      "signal": 2.5618,
      "histogram": 0.2846
    },
    "bollinger_bands": {
      "upper": 632.54,
      "middle": 617.25,
      "lower": 601.97
    }
  },
  "bsm_analysis": {
    "greeks": {
      "delta": 0.5388,
      "gamma": 0.009793,
      "theta": -0.3121,
      "vega": 0.6803,
      "rho": 0.2503
    },
    "atm_call_price": 17.46,
    "atm_put_price": 14.88,
    "implied_move": 0.58
  },
  "prediction": {
    "signal": "NEUTRAL",
    "score": 1,
    "confidence": 25.0,
    "reasons": [
      "MACD histogram positive (bullish momentum)"
    ],
    "target_price": 597.49,
    "support": 595.2,
    "resistance": 599.75
  },
  "simulation": {
    "statistics": {
      "mean": 597.4881694993857,
      "std": 3.453974344036731,
      "p05": 591.8425746762268,
      "p25": 595.201034520512,
      "p50": 597.5206716407029,
      "p75": 599.7492267419658,
      "p95": 603.0976096267135,
      "min": 584.3351561930403,
      "max": 607.6226953117085
    },
    "simulations": 1000,
    "volatility": 0.2366
  }
}