{
  "ticker": "SPY",
  "timestamp": "2026-03-23T16:34:50.146024",
  "current_price": 597.74,
  "forecast_minutes": 60,
  "technical_indicators": {
    "rsi": 43.05,
    "macd": {
      "line": -5.7084,
      "signal": -5.1376,
      "histogram": -0.5708
    },
    "bollinger_bands": {
      "upper": 624.94,
      "middle": 599.81,
      "lower": 574.69
    }
  },
  "bsm_analysis": {
    "greeks": {
      "delta": 0.5395,
      "gamma": 0.010283,
      "theta": -0.2994,
      "vega": 0.6803,
      "rho": 0.2513
    },
    "atm_call_price": 16.69,
    "atm_put_price": 14.11,
    "implied_move": 0.56
  },
  "prediction": {
    "signal": "NEUTRAL",
    "score": -1,
    "confidence": 25.0,
    "reasons": [
      "MACD histogram negative (bearish momentum)"
    ],
    "target_price": 597.72,
    "support": 595.47,
    "resistance": 600.08
  },
  "simulation": {
    "statistics": {
      "mean": 597.7196158009938,
      "std": 3.3659878349070698,
      "p05": 592.0910903079405,
      "p25": 595.4735426327195,
      "p50": 597.6753135091956,
      "p75": 600.0843211379636,
      "p95": 603.1753811615316,
      "min": 587.1718777875395,
      "max": 608.7251096010184
    },
    "simulations": 1000,
    "volatility": 0.2253
  }
}