{
  "ticker": "SPY",
  "timestamp": "2026-03-06T10:15:14.889614",
  "current_price": 594.03,
  "forecast_minutes": 60,
  "technical_indicators": {
    "rsi": 34.75,
    "macd": {
      "line": -3.0997,
      "signal": -2.7898,
      "histogram": -0.31
    },
    "bollinger_bands": {
      "upper": 617.33,
      "middle": 594.96,
      "lower": 572.58
    }
  },
  "bsm_analysis": {
    "greeks": {
      "delta": 0.5532,
      "gamma": 0.017751,
      "theta": -0.1926,
      "vega": 0.6734,
      "rho": 0.2617
    },
    "atm_call_price": 10.2,
    "atm_put_price": 7.65,
    "implied_move": 0.32
  },
  "prediction": {
    "signal": "NEUTRAL",
    "score": -1,
    "confidence": 25.0,
    "reasons": [
      "MACD histogram negative (bearish momentum)"
    ],
    "target_price": 594.04,
    "support": 592.66,
    "resistance": 595.44
  },
  "simulation": {
    "statistics": {
      "mean": 594.0429332787102,
      "std": 1.9303725288291547,
      "p05": 590.8611375938091,
      "p25": 592.6551625218918,
      "p50": 594.0452482326168,
      "p75": 595.4391660447546,
      "p95": 597.2258228944723,
      "min": 587.9875561241763,
      "max": 599.7717827669082
    },
    "simulations": 1000,
    "volatility": 0.1308
  }
}