{
  "ticker": "SPY",
  "timestamp": "2026-02-17T08:59:47.934886",
  "current_price": 596.97,
  "forecast_minutes": 60,
  "technical_indicators": {
    "rsi": 70.35,
    "macd": {
      "line": -1.4146,
      "signal": -1.2731,
      "histogram": -0.1415
    },
    "bollinger_bands": {
      "upper": 577.8,
      "middle": 555.31,
      "lower": 532.82
    }
  },
  "bsm_analysis": {
    "greeks": {
      "delta": 0.5374,
      "gamma": 0.006244,
      "theta": -0.4634,
      "vega": 0.6798,
      "rho": 0.2418
    },
    "atm_call_price": 26.62,
    "atm_put_price": 24.05,
    "implied_move": 0.91
  },
  "prediction": {
    "signal": "BEARISH",
    "score": -3,
    "confidence": 75.0,
    "reasons": [
      "RSI indicates overbought conditions",
      "MACD histogram negative (bearish momentum)"
    ],
    "target_price": 597.01,
    "support": 593.39,
    "resistance": 600.62
  },
  "simulation": {
    "statistics": {
      "mean": 597.010085376311,
      "std": 5.450128086496694,
      "p05": 588.092464335564,
      "p25": 593.394733377659,
      "p50": 597.1202860420046,
      "p75": 600.6208504397049,
      "p95": 605.826138706182,
      "min": 576.1391236042115,
      "max": 616.8266594255953
    },
    "simulations": 1000,
    "volatility": 0.3717
  }
}