{
  "ticker": "SPY",
  "timestamp": "2026-02-20T22:39:24.250514",
  "current_price": 593.42,
  "forecast_minutes": 60,
  "technical_indicators": {
    "rsi": 56.2,
    "macd": {
      "line": -6.0436,
      "signal": -5.4392,
      "histogram": -0.6044
    },
    "bollinger_bands": {
      "upper": 599.95,
      "middle": 568.84,
      "lower": 537.74
    }
  },
  "bsm_analysis": {
    "greeks": {
      "delta": 0.5371,
      "gamma": 0.007561,
      "theta": -0.3905,
      "vega": 0.6758,
      "rho": 0.2437
    },
    "atm_call_price": 22.21,
    "atm_put_price": 19.65,
    "implied_move": 0.72
  },
  "prediction": {
    "signal": "NEUTRAL",
    "score": -1,
    "confidence": 25.0,
    "reasons": [
      "MACD histogram negative (bearish momentum)"
    ],
    "target_price": 593.56,
    "support": 590.55,
    "resistance": 596.62
  },
  "simulation": {
    "statistics": {
      "mean": 593.5564826062997,
      "std": 4.297356465365487,
      "p05": 586.6163648911674,
      "p25": 590.5547583813308,
      "p50": 593.6438193658859,
      "p75": 596.6244919800406,
      "p95": 600.4662163386294,
      "min": 579.8042004382651,
      "max": 606.8473409161714
    },
    "simulations": 1000,
    "volatility": 0.3088
  }
}