{
  "ticker": "SPY",
  "timestamp": "2026-04-01T03:53:26.667784",
  "current_price": 597.45,
  "forecast_minutes": 60,
  "technical_indicators": {
    "rsi": 56.76,
    "macd": {
      "line": 3.9577,
      "signal": 3.562,
      "histogram": 0.3958
    },
    "bollinger_bands": {
      "upper": 611.0,
      "middle": 593.64,
      "lower": 576.29
    }
  },
  "bsm_analysis": {
    "greeks": {
      "delta": 0.546,
      "gamma": 0.014139,
      "theta": -0.2302,
      "vega": 0.6788,
      "rho": 0.2578
    },
    "atm_call_price": 12.49,
    "atm_put_price": 9.92,
    "implied_move": 0.41
  },
  "prediction": {
    "signal": "NEUTRAL",
    "score": 1,
    "confidence": 25.0,
    "reasons": [
      "MACD histogram positive (bullish momentum)"
    ],
    "target_price": 597.39,
    "support": 595.74,
    "resistance": 599.13
  },
  "simulation": {
    "statistics": {
      "mean": 597.3939913652888,
      "std": 2.422763351405154,
      "p05": 593.4710387969454,
      "p25": 595.742714652371,
      "p50": 597.3683974776588,
      "p75": 599.1271494904095,
      "p95": 601.4729529556056,
      "min": 589.6528606425989,
      "max": 606.330569337725
    },
    "simulations": 1000,
    "volatility": 0.1636
  }
}