{
  "ticker": "SPY",
  "timestamp": "2026-02-09T07:39:27.971653",
  "current_price": 592.93,
  "forecast_minutes": 60,
  "technical_indicators": {
    "rsi": 76.23,
    "macd": {
      "line": 8.9026,
      "signal": 8.0124,
      "histogram": 0.8903
    },
    "bollinger_bands": {
      "upper": 608.37,
      "middle": 579.67,
      "lower": 550.97
    }
  },
  "bsm_analysis": {
    "greeks": {
      "delta": 0.551,
      "gamma": 0.016764,
      "theta": -0.2011,
      "vega": 0.6726,
      "rho": 0.2597
    },
    "atm_call_price": 10.73,
    "atm_put_price": 8.17,
    "implied_move": 0.36
  },
  "prediction": {
    "signal": "NEUTRAL",
    "score": -1,
    "confidence": 25.0,
    "reasons": [
      "RSI indicates overbought conditions",
      "MACD histogram positive (bullish momentum)"
    ],
    "target_price": 592.97,
    "support": 591.56,
    "resistance": 594.35
  },
  "simulation": {
    "statistics": {
      "mean": 592.9682715260528,
      "std": 2.108892109514057,
      "p05": 589.4957085021802,
      "p25": 591.562130128528,
      "p50": 593.0513953137095,
      "p75": 594.3457324558653,
      "p95": 596.1937106654864,
      "min": 585.9981646026705,
      "max": 599.4661284663171
    },
    "simulations": 1000,
    "volatility": 0.1388
  }
}