{
  "ticker": "SPY",
  "timestamp": "2026-02-17T15:09:40.011863",
  "current_price": 594.95,
  "forecast_minutes": 60,
  "technical_indicators": {
    "rsi": 63.99,
    "macd": {
      "line": 4.3359,
      "signal": 3.9023,
      "histogram": 0.4336
    },
    "bollinger_bands": {
      "upper": 612.7,
      "middle": 595.65,
      "lower": 578.61
    }
  },
  "bsm_analysis": {
    "greeks": {
      "delta": 0.55,
      "gamma": 0.016225,
      "theta": -0.2064,
      "vega": 0.6751,
      "rho": 0.2599
    },
    "atm_call_price": 11.04,
    "atm_put_price": 8.48,
    "implied_move": 0.36
  },
  "prediction": {
    "signal": "NEUTRAL",
    "score": 1,
    "confidence": 25.0,
    "reasons": [
      "MACD histogram positive (bullish momentum)"
    ],
    "target_price": 595.05,
    "support": 593.55,
    "resistance": 596.46
  },
  "simulation": {
    "statistics": {
      "mean": 595.0474042996962,
      "std": 2.1537908852397525,
      "p05": 591.4583380714032,
      "p25": 593.554850390378,
      "p50": 595.1296006085001,
      "p75": 596.4631813450877,
      "p95": 598.481842751757,
      "min": 587.515473206461,
      "max": 602.4591312956325
    },
    "simulations": 1000,
    "volatility": 0.143
  }
}