{
  "ticker": "SPY",
  "timestamp": "2026-03-21T09:33:25.740732",
  "current_price": 595.59,
  "forecast_minutes": 60,
  "technical_indicators": {
    "rsi": 71.53,
    "macd": {
      "line": 4.4485,
      "signal": 4.0036,
      "histogram": 0.4448
    },
    "bollinger_bands": {
      "upper": 595.96,
      "middle": 580.64,
      "lower": 565.33
    }
  },
  "bsm_analysis": {
    "greeks": {
      "delta": 0.5468,
      "gamma": 0.014624,
      "theta": -0.224,
      "vega": 0.6765,
      "rho": 0.2577
    },
    "atm_call_price": 12.11,
    "atm_put_price": 9.55,
    "implied_move": 0.39
  },
  "prediction": {
    "signal": "NEUTRAL",
    "score": -1,
    "confidence": 25.0,
    "reasons": [
      "RSI indicates overbought conditions",
      "MACD histogram positive (bullish momentum)"
    ],
    "target_price": 595.6,
    "support": 594.05,
    "resistance": 597.14
  },
  "simulation": {
    "statistics": {
      "mean": 595.6049641615765,
      "std": 2.2995660635591797,
      "p05": 591.8653655276274,
      "p25": 594.0486711918327,
      "p50": 595.6088190018663,
      "p75": 597.1364294850907,
      "p95": 599.4934524590054,
      "min": 587.5591299005346,
      "max": 602.9896756467508
    },
    "simulations": 1000,
    "volatility": 0.1587
  }
}