{
  "ticker": "SPY",
  "timestamp": "2026-04-13T17:08:02.274282",
  "current_price": 596.78,
  "forecast_minutes": 60,
  "technical_indicators": {
    "rsi": 68.26,
    "macd": {
      "line": 4.6584,
      "signal": 4.1926,
      "histogram": 0.4658
    },
    "bollinger_bands": {
      "upper": 587.11,
      "middle": 570.76,
      "lower": 554.42
    }
  },
  "bsm_analysis": {
    "greeks": {
      "delta": 0.546,
      "gamma": 0.014159,
      "theta": -0.2299,
      "vega": 0.678,
      "rho": 0.2575
    },
    "atm_call_price": 12.47,
    "atm_put_price": 9.9,
    "implied_move": 0.41
  },
  "prediction": {
    "signal": "NEUTRAL",
    "score": 1,
    "confidence": 25.0,
    "reasons": [
      "MACD histogram positive (bullish momentum)"
    ],
    "target_price": 596.84,
    "support": 595.13,
    "resistance": 598.47
  },
  "simulation": {
    "statistics": {
      "mean": 596.8445692279586,
      "std": 2.472039270333712,
      "p05": 592.6471187181874,
      "p25": 595.1317798426956,
      "p50": 596.8813954947989,
      "p75": 598.4707321207879,
      "p95": 601.1139286145682,
      "min": 589.8176402584274,
      "max": 603.7083233961895
    },
    "simulations": 1000,
    "volatility": 0.1636
  }
}