{
  "ticker": "SPY",
  "timestamp": "2026-04-04T20:37:18.647052",
  "current_price": 594.97,
  "forecast_minutes": 60,
  "technical_indicators": {
    "rsi": 80.64,
    "macd": {
      "line": 8.4249,
      "signal": 7.5824,
      "histogram": 0.8425
    },
    "bollinger_bands": {
      "upper": 597.79,
      "middle": 570.66,
      "lower": 543.52
    }
  },
  "bsm_analysis": {
    "greeks": {
      "delta": 0.5411,
      "gamma": 0.011431,
      "theta": -0.2737,
      "vega": 0.6769,
      "rho": 0.2522
    },
    "atm_call_price": 15.14,
    "atm_put_price": 12.57,
    "implied_move": 0.53
  },
  "prediction": {
    "signal": "NEUTRAL",
    "score": -1,
    "confidence": 25.0,
    "reasons": [
      "RSI indicates overbought conditions",
      "MACD histogram positive (bullish momentum)"
    ],
    "target_price": 595.14,
    "support": 592.93,
    "resistance": 597.24
  },
  "simulation": {
    "statistics": {
      "mean": 595.1409451028807,
      "std": 3.124691809160265,
      "p05": 590.0752616662638,
      "p25": 592.9297633220242,
      "p50": 595.1395339021578,
      "p75": 597.2418724269344,
      "p95": 600.3090966330474,
      "min": 584.6052527545955,
      "max": 604.802174015252
    },
    "simulations": 1000,
    "volatility": 0.2035
  }
}