{
  "ticker": "SPY",
  "timestamp": "2026-04-10T06:16:39.111518",
  "current_price": 594.82,
  "forecast_minutes": 60,
  "technical_indicators": {
    "rsi": 51.56,
    "macd": {
      "line": 0.2801,
      "signal": 0.252,
      "histogram": 0.028
    },
    "bollinger_bands": {
      "upper": 603.25,
      "middle": 588.47,
      "lower": 573.69
    }
  },
  "bsm_analysis": {
    "greeks": {
      "delta": 0.5514,
      "gamma": 0.016885,
      "theta": -0.2001,
      "vega": 0.6747,
      "rho": 0.2608
    },
    "atm_call_price": 10.66,
    "atm_put_price": 8.1,
    "implied_move": 0.34
  },
  "prediction": {
    "signal": "NEUTRAL",
    "score": 1,
    "confidence": 25.0,
    "reasons": [
      "MACD histogram positive (bullish momentum)"
    ],
    "target_price": 594.8,
    "support": 593.58,
    "resistance": 596.12
  },
  "simulation": {
    "statistics": {
      "mean": 594.8011700441558,
      "std": 2.0116512434822393,
      "p05": 591.5462188972067,
      "p25": 593.5770623342864,
      "p50": 594.6534881829834,
      "p75": 596.1212326952548,
      "p95": 598.2033279707441,
      "min": 587.4752993306462,
      "max": 603.9509303740897
    },
    "simulations": 1000,
    "volatility": 0.1374
  }
}