{
  "ticker": "SPY",
  "timestamp": "2026-03-07T12:13:51.503512",
  "current_price": 593.46,
  "forecast_minutes": 60,
  "technical_indicators": {
    "rsi": 48.97,
    "macd": {
      "line": 10.6741,
      "signal": 9.6067,
      "histogram": 1.0674
    },
    "bollinger_bands": {
      "upper": 661.45,
      "middle": 616.28,
      "lower": 571.11
    }
  },
  "bsm_analysis": {
    "greeks": {
      "delta": 0.537,
      "gamma": 0.007257,
      "theta": -0.4049,
      "vega": 0.6758,
      "rho": 0.243
    },
    "atm_call_price": 23.08,
    "atm_put_price": 20.53,
    "implied_move": 0.78
  },
  "prediction": {
    "signal": "NEUTRAL",
    "score": 1,
    "confidence": 25.0,
    "reasons": [
      "MACD histogram positive (bullish momentum)"
    ],
    "target_price": 593.53,
    "support": 590.4,
    "resistance": 596.75
  },
  "simulation": {
    "statistics": {
      "mean": 593.5260493791823,
      "std": 4.624693657942007,
      "p05": 585.9729748161968,
      "p25": 590.4009769836756,
      "p50": 593.3645284353195,
      "p75": 596.7547763515056,
      "p95": 601.3194809215695,
      "min": 580.0758805729341,
      "max": 606.9455048409047
    },
    "simulations": 1000,
    "volatility": 0.3217
  }
}