{
  "ticker": "SPY",
  "timestamp": "2026-04-09T10:15:50.033605",
  "current_price": 592.28,
  "forecast_minutes": 60,
  "technical_indicators": {
    "rsi": 56.1,
    "macd": {
      "line": -4.8094,
      "signal": -4.3285,
      "histogram": -0.4809
    },
    "bollinger_bands": {
      "upper": 594.92,
      "middle": 566.74,
      "lower": 538.56
    }
  },
  "bsm_analysis": {
    "greeks": {
      "delta": 0.5376,
      "gamma": 0.006068,
      "theta": -0.4751,
      "vega": 0.6744,
      "rho": 0.2392
    },
    "atm_call_price": 27.34,
    "atm_put_price": 24.79,
    "implied_move": 0.93
  },
  "prediction": {
    "signal": "NEUTRAL",
    "score": -1,
    "confidence": 25.0,
    "reasons": [
      "MACD histogram negative (bearish momentum)"
    ],
    "target_price": 592.22,
    "support": 588.33,
    "resistance": 595.93
  },
  "simulation": {
    "statistics": {
      "mean": 592.2168904431129,
      "std": 5.51193973734167,
      "p05": 583.1907652796937,
      "p25": 588.3331515485531,
      "p50": 592.1612833145603,
      "p75": 595.9325475048408,
      "p95": 601.4242102162956,
      "min": 575.1242871786208,
      "max": 610.3675589575483
    },
    "simulations": 1000,
    "volatility": 0.3855
  }
}