{
  "ticker": "SPY",
  "timestamp": "2026-03-07T09:55:29.128031",
  "current_price": 595.57,
  "forecast_minutes": 60,
  "technical_indicators": {
    "rsi": 56.5,
    "macd": {
      "line": 2.1101,
      "signal": 1.8991,
      "histogram": 0.211
    },
    "bollinger_bands": {
      "upper": 596.07,
      "middle": 583.92,
      "lower": 571.77
    }
  },
  "bsm_analysis": {
    "greeks": {
      "delta": 0.5411,
      "gamma": 0.011434,
      "theta": -0.2737,
      "vega": 0.6776,
      "rho": 0.2524
    },
    "atm_call_price": 15.13,
    "atm_put_price": 12.57,
    "implied_move": 0.5
  },
  "prediction": {
    "signal": "NEUTRAL",
    "score": 1,
    "confidence": 25.0,
    "reasons": [
      "MACD histogram positive (bullish momentum)"
    ],
    "target_price": 595.7,
    "support": 593.62,
    "resistance": 597.77
  },
  "simulation": {
    "statistics": {
      "mean": 595.6976238483797,
      "std": 2.97658318545785,
      "p05": 590.9416315919011,
      "p25": 593.6206701708968,
      "p50": 595.6093471355204,
      "p75": 597.7663113024664,
      "p95": 600.4026113586,
      "min": 585.8995573368405,
      "max": 605.2568074212113
    },
    "simulations": 1000,
    "volatility": 0.2033
  }
}