{
  "ticker": "SPY",
  "timestamp": "2026-03-22T18:13:21.454425",
  "current_price": 597.67,
  "forecast_minutes": 60,
  "technical_indicators": {
    "rsi": 68.5,
    "macd": {
      "line": 7.8396,
      "signal": 7.0557,
      "histogram": 0.784
    },
    "bollinger_bands": {
      "upper": 620.9,
      "middle": 593.95,
      "lower": 567.01
    }
  },
  "bsm_analysis": {
    "greeks": {
      "delta": 0.5545,
      "gamma": 0.018237,
      "theta": -0.189,
      "vega": 0.6772,
      "rho": 0.2642
    },
    "atm_call_price": 9.97,
    "atm_put_price": 7.4,
    "implied_move": 0.3
  },
  "prediction": {
    "signal": "NEUTRAL",
    "score": 1,
    "confidence": 25.0,
    "reasons": [
      "MACD histogram positive (bullish momentum)"
    ],
    "target_price": 597.7,
    "support": 596.47,
    "resistance": 598.92
  },
  "simulation": {
    "statistics": {
      "mean": 597.7024350404511,
      "std": 1.7808643818915448,
      "p05": 594.9841958384152,
      "p25": 596.4706341308658,
      "p50": 597.6457838052368,
      "p75": 598.919252528305,
      "p95": 600.6350532532524,
      "min": 591.0171760797905,
      "max": 603.4124848024998
    },
    "simulations": 1000,
    "volatility": 0.1265
  }
}