{
  "ticker": "SPY",
  "timestamp": "2026-02-22T21:00:42.933929",
  "current_price": 595.96,
  "forecast_minutes": 60,
  "technical_indicators": {
    "rsi": 67.32,
    "macd": {
      "line": -0.1501,
      "signal": -0.1351,
      "histogram": -0.015
    },
    "bollinger_bands": {
      "upper": 583.04,
      "middle": 563.4,
      "lower": 543.76
    }
  },
  "bsm_analysis": {
    "greeks": {
      "delta": 0.5372,
      "gamma": 0.006409,
      "theta": -0.4526,
      "vega": 0.6786,
      "rho": 0.2418
    },
    "atm_call_price": 25.96,
    "atm_put_price": 23.4,
    "implied_move": 0.9
  },
  "prediction": {
    "signal": "NEUTRAL",
    "score": -1,
    "confidence": 25.0,
    "reasons": [
      "MACD histogram negative (bearish momentum)"
    ],
    "target_price": 595.84,
    "support": 592.25,
    "resistance": 599.46
  },
  "simulation": {
    "statistics": {
      "mean": 595.8391939622518,
      "std": 5.391382675307512,
      "p05": 587.0017139164214,
      "p25": 592.2523721639408,
      "p50": 595.738805097179,
      "p75": 599.4627261265391,
      "p95": 605.1899283639174,
      "min": 581.1254344237068,
      "max": 612.3622848521236
    },
    "simulations": 1000,
    "volatility": 0.3627
  }
}