{
  "ticker": "SPY",
  "timestamp": "2026-03-14T12:34:32.149319",
  "current_price": 596.06,
  "forecast_minutes": 60,
  "technical_indicators": {
    "rsi": 75.92,
    "macd": {
      "line": 7.0774,
      "signal": 6.3696,
      "histogram": 0.7077
    },
    "bollinger_bands": {
      "upper": 576.74,
      "middle": 551.14,
      "lower": 525.54
    }
  },
  "bsm_analysis": {
    "greeks": {
      "delta": 0.537,
      "gamma": 0.007405,
      "theta": -0.3979,
      "vega": 0.6788,
      "rho": 0.2445
    },
    "atm_call_price": 22.65,
    "atm_put_price": 20.09,
    "implied_move": 0.78
  },
  "prediction": {
    "signal": "NEUTRAL",
    "score": -1,
    "confidence": 25.0,
    "reasons": [
      "RSI indicates overbought conditions",
      "MACD histogram positive (bullish momentum)"
    ],
    "target_price": 596.19,
    "support": 593.01,
    "resistance": 599.46
  },
  "simulation": {
    "statistics": {
      "mean": 596.1870980176847,
      "std": 4.640531526190878,
      "p05": 588.5194080772183,
      "p25": 593.0119798470425,
      "p50": 595.9929853075345,
      "p75": 599.4582305561528,
      "p95": 604.0708506712164,
      "min": 580.4000888383397,
      "max": 614.2781384491018
    },
    "simulations": 1000,
    "volatility": 0.3139
  }
}