{
  "ticker": "SPY",
  "timestamp": "2026-03-06T21:45:23.060547",
  "current_price": 592.58,
  "forecast_minutes": 60,
  "technical_indicators": {
    "rsi": 47.66,
    "macd": {
      "line": -0.3939,
      "signal": -0.3545,
      "histogram": -0.0394
    },
    "bollinger_bands": {
      "upper": 609.43,
      "middle": 596.74,
      "lower": 584.05
    }
  },
  "bsm_analysis": {
    "greeks": {
      "delta": 0.5451,
      "gamma": 0.013808,
      "theta": -0.2343,
      "vega": 0.6734,
      "rho": 0.255
    },
    "atm_call_price": 12.75,
    "atm_put_price": 10.2,
    "implied_move": 0.42
  },
  "prediction": {
    "signal": "NEUTRAL",
    "score": -1,
    "confidence": 25.0,
    "reasons": [
      "MACD histogram negative (bearish momentum)"
    ],
    "target_price": 592.52,
    "support": 590.84,
    "resistance": 594.19
  },
  "simulation": {
    "statistics": {
      "mean": 592.5220110007193,
      "std": 2.501657702379215,
      "p05": 588.4560761391515,
      "p25": 590.8365823909512,
      "p50": 592.5236341394047,
      "p75": 594.1909735403657,
      "p95": 596.6660070297143,
      "min": 584.5185222131271,
      "max": 601.1322872153078
    },
    "simulations": 1000,
    "volatility": 0.169
  }
}