{
  "ticker": "SPY",
  "timestamp": "2026-02-28T23:26:34.257726",
  "current_price": 597.04,
  "forecast_minutes": 60,
  "technical_indicators": {
    "rsi": 71.44,
    "macd": {
      "line": 2.2591,
      "signal": 2.0332,
      "histogram": 0.2259
    },
    "bollinger_bands": {
      "upper": 578.25,
      "middle": 558.94,
      "lower": 539.63
    }
  },
  "bsm_analysis": {
    "greeks": {
      "delta": 0.5371,
      "gamma": 0.006761,
      "theta": -0.4315,
      "vega": 0.6799,
      "rho": 0.2433
    },
    "atm_call_price": 24.69,
    "atm_put_price": 22.12,
    "implied_move": 0.81
  },
  "prediction": {
    "signal": "NEUTRAL",
    "score": -1,
    "confidence": 25.0,
    "reasons": [
      "RSI indicates overbought conditions",
      "MACD histogram positive (bullish momentum)"
    ],
    "target_price": 596.84,
    "support": 593.7,
    "resistance": 600.0
  },
  "simulation": {
    "statistics": {
      "mean": 596.8429577823971,
      "std": 4.86130433583864,
      "p05": 589.0363446826387,
      "p25": 593.7022468008911,
      "p50": 596.8032174366977,
      "p75": 600.0002496667926,
      "p95": 605.1068460031064,
      "min": 582.1553333416817,
      "max": 615.2215619527788
    },
    "simulations": 1000,
    "volatility": 0.3432
  }
}