{
  "ticker": "SPY",
  "timestamp": "2026-02-15T14:32:11.765737",
  "current_price": 592.84,
  "forecast_minutes": 60,
  "technical_indicators": {
    "rsi": 44.29,
    "macd": {
      "line": -3.8379,
      "signal": -3.4541,
      "histogram": -0.3838
    },
    "bollinger_bands": {
      "upper": 614.03,
      "middle": 596.36,
      "lower": 578.69
    }
  },
  "bsm_analysis": {
    "greeks": {
      "delta": 0.5403,
      "gamma": 0.010968,
      "theta": -0.2832,
      "vega": 0.6746,
      "rho": 0.2504
    },
    "atm_call_price": 15.72,
    "atm_put_price": 13.16,
    "implied_move": 0.52
  },
  "prediction": {
    "signal": "NEUTRAL",
    "score": -1,
    "confidence": 25.0,
    "reasons": [
      "MACD histogram negative (bearish momentum)"
    ],
    "target_price": 592.9,
    "support": 590.74,
    "resistance": 594.99
  },
  "simulation": {
    "statistics": {
      "mean": 592.9008706510514,
      "std": 3.102181310195864,
      "p05": 587.9484900109233,
      "p25": 590.7420910607163,
      "p50": 592.7478813294646,
      "p75": 594.9933015422691,
      "p95": 598.0426562419635,
      "min": 580.2421806638753,
      "max": 603.6046686118283
    },
    "simulations": 1000,
    "volatility": 0.2129
  }
}