{
  "ticker": "SPY",
  "timestamp": "2026-03-17T22:58:01.126427",
  "current_price": 594.21,
  "forecast_minutes": 60,
  "technical_indicators": {
    "rsi": 56.62,
    "macd": {
      "line": -2.6818,
      "signal": -2.4136,
      "histogram": -0.2682
    },
    "bollinger_bands": {
      "upper": 596.0,
      "middle": 578.78,
      "lower": 561.56
    }
  },
  "bsm_analysis": {
    "greeks": {
      "delta": 0.5375,
      "gamma": 0.008465,
      "theta": -0.3537,
      "vega": 0.6766,
      "rho": 0.2461
    },
    "atm_call_price": 19.98,
    "atm_put_price": 17.42,
    "implied_move": 0.66
  },
  "prediction": {
    "signal": "NEUTRAL",
    "score": -1,
    "confidence": 25.0,
    "reasons": [
      "MACD histogram negative (bearish momentum)"
    ],
    "target_price": 594.2,
    "support": 591.59,
    "resistance": 596.75
  },
  "simulation": {
    "statistics": {
      "mean": 594.201101669401,
      "std": 3.9365635335906664,
      "p05": 587.826263949086,
      "p25": 591.5857536720843,
      "p50": 594.1000105785442,
      "p75": 596.7512921102099,
      "p95": 600.7746435397042,
      "min": 580.6110967524462,
      "max": 605.9703359633181
    },
    "simulations": 1000,
    "volatility": 0.2754
  }
}