{
  "ticker": "SPY",
  "timestamp": "2026-02-08T11:40:29.305090",
  "current_price": 595.06,
  "forecast_minutes": 60,
  "technical_indicators": {
    "rsi": 43.51,
    "macd": {
      "line": 2.6182,
      "signal": 2.3564,
      "histogram": 0.2618
    },
    "bollinger_bands": {
      "upper": 645.32,
      "middle": 623.3,
      "lower": 601.28
    }
  },
  "bsm_analysis": {
    "greeks": {
      "delta": 0.5371,
      "gamma": 0.006651,
      "theta": -0.4378,
      "vega": 0.6776,
      "rho": 0.2421
    },
    "atm_call_price": 25.07,
    "atm_put_price": 22.51,
    "implied_move": 0.9
  },
  "prediction": {
    "signal": "NEUTRAL",
    "score": 1,
    "confidence": 25.0,
    "reasons": [
      "MACD histogram positive (bullish momentum)"
    ],
    "target_price": 595.12,
    "support": 591.48,
    "resistance": 598.54
  },
  "simulation": {
    "statistics": {
      "mean": 595.1244070435241,
      "std": 5.348808483876418,
      "p05": 586.1165034162101,
      "p25": 591.4752315899574,
      "p50": 595.1150965705285,
      "p75": 598.5438136570449,
      "p95": 604.0122317477403,
      "min": 578.7247221547482,
      "max": 616.0555449963834
    },
    "simulations": 1000,
    "volatility": 0.3501
  }
}