{
  "ticker": "SPY",
  "timestamp": "2026-03-18T19:11:13.145976",
  "current_price": 594.93,
  "forecast_minutes": 60,
  "technical_indicators": {
    "rsi": 53.22,
    "macd": {
      "line": -1.5499,
      "signal": -1.3949,
      "histogram": -0.155
    },
    "bollinger_bands": {
      "upper": 595.46,
      "middle": 576.8,
      "lower": 558.15
    }
  },
  "bsm_analysis": {
    "greeks": {
      "delta": 0.5377,
      "gamma": 0.008777,
      "theta": -0.3427,
      "vega": 0.6774,
      "rho": 0.2471
    },
    "atm_call_price": 19.32,
    "atm_put_price": 16.76,
    "implied_move": 0.63
  },
  "prediction": {
    "signal": "NEUTRAL",
    "score": -1,
    "confidence": 25.0,
    "reasons": [
      "MACD histogram negative (bearish momentum)"
    ],
    "target_price": 594.87,
    "support": 592.3,
    "resistance": 597.43
  },
  "simulation": {
    "statistics": {
      "mean": 594.8725648962877,
      "std": 3.765493134717906,
      "p05": 588.5628244421721,
      "p25": 592.3001023315059,
      "p50": 594.988629899261,
      "p75": 597.431242700413,
      "p95": 601.0355108982246,
      "min": 583.6679801491291,
      "max": 607.1776792291026
    },
    "simulations": 1000,
    "volatility": 0.2653
  }
}