{
  "ticker": "SPY",
  "timestamp": "2026-03-28T17:28:14.138598",
  "current_price": 593.72,
  "forecast_minutes": 60,
  "technical_indicators": {
    "rsi": 65.92,
    "macd": {
      "line": 3.0147,
      "signal": 2.7132,
      "histogram": 0.3015
    },
    "bollinger_bands": {
      "upper": 592.2,
      "middle": 580.09,
      "lower": 567.98
    }
  },
  "bsm_analysis": {
    "greeks": {
      "delta": 0.5448,
      "gamma": 0.013612,
      "theta": -0.2371,
      "vega": 0.6748,
      "rho": 0.2552
    },
    "atm_call_price": 12.92,
    "atm_put_price": 10.36,
    "implied_move": 0.41
  },
  "prediction": {
    "signal": "NEUTRAL",
    "score": 1,
    "confidence": 25.0,
    "reasons": [
      "MACD histogram positive (bullish momentum)"
    ],
    "target_price": 593.74,
    "support": 592.19,
    "resistance": 595.32
  },
  "simulation": {
    "statistics": {
      "mean": 593.7383537265703,
      "std": 2.4614929709921576,
      "p05": 589.6238602519248,
      "p25": 592.1860266477142,
      "p50": 593.7650344822603,
      "p75": 595.3194867875163,
      "p95": 597.9464802476164,
      "min": 586.7577089984422,
      "max": 601.5089316791833
    },
    "simulations": 1000,
    "volatility": 0.1711
  }
}