{
  "ticker": "SPY",
  "timestamp": "2026-03-15T09:56:50.089035",
  "current_price": 594.35,
  "forecast_minutes": 60,
  "technical_indicators": {
    "rsi": 66.91,
    "macd": {
      "line": 1.2377,
      "signal": 1.1139,
      "histogram": 0.1238
    },
    "bollinger_bands": {
      "upper": 581.92,
      "middle": 566.44,
      "lower": 550.95
    }
  },
  "bsm_analysis": {
    "greeks": {
      "delta": 0.5393,
      "gamma": 0.010226,
      "theta": -0.3006,
      "vega": 0.6765,
      "rho": 0.2497
    },
    "atm_call_price": 16.76,
    "atm_put_price": 14.21,
    "implied_move": 0.57
  },
  "prediction": {
    "signal": "NEUTRAL",
    "score": 1,
    "confidence": 25.0,
    "reasons": [
      "MACD histogram positive (bullish momentum)"
    ],
    "target_price": 594.43,
    "support": 592.15,
    "resistance": 596.69
  },
  "simulation": {
    "statistics": {
      "mean": 594.4305758442499,
      "std": 3.388710071712804,
      "p05": 589.1527185340725,
      "p25": 592.1473553111675,
      "p50": 594.3542513705138,
      "p75": 596.6884466359294,
      "p95": 600.1099910067439,
      "min": 583.0803076824723,
      "max": 605.0272538236304
    },
    "simulations": 1000,
    "volatility": 0.2278
  }
}