{
  "ticker": "SPY",
  "timestamp": "2026-03-03T03:11:44.369256",
  "current_price": 594.7,
  "forecast_minutes": 60,
  "technical_indicators": {
    "rsi": 52.26,
    "macd": {
      "line": 4.2357,
      "signal": 3.8122,
      "histogram": 0.4236
    },
    "bollinger_bands": {
      "upper": 610.43,
      "middle": 593.3,
      "lower": 576.16
    }
  },
  "bsm_analysis": {
    "greeks": {
      "delta": 0.5503,
      "gamma": 0.016354,
      "theta": -0.2051,
      "vega": 0.6748,
      "rho": 0.26
    },
    "atm_call_price": 10.97,
    "atm_put_price": 8.41,
    "implied_move": 0.34
  },
  "prediction": {
    "signal": "NEUTRAL",
    "score": 1,
    "confidence": 25.0,
    "reasons": [
      "MACD histogram positive (bullish momentum)"
    ],
    "target_price": 594.74,
    "support": 593.37,
    "resistance": 596.09
  },
  "simulation": {
    "statistics": {
      "mean": 594.7447811098264,
      "std": 2.028786618946145,
      "p05": 591.3648285535913,
      "p25": 593.3664754176979,
      "p50": 594.7786785993378,
      "p75": 596.0892190128097,
      "p95": 598.0372287024688,
      "min": 587.6769272828881,
      "max": 600.8118813030945
    },
    "simulations": 1000,
    "volatility": 0.1419
  }
}