{
  "ticker": "SPY",
  "timestamp": "2026-02-24T10:10:11.591675",
  "current_price": 597.96,
  "forecast_minutes": 60,
  "technical_indicators": {
    "rsi": 65.69,
    "macd": {
      "line": -1.0219,
      "signal": -0.9198,
      "histogram": -0.1022
    },
    "bollinger_bands": {
      "upper": 589.99,
      "middle": 568.98,
      "lower": 547.96
    }
  },
  "bsm_analysis": {
    "greeks": {
      "delta": 0.537,
      "gamma": 0.006956,
      "theta": -0.4208,
      "vega": 0.681,
      "rho": 0.2442
    },
    "atm_call_price": 24.03,
    "atm_put_price": 21.46,
    "implied_move": 0.84
  },
  "prediction": {
    "signal": "NEUTRAL",
    "score": -1,
    "confidence": 25.0,
    "reasons": [
      "MACD histogram negative (bearish momentum)"
    ],
    "target_price": 597.9,
    "support": 594.56,
    "resistance": 601.18
  },
  "simulation": {
    "statistics": {
      "mean": 597.9012386143662,
      "std": 4.994081836687741,
      "p05": 589.6768966300662,
      "p25": 594.5568709885181,
      "p50": 597.9419081153746,
      "p75": 601.1789355948363,
      "p95": 606.4229213381025,
      "min": 580.6365252186744,
      "max": 612.3614147189561
    },
    "simulations": 1000,
    "volatility": 0.3331
  }
}