{
  "ticker": "SPY",
  "timestamp": "2026-03-27T09:06:20.563022",
  "current_price": 597.72,
  "forecast_minutes": 60,
  "technical_indicators": {
    "rsi": 62.96,
    "macd": {
      "line": 3.1292,
      "signal": 2.8163,
      "histogram": 0.3129
    },
    "bollinger_bands": {
      "upper": 592.24,
      "middle": 577.52,
      "lower": 562.81
    }
  },
  "bsm_analysis": {
    "greeks": {
      "delta": 0.5394,
      "gamma": 0.010234,
      "theta": -0.3006,
      "vega": 0.6803,
      "rho": 0.2512
    },
    "atm_call_price": 16.76,
    "atm_put_price": 14.19,
    "implied_move": 0.54
  },
  "prediction": {
    "signal": "NEUTRAL",
    "score": 1,
    "confidence": 25.0,
    "reasons": [
      "MACD histogram positive (bullish momentum)"
    ],
    "target_price": 597.75,
    "support": 595.48,
    "resistance": 599.92
  },
  "simulation": {
    "statistics": {
      "mean": 597.7500450591991,
      "std": 3.241051387703619,
      "p05": 592.4670988536918,
      "p25": 595.4825966902958,
      "p50": 597.8515450520079,
      "p75": 599.9243844376908,
      "p95": 602.8566228745409,
      "min": 587.3119608916901,
      "max": 608.8982444663159
    },
    "simulations": 1000,
    "volatility": 0.2264
  }
}