{
  "ticker": "SPY",
  "timestamp": "2026-02-26T00:36:19.904151",
  "current_price": 597.18,
  "forecast_minutes": 60,
  "technical_indicators": {
    "rsi": 59.25,
    "macd": {
      "line": 1.9178,
      "signal": 1.7261,
      "histogram": 0.1918
    },
    "bollinger_bands": {
      "upper": 599.36,
      "middle": 585.81,
      "lower": 572.26
    }
  },
  "bsm_analysis": {
    "greeks": {
      "delta": 0.5455,
      "gamma": 0.013918,
      "theta": -0.2331,
      "vega": 0.6786,
      "rho": 0.2573
    },
    "atm_call_price": 12.67,
    "atm_put_price": 10.1,
    "implied_move": 0.42
  },
  "prediction": {
    "signal": "NEUTRAL",
    "score": 1,
    "confidence": 25.0,
    "reasons": [
      "MACD histogram positive (bullish momentum)"
    ],
    "target_price": 597.24,
    "support": 595.59,
    "resistance": 598.95
  },
  "simulation": {
    "statistics": {
      "mean": 597.2424485006575,
      "std": 2.493860636602463,
      "p05": 593.3846360497123,
      "p25": 595.5942879601023,
      "p50": 597.1696455221738,
      "p75": 598.948795724227,
      "p95": 601.5547641384123,
      "min": 588.9403178425057,
      "max": 604.5368314364133
    },
    "simulations": 1000,
    "volatility": 0.1663
  }
}