{
  "ticker": "SPY",
  "timestamp": "2026-03-05T22:14:26.281423",
  "current_price": 597.54,
  "forecast_minutes": 60,
  "technical_indicators": {
    "rsi": 62.48,
    "macd": {
      "line": -3.7627,
      "signal": -3.3865,
      "histogram": -0.3763
    },
    "bollinger_bands": {
      "upper": 597.85,
      "middle": 574.04,
      "lower": 550.23
    }
  },
  "bsm_analysis": {
    "greeks": {
      "delta": 0.5371,
      "gamma": 0.007589,
      "theta": -0.3895,
      "vega": 0.6805,
      "rho": 0.2456
    },
    "atm_call_price": 22.14,
    "atm_put_price": 19.57,
    "implied_move": 0.75
  },
  "prediction": {
    "signal": "NEUTRAL",
    "score": -1,
    "confidence": 25.0,
    "reasons": [
      "MACD histogram negative (bearish momentum)"
    ],
    "target_price": 597.65,
    "support": 594.58,
    "resistance": 600.73
  },
  "simulation": {
    "statistics": {
      "mean": 597.649037940119,
      "std": 4.474951246682411,
      "p05": 590.352442020258,
      "p25": 594.5808251117244,
      "p50": 597.5494840993105,
      "p75": 600.7256675576859,
      "p95": 605.0277260525569,
      "min": 585.8093145069344,
      "max": 612.0657019171066
    },
    "simulations": 1000,
    "volatility": 0.3055
  }
}