{
  "ticker": "SPY",
  "timestamp": "2026-02-08T15:10:04.770179",
  "current_price": 592.56,
  "forecast_minutes": 60,
  "technical_indicators": {
    "rsi": 49.77,
    "macd": {
      "line": 8.1489,
      "signal": 7.334,
      "histogram": 0.8149
    },
    "bollinger_bands": {
      "upper": 620.4,
      "middle": 589.65,
      "lower": 558.9
    }
  },
  "bsm_analysis": {
    "greeks": {
      "delta": 0.5373,
      "gamma": 0.008142,
      "theta": -0.3658,
      "vega": 0.6748,
      "rho": 0.2446
    },
    "atm_call_price": 20.72,
    "atm_put_price": 18.17,
    "implied_move": 0.69
  },
  "prediction": {
    "signal": "NEUTRAL",
    "score": 1,
    "confidence": 25.0,
    "reasons": [
      "MACD histogram positive (bullish momentum)"
    ],
    "target_price": 592.63,
    "support": 589.89,
    "resistance": 595.39
  },
  "simulation": {
    "statistics": {
      "mean": 592.6322210123345,
      "std": 4.087561261952409,
      "p05": 586.158304331883,
      "p25": 589.893104220612,
      "p50": 592.5164014114714,
      "p75": 595.3878216542985,
      "p95": 599.4466352473827,
      "min": 577.0171492915538,
      "max": 608.0186232908422
    },
    "simulations": 1000,
    "volatility": 0.2872
  }
}