{
  "ticker": "SPY",
  "timestamp": "2026-03-08T18:50:27.791787",
  "current_price": 596.39,
  "forecast_minutes": 60,
  "technical_indicators": {
    "rsi": 75.93,
    "macd": {
      "line": 5.2991,
      "signal": 4.7692,
      "histogram": 0.5299
    },
    "bollinger_bands": {
      "upper": 576.87,
      "middle": 554.26,
      "lower": 531.66
    }
  },
  "bsm_analysis": {
    "greeks": {
      "delta": 0.537,
      "gamma": 0.006955,
      "theta": -0.4207,
      "vega": 0.6792,
      "rho": 0.2435
    },
    "atm_call_price": 24.04,
    "atm_put_price": 21.47,
    "implied_move": 0.81
  },
  "prediction": {
    "signal": "NEUTRAL",
    "score": -1,
    "confidence": 25.0,
    "reasons": [
      "RSI indicates overbought conditions",
      "MACD histogram positive (bullish momentum)"
    ],
    "target_price": 596.23,
    "support": 592.87,
    "resistance": 599.5
  },
  "simulation": {
    "statistics": {
      "mean": 596.2340660393446,
      "std": 4.849769297945809,
      "p05": 588.1959696316634,
      "p25": 592.8662284264858,
      "p50": 596.0220865441586,
      "p75": 599.4969806133385,
      "p95": 604.5036963711586,
      "min": 582.3226584294672,
      "max": 610.3142972497637
    },
    "simulations": 1000,
    "volatility": 0.3341
  }
}