{
  "ticker": "SPY",
  "timestamp": "2026-03-02T02:00:56.132173",
  "current_price": 595.13,
  "forecast_minutes": 60,
  "technical_indicators": {
    "rsi": 45.1,
    "macd": {
      "line": -4.2777,
      "signal": -3.8499,
      "histogram": -0.4278
    },
    "bollinger_bands": {
      "upper": 615.71,
      "middle": 594.42,
      "lower": 573.13
    }
  },
  "bsm_analysis": {
    "greeks": {
      "delta": 0.5426,
      "gamma": 0.012348,
      "theta": -0.2568,
      "vega": 0.6768,
      "rho": 0.2538
    },
    "atm_call_price": 14.11,
    "atm_put_price": 11.55,
    "implied_move": 0.45
  },
  "prediction": {
    "signal": "NEUTRAL",
    "score": -1,
    "confidence": 25.0,
    "reasons": [
      "MACD histogram negative (bearish momentum)"
    ],
    "target_price": 595.18,
    "support": 593.33,
    "resistance": 597.09
  },
  "simulation": {
    "statistics": {
      "mean": 595.1799784504333,
      "std": 2.6922461442036694,
      "p05": 590.6608288913102,
      "p25": 593.3323226402025,
      "p50": 595.1865032670116,
      "p75": 597.0858666644356,
      "p95": 599.5478518915426,
      "min": 587.8722304829855,
      "max": 603.4821836910484
    },
    "simulations": 1000,
    "volatility": 0.1883
  }
}