{
  "ticker": "SPY",
  "timestamp": "2026-03-13T03:36:38.042577",
  "current_price": 593.67,
  "forecast_minutes": 60,
  "technical_indicators": {
    "rsi": 50.93,
    "macd": {
      "line": 1.4985,
      "signal": 1.3486,
      "histogram": 0.1498
    },
    "bollinger_bands": {
      "upper": 617.64,
      "middle": 600.67,
      "lower": 583.7
    }
  },
  "bsm_analysis": {
    "greeks": {
      "delta": 0.5429,
      "gamma": 0.012539,
      "theta": -0.2535,
      "vega": 0.6751,
      "rho": 0.2535
    },
    "atm_call_price": 13.91,
    "atm_put_price": 11.35,
    "implied_move": 0.45
  },
  "prediction": {
    "signal": "NEUTRAL",
    "score": 1,
    "confidence": 25.0,
    "reasons": [
      "MACD histogram positive (bullish momentum)"
    ],
    "target_price": 593.45,
    "support": 591.61,
    "resistance": 595.35
  },
  "simulation": {
    "statistics": {
      "mean": 593.4456952780657,
      "std": 2.6959188146039343,
      "p05": 588.9004749817276,
      "p25": 591.6146080002012,
      "p50": 593.4060445429641,
      "p75": 595.3510024052586,
      "p95": 597.7598548519244,
      "min": 585.1817773438199,
      "max": 602.9166298996211
    },
    "simulations": 1000,
    "volatility": 0.1859
  }
}