{
  "ticker": "SPY",
  "timestamp": "2026-03-01T21:40:00.927190",
  "current_price": 595.7,
  "forecast_minutes": 60,
  "technical_indicators": {
    "rsi": 62.91,
    "macd": {
      "line": 4.7427,
      "signal": 4.2684,
      "histogram": 0.4743
    },
    "bollinger_bands": {
      "upper": 596.7,
      "middle": 577.43,
      "lower": 558.17
    }
  },
  "bsm_analysis": {
    "greeks": {
      "delta": 0.5461,
      "gamma": 0.01425,
      "theta": -0.2287,
      "vega": 0.6768,
      "rho": 0.2572
    },
    "atm_call_price": 12.4,
    "atm_put_price": 9.83,
    "implied_move": 0.39
  },
  "prediction": {
    "signal": "NEUTRAL",
    "score": 1,
    "confidence": 25.0,
    "reasons": [
      "MACD histogram positive (bullish momentum)"
    ],
    "target_price": 595.76,
    "support": 594.16,
    "resistance": 597.3
  },
  "simulation": {
    "statistics": {
      "mean": 595.7550700246932,
      "std": 2.323297235408403,
      "p05": 592.018562087263,
      "p25": 594.1613677181879,
      "p50": 595.753652617179,
      "p75": 597.2976996806304,
      "p95": 599.5775842844924,
      "min": 588.2962635711407,
      "max": 602.2362938150784
    },
    "simulations": 1000,
    "volatility": 0.1628
  }
}