{
  "ticker": "SPY",
  "timestamp": "2026-03-10T23:11:24.887339",
  "current_price": 595.23,
  "forecast_minutes": 60,
  "technical_indicators": {
    "rsi": 82.23,
    "macd": {
      "line": 8.4896,
      "signal": 7.6406,
      "histogram": 0.849
    },
    "bollinger_bands": {
      "upper": 595.79,
      "middle": 571.32,
      "lower": 546.86
    }
  },
  "bsm_analysis": {
    "greeks": {
      "delta": 0.5472,
      "gamma": 0.014834,
      "theta": -0.2215,
      "vega": 0.676,
      "rho": 0.2579
    },
    "atm_call_price": 11.96,
    "atm_put_price": 9.4,
    "implied_move": 0.39
  },
  "prediction": {
    "signal": "NEUTRAL",
    "score": -1,
    "confidence": 25.0,
    "reasons": [
      "RSI indicates overbought conditions",
      "MACD histogram positive (bullish momentum)"
    ],
    "target_price": 595.31,
    "support": 593.71,
    "resistance": 596.75
  },
  "simulation": {
    "statistics": {
      "mean": 595.3080686026632,
      "std": 2.3271241009631662,
      "p05": 591.5061326150264,
      "p25": 593.7063147139936,
      "p50": 595.3623669592369,
      "p75": 596.7482838529521,
      "p95": 599.0740425740588,
      "min": 588.2911316901437,
      "max": 603.6981634046067
    },
    "simulations": 1000,
    "volatility": 0.1565
  }
}