{
  "ticker": "SPY",
  "timestamp": "2026-03-27T19:31:57.107579",
  "current_price": 594.4,
  "forecast_minutes": 60,
  "technical_indicators": {
    "rsi": 52.06,
    "macd": {
      "line": 6.53,
      "signal": 5.877,
      "histogram": 0.653
    },
    "bollinger_bands": {
      "upper": 615.8,
      "middle": 591.76,
      "lower": 567.72
    }
  },
  "bsm_analysis": {
    "greeks": {
      "delta": 0.5386,
      "gamma": 0.009635,
      "theta": -0.3162,
      "vega": 0.6766,
      "rho": 0.2486
    },
    "atm_call_price": 17.71,
    "atm_put_price": 15.15,
    "implied_move": 0.6
  },
  "prediction": {
    "signal": "NEUTRAL",
    "score": 1,
    "confidence": 25.0,
    "reasons": [
      "MACD histogram positive (bullish momentum)"
    ],
    "target_price": 594.47,
    "support": 592.17,
    "resistance": 596.77
  },
  "simulation": {
    "statistics": {
      "mean": 594.4735311676477,
      "std": 3.5958751399429105,
      "p05": 588.5094524854385,
      "p25": 592.1662208827593,
      "p50": 594.4859596930113,
      "p75": 596.7724892591997,
      "p95": 600.2560087122505,
      "min": 582.6729309722527,
      "max": 605.3688361663154
    },
    "simulations": 1000,
    "volatility": 0.2418
  }
}