{
  "ticker": "SPY",
  "timestamp": "2026-03-22T02:02:23.308809",
  "current_price": 592.25,
  "forecast_minutes": 60,
  "technical_indicators": {
    "rsi": 61.51,
    "macd": {
      "line": 1.4663,
      "signal": 1.3197,
      "histogram": 0.1466
    },
    "bollinger_bands": {
      "upper": 587.25,
      "middle": 571.54,
      "lower": 555.84
    }
  },
  "bsm_analysis": {
    "greeks": {
      "delta": 0.5375,
      "gamma": 0.008555,
      "theta": -0.3503,
      "vega": 0.6744,
      "rho": 0.2454
    },
    "atm_call_price": 19.78,
    "atm_put_price": 17.23,
    "implied_move": 0.68
  },
  "prediction": {
    "signal": "NEUTRAL",
    "score": 1,
    "confidence": 25.0,
    "reasons": [
      "MACD histogram positive (bullish momentum)"
    ],
    "target_price": 592.23,
    "support": 589.64,
    "resistance": 594.91
  },
  "simulation": {
    "statistics": {
      "mean": 592.2349314540636,
      "std": 4.014150886169255,
      "p05": 585.8269258023561,
      "p25": 589.6389359227949,
      "p50": 592.2144429034968,
      "p75": 594.9102444121675,
      "p95": 598.786587067237,
      "min": 578.3299431567401,
      "max": 604.457360499462
    },
    "simulations": 1000,
    "volatility": 0.2734
  }
}