{
  "ticker": "SPY",
  "timestamp": "2026-04-05T16:41:57.689213",
  "current_price": 597.28,
  "forecast_minutes": 60,
  "technical_indicators": {
    "rsi": 52.22,
    "macd": {
      "line": -0.1434,
      "signal": -0.1291,
      "histogram": -0.0143
    },
    "bollinger_bands": {
      "upper": 605.61,
      "middle": 590.32,
      "lower": 575.03
    }
  },
  "bsm_analysis": {
    "greeks": {
      "delta": 0.5408,
      "gamma": 0.011203,
      "theta": -0.2785,
      "vega": 0.6796,
      "rho": 0.2528
    },
    "atm_call_price": 15.42,
    "atm_put_price": 12.85,
    "implied_move": 0.52
  },
  "prediction": {
    "signal": "NEUTRAL",
    "score": -1,
    "confidence": 25.0,
    "reasons": [
      "MACD histogram negative (bearish momentum)"
    ],
    "target_price": 597.15,
    "support": 595.05,
    "resistance": 599.1
  },
  "simulation": {
    "statistics": {
      "mean": 597.1465740659894,
      "std": 3.07909102198482,
      "p05": 592.1031257696008,
      "p25": 595.0491055306043,
      "p50": 597.1036764373337,
      "p75": 599.1023064664453,
      "p95": 602.4184957276985,
      "min": 587.7578518808149,
      "max": 607.6766853722165
    },
    "simulations": 1000,
    "volatility": 0.2069
  }
}