{
  "ticker": "SPY",
  "timestamp": "2026-03-28T20:31:09.757732",
  "current_price": 593.17,
  "forecast_minutes": 60,
  "technical_indicators": {
    "rsi": 58.16,
    "macd": {
      "line": 1.4082,
      "signal": 1.2674,
      "histogram": 0.1408
    },
    "bollinger_bands": {
      "upper": 596.59,
      "middle": 583.41,
      "lower": 570.22
    }
  },
  "bsm_analysis": {
    "greeks": {
      "delta": 0.5462,
      "gamma": 0.014349,
      "theta": -0.2272,
      "vega": 0.6739,
      "rho": 0.2561
    },
    "atm_call_price": 12.32,
    "atm_put_price": 9.76,
    "implied_move": 0.41
  },
  "prediction": {
    "signal": "NEUTRAL",
    "score": 1,
    "confidence": 25.0,
    "reasons": [
      "MACD histogram positive (bullish momentum)"
    ],
    "target_price": 593.25,
    "support": 591.6,
    "resistance": 594.88
  },
  "simulation": {
    "statistics": {
      "mean": 593.253024375872,
      "std": 2.4340983183405847,
      "p05": 589.1683408765998,
      "p25": 591.601105050263,
      "p50": 593.2469900947988,
      "p75": 594.8833440780522,
      "p95": 597.271920785185,
      "min": 586.225769041335,
      "max": 601.6625305941621
    },
    "simulations": 1000,
    "volatility": 0.1624
  }
}