{
  "ticker": "SPY",
  "timestamp": "2026-03-02T23:55:42.375737",
  "current_price": 594.61,
  "forecast_minutes": 60,
  "technical_indicators": {
    "rsi": 50.03,
    "macd": {
      "line": -3.5851,
      "signal": -3.2266,
      "histogram": -0.3585
    },
    "bollinger_bands": {
      "upper": 597.07,
      "middle": 577.61,
      "lower": 558.15
    }
  },
  "bsm_analysis": {
    "greeks": {
      "delta": 0.5381,
      "gamma": 0.009123,
      "theta": -0.3314,
      "vega": 0.677,
      "rho": 0.2476
    },
    "atm_call_price": 18.63,
    "atm_put_price": 16.07,
    "implied_move": 0.63
  },
  "prediction": {
    "signal": "NEUTRAL",
    "score": -1,
    "confidence": 25.0,
    "reasons": [
      "MACD histogram negative (bearish momentum)"
    ],
    "target_price": 594.66,
    "support": 592.17,
    "resistance": 597.04
  },
  "simulation": {
    "statistics": {
      "mean": 594.6559996974934,
      "std": 3.7460593804924054,
      "p05": 588.335678519201,
      "p25": 592.1719101303618,
      "p50": 594.6415761938065,
      "p75": 597.0419228167162,
      "p95": 600.803683496249,
      "min": 582.6267130726321,
      "max": 607.1971740344737
    },
    "simulations": 1000,
    "volatility": 0.2553
  }
}