{
  "ticker": "SPY",
  "timestamp": "2026-03-30T22:15:53.858045",
  "current_price": 596.95,
  "forecast_minutes": 60,
  "technical_indicators": {
    "rsi": 57.46,
    "macd": {
      "line": 4.8874,
      "signal": 4.3987,
      "histogram": 0.4887
    },
    "bollinger_bands": {
      "upper": 618.73,
      "middle": 596.92,
      "lower": 575.1
    }
  },
  "bsm_analysis": {
    "greeks": {
      "delta": 0.5453,
      "gamma": 0.01379,
      "theta": -0.2349,
      "vega": 0.6784,
      "rho": 0.257
    },
    "atm_call_price": 12.77,
    "atm_put_price": 10.2,
    "implied_move": 0.41
  },
  "prediction": {
    "signal": "NEUTRAL",
    "score": 1,
    "confidence": 25.0,
    "reasons": [
      "MACD histogram positive (bullish momentum)"
    ],
    "target_price": 596.96,
    "support": 595.29,
    "resistance": 598.62
  },
  "simulation": {
    "statistics": {
      "mean": 596.9602891739756,
      "std": 2.4293164499629,
      "p05": 592.9838693897991,
      "p25": 595.2917406943835,
      "p50": 596.9826986477908,
      "p75": 598.6173625950648,
      "p95": 600.9615556971054,
      "min": 590.1628209436344,
      "max": 605.2164400519682
    },
    "simulations": 1000,
    "volatility": 0.1679
  }
}