{
  "ticker": "SPY",
  "timestamp": "2026-03-21T04:50:10.252970",
  "current_price": 594.81,
  "forecast_minutes": 60,
  "technical_indicators": {
    "rsi": 41.44,
    "macd": {
      "line": 8.3705,
      "signal": 7.5335,
      "histogram": 0.8371
    },
    "bollinger_bands": {
      "upper": 668.24,
      "middle": 629.79,
      "lower": 591.33
    }
  },
  "bsm_analysis": {
    "greeks": {
      "delta": 0.5385,
      "gamma": 0.005396,
      "theta": -0.5287,
      "vega": 0.6771,
      "rho": 0.2381
    },
    "atm_call_price": 30.58,
    "atm_put_price": 28.01,
    "implied_move": 1.05
  },
  "prediction": {
    "signal": "NEUTRAL",
    "score": 1,
    "confidence": 25.0,
    "reasons": [
      "MACD histogram positive (bullish momentum)"
    ],
    "target_price": 594.71,
    "support": 590.34,
    "resistance": 598.84
  },
  "simulation": {
    "statistics": {
      "mean": 594.7123324352451,
      "std": 6.267404004256095,
      "p05": 584.3052518798786,
      "p25": 590.3391137633799,
      "p50": 594.5419587653294,
      "p75": 598.8368799876473,
      "p95": 605.2933810017533,
      "min": 575.8762582124683,
      "max": 615.1012675279682
    },
    "simulations": 1000,
    "volatility": 0.4316
  }
}