{
  "ticker": "SPY",
  "timestamp": "2026-02-14T13:54:46.845976",
  "current_price": 593.48,
  "forecast_minutes": 60,
  "technical_indicators": {
    "rsi": 66.85,
    "macd": {
      "line": 6.1405,
      "signal": 5.5264,
      "histogram": 0.614
    },
    "bollinger_bands": {
      "upper": 602.61,
      "middle": 585.12,
      "lower": 567.63
    }
  },
  "bsm_analysis": {
    "greeks": {
      "delta": 0.5459,
      "gamma": 0.014199,
      "theta": -0.2292,
      "vega": 0.6743,
      "rho": 0.2561
    },
    "atm_call_price": 12.43,
    "atm_put_price": 9.88,
    "implied_move": 0.41
  },
  "prediction": {
    "signal": "NEUTRAL",
    "score": 1,
    "confidence": 25.0,
    "reasons": [
      "MACD histogram positive (bullish momentum)"
    ],
    "target_price": 593.45,
    "support": 591.74,
    "resistance": 595.18
  },
  "simulation": {
    "statistics": {
      "mean": 593.4469543583945,
      "std": 2.4305802913394166,
      "p05": 589.578566246953,
      "p25": 591.7383335124237,
      "p50": 593.3180216553887,
      "p75": 595.1752630773756,
      "p95": 597.3773841838649,
      "min": 585.1867794970049,
      "max": 600.9797250069378
    },
    "simulations": 1000,
    "volatility": 0.164
  }
}