{
  "ticker": "SPY",
  "timestamp": "2026-03-29T17:13:13.236991",
  "current_price": 592.58,
  "forecast_minutes": 60,
  "technical_indicators": {
    "rsi": 65.99,
    "macd": {
      "line": 8.247,
      "signal": 7.4223,
      "histogram": 0.8247
    },
    "bollinger_bands": {
      "upper": 615.96,
      "middle": 589.73,
      "lower": 563.49
    }
  },
  "bsm_analysis": {
    "greeks": {
      "delta": 0.5444,
      "gamma": 0.013443,
      "theta": -0.2394,
      "vega": 0.6735,
      "rho": 0.2544
    },
    "atm_call_price": 13.06,
    "atm_put_price": 10.51,
    "implied_move": 0.43
  },
  "prediction": {
    "signal": "NEUTRAL",
    "score": 1,
    "confidence": 25.0,
    "reasons": [
      "MACD histogram positive (bullish momentum)"
    ],
    "target_price": 592.66,
    "support": 591.04,
    "resistance": 594.56
  },
  "simulation": {
    "statistics": {
      "mean": 592.6639914473935,
      "std": 2.5646473925354756,
      "p05": 588.4428908096754,
      "p25": 591.035349422933,
      "p50": 592.5847550621554,
      "p75": 594.5560603608109,
      "p95": 596.5314142815475,
      "min": 583.7262900446642,
      "max": 600.0470766800842
    },
    "simulations": 1000,
    "volatility": 0.1736
  }
}