{
  "ticker": "SPY",
  "timestamp": "2026-04-06T19:30:34.805412",
  "current_price": 597.68,
  "forecast_minutes": 60,
  "technical_indicators": {
    "rsi": 52.52,
    "macd": {
      "line": 8.1643,
      "signal": 7.3478,
      "histogram": 0.8164
    },
    "bollinger_bands": {
      "upper": 625.93,
      "middle": 598.27,
      "lower": 570.62
    }
  },
  "bsm_analysis": {
    "greeks": {
      "delta": 0.5447,
      "gamma": 0.01349,
      "theta": -0.2391,
      "vega": 0.6793,
      "rho": 0.2569
    },
    "atm_call_price": 13.03,
    "atm_put_price": 10.46,
    "implied_move": 0.41
  },
  "prediction": {
    "signal": "NEUTRAL",
    "score": 1,
    "confidence": 25.0,
    "reasons": [
      "MACD histogram positive (bullish momentum)"
    ],
    "target_price": 597.74,
    "support": 596.09,
    "resistance": 599.44
  },
  "simulation": {
    "statistics": {
      "mean": 597.7411577374786,
      "std": 2.4756510920645463,
      "p05": 593.797482527169,
      "p25": 596.0876337252886,
      "p50": 597.6638322302854,
      "p75": 599.443947699775,
      "p95": 601.8068676335703,
      "min": 589.354312583425,
      "max": 605.454568469248
    },
    "simulations": 1000,
    "volatility": 0.1715
  }
}