{
  "ticker": "SPY",
  "timestamp": "2026-02-10T10:08:23.785199",
  "current_price": 597.8,
  "forecast_minutes": 60,
  "technical_indicators": {
    "rsi": 54.63,
    "macd": {
      "line": -6.7073,
      "signal": -6.0366,
      "histogram": -0.6707
    },
    "bollinger_bands": {
      "upper": 602.71,
      "middle": 572.6,
      "lower": 542.48
    }
  },
  "bsm_analysis": {
    "greeks": {
      "delta": 0.5374,
      "gamma": 0.006233,
      "theta": -0.4642,
      "vega": 0.6807,
      "rho": 0.2421
    },
    "atm_call_price": 26.66,
    "atm_put_price": 24.09,
    "implied_move": 0.91
  },
  "prediction": {
    "signal": "NEUTRAL",
    "score": -1,
    "confidence": 25.0,
    "reasons": [
      "MACD histogram negative (bearish momentum)"
    ],
    "target_price": 597.81,
    "support": 594.04,
    "resistance": 601.72
  },
  "simulation": {
    "statistics": {
      "mean": 597.8106965579534,
      "std": 5.4208502645198955,
      "p05": 589.3147197613852,
      "p25": 594.0416636529774,
      "p50": 597.7358715152891,
      "p75": 601.7188035571885,
      "p95": 606.5085530775156,
      "min": 577.6749038928533,
      "max": 614.5147698996338
    },
    "simulations": 1000,
    "volatility": 0.3718
  }
}