{
  "ticker": "SPY",
  "timestamp": "2026-02-22T20:32:15.531480",
  "current_price": 597.53,
  "forecast_minutes": 60,
  "technical_indicators": {
    "rsi": 53.09,
    "macd": {
      "line": 2.0558,
      "signal": 1.8502,
      "histogram": 0.2056
    },
    "bollinger_bands": {
      "upper": 600.26,
      "middle": 591.14,
      "lower": 582.01
    }
  },
  "bsm_analysis": {
    "greeks": {
      "delta": 0.547,
      "gamma": 0.014672,
      "theta": -0.2236,
      "vega": 0.6787,
      "rho": 0.2587
    },
    "atm_call_price": 12.08,
    "atm_put_price": 9.51,
    "implied_move": 0.39
  },
  "prediction": {
    "signal": "NEUTRAL",
    "score": 1,
    "confidence": 25.0,
    "reasons": [
      "MACD histogram positive (bullish momentum)"
    ],
    "target_price": 597.41,
    "support": 595.77,
    "resistance": 598.97
  },
  "simulation": {
    "statistics": {
      "mean": 597.410596488697,
      "std": 2.3034808773019053,
      "p05": 593.7056485645837,
      "p25": 595.7666000106145,
      "p50": 597.3011751347861,
      "p75": 598.9737999553097,
      "p95": 601.3622209423002,
      "min": 590.2063800262274,
      "max": 604.346955131925
    },
    "simulations": 1000,
    "volatility": 0.1576
  }
}