{
  "ticker": "SPY",
  "timestamp": "2026-03-28T07:33:57.415518",
  "current_price": 595.96,
  "forecast_minutes": 60,
  "technical_indicators": {
    "rsi": 60.41,
    "macd": {
      "line": 5.7754,
      "signal": 5.1978,
      "histogram": 0.5775
    },
    "bollinger_bands": {
      "upper": 614.35,
      "middle": 591.54,
      "lower": 568.73
    }
  },
  "bsm_analysis": {
    "greeks": {
      "delta": 0.5544,
      "gamma": 0.018217,
      "theta": -0.189,
      "vega": 0.6753,
      "rho": 0.2633
    },
    "atm_call_price": 9.98,
    "atm_put_price": 7.41,
    "implied_move": 0.32
  },
  "prediction": {
    "signal": "NEUTRAL",
    "score": 1,
    "confidence": 25.0,
    "reasons": [
      "MACD histogram positive (bullish momentum)"
    ],
    "target_price": 596.02,
    "support": 594.68,
    "resistance": 597.36
  },
  "simulation": {
    "statistics": {
      "mean": 596.0153152306218,
      "std": 1.8917512736399207,
      "p05": 592.8452787012187,
      "p25": 594.6835094519311,
      "p50": 596.0334705468259,
      "p75": 597.3615994207128,
      "p95": 599.0345908494961,
      "min": 589.8972689531764,
      "max": 601.6095024460393
    },
    "simulations": 1000,
    "volatility": 0.127
  }
}