{
  "ticker": "SPY",
  "timestamp": "2026-03-03T10:53:16.394686",
  "current_price": 596.5,
  "forecast_minutes": 60,
  "technical_indicators": {
    "rsi": 63.74,
    "macd": {
      "line": -6.3639,
      "signal": -5.7275,
      "histogram": -0.6364
    },
    "bollinger_bands": {
      "upper": 592.17,
      "middle": 551.16,
      "lower": 510.14
    }
  },
  "bsm_analysis": {
    "greeks": {
      "delta": 0.5428,
      "gamma": 0.004114,
      "theta": -0.6782,
      "vega": 0.6783,
      "rho": 0.2335
    },
    "atm_call_price": 39.63,
    "atm_put_price": 37.06,
    "implied_move": 1.42
  },
  "prediction": {
    "signal": "NEUTRAL",
    "score": -1,
    "confidence": 25.0,
    "reasons": [
      "MACD histogram negative (bearish momentum)"
    ],
    "target_price": 596.02,
    "support": 590.23,
    "resistance": 601.57
  },
  "simulation": {
    "statistics": {
      "mean": 596.0206052516019,
      "std": 8.477133719901026,
      "p05": 582.8592613477281,
      "p25": 590.234373708397,
      "p50": 596.1050616111571,
      "p75": 601.5729375886662,
      "p95": 609.8549743934984,
      "min": 566.4917689534939,
      "max": 625.2255683694653
    },
    "simulations": 1000,
    "volatility": 0.5637
  }
}