{
  "ticker": "SPY",
  "timestamp": "2026-02-28T13:47:55.907806",
  "current_price": 595.41,
  "forecast_minutes": 60,
  "technical_indicators": {
    "rsi": 53.89,
    "macd": {
      "line": -1.7283,
      "signal": -1.5555,
      "histogram": -0.1728
    },
    "bollinger_bands": {
      "upper": 606.83,
      "middle": 593.86,
      "lower": 580.9
    }
  },
  "bsm_analysis": {
    "greeks": {
      "delta": 0.5454,
      "gamma": 0.013917,
      "theta": -0.233,
      "vega": 0.6766,
      "rho": 0.2565
    },
    "atm_call_price": 12.66,
    "atm_put_price": 10.1,
    "implied_move": 0.4
  },
  "prediction": {
    "signal": "NEUTRAL",
    "score": -1,
    "confidence": 25.0,
    "reasons": [
      "MACD histogram negative (bearish momentum)"
    ],
    "target_price": 595.43,
    "support": 593.74,
    "resistance": 597.05
  },
  "simulation": {
    "statistics": {
      "mean": 595.4286352450173,
      "std": 2.3968064861921334,
      "p05": 591.5902941828759,
      "p25": 593.7356989273426,
      "p50": 595.532467079903,
      "p75": 597.0502352942791,
      "p95": 599.3755709302563,
      "min": 587.3420056532594,
      "max": 602.3197666518997
    },
    "simulations": 1000,
    "volatility": 0.1668
  }
}