{
  "ticker": "SPY",
  "timestamp": "2026-02-28T19:08:44.886822",
  "current_price": 596.21,
  "forecast_minutes": 60,
  "technical_indicators": {
    "rsi": 61.67,
    "macd": {
      "line": 1.958,
      "signal": 1.7622,
      "histogram": 0.1958
    },
    "bollinger_bands": {
      "upper": 585.17,
      "middle": 570.32,
      "lower": 555.46
    }
  },
  "bsm_analysis": {
    "greeks": {
      "delta": 0.5391,
      "gamma": 0.010016,
      "theta": -0.3061,
      "vega": 0.6786,
      "rho": 0.2501
    },
    "atm_call_price": 17.09,
    "atm_put_price": 14.53,
    "implied_move": 0.56
  },
  "prediction": {
    "signal": "NEUTRAL",
    "score": 1,
    "confidence": 25.0,
    "reasons": [
      "MACD histogram positive (bullish momentum)"
    ],
    "target_price": 596.07,
    "support": 593.88,
    "resistance": 598.34
  },
  "simulation": {
    "statistics": {
      "mean": 596.0674760162374,
      "std": 3.340612505853339,
      "p05": 590.5910628866559,
      "p25": 593.8807067171343,
      "p50": 596.031297056256,
      "p75": 598.3358231928349,
      "p95": 601.4697583986781,
      "min": 585.31716161138,
      "max": 605.8856160978434
    },
    "simulations": 1000,
    "volatility": 0.2319
  }
}