{
  "ticker": "SPY",
  "timestamp": "2026-03-07T22:41:26.261466",
  "current_price": 597.39,
  "forecast_minutes": 60,
  "technical_indicators": {
    "rsi": 40.34,
    "macd": {
      "line": 1.7357,
      "signal": 1.5622,
      "histogram": 0.1736
    },
    "bollinger_bands": {
      "upper": 625.71,
      "middle": 610.74,
      "lower": 595.76
    }
  },
  "bsm_analysis": {
    "greeks": {
      "delta": 0.5499,
      "gamma": 0.016078,
      "theta": -0.2081,
      "vega": 0.6779,
      "rho": 0.2608
    },
    "atm_call_price": 11.14,
    "atm_put_price": 8.57,
    "implied_move": 0.35
  },
  "prediction": {
    "signal": "NEUTRAL",
    "score": 1,
    "confidence": 25.0,
    "reasons": [
      "MACD histogram positive (bullish momentum)"
    ],
    "target_price": 597.46,
    "support": 595.98,
    "resistance": 598.88
  },
  "simulation": {
    "statistics": {
      "mean": 597.4633219922439,
      "std": 2.0995748961572382,
      "p05": 594.1460234970167,
      "p25": 595.9756334582883,
      "p50": 597.408393743807,
      "p75": 598.8750774726241,
      "p95": 601.0095939265105,
      "min": 590.2939274410027,
      "max": 603.3252177376784
    },
    "simulations": 1000,
    "volatility": 0.1437
  }
}