{
  "ticker": "SPY",
  "timestamp": "2026-03-13T02:40:22.134278",
  "current_price": 592.13,
  "forecast_minutes": 60,
  "technical_indicators": {
    "rsi": 43.52,
    "macd": {
      "line": 0.1736,
      "signal": 0.1563,
      "histogram": 0.0174
    },
    "bollinger_bands": {
      "upper": 620.12,
      "middle": 599.42,
      "lower": 578.72
    }
  },
  "bsm_analysis": {
    "greeks": {
      "delta": 0.5451,
      "gamma": 0.013831,
      "theta": -0.2339,
      "vega": 0.6729,
      "rho": 0.2548
    },
    "atm_call_price": 12.73,
    "atm_put_price": 10.18,
    "implied_move": 0.42
  },
  "prediction": {
    "signal": "NEUTRAL",
    "score": 1,
    "confidence": 25.0,
    "reasons": [
      "MACD histogram positive (bullish momentum)"
    ],
    "target_price": 591.94,
    "support": 590.34,
    "resistance": 593.48
  },
  "simulation": {
    "statistics": {
      "mean": 591.9358703849421,
      "std": 2.4828228195026467,
      "p05": 587.8885655144987,
      "p25": 590.3431828307412,
      "p50": 591.9753953865145,
      "p75": 593.4804154368237,
      "p95": 596.0300190073539,
      "min": 583.7405504148567,
      "max": 600.0877178509784
    },
    "simulations": 1000,
    "volatility": 0.1688
  }
}