{
  "ticker": "SPY",
  "timestamp": "2026-03-21T18:12:58.472484",
  "current_price": 596.1,
  "forecast_minutes": 60,
  "technical_indicators": {
    "rsi": 70.53,
    "macd": {
      "line": 2.5154,
      "signal": 2.2639,
      "histogram": 0.2515
    },
    "bollinger_bands": {
      "upper": 575.61,
      "middle": 550.18,
      "lower": 524.76
    }
  },
  "bsm_analysis": {
    "greeks": {
      "delta": 0.5392,
      "gamma": 0.005097,
      "theta": -0.557,
      "vega": 0.6785,
      "rho": 0.2376
    },
    "atm_call_price": 32.29,
    "atm_put_price": 29.72,
    "implied_move": 1.13
  },
  "prediction": {
    "signal": "NEUTRAL",
    "score": -1,
    "confidence": 25.0,
    "reasons": [
      "RSI indicates overbought conditions",
      "MACD histogram positive (bullish momentum)"
    ],
    "target_price": 596.01,
    "support": 591.63,
    "resistance": 600.44
  },
  "simulation": {
    "statistics": {
      "mean": 596.0070639365516,
      "std": 6.759503374113481,
      "p05": 584.2900632231324,
      "p25": 591.6261370368502,
      "p50": 596.1851067327303,
      "p75": 600.4399950250049,
      "p95": 607.1107062531324,
      "min": 575.0456240463892,
      "max": 621.5968245134117
    },
    "simulations": 1000,
    "volatility": 0.4558
  }
}