{
  "ticker": "SPY",
  "timestamp": "2026-03-29T21:15:20.287497",
  "current_price": 595.69,
  "forecast_minutes": 60,
  "technical_indicators": {
    "rsi": 57.13,
    "macd": {
      "line": -1.9256,
      "signal": -1.733,
      "histogram": -0.1926
    },
    "bollinger_bands": {
      "upper": 592.53,
      "middle": 579.11,
      "lower": 565.69
    }
  },
  "bsm_analysis": {
    "greeks": {
      "delta": 0.538,
      "gamma": 0.009022,
      "theta": -0.3347,
      "vega": 0.6782,
      "rho": 0.2479
    },
    "atm_call_price": 18.83,
    "atm_put_price": 16.27,
    "implied_move": 0.65
  },
  "prediction": {
    "signal": "NEUTRAL",
    "score": -1,
    "confidence": 25.0,
    "reasons": [
      "MACD histogram negative (bearish momentum)"
    ],
    "target_price": 595.77,
    "support": 593.25,
    "resistance": 598.41
  },
  "simulation": {
    "statistics": {
      "mean": 595.7666932630694,
      "std": 3.8667869494214306,
      "p05": 589.3301897887269,
      "p25": 593.2518718503753,
      "p50": 595.7172113434497,
      "p75": 598.4118061156089,
      "p95": 602.0126180753938,
      "min": 582.8954567322324,
      "max": 608.0507810217794
    },
    "simulations": 1000,
    "volatility": 0.2577
  }
}