{
  "ticker": "SPY",
  "timestamp": "2026-03-08T10:11:24.458251",
  "current_price": 594.65,
  "forecast_minutes": 60,
  "technical_indicators": {
    "rsi": 59.05,
    "macd": {
      "line": -0.2597,
      "signal": -0.2337,
      "histogram": -0.026
    },
    "bollinger_bands": {
      "upper": 592.14,
      "middle": 578.3,
      "lower": 564.46
    }
  },
  "bsm_analysis": {
    "greeks": {
      "delta": 0.5399,
      "gamma": 0.01066,
      "theta": -0.2902,
      "vega": 0.6767,
      "rho": 0.2506
    },
    "atm_call_price": 16.14,
    "atm_put_price": 13.58,
    "implied_move": 0.54
  },
  "prediction": {
    "signal": "NEUTRAL",
    "score": -1,
    "confidence": 25.0,
    "reasons": [
      "MACD histogram negative (bearish momentum)"
    ],
    "target_price": 594.67,
    "support": 592.36,
    "resistance": 596.73
  },
  "simulation": {
    "statistics": {
      "mean": 594.6716361351637,
      "std": 3.19605987258394,
      "p05": 589.8287392270122,
      "p25": 592.3593761921194,
      "p50": 594.6178720302602,
      "p75": 596.7345293822451,
      "p95": 600.0987205284257,
      "min": 584.4681070726248,
      "max": 606.0228098620537
    },
    "simulations": 1000,
    "volatility": 0.2184
  }
}