{
  "ticker": "SPY",
  "timestamp": "2026-03-20T20:33:40.307597",
  "current_price": 594.66,
  "forecast_minutes": 60,
  "technical_indicators": {
    "rsi": 56.2,
    "macd": {
      "line": -5.1712,
      "signal": -4.6541,
      "histogram": -0.5171
    },
    "bollinger_bands": {
      "upper": 603.47,
      "middle": 578.53,
      "lower": 553.58
    }
  },
  "bsm_analysis": {
    "greeks": {
      "delta": 0.5385,
      "gamma": 0.009587,
      "theta": -0.3176,
      "vega": 0.677,
      "rho": 0.2486
    },
    "atm_call_price": 17.8,
    "atm_put_price": 15.24,
    "implied_move": 0.59
  },
  "prediction": {
    "signal": "NEUTRAL",
    "score": -1,
    "confidence": 25.0,
    "reasons": [
      "MACD histogram negative (bearish momentum)"
    ],
    "target_price": 594.84,
    "support": 592.38,
    "resistance": 597.27
  },
  "simulation": {
    "statistics": {
      "mean": 594.8368796037396,
      "std": 3.513327987328494,
      "p05": 589.0023749896033,
      "p25": 592.3812343456932,
      "p50": 594.841479513432,
      "p75": 597.2731065107613,
      "p95": 600.633710047209,
      "min": 582.6780688716399,
      "max": 605.671723001534
    },
    "simulations": 1000,
    "volatility": 0.243
  }
}