{
  "ticker": "SPY",
  "timestamp": "2026-02-22T23:42:39.578530",
  "current_price": 593.33,
  "forecast_minutes": 60,
  "technical_indicators": {
    "rsi": 49.23,
    "macd": {
      "line": 8.8632,
      "signal": 7.9769,
      "histogram": 0.8863
    },
    "bollinger_bands": {
      "upper": 637.1,
      "middle": 606.18,
      "lower": 575.26
    }
  },
  "bsm_analysis": {
    "greeks": {
      "delta": 0.5371,
      "gamma": 0.006798,
      "theta": -0.4291,
      "vega": 0.6757,
      "rho": 0.2417
    },
    "atm_call_price": 24.55,
    "atm_put_price": 22.0,
    "implied_move": 0.85
  },
  "prediction": {
    "signal": "NEUTRAL",
    "score": 1,
    "confidence": 25.0,
    "reasons": [
      "MACD histogram positive (bullish momentum)"
    ],
    "target_price": 593.46,
    "support": 589.93,
    "resistance": 597.01
  },
  "simulation": {
    "statistics": {
      "mean": 593.460781377229,
      "std": 5.013790489241765,
      "p05": 585.3293292471435,
      "p25": 589.9262334814292,
      "p50": 593.3578038925818,
      "p75": 597.0061904560894,
      "p95": 602.1567067608465,
      "min": 579.9054054654454,
      "max": 606.0111961231172
    },
    "simulations": 1000,
    "volatility": 0.3435
  }
}