{
  "ticker": "SPY",
  "timestamp": "2026-03-19T13:35:23.961214",
  "current_price": 593.85,
  "forecast_minutes": 60,
  "technical_indicators": {
    "rsi": 68.2,
    "macd": {
      "line": 3.5402,
      "signal": 3.1862,
      "histogram": 0.354
    },
    "bollinger_bands": {
      "upper": 577.77,
      "middle": 559.61,
      "lower": 541.46
    }
  },
  "bsm_analysis": {
    "greeks": {
      "delta": 0.5378,
      "gamma": 0.008861,
      "theta": -0.3399,
      "vega": 0.6762,
      "rho": 0.2468
    },
    "atm_call_price": 19.15,
    "atm_put_price": 16.59,
    "implied_move": 0.67
  },
  "prediction": {
    "signal": "NEUTRAL",
    "score": 1,
    "confidence": 25.0,
    "reasons": [
      "MACD histogram positive (bullish momentum)"
    ],
    "target_price": 594.02,
    "support": 591.37,
    "resistance": 596.59
  },
  "simulation": {
    "statistics": {
      "mean": 594.0193623308788,
      "std": 3.959663299972007,
      "p05": 587.4187176141108,
      "p25": 591.3744604208598,
      "p50": 594.1026721140639,
      "p75": 596.589544152752,
      "p95": 600.6624474430898,
      "min": 580.5019487006804,
      "max": 609.0921167406235
    },
    "simulations": 1000,
    "volatility": 0.2633
  }
}