{
  "ticker": "SPY",
  "timestamp": "2026-03-14T17:57:15.650999",
  "current_price": 594.77,
  "forecast_minutes": 60,
  "technical_indicators": {
    "rsi": 75.25,
    "macd": {
      "line": 2.7666,
      "signal": 2.4899,
      "histogram": 0.2767
    },
    "bollinger_bands": {
      "upper": 584.89,
      "middle": 569.98,
      "lower": 555.07
    }
  },
  "bsm_analysis": {
    "greeks": {
      "delta": 0.5414,
      "gamma": 0.011649,
      "theta": -0.2694,
      "vega": 0.6766,
      "rho": 0.2524
    },
    "atm_call_price": 14.88,
    "atm_put_price": 12.32,
    "implied_move": 0.49
  },
  "prediction": {
    "signal": "NEUTRAL",
    "score": -1,
    "confidence": 25.0,
    "reasons": [
      "RSI indicates overbought conditions",
      "MACD histogram positive (bullish momentum)"
    ],
    "target_price": 594.64,
    "support": 592.57,
    "resistance": 596.59
  },
  "simulation": {
    "statistics": {
      "mean": 594.64056132447,
      "std": 2.9179388804182733,
      "p05": 589.9799110559427,
      "p25": 592.5658082912616,
      "p50": 594.5342368237607,
      "p75": 596.5918029893622,
      "p95": 599.1495007504143,
      "min": 585.4732815131025,
      "max": 604.532688856861
    },
    "simulations": 1000,
    "volatility": 0.1998
  }
}