{
  "ticker": "SPY",
  "timestamp": "2026-04-01T10:52:36.454623",
  "current_price": 595.06,
  "forecast_minutes": 60,
  "technical_indicators": {
    "rsi": 60.66,
    "macd": {
      "line": 3.7246,
      "signal": 3.3521,
      "histogram": 0.3725
    },
    "bollinger_bands": {
      "upper": 603.99,
      "middle": 587.69,
      "lower": 571.39
    }
  },
  "bsm_analysis": {
    "greeks": {
      "delta": 0.5476,
      "gamma": 0.015041,
      "theta": -0.219,
      "vega": 0.6757,
      "rho": 0.2581
    },
    "atm_call_price": 11.81,
    "atm_put_price": 9.25,
    "implied_move": 0.39
  },
  "prediction": {
    "signal": "NEUTRAL",
    "score": 1,
    "confidence": 25.0,
    "reasons": [
      "MACD histogram positive (bullish momentum)"
    ],
    "target_price": 595.05,
    "support": 593.54,
    "resistance": 596.58
  },
  "simulation": {
    "statistics": {
      "mean": 595.0453974461532,
      "std": 2.304861264852032,
      "p05": 591.0918967543302,
      "p25": 593.5357069872222,
      "p50": 595.1077176880644,
      "p75": 596.5791208440016,
      "p95": 598.6788304289797,
      "min": 586.882583052154,
      "max": 601.9041309121799
    },
    "simulations": 1000,
    "volatility": 0.1544
  }
}