{
  "ticker": "SPY",
  "timestamp": "2026-02-16T23:45:59.121535",
  "current_price": 596.19,
  "forecast_minutes": 60,
  "technical_indicators": {
    "rsi": 66.3,
    "macd": {
      "line": 6.0815,
      "signal": 5.4733,
      "histogram": 0.6081
    },
    "bollinger_bands": {
      "upper": 609.07,
      "middle": 589.52,
      "lower": 569.96
    }
  },
  "bsm_analysis": {
    "greeks": {
      "delta": 0.5428,
      "gamma": 0.012437,
      "theta": -0.2554,
      "vega": 0.678,
      "rho": 0.2544
    },
    "atm_call_price": 14.02,
    "atm_put_price": 11.45,
    "implied_move": 0.46
  },
  "prediction": {
    "signal": "NEUTRAL",
    "score": 1,
    "confidence": 25.0,
    "reasons": [
      "MACD histogram positive (bullish momentum)"
    ],
    "target_price": 596.19,
    "support": 594.29,
    "resistance": 597.96
  },
  "simulation": {
    "statistics": {
      "mean": 596.1945861157394,
      "std": 2.7413980143303895,
      "p05": 591.7582311896298,
      "p25": 594.2870633499666,
      "p50": 596.0661762236043,
      "p75": 597.957509569786,
      "p95": 600.6608796011299,
      "min": 587.456848333958,
      "max": 605.3977417808558
    },
    "simulations": 1000,
    "volatility": 0.1866
  }
}