{
  "ticker": "SPY",
  "timestamp": "2026-03-16T10:10:49.292746",
  "current_price": 592.35,
  "forecast_minutes": 60,
  "technical_indicators": {
    "rsi": 49.27,
    "macd": {
      "line": 4.3646,
      "signal": 3.9282,
      "histogram": 0.4365
    },
    "bollinger_bands": {
      "upper": 602.79,
      "middle": 589.4,
      "lower": 576.01
    }
  },
  "bsm_analysis": {
    "greeks": {
      "delta": 0.5514,
      "gamma": 0.016925,
      "theta": -0.1996,
      "vega": 0.6719,
      "rho": 0.2597
    },
    "atm_call_price": 10.64,
    "atm_put_price": 8.09,
    "implied_move": 0.34
  },
  "prediction": {
    "signal": "NEUTRAL",
    "score": 1,
    "confidence": 25.0,
    "reasons": [
      "MACD histogram positive (bullish momentum)"
    ],
    "target_price": 592.35,
    "support": 590.85,
    "resistance": 593.72
  },
  "simulation": {
    "statistics": {
      "mean": 592.350608843046,
      "std": 2.0102389982276687,
      "p05": 589.2367470115539,
      "p25": 590.8511043343718,
      "p50": 592.4431563807125,
      "p75": 593.7172002190173,
      "p95": 595.6634082766059,
      "min": 586.1976015627049,
      "max": 599.3072172802407
    },
    "simulations": 1000,
    "volatility": 0.1376
  }
}