{
  "ticker": "SPY",
  "timestamp": "2026-02-21T18:00:15.343346",
  "current_price": 594.59,
  "forecast_minutes": 60,
  "technical_indicators": {
    "rsi": 78.06,
    "macd": {
      "line": 0.9635,
      "signal": 0.8671,
      "histogram": 0.0963
    },
    "bollinger_bands": {
      "upper": 565.86,
      "middle": 538.32,
      "lower": 510.79
    }
  },
  "bsm_analysis": {
    "greeks": {
      "delta": 0.5402,
      "gamma": 0.004769,
      "theta": -0.5918,
      "vega": 0.6766,
      "rho": 0.2357
    },
    "atm_call_price": 34.4,
    "atm_put_price": 31.84,
    "implied_move": 1.21
  },
  "prediction": {
    "signal": "NEUTRAL",
    "score": -1,
    "confidence": 25.0,
    "reasons": [
      "RSI indicates overbought conditions",
      "MACD histogram positive (bullish momentum)"
    ],
    "target_price": 594.49,
    "support": 589.82,
    "resistance": 599.32
  },
  "simulation": {
    "statistics": {
      "mean": 594.4854907697415,
      "std": 7.199450784401065,
      "p05": 581.9992852234086,
      "p25": 589.8162712287514,
      "p50": 594.6866983489979,
      "p75": 599.3155660840163,
      "p95": 606.1874971245148,
      "min": 575.1068726059594,
      "max": 619.996368611074
    },
    "simulations": 1000,
    "volatility": 0.4882
  }
}