{
  "ticker": "SPY",
  "timestamp": "2026-03-05T08:27:39.185607",
  "current_price": 592.98,
  "forecast_minutes": 60,
  "technical_indicators": {
    "rsi": 63.49,
    "macd": {
      "line": -1.6424,
      "signal": -1.4781,
      "histogram": -0.1642
    },
    "bollinger_bands": {
      "upper": 583.91,
      "middle": 555.18,
      "lower": 526.44
    }
  },
  "bsm_analysis": {
    "greeks": {
      "delta": 0.5371,
      "gamma": 0.006652,
      "theta": -0.4375,
      "vega": 0.6753,
      "rho": 0.2412
    },
    "atm_call_price": 25.06,
    "atm_put_price": 22.51,
    "implied_move": 0.89
  },
  "prediction": {
    "signal": "NEUTRAL",
    "score": -1,
    "confidence": 25.0,
    "reasons": [
      "MACD histogram negative (bearish momentum)"
    ],
    "target_price": 592.64,
    "support": 589.17,
    "resistance": 596.2
  },
  "simulation": {
    "statistics": {
      "mean": 592.6437647090505,
      "std": 5.273027314978488,
      "p05": 584.1971051307661,
      "p25": 589.1660782166141,
      "p50": 592.5861676744603,
      "p75": 596.2007419659382,
      "p95": 601.2485381902865,
      "min": 576.2118803992331,
      "max": 610.4441216042824
    },
    "simulations": 1000,
    "volatility": 0.3513
  }
}