{
  "ticker": "SPY",
  "timestamp": "2026-02-19T21:37:16.167874",
  "current_price": 594.83,
  "forecast_minutes": 60,
  "technical_indicators": {
    "rsi": 60.38,
    "macd": {
      "line": -2.1355,
      "signal": -1.9219,
      "histogram": -0.2135
    },
    "bollinger_bands": {
      "upper": 588.33,
      "middle": 563.56,
      "lower": 538.8
    }
  },
  "bsm_analysis": {
    "greeks": {
      "delta": 0.5387,
      "gamma": 0.005311,
      "theta": -0.5363,
      "vega": 0.6771,
      "rho": 0.2379
    },
    "atm_call_price": 31.04,
    "atm_put_price": 28.48,
    "implied_move": 1.11
  },
  "prediction": {
    "signal": "NEUTRAL",
    "score": -1,
    "confidence": 25.0,
    "reasons": [
      "MACD histogram negative (bearish momentum)"
    ],
    "target_price": 595.02,
    "support": 590.59,
    "resistance": 599.4
  },
  "simulation": {
    "statistics": {
      "mean": 595.017928321031,
      "std": 6.618758894578227,
      "p05": 584.0302070447145,
      "p25": 590.5928225807507,
      "p50": 594.9568526292037,
      "p75": 599.4029943328843,
      "p95": 606.0043603576128,
      "min": 573.7083440623514,
      "max": 618.5656268047675
    },
    "simulations": 1000,
    "volatility": 0.4384
  }
}