{
  "ticker": "SPY",
  "timestamp": "2026-03-06T16:48:52.886380",
  "current_price": 596.03,
  "forecast_minutes": 60,
  "technical_indicators": {
    "rsi": 51.6,
    "macd": {
      "line": 0.493,
      "signal": 0.4437,
      "histogram": 0.0493
    },
    "bollinger_bands": {
      "upper": 603.75,
      "middle": 591.69,
      "lower": 579.62
    }
  },
  "bsm_analysis": {
    "greeks": {
      "delta": 0.5409,
      "gamma": 0.011295,
      "theta": -0.2765,
      "vega": 0.6781,
      "rho": 0.2524
    },
    "atm_call_price": 15.3,
    "atm_put_price": 12.74,
    "implied_move": 0.5
  },
  "prediction": {
    "signal": "NEUTRAL",
    "score": 1,
    "confidence": 25.0,
    "reasons": [
      "MACD histogram positive (bullish momentum)"
    ],
    "target_price": 596.1,
    "support": 594.09,
    "resistance": 598.03
  },
  "simulation": {
    "statistics": {
      "mean": 596.0970109689002,
      "std": 2.9740968975616844,
      "p05": 591.2117402238293,
      "p25": 594.0888175292438,
      "p50": 596.0914681762949,
      "p75": 598.0280553171108,
      "p95": 601.044191802093,
      "min": 586.8808270732624,
      "max": 605.9245524809821
    },
    "simulations": 1000,
    "volatility": 0.2056
  }
}