{
  "ticker": "SPY",
  "timestamp": "2026-03-28T15:55:48.592297",
  "current_price": 593.18,
  "forecast_minutes": 60,
  "technical_indicators": {
    "rsi": 24.01,
    "macd": {
      "line": 1.0095,
      "signal": 0.9086,
      "histogram": 0.101
    },
    "bollinger_bands": {
      "upper": 651.27,
      "middle": 630.71,
      "lower": 610.14
    }
  },
  "bsm_analysis": {
    "greeks": {
      "delta": 0.537,
      "gamma": 0.007516,
      "theta": -0.3925,
      "vega": 0.6755,
      "rho": 0.2435
    },
    "atm_call_price": 22.33,
    "atm_put_price": 19.78,
    "implied_move": 0.79
  },
  "prediction": {
    "signal": "BULLISH",
    "score": 3,
    "confidence": 75.0,
    "reasons": [
      "RSI indicates oversold conditions",
      "MACD histogram positive (bullish momentum)"
    ],
    "target_price": 593.09,
    "support": 589.95,
    "resistance": 596.26
  },
  "simulation": {
    "statistics": {
      "mean": 593.0905547156912,
      "std": 4.686934342736058,
      "p05": 585.5990954957144,
      "p25": 589.9549995259464,
      "p50": 593.1010454104137,
      "p75": 596.255441553369,
      "p95": 600.5649850931043,
      "min": 579.2276373169534,
      "max": 612.5144457896894
    },
    "simulations": 1000,
    "volatility": 0.3108
  }
}