{
  "ticker": "SPY",
  "timestamp": "2026-03-04T08:16:01.371766",
  "current_price": 592.99,
  "forecast_minutes": 60,
  "technical_indicators": {
    "rsi": 72.9,
    "macd": {
      "line": -1.8145,
      "signal": -1.633,
      "histogram": -0.1814
    },
    "bollinger_bands": {
      "upper": 561.67,
      "middle": 519.31,
      "lower": 476.95
    }
  },
  "bsm_analysis": {
    "greeks": {
      "delta": 0.5476,
      "gamma": 0.003432,
      "theta": -0.8018,
      "vega": 0.6734,
      "rho": 0.2281
    },
    "atm_call_price": 47.16,
    "atm_put_price": 44.6,
    "implied_move": 1.6
  },
  "prediction": {
    "signal": "BEARISH",
    "score": -3,
    "confidence": 75.0,
    "reasons": [
      "RSI indicates overbought conditions",
      "MACD histogram negative (bearish momentum)"
    ],
    "target_price": 593.12,
    "support": 586.5,
    "resistance": 599.16
  },
  "simulation": {
    "statistics": {
      "mean": 593.117140716733,
      "std": 9.502323095830338,
      "p05": 577.6825661276604,
      "p25": 586.5023753042634,
      "p50": 593.2170300271528,
      "p75": 599.1607468933545,
      "p95": 609.5594565789611,
      "min": 559.6470089321286,
      "max": 622.1326077989249
    },
    "simulations": 1000,
    "volatility": 0.6788
  }
}