{
  "ticker": "SPY",
  "timestamp": "2026-02-27T19:18:20.791539",
  "current_price": 595.63,
  "forecast_minutes": 60,
  "technical_indicators": {
    "rsi": 80.39,
    "macd": {
      "line": 1.0883,
      "signal": 0.9795,
      "histogram": 0.1088
    },
    "bollinger_bands": {
      "upper": 573.08,
      "middle": 541.36,
      "lower": 509.64
    }
  },
  "bsm_analysis": {
    "greeks": {
      "delta": 0.5384,
      "gamma": 0.005455,
      "theta": -0.5236,
      "vega": 0.6781,
      "rho": 0.2387
    },
    "atm_call_price": 30.26,
    "atm_put_price": 27.7,
    "implied_move": 1.04
  },
  "prediction": {
    "signal": "NEUTRAL",
    "score": -1,
    "confidence": 25.0,
    "reasons": [
      "RSI indicates overbought conditions",
      "MACD histogram positive (bullish momentum)"
    ],
    "target_price": 595.83,
    "support": 591.6,
    "resistance": 600.09
  },
  "simulation": {
    "statistics": {
      "mean": 595.8333584329989,
      "std": 6.185072625635854,
      "p05": 585.6102455396417,
      "p25": 591.6045788791946,
      "p50": 595.8091971324902,
      "p75": 600.091387051455,
      "p95": 606.0730322374959,
      "min": 578.3897113401746,
      "max": 615.0100047328714
    },
    "simulations": 1000,
    "volatility": 0.4263
  }
}