{
  "ticker": "SPY",
  "timestamp": "2026-02-22T16:43:58.660202",
  "current_price": 596.9,
  "forecast_minutes": 60,
  "technical_indicators": {
    "rsi": 45.81,
    "macd": {
      "line": 6.4813,
      "signal": 5.8332,
      "histogram": 0.6481
    },
    "bollinger_bands": {
      "upper": 634.86,
      "middle": 607.13,
      "lower": 579.4
    }
  },
  "bsm_analysis": {
    "greeks": {
      "delta": 0.5376,
      "gamma": 0.008505,
      "theta": -0.3524,
      "vega": 0.6797,
      "rho": 0.2474
    },
    "atm_call_price": 19.9,
    "atm_put_price": 17.33,
    "implied_move": 0.69
  },
  "prediction": {
    "signal": "NEUTRAL",
    "score": 1,
    "confidence": 25.0,
    "reasons": [
      "MACD histogram positive (bullish momentum)"
    ],
    "target_price": 597.05,
    "support": 594.47,
    "resistance": 599.7
  },
  "simulation": {
    "statistics": {
      "mean": 597.0466091116108,
      "std": 4.1239755494812655,
      "p05": 590.3185335617511,
      "p25": 594.4704799883581,
      "p50": 596.9695362590548,
      "p75": 599.6971238474337,
      "p95": 604.061654680275,
      "min": 579.8247581750423,
      "max": 609.3023383989572
    },
    "simulations": 1000,
    "volatility": 0.2729
  }
}