{
  "ticker": "SPY",
  "timestamp": "2026-03-19T18:34:02.748016",
  "current_price": 593.87,
  "forecast_minutes": 60,
  "technical_indicators": {
    "rsi": 68.5,
    "macd": {
      "line": 5.4689,
      "signal": 4.922,
      "histogram": 0.5469
    },
    "bollinger_bands": {
      "upper": 585.31,
      "middle": 568.02,
      "lower": 550.72
    }
  },
  "bsm_analysis": {
    "greeks": {
      "delta": 0.5378,
      "gamma": 0.00886,
      "theta": -0.3399,
      "vega": 0.6762,
      "rho": 0.2468
    },
    "atm_call_price": 19.15,
    "atm_put_price": 16.59,
    "implied_move": 0.65
  },
  "prediction": {
    "signal": "NEUTRAL",
    "score": 1,
    "confidence": 25.0,
    "reasons": [
      "MACD histogram positive (bullish momentum)"
    ],
    "target_price": 593.8,
    "support": 591.24,
    "resistance": 596.28
  },
  "simulation": {
    "statistics": {
      "mean": 593.7970686939166,
      "std": 3.852992101115116,
      "p05": 587.4137542210866,
      "p25": 591.2449769140604,
      "p50": 593.7583612740791,
      "p75": 596.2789676187314,
      "p95": 600.2384906143583,
      "min": 579.9683686259965,
      "max": 607.2586285705822
    },
    "simulations": 1000,
    "volatility": 0.2633
  }
}