{
  "ticker": "SPY",
  "timestamp": "2026-02-08T23:12:34.530437",
  "current_price": 593.23,
  "forecast_minutes": 60,
  "technical_indicators": {
    "rsi": 46.6,
    "macd": {
      "line": 6.3992,
      "signal": 5.7593,
      "histogram": 0.6399
    },
    "bollinger_bands": {
      "upper": 627.65,
      "middle": 605.1,
      "lower": 582.54
    }
  },
  "bsm_analysis": {
    "greeks": {
      "delta": 0.5377,
      "gamma": 0.008711,
      "theta": -0.3449,
      "vega": 0.6755,
      "rho": 0.2462
    },
    "atm_call_price": 19.45,
    "atm_put_price": 16.9,
    "implied_move": 0.67
  },
  "prediction": {
    "signal": "NEUTRAL",
    "score": 1,
    "confidence": 25.0,
    "reasons": [
      "MACD histogram positive (bullish momentum)"
    ],
    "target_price": 593.25,
    "support": 590.57,
    "resistance": 595.84
  },
  "simulation": {
    "statistics": {
      "mean": 593.253986907296,
      "std": 3.9725739053033564,
      "p05": 586.790764320608,
      "p25": 590.572244241356,
      "p50": 593.1948727455903,
      "p75": 595.8372673798334,
      "p95": 599.7948796833504,
      "min": 581.2404356889319,
      "max": 605.9952984912887
    },
    "simulations": 1000,
    "volatility": 0.2681
  }
}