{
  "ticker": "SPY",
  "timestamp": "2026-03-02T12:50:10.047114",
  "current_price": 595.3,
  "forecast_minutes": 60,
  "technical_indicators": {
    "rsi": 30.24,
    "macd": {
      "line": 0.5917,
      "signal": 0.5326,
      "histogram": 0.0592
    },
    "bollinger_bands": {
      "upper": 684.62,
      "middle": 650.41,
      "lower": 616.21
    }
  },
  "bsm_analysis": {
    "greeks": {
      "delta": 0.539,
      "gamma": 0.005196,
      "theta": -0.5473,
      "vega": 0.6776,
      "rho": 0.2377
    },
    "atm_call_price": 31.7,
    "atm_put_price": 29.14,
    "implied_move": 1.1
  },
  "prediction": {
    "signal": "NEUTRAL",
    "score": 1,
    "confidence": 25.0,
    "reasons": [
      "MACD histogram positive (bullish momentum)"
    ],
    "target_price": 595.45,
    "support": 591.09,
    "resistance": 599.61
  },
  "simulation": {
    "statistics": {
      "mean": 595.4475783997699,
      "std": 6.559056854573953,
      "p05": 584.6735917344467,
      "p25": 591.085419924787,
      "p50": 595.4198561495391,
      "p75": 599.6096926528282,
      "p95": 606.5099732295523,
      "min": 572.1312301769549,
      "max": 616.0977850061458
    },
    "simulations": 1000,
    "volatility": 0.4478
  }
}