{
  "ticker": "SPY",
  "timestamp": "2026-03-07T21:25:33.596036",
  "current_price": 595.25,
  "forecast_minutes": 60,
  "technical_indicators": {
    "rsi": 43.37,
    "macd": {
      "line": -0.8763,
      "signal": -0.7887,
      "histogram": -0.0876
    },
    "bollinger_bands": {
      "upper": 610.51,
      "middle": 598.99,
      "lower": 587.48
    }
  },
  "bsm_analysis": {
    "greeks": {
      "delta": 0.5421,
      "gamma": 0.012038,
      "theta": -0.2622,
      "vega": 0.677,
      "rho": 0.2533
    },
    "atm_call_price": 14.44,
    "atm_put_price": 11.88,
    "implied_move": 0.47
  },
  "prediction": {
    "signal": "NEUTRAL",
    "score": -1,
    "confidence": 25.0,
    "reasons": [
      "MACD histogram negative (bearish momentum)"
    ],
    "target_price": 595.24,
    "support": 593.37,
    "resistance": 597.13
  },
  "simulation": {
    "statistics": {
      "mean": 595.2393763161463,
      "std": 2.8049859956116694,
      "p05": 590.5944988316384,
      "p25": 593.3727912382194,
      "p50": 595.215192705101,
      "p75": 597.1296402705295,
      "p95": 599.7607304301526,
      "min": 586.3765376376704,
      "max": 603.9446332525539
    },
    "simulations": 1000,
    "volatility": 0.1931
  }
}