{
  "ticker": "SPY",
  "timestamp": "2026-03-25T04:55:52.453130",
  "current_price": 594.7,
  "forecast_minutes": 60,
  "technical_indicators": {
    "rsi": 58.38,
    "macd": {
      "line": 3.4794,
      "signal": 3.1315,
      "histogram": 0.3479
    },
    "bollinger_bands": {
      "upper": 599.36,
      "middle": 588.37,
      "lower": 577.38
    }
  },
  "bsm_analysis": {
    "greeks": {
      "delta": 0.5466,
      "gamma": 0.014532,
      "theta": -0.2251,
      "vega": 0.6755,
      "rho": 0.2572
    },
    "atm_call_price": 12.18,
    "atm_put_price": 9.62,
    "implied_move": 0.4
  },
  "prediction": {
    "signal": "NEUTRAL",
    "score": 1,
    "confidence": 25.0,
    "reasons": [
      "MACD histogram positive (bullish momentum)"
    ],
    "target_price": 594.72,
    "support": 593.11,
    "resistance": 596.42
  },
  "simulation": {
    "statistics": {
      "mean": 594.7212687211077,
      "std": 2.372853198737878,
      "p05": 590.6874148819962,
      "p25": 593.1123165254934,
      "p50": 594.7521591384348,
      "p75": 596.4231979622641,
      "p95": 598.5552955558494,
      "min": 587.7950275667794,
      "max": 601.8865515085375
    },
    "simulations": 1000,
    "volatility": 0.1599
  }
}