{
  "ticker": "SPY",
  "timestamp": "2026-03-12T20:47:12.498104",
  "current_price": 592.76,
  "forecast_minutes": 60,
  "technical_indicators": {
    "rsi": 62.92,
    "macd": {
      "line": -7.3809,
      "signal": -6.6428,
      "histogram": -0.7381
    },
    "bollinger_bands": {
      "upper": 591.84,
      "middle": 552.34,
      "lower": 512.84
    }
  },
  "bsm_analysis": {
    "greeks": {
      "delta": 0.5409,
      "gamma": 0.004581,
      "theta": -0.614,
      "vega": 0.6744,
      "rho": 0.2341
    },
    "atm_call_price": 35.75,
    "atm_put_price": 33.19,
    "implied_move": 1.25
  },
  "prediction": {
    "signal": "NEUTRAL",
    "score": -1,
    "confidence": 25.0,
    "reasons": [
      "MACD histogram negative (bearish momentum)"
    ],
    "target_price": 592.62,
    "support": 587.51,
    "resistance": 597.64
  },
  "simulation": {
    "statistics": {
      "mean": 592.6233117387007,
      "std": 7.429499921554392,
      "p05": 580.095407627499,
      "p25": 587.5084301574103,
      "p50": 592.7399152383327,
      "p75": 597.6434248408061,
      "p95": 604.570383543354,
      "min": 571.4516016831257,
      "max": 617.6480699999348
    },
    "simulations": 1000,
    "volatility": 0.5098
  }
}