{
  "ticker": "SPY",
  "timestamp": "2026-03-30T11:37:32.248430",
  "current_price": 592.42,
  "forecast_minutes": 60,
  "technical_indicators": {
    "rsi": 50.44,
    "macd": {
      "line": 2.8509,
      "signal": 2.5658,
      "histogram": 0.2851
    },
    "bollinger_bands": {
      "upper": 603.03,
      "middle": 588.69,
      "lower": 574.34
    }
  },
  "bsm_analysis": {
    "greeks": {
      "delta": 0.5395,
      "gamma": 0.010387,
      "theta": -0.2965,
      "vega": 0.6742,
      "rho": 0.2491
    },
    "atm_call_price": 16.52,
    "atm_put_price": 13.97,
    "implied_move": 0.55
  },
  "prediction": {
    "signal": "NEUTRAL",
    "score": 1,
    "confidence": 25.0,
    "reasons": [
      "MACD histogram positive (bullish momentum)"
    ],
    "target_price": 592.32,
    "support": 590.02,
    "resistance": 594.54
  },
  "simulation": {
    "statistics": {
      "mean": 592.3187083753138,
      "std": 3.2607672532032566,
      "p05": 587.1627274996058,
      "p25": 590.0171123858829,
      "p50": 592.2904788040125,
      "p75": 594.5367768405706,
      "p95": 597.8247406681696,
      "min": 580.2511165584735,
      "max": 602.7407042876555
    },
    "simulations": 1000,
    "volatility": 0.225
  }
}