{
  "ticker": "SPY",
  "timestamp": "2026-03-18T22:13:47.038182",
  "current_price": 596.31,
  "forecast_minutes": 60,
  "technical_indicators": {
    "rsi": 66.73,
    "macd": {
      "line": 2.6857,
      "signal": 2.4171,
      "histogram": 0.2686
    },
    "bollinger_bands": {
      "upper": 606.94,
      "middle": 586.62,
      "lower": 566.29
    }
  },
  "bsm_analysis": {
    "greeks": {
      "delta": 0.545,
      "gamma": 0.013674,
      "theta": -0.2364,
      "vega": 0.6777,
      "rho": 0.2565
    },
    "atm_call_price": 12.87,
    "atm_put_price": 10.3,
    "implied_move": 0.42
  },
  "prediction": {
    "signal": "NEUTRAL",
    "score": 1,
    "confidence": 25.0,
    "reasons": [
      "MACD histogram positive (bullish momentum)"
    ],
    "target_price": 596.28,
    "support": 594.63,
    "resistance": 597.88
  },
  "simulation": {
    "statistics": {
      "mean": 596.2827575471213,
      "std": 2.4787361375210435,
      "p05": 592.2369605646725,
      "p25": 594.6277198104264,
      "p50": 596.2348448854382,
      "p75": 597.8812146680598,
      "p95": 600.4956416679532,
      "min": 588.4738729345186,
      "max": 604.707611516305
    },
    "simulations": 1000,
    "volatility": 0.1696
  }
}