{
  "ticker": "SPY",
  "timestamp": "2026-03-23T12:55:37.804832",
  "current_price": 596.66,
  "forecast_minutes": 60,
  "technical_indicators": {
    "rsi": 69.36,
    "macd": {
      "line": 0.1017,
      "signal": 0.0915,
      "histogram": 0.0102
    },
    "bollinger_bands": {
      "upper": 579.74,
      "middle": 557.23,
      "lower": 534.73
    }
  },
  "bsm_analysis": {
    "greeks": {
      "delta": 0.5377,
      "gamma": 0.005918,
      "theta": -0.4864,
      "vega": 0.6794,
      "rho": 0.2407
    },
    "atm_call_price": 28.01,
    "atm_put_price": 25.44,
    "implied_move": 0.99
  },
  "prediction": {
    "signal": "NEUTRAL",
    "score": 1,
    "confidence": 25.0,
    "reasons": [
      "MACD histogram positive (bullish momentum)"
    ],
    "target_price": 597.16,
    "support": 593.51,
    "resistance": 601.02
  },
  "simulation": {
    "statistics": {
      "mean": 597.1608422187215,
      "std": 5.91817357575826,
      "p05": 587.1187933488005,
      "p25": 593.512600018935,
      "p50": 597.0742911956529,
      "p75": 601.0205108176995,
      "p95": 606.5901583434934,
      "min": 579.4091349213082,
      "max": 618.994811548361
    },
    "simulations": 1000,
    "volatility": 0.3924
  }
}