{
  "backend": "cpu",
  "hosvd": {
    "core_shape": [
      30,
      3
    ],
    "singular_values": [
      1.8495407104492188,
      1.6276612281799316,
      1.41726553440094
    ]
  },
  "kalman": {
    "length": 100,
    "mean": 105.69311171392025
  },
  "monte_carlo": {
    "mean": 1.016384395483964,
    "p5": 0.8693698246765662,
    "p25": 0.9513410363090802,
    "p75": 1.0754477920830647,
    "p95": 1.1823545945522562
  },
  "pca": {
    "explained_variance_ratio": [
      0.16121281683444977,
      0.15833710134029388,
      0.13896523416042328
    ]
  },
  "stats": {
    "submitted": 4,
    "completed": 4,
    "failed": 0,
    "pending": 0
  }
}