{
  "backend": "cpu",
  "hosvd": {
    "core_shape": [
      30,
      3
    ],
    "singular_values": [
      1.775424599647522,
      1.523057460784912,
      1.150716781616211
    ]
  },
  "kalman": {
    "length": 100,
    "mean": 108.0989632202106
  },
  "monte_carlo": {
    "mean": 1.016384395483964,
    "p5": 0.8693698246765662,
    "p25": 0.9513410363090802,
    "p75": 1.0754477920830647,
    "p95": 1.1823545945522562
  },
  "pca": {
    "explained_variance_ratio": [
      0.1570446938276291,
      0.1421692818403244,
      0.12304636836051941
    ]
  },
  "stats": {
    "submitted": 4,
    "completed": 4,
    "failed": 0,
    "pending": 0
  }
}