{
  "backend": "cpu",
  "hosvd": {
    "core_shape": [
      30,
      3
    ],
    "singular_values": [
      1.8337889909744263,
      1.4808696508407593,
      1.1728497743606567
    ]
  },
  "kalman": {
    "length": 100,
    "mean": 102.45685124531701
  },
  "monte_carlo": {
    "mean": 1.016384395483964,
    "p5": 0.8693698246765662,
    "p25": 0.9513410363090802,
    "p75": 1.0754477920830647,
    "p95": 1.1823545945522562
  },
  "pca": {
    "explained_variance_ratio": [
      0.1579345315694809,
      0.13648176193237305,
      0.12459911406040192
    ]
  },
  "stats": {
    "submitted": 4,
    "completed": 4,
    "failed": 0,
    "pending": 0
  }
}