{
  "backend": "cpu",
  "hosvd": {
    "core_shape": [
      30,
      3
    ],
    "singular_values": [
      2.595343828201294,
      1.6584949493408203,
      1.4159278869628906
    ]
  },
  "kalman": {
    "length": 100,
    "mean": 99.66726052658905
  },
  "monte_carlo": {
    "mean": 1.016384395483964,
    "p5": 0.8693698246765662,
    "p25": 0.9513410363090802,
    "p75": 1.0754477920830647,
    "p95": 1.1823545945522562
  },
  "pca": {
    "explained_variance_ratio": [
      0.14650723338127136,
      0.13434475660324097,
      0.12557043135166168
    ]
  },
  "stats": {
    "submitted": 4,
    "completed": 4,
    "failed": 0,
    "pending": 0
  }
}