{
  "backend": "cpu",
  "hosvd": {
    "core_shape": [
      30,
      3
    ],
    "singular_values": [
      2.7823941707611084,
      2.063021183013916,
      1.6203211545944214
    ]
  },
  "kalman": {
    "length": 100,
    "mean": 101.85870454751031
  },
  "monte_carlo": {
    "mean": 1.016384395483964,
    "p5": 0.8693698246765662,
    "p25": 0.9513410363090802,
    "p75": 1.0754477920830647,
    "p95": 1.1823545945522562
  },
  "pca": {
    "explained_variance_ratio": [
      0.16361814737319946,
      0.1345541924238205,
      0.1304234266281128
    ]
  },
  "stats": {
    "submitted": 4,
    "completed": 4,
    "failed": 0,
    "pending": 0
  }
}